{
	"credit": "Made with Blockbench",
	"textures": {
		"0": "block/oak_planks",
		"1": "block/oak_log",
		"particle": "block/oak_planks"
	},
	"elements": [
		{
			"from": [1, 1, 1],
			"to": [15, 15, 15],
			"faces": {
				"north": {"uv": [0, 0, 14, 14], "texture": "#0"},
				"east": {"uv": [0, 0, 14, 14], "texture": "#0"},
				"south": {"uv": [0, 0, 14, 14], "texture": "#0"},
				"west": {"uv": [0, 0, 14, 14], "texture": "#0"},
				"up": {"uv": [0, 0, 14, 14], "texture": "#0"},
				"down": {"uv": [0, 0, 14, 14], "texture": "#0"}
			}
		},
		{
			"from": [0, 0, 0],
			"to": [3, 16, 3],
			"faces": {
				"north": {"uv": [11, 0, 14, 16], "texture": "#1"},
				"east": {"uv": [9, 0, 12, 16], "texture": "#1"},
				"south": {"uv": [3, 0, 6, 16], "texture": "#1"},
				"west": {"uv": [6, 0, 9, 16], "texture": "#1"},
				"up": {"uv": [12, 1, 15, 4], "texture": "#1"},
				"down": {"uv": [13, 13, 16, 16], "texture": "#1"}
			}
		},
		{
			"from": [0.1, 3.3, -1.5],
			"to": [1.1, 19.3, 1.5],
			"rotation": {"angle": 45, "axis": "x", "origin": [0, 0, 0]},
			"faces": {
				"north": {"uv": [0, 0, 1, 16], "texture": "#1"},
				"south": {"uv": [0, 0, 1, 16], "texture": "#1"},
				"west": {"uv": [9, 0, 12, 16], "texture": "#1"}
			}
		},
		{
			"from": [13, 0, 0],
			"to": [16, 16, 3],
			"faces": {
				"north": {"uv": [4, 0, 7, 16], "texture": "#1"},
				"east": {"uv": [11, 0, 14, 16], "texture": "#1"},
				"south": {"uv": [13, 0, 16, 16], "texture": "#1"},
				"west": {"uv": [5, 0, 8, 16], "texture": "#1"},
				"up": {"uv": [5, 5, 8, 8], "texture": "#1"},
				"down": {"uv": [10, 11, 13, 14], "texture": "#1"}
			}
		},
		{
			"from": [13, 13, 3],
			"to": [16, 16, 13],
			"faces": {
				"east": {"uv": [9, 0, 12, 10], "rotation": 270, "texture": "#1"},
				"west": {"uv": [3, 0, 6, 10], "rotation": 90, "texture": "#1"},
				"up": {"uv": [0, 0, 3, 10], "rotation": 180, "texture": "#1"},
				"down": {"uv": [6, 0, 9, 10], "texture": "#1"}
			}
		},
		{
			"from": [0, 13, 3],
			"to": [3, 16, 13],
			"faces": {
				"east": {"uv": [9, 0, 12, 10], "rotation": 270, "texture": "#1"},
				"west": {"uv": [3, 0, 6, 10], "rotation": 90, "texture": "#1"},
				"up": {"uv": [0, 0, 3, 10], "rotation": 180, "texture": "#1"},
				"down": {"uv": [6, 0, 9, 10], "texture": "#1"}
			}
		},
		{
			"from": [0, 0, 3],
			"to": [3, 3, 13],
			"faces": {
				"north": {"uv": [0, 0, 3, 3], "texture": "#1"},
				"east": {"uv": [10, 4, 13, 14], "rotation": 90, "texture": "#1"},
				"south": {"uv": [0, 0, 3, 3], "texture": "#1"},
				"west": {"uv": [8, 1, 11, 11], "rotation": 90, "texture": "#1"},
				"up": {"uv": [11, 5, 14, 15], "texture": "#1"},
				"down": {"uv": [0, 0, 3, 10], "texture": "#1"}
			}
		},
		{
			"from": [3, 0, 13],
			"to": [13, 3, 16],
			"faces": {
				"north": {"uv": [0, 0, 10, 3], "texture": "#1"},
				"east": {"uv": [0, 0, 3, 3], "texture": "#1"},
				"south": {"uv": [3, 0, 6, 10], "rotation": 90, "texture": "#1"},
				"west": {"uv": [0, 0, 3, 3], "texture": "#1"},
				"up": {"uv": [9, 0, 12, 10], "rotation": 270, "texture": "#1"},
				"down": {"uv": [9, 0, 12, 10], "rotation": 270, "texture": "#1"}
			}
		},
		{
			"from": [3, 13, 13],
			"to": [13, 16, 16],
			"faces": {
				"north": {"uv": [3, 0, 6, 10], "rotation": 90, "texture": "#1"},
				"south": {"uv": [9, 0, 12, 10], "rotation": 270, "texture": "#1"},
				"up": {"uv": [9, 0, 12, 10], "rotation": 270, "texture": "#1"},
				"down": {"uv": [9, 5, 12, 15], "rotation": 90, "texture": "#1"}
			}
		},
		{
			"from": [3, 13, 0],
			"to": [13, 16, 3],
			"faces": {
				"north": {"uv": [3, 0, 6, 10], "rotation": 90, "texture": "#1"},
				"south": {"uv": [9, 0, 12, 10], "rotation": 270, "texture": "#1"},
				"up": {"uv": [9, 0, 12, 10], "rotation": 270, "texture": "#1"},
				"down": {"uv": [9, 5, 12, 15], "rotation": 90, "texture": "#1"}
			}
		},
		{
			"from": [3, 0, 0],
			"to": [13, 3, 3],
			"faces": {
				"north": {"uv": [10, 4, 13, 14], "rotation": 90, "texture": "#1"},
				"east": {"uv": [0, 0, 3, 3], "texture": "#1"},
				"south": {"uv": [4, 6, 7, 16], "rotation": 90, "texture": "#1"},
				"west": {"uv": [0, 0, 3, 3], "texture": "#1"},
				"up": {"uv": [12, 6, 15, 16], "rotation": 90, "texture": "#1"},
				"down": {"uv": [11, 0, 14, 10], "rotation": 90, "texture": "#1"}
			}
		},
		{
			"from": [13, 0, 3],
			"to": [16, 3, 13],
			"faces": {
				"north": {"uv": [0, 0, 3, 3], "texture": "#1"},
				"east": {"uv": [5, 5, 8, 15], "rotation": 90, "texture": "#1"},
				"south": {"uv": [0, 0, 3, 3], "texture": "#1"},
				"west": {"uv": [12, 6, 15, 16], "rotation": 90, "texture": "#1"},
				"up": {"uv": [10, 6, 13, 16], "texture": "#1"},
				"down": {"uv": [7, 0, 10, 10], "texture": "#1"}
			}
		},
		{
			"from": [13, 0, 13],
			"to": [16, 16, 16],
			"faces": {
				"north": {"uv": [0, 0, 3, 16], "texture": "#1"},
				"east": {"uv": [6, 0, 9, 16], "texture": "#1"},
				"south": {"uv": [0, 0, 3, 16], "texture": "#1"},
				"west": {"uv": [0, 0, 3, 16], "texture": "#1"},
				"up": {"uv": [0, 0, 3, 3], "texture": "#1"},
				"down": {"uv": [12, 2, 15, 5], "texture": "#1"}
			}
		},
		{
			"from": [14.9, -8, 9.8],
			"to": [15.9, 8, 12.8],
			"rotation": {"angle": -45, "axis": "x", "origin": [0, 0, 0]},
			"faces": {
				"north": {"uv": [0, 0, 1, 16], "texture": "#1"},
				"east": {"uv": [4, 0, 7, 16], "texture": "#1"},
				"south": {"uv": [0, 0, 1, 16], "texture": "#1"}
			}
		},
		{
			"from": [-1.5, 3.3, 14.9],
			"to": [1.5, 19.3, 15.9],
			"rotation": {"angle": -45, "axis": "z", "origin": [0, 0, 0]},
			"faces": {
				"east": {"uv": [0, 0, 1, 16], "texture": "#1"},
				"south": {"uv": [12, 0, 15, 16], "texture": "#1"},
				"west": {"uv": [0, 0, 1, 16], "texture": "#1"}
			}
		},
		{
			"from": [9.8, -8, 0.1],
			"to": [12.8, 8, 1.1],
			"rotation": {"angle": 45, "axis": "z", "origin": [0, 0, 0]},
			"faces": {
				"north": {"uv": [13, 0, 16, 16], "texture": "#1"},
				"east": {"uv": [0, 0, 1, 16], "texture": "#1"},
				"west": {"uv": [0, 0, 1, 16], "texture": "#1"}
			}
		},
		{
			"from": [0, 0, 13],
			"to": [3, 16, 16],
			"faces": {
				"north": {"uv": [0, 0, 3, 16], "texture": "#1"},
				"east": {"uv": [0, 0, 3, 16], "texture": "#1"},
				"south": {"uv": [11, 0, 14, 16], "texture": "#1"},
				"west": {"uv": [0, 0, 3, 16], "texture": "#1"},
				"up": {"uv": [8, 9, 11, 12], "texture": "#1"},
				"down": {"uv": [3, 8, 6, 11], "texture": "#1"}
			}
		},
		{
			"from": [9.8, 14.9, -8],
			"to": [12.8, 15.9, 8],
			"rotation": {"angle": -45, "axis": "y", "origin": [0, 0, 0]},
			"faces": {
				"east": {"uv": [9, 0, 10, 16], "rotation": 90, "texture": "#1"},
				"west": {"uv": [5, 0, 6, 16], "rotation": 270, "texture": "#1"},
				"up": {"uv": [6, 0, 9, 16], "texture": "#1"}
			}
		},
		{
			"from": [9.8, 0.1, -8],
			"to": [12.8, 1.1, 8],
			"rotation": {"angle": -45, "axis": "y", "origin": [0, 0, 0]},
			"faces": {
				"east": {"uv": [0, 11, 16, 12], "texture": "#1"},
				"west": {"uv": [0, 5, 16, 6], "texture": "#1"},
				"down": {"uv": [13, 0, 16, 16], "texture": "#1"}
			}
		}
	]
}