{
	"credit": "Made with Blockbench",
	"parent": "minecraft:item/generated",
	"textures": {
		"layer0": "mctc:teams/lime_winter"
	},
	"display": {
		"thirdperson_righthand": {
			"translation": [0.5, -0.5, 0]
		},
		"thirdperson_lefthand": {
			"translation": [0.5, -0.5, 0]
		},
		"firstperson_righthand": {
			"translation": [0.5, 3, 0]
		},
		"firstperson_lefthand": {
			"translation": [-0.5, 3, 0]
		},
		"ground": {
			"translation": [0.5, -0.5, 0]
		},
		"gui": {
			"translation": [0.5, -0.5, 0]
		},
		"fixed": {
			"rotation": [0, -180, 0],
			"translation": [0.5, -0.5, 0]
		}
	}
}