{
	"credit": "Made with Blockbench",
	"texture_size": [32, 32],
	"textures": {
		"0": "mctc:decoration/lovefair/plushes/carb",
		"1": "mctc:decoration/lovefair/plushes/ch_base",
		"2": "mctc:decoration/lovefair/plushes/ch_antennae",
		"3": "mctc:decoration/lovefair/plushes/ch_hearts",
		"4": "mctc:decoration/lovefair/plushes/wings",
		"5": "mctc:decoration/lovefair/plushes/ca_base",
		"6": "mctc:decoration/lovefair/plushes/ca_heart",
		"7": "mctc:decoration/lovefair/plushes/ca_feather",
		"8": "mctc:decoration/lovefair/plushes/bottom",
		"particle": "mctc:decoration/lovefair/plushes/carb"
	},
	"elements": [
		{
			"from": [7, 6, 7],
			"to": [8, 7, 8],
			"rotation": {"angle": 0, "axis": "y", "origin": [8, 2, 3]},
			"faces": {
				"north": {"uv": [0.875, 5.25, 1, 5.375], "rotation": 90, "texture": "#0"},
				"east": {"uv": [4.125, 5.375, 4, 5.5], "rotation": 270, "texture": "#0"},
				"south": {"uv": [3.625, 5.375, 3.75, 5.5], "rotation": 270, "texture": "#0"},
				"west": {"uv": [4, 5.5, 3.875, 5.375], "rotation": 270, "texture": "#0"},
				"up": {"uv": [3.5, 5.375, 3.625, 5.5], "rotation": 270, "texture": "#0"},
				"down": {"uv": [3.75, 5.375, 3.875, 5.5], "rotation": 270, "texture": "#0"}
			}
		},
		{
			"from": [5, 5, 7],
			"to": [6, 6, 8],
			"rotation": {"angle": 0, "axis": "y", "origin": [8, 2, 3]},
			"faces": {
				"north": {"uv": [4.125, 5.375, 4.25, 5.5], "rotation": 90, "texture": "#0"},
				"east": {"uv": [4.875, 5.375, 4.75, 5.5], "rotation": 270, "texture": "#0"},
				"south": {"uv": [4.375, 5.375, 4.5, 5.5], "rotation": 270, "texture": "#0"},
				"west": {"uv": [4.75, 5.5, 4.625, 5.375], "rotation": 270, "texture": "#0"},
				"up": {"uv": [4.25, 5.375, 4.375, 5.5], "rotation": 270, "texture": "#0"},
				"down": {"uv": [4.5, 5.375, 4.625, 5.5], "rotation": 270, "texture": "#0"}
			}
		},
		{
			"from": [4, 4, 6],
			"to": [5, 5, 7],
			"rotation": {"angle": 0, "axis": "y", "origin": [8, 2, 3]},
			"faces": {
				"north": {"uv": [4.875, 5.375, 5, 5.5], "rotation": 90, "texture": "#0"},
				"east": {"uv": [0.125, 5.5, 0, 5.625], "rotation": 270, "texture": "#0"},
				"south": {"uv": [5.125, 5.375, 5.25, 5.5], "rotation": 270, "texture": "#0"},
				"west": {"uv": [5.5, 5.5, 5.375, 5.375], "rotation": 270, "texture": "#0"},
				"up": {"uv": [5, 5.375, 5.125, 5.5], "rotation": 270, "texture": "#0"},
				"down": {"uv": [5.25, 5.375, 5.375, 5.5], "rotation": 270, "texture": "#0"}
			}
		},
		{
			"from": [6, 4, 6],
			"to": [7, 5, 7],
			"rotation": {"angle": 0, "axis": "y", "origin": [8, 2, 3]},
			"faces": {
				"north": {"uv": [0.125, 5.5, 0.25, 5.625], "rotation": 90, "texture": "#0"},
				"east": {"uv": [0.875, 5.5, 0.75, 5.625], "rotation": 270, "texture": "#0"},
				"south": {"uv": [0.375, 5.5, 0.5, 5.625], "rotation": 270, "texture": "#0"},
				"west": {"uv": [0.75, 5.625, 0.625, 5.5], "rotation": 270, "texture": "#0"},
				"up": {"uv": [0.25, 5.5, 0.375, 5.625], "rotation": 270, "texture": "#0"},
				"down": {"uv": [0.5, 5.5, 0.625, 5.625], "rotation": 270, "texture": "#0"}
			}
		},
		{
			"from": [3, 15, 6],
			"to": [5, 16, 7],
			"rotation": {"angle": 0, "axis": "y", "origin": [8, 2, 3]},
			"faces": {
				"north": {"uv": [3.375, 4.875, 3.5, 5.125], "rotation": 90, "texture": "#0"},
				"east": {"uv": [1.625, 5.5, 1.5, 5.625], "rotation": 270, "texture": "#0"},
				"south": {"uv": [1.5, 5.125, 1.625, 5.375], "rotation": 270, "texture": "#0"},
				"west": {"uv": [1, 5.625, 0.875, 5.5], "rotation": 270, "texture": "#0"},
				"up": {"uv": [3.5, 4.875, 3.625, 5.125], "rotation": 270, "texture": "#0"},
				"down": {"uv": [1.625, 5.125, 1.75, 5.375], "rotation": 270, "texture": "#0"}
			}
		},
		{
			"from": [2, 16, 6],
			"to": [3, 17, 7],
			"rotation": {"angle": 0, "axis": "y", "origin": [8, 2, 3]},
			"faces": {
				"north": {"uv": [1.625, 5.5, 1.75, 5.625], "rotation": 90, "texture": "#0"},
				"east": {"uv": [3.75, 5.5, 3.625, 5.625], "rotation": 270, "texture": "#0"},
				"south": {"uv": [2.375, 5.5, 2.5, 5.625], "rotation": 270, "texture": "#0"},
				"west": {"uv": [3.625, 5.625, 3.5, 5.5], "rotation": 270, "texture": "#0"},
				"up": {"uv": [1.75, 5.5, 1.875, 5.625], "rotation": 270, "texture": "#0"},
				"down": {"uv": [2.5, 5.5, 2.625, 5.625], "rotation": 270, "texture": "#0"}
			}
		},
		{
			"from": [3, 16, 6],
			"to": [4, 17, 7],
			"rotation": {"angle": 0, "axis": "y", "origin": [8, 2, 3]},
			"faces": {
				"north": {"uv": [3.75, 5.5, 3.875, 5.625], "rotation": 90, "texture": "#0"},
				"east": {"uv": [4.5, 5.5, 4.375, 5.625], "rotation": 270, "texture": "#0"},
				"south": {"uv": [4, 5.5, 4.125, 5.625], "rotation": 270, "texture": "#0"},
				"west": {"uv": [4.375, 5.625, 4.25, 5.5], "rotation": 270, "texture": "#0"},
				"up": {"uv": [3.875, 5.5, 4, 5.625], "rotation": 270, "texture": "#0"},
				"down": {"uv": [4.125, 5.5, 4.25, 5.625], "rotation": 270, "texture": "#0"}
			}
		},
		{
			"from": [2, 17, 6],
			"to": [3, 18, 7],
			"rotation": {"angle": 0, "axis": "y", "origin": [8, 2, 3]},
			"faces": {
				"north": {"uv": [4.5, 5.5, 4.625, 5.625], "rotation": 90, "texture": "#0"},
				"east": {"uv": [5.25, 5.5, 5.125, 5.625], "rotation": 270, "texture": "#0"},
				"south": {"uv": [4.75, 5.5, 4.875, 5.625], "rotation": 270, "texture": "#0"},
				"west": {"uv": [5.125, 5.625, 5, 5.5], "rotation": 270, "texture": "#0"},
				"up": {"uv": [4.625, 5.5, 4.75, 5.625], "rotation": 270, "texture": "#0"},
				"down": {"uv": [4.875, 5.5, 5, 5.625], "rotation": 270, "texture": "#0"}
			}
		},
		{
			"from": [2, 14, 6],
			"to": [3, 15, 7],
			"rotation": {"angle": 0, "axis": "y", "origin": [8, 2, 3]},
			"faces": {
				"north": {"uv": [5.25, 5.5, 5.375, 5.625], "rotation": 90, "texture": "#0"},
				"east": {"uv": [0.25, 5.625, 0.125, 5.75], "rotation": 270, "texture": "#0"},
				"south": {"uv": [5.5, 5.375, 5.625, 5.5], "rotation": 270, "texture": "#0"},
				"west": {"uv": [0.125, 5.75, 0, 5.625], "rotation": 270, "texture": "#0"},
				"up": {"uv": [5.375, 5.5, 5.5, 5.625], "rotation": 270, "texture": "#0"},
				"down": {"uv": [5.5, 5.5, 5.625, 5.625], "rotation": 270, "texture": "#0"}
			}
		},
		{
			"from": [3, 16, 5],
			"to": [4, 17, 6],
			"rotation": {"angle": 0, "axis": "y", "origin": [8, 2, 3]},
			"faces": {
				"north": {"uv": [0.25, 5.625, 0.375, 5.75], "rotation": 90, "texture": "#0"},
				"east": {"uv": [1, 5.625, 0.875, 5.75], "rotation": 270, "texture": "#0"},
				"south": {"uv": [0.5, 5.625, 0.625, 5.75], "rotation": 270, "texture": "#0"},
				"west": {"uv": [0.875, 5.75, 0.75, 5.625], "rotation": 270, "texture": "#0"},
				"up": {"uv": [0.375, 5.625, 0.5, 5.75], "rotation": 270, "texture": "#0"},
				"down": {"uv": [0.625, 5.625, 0.75, 5.75], "rotation": 270, "texture": "#0"}
			}
		},
		{
			"from": [1, 16, 6],
			"to": [2, 17, 7],
			"rotation": {"angle": 0, "axis": "y", "origin": [8, 2, 3]},
			"faces": {
				"north": {"uv": [1.5, 5.625, 1.625, 5.75], "rotation": 90, "texture": "#0"},
				"east": {"uv": [2.75, 5.625, 2.625, 5.75], "rotation": 270, "texture": "#0"},
				"south": {"uv": [1.75, 5.625, 1.875, 5.75], "rotation": 270, "texture": "#0"},
				"west": {"uv": [2.625, 5.75, 2.5, 5.625], "rotation": 270, "texture": "#0"},
				"up": {"uv": [1.625, 5.625, 1.75, 5.75], "rotation": 270, "texture": "#0"},
				"down": {"uv": [2.375, 5.625, 2.5, 5.75], "rotation": 270, "texture": "#0"}
			}
		},
		{
			"from": [0, 15, 5],
			"to": [1, 17, 6],
			"rotation": {"angle": 0, "axis": "y", "origin": [8, 2, 3]},
			"faces": {
				"north": {"uv": [3.375, 5.125, 3.625, 5.25], "rotation": 90, "texture": "#0"},
				"east": {"uv": [2.625, 5.375, 2.375, 5.5], "rotation": 270, "texture": "#0"},
				"south": {"uv": [4.375, 5.25, 4.625, 5.375], "rotation": 270, "texture": "#0"},
				"west": {"uv": [1.75, 5.5, 1.5, 5.375], "rotation": 270, "texture": "#0"},
				"up": {"uv": [2.75, 5.625, 2.875, 5.75], "rotation": 270, "texture": "#0"},
				"down": {"uv": [2.875, 5.625, 3, 5.75], "rotation": 270, "texture": "#0"}
			}
		},
		{
			"from": [1, 17, 5],
			"to": [3, 18, 6],
			"rotation": {"angle": 0, "axis": "y", "origin": [8, 2, 3]},
			"faces": {
				"north": {"uv": [1.75, 5.25, 1.875, 5.5], "rotation": 90, "texture": "#0"},
				"east": {"uv": [3.25, 5.625, 3.125, 5.75], "rotation": 270, "texture": "#0"},
				"south": {"uv": [2.75, 5.375, 2.875, 5.625], "rotation": 270, "texture": "#0"},
				"west": {"uv": [3.125, 5.75, 3, 5.625], "rotation": 270, "texture": "#0"},
				"up": {"uv": [2.625, 5.375, 2.75, 5.625], "rotation": 270, "texture": "#0"},
				"down": {"uv": [2.875, 5.375, 3, 5.625], "rotation": 270, "texture": "#0"}
			}
		},
		{
			"from": [5, 14, 7],
			"to": [6, 15, 8],
			"rotation": {"angle": 0, "axis": "y", "origin": [8, 2, 3]},
			"faces": {
				"north": {"uv": [3.25, 5.625, 3.375, 5.75], "rotation": 90, "texture": "#0"},
				"east": {"uv": [4, 5.625, 3.875, 5.75], "rotation": 270, "texture": "#0"},
				"south": {"uv": [3.5, 5.625, 3.625, 5.75], "rotation": 270, "texture": "#0"},
				"west": {"uv": [3.875, 5.75, 3.75, 5.625], "rotation": 270, "texture": "#0"},
				"up": {"uv": [3.375, 5.625, 3.5, 5.75], "rotation": 270, "texture": "#0"},
				"down": {"uv": [3.625, 5.625, 3.75, 5.75], "rotation": 270, "texture": "#0"}
			}
		},
		{
			"from": [7, 5, 9],
			"to": [8, 6, 10],
			"rotation": {"angle": 0, "axis": "y", "origin": [8, 2, 3]},
			"faces": {
				"north": {"uv": [4, 5.625, 4.125, 5.75], "rotation": 90, "texture": "#0"},
				"east": {"uv": [4.75, 5.625, 4.625, 5.75], "rotation": 270, "texture": "#0"},
				"south": {"uv": [4.25, 5.625, 4.375, 5.75], "rotation": 270, "texture": "#0"},
				"west": {"uv": [4.625, 5.75, 4.5, 5.625], "rotation": 270, "texture": "#0"},
				"up": {"uv": [4.125, 5.625, 4.25, 5.75], "rotation": 270, "texture": "#0"},
				"down": {"uv": [4.375, 5.625, 4.5, 5.75], "rotation": 270, "texture": "#0"}
			}
		},
		{
			"from": [7, 5, 11],
			"to": [8, 6, 12],
			"rotation": {"angle": 0, "axis": "y", "origin": [8, 2, 3]},
			"faces": {
				"north": {"uv": [4.75, 5.625, 4.875, 5.75], "rotation": 90, "texture": "#0"},
				"east": {"uv": [5.25, 5.625, 5.125, 5.75], "rotation": 270, "texture": "#0"},
				"south": {"uv": [5.625, 4.875, 5.75, 5], "rotation": 270, "texture": "#0"},
				"west": {"uv": [5.75, 5.125, 5.625, 5], "rotation": 270, "texture": "#0"},
				"up": {"uv": [4.875, 5.625, 5, 5.75], "rotation": 270, "texture": "#0"},
				"down": {"uv": [5, 5.625, 5.125, 5.75], "rotation": 270, "texture": "#0"}
			}
		},
		{
			"from": [7, 12, 13],
			"to": [8, 13, 14],
			"rotation": {"angle": 0, "axis": "y", "origin": [8, 2, 3]},
			"faces": {
				"north": {"uv": [5.625, 5.5, 5.75, 5.625], "rotation": 90, "texture": "#0"},
				"east": {"uv": [5.875, 0.125, 5.75, 0.25], "rotation": 270, "texture": "#0"},
				"south": {"uv": [0, 5.75, 0.125, 5.875], "rotation": 270, "texture": "#0"},
				"west": {"uv": [0.25, 5.875, 0.125, 5.75], "rotation": 270, "texture": "#0"},
				"up": {"uv": [5.625, 5.625, 5.75, 5.75], "rotation": 270, "texture": "#0"},
				"down": {"uv": [5.75, 0, 5.875, 0.125], "rotation": 270, "texture": "#0"}
			}
		},
		{
			"from": [7, 14, 11],
			"to": [8, 15, 12],
			"rotation": {"angle": 0, "axis": "y", "origin": [8, 2, 3]},
			"faces": {
				"north": {"uv": [0.25, 5.75, 0.375, 5.875], "rotation": 90, "texture": "#0"},
				"east": {"uv": [5.875, 0.5, 5.75, 0.625], "rotation": 270, "texture": "#0"},
				"south": {"uv": [0.375, 5.75, 0.5, 5.875], "rotation": 270, "texture": "#0"},
				"west": {"uv": [0.625, 5.875, 0.5, 5.75], "rotation": 270, "texture": "#0"},
				"up": {"uv": [5.75, 0.25, 5.875, 0.375], "rotation": 270, "texture": "#0"},
				"down": {"uv": [5.75, 0.375, 5.875, 0.5], "rotation": 270, "texture": "#0"}
			}
		},
		{
			"from": [7, 14, 9],
			"to": [8, 15, 10],
			"rotation": {"angle": 0, "axis": "y", "origin": [8, 2, 3]},
			"faces": {
				"north": {"uv": [0.625, 5.75, 0.75, 5.875], "rotation": 90, "texture": "#0"},
				"east": {"uv": [5.875, 0.875, 5.75, 1], "rotation": 270, "texture": "#0"},
				"south": {"uv": [0.75, 5.75, 0.875, 5.875], "rotation": 270, "texture": "#0"},
				"west": {"uv": [1, 5.875, 0.875, 5.75], "rotation": 270, "texture": "#0"},
				"up": {"uv": [5.75, 0.625, 5.875, 0.75], "rotation": 270, "texture": "#0"},
				"down": {"uv": [5.75, 0.75, 5.875, 0.875], "rotation": 270, "texture": "#0"}
			}
		},
		{
			"from": [7, 13, 7],
			"to": [8, 14, 8],
			"rotation": {"angle": 0, "axis": "y", "origin": [8, 2, 3]},
			"faces": {
				"north": {"uv": [1, 5.75, 1.125, 5.875], "rotation": 90, "texture": "#0"},
				"east": {"uv": [1.5, 5.75, 1.375, 5.875], "rotation": 270, "texture": "#0"},
				"south": {"uv": [1.125, 5.75, 1.25, 5.875], "rotation": 270, "texture": "#0"},
				"west": {"uv": [1.375, 5.875, 1.25, 5.75], "rotation": 270, "texture": "#0"},
				"up": {"uv": [5.75, 1, 5.875, 1.125], "rotation": 270, "texture": "#0"},
				"down": {"uv": [5.75, 1.125, 5.875, 1.25], "rotation": 270, "texture": "#0"}
			}
		},
		{
			"from": [4, 6, 9],
			"to": [8, 14, 13],
			"rotation": {"angle": 0, "axis": "y", "origin": [8, 2, 3]},
			"faces": {
				"north": {"uv": [4.875, 1.375, 5.875, 2], "rotation": 90, "texture": "#0"},
				"east": {"uv": [5.625, 4.875, 4.625, 5.375], "rotation": 270, "texture": "#0"},
				"south": {"uv": [4.875, 4.25, 5.875, 4.875], "rotation": 270, "texture": "#0"},
				"west": {"uv": [5.875, 3.625, 4.875, 3.125], "rotation": 270, "texture": "#0"},
				"up": {"uv": [1, 5.125, 1.5, 5.75], "rotation": 270, "texture": "#0"},
				"down": {"uv": [1.875, 5.125, 2.375, 5.75], "rotation": 270, "texture": "#0"}
			}
		},
		{
			"from": [4, 6, 8],
			"to": [5, 14, 9],
			"rotation": {"angle": 0, "axis": "y", "origin": [8, 2, 3]},
			"faces": {
				"north": {"uv": [5, 2, 6, 2.25], "rotation": 90, "texture": "#0"},
				"east": {"uv": [6.125, 3, 5.125, 3.125], "rotation": 270, "texture": "#0"},
				"south": {"uv": [5.125, 2.25, 6.125, 2.5], "rotation": 270, "texture": "#0"},
				"west": {"uv": [6, 1.375, 5, 1.25], "rotation": 270, "texture": "#0"},
				"up": {"uv": [3, 5.375, 3.125, 5.625], "rotation": 270, "texture": "#0"},
				"down": {"uv": [3.125, 5.375, 3.25, 5.625], "rotation": 270, "texture": "#0"}
			}
		},
		{
			"from": [5, 6, 8],
			"to": [6, 7, 9],
			"rotation": {"angle": 0, "axis": "y", "origin": [8, 2, 3]},
			"faces": {
				"north": {"uv": [1.5, 5.75, 1.625, 5.875], "rotation": 90, "texture": "#0"},
				"east": {"uv": [2.25, 5.75, 2.125, 5.875], "rotation": 270, "texture": "#0"},
				"south": {"uv": [1.75, 5.75, 1.875, 5.875], "rotation": 270, "texture": "#0"},
				"west": {"uv": [2.125, 5.875, 2, 5.75], "rotation": 270, "texture": "#0"},
				"up": {"uv": [1.625, 5.75, 1.75, 5.875], "rotation": 270, "texture": "#0"},
				"down": {"uv": [1.875, 5.75, 2, 5.875], "rotation": 270, "texture": "#0"}
			}
		},
		{
			"from": [5, 13, 8],
			"to": [6, 14, 9],
			"rotation": {"angle": 0, "axis": "y", "origin": [8, 2, 3]},
			"faces": {
				"north": {"uv": [2.25, 5.75, 2.375, 5.875], "rotation": 90, "texture": "#0"},
				"east": {"uv": [5.875, 2.75, 5.75, 2.875], "rotation": 270, "texture": "#0"},
				"south": {"uv": [2.5, 5.75, 2.625, 5.875], "rotation": 270, "texture": "#0"},
				"west": {"uv": [2.875, 5.875, 2.75, 5.75], "rotation": 270, "texture": "#0"},
				"up": {"uv": [2.375, 5.75, 2.5, 5.875], "rotation": 270, "texture": "#0"},
				"down": {"uv": [2.625, 5.75, 2.75, 5.875], "rotation": 270, "texture": "#0"}
			}
		},
		{
			"from": [6, 6, 8],
			"to": [8, 14, 9],
			"rotation": {"angle": 0, "axis": "y", "origin": [8, 2, 3]},
			"faces": {
				"north": {"uv": [2.375, 5.125, 3.375, 5.375], "rotation": 90, "texture": "#0"},
				"east": {"uv": [6.25, 3.625, 5.25, 3.75], "rotation": 270, "texture": "#0"},
				"south": {"uv": [5.125, 2.5, 6.125, 2.75], "rotation": 270, "texture": "#0"},
				"west": {"uv": [4.375, 5.375, 3.375, 5.25], "rotation": 270, "texture": "#0"},
				"up": {"uv": [3.25, 5.375, 3.375, 5.625], "rotation": 270, "texture": "#0"},
				"down": {"uv": [3.375, 5.375, 3.5, 5.625], "rotation": 270, "texture": "#0"}
			}
		},
		{
			"from": [5, 8, 8],
			"to": [6, 12, 9],
			"rotation": {"angle": 0, "axis": "y", "origin": [8, 2, 3]},
			"faces": {
				"north": {"uv": [5.25, 4, 5.75, 4.125], "rotation": 90, "texture": "#0"},
				"east": {"uv": [1, 5.375, 0.5, 5.5], "rotation": 270, "texture": "#0"},
				"south": {"uv": [5.25, 4.125, 5.75, 4.25], "rotation": 270, "texture": "#0"},
				"west": {"uv": [0.5, 5.5, 0, 5.375], "rotation": 270, "texture": "#0"},
				"up": {"uv": [2.875, 5.75, 3, 5.875], "rotation": 270, "texture": "#0"},
				"down": {"uv": [5.75, 2.875, 5.875, 3], "rotation": 270, "texture": "#0"}
			}
		},
		{
			"from": [3, 7, 8],
			"to": [4, 13, 13],
			"rotation": {"angle": 0, "axis": "y", "origin": [8, 2, 3]},
			"faces": {
				"north": {"uv": [0.125, 5.25, 0.875, 5.375], "rotation": 90, "texture": "#0"},
				"east": {"uv": [5.75, 0.625, 5, 1.25], "rotation": 270, "texture": "#0"},
				"south": {"uv": [5.25, 3.75, 6, 3.875], "rotation": 270, "texture": "#0"},
				"west": {"uv": [5.75, 0.625, 5, 0], "rotation": 270, "texture": "#0"},
				"up": {"uv": [4, 5.125, 4.625, 5.25], "rotation": 270, "texture": "#0"},
				"down": {"uv": [5.25, 3.875, 5.875, 4], "rotation": 270, "texture": "#0"}
			}
		},
		{
			"from": [5, 7, 8],
			"to": [6, 8, 9],
			"rotation": {"angle": 0, "axis": "y", "origin": [8, 2, 3]},
			"faces": {
				"north": {"uv": [0.125, 0.25, 0.25, 0.375], "rotation": 90, "texture": "#0"},
				"east": {"uv": [0.25, 0.375, 0.125, 0.5], "rotation": 270, "texture": "#0"},
				"south": {"uv": [0.25, 0.25, 0.375, 0.375], "rotation": 270, "texture": "#0"},
				"west": {"uv": [0.5, 0.125, 0.375, 0], "rotation": 270, "texture": "#0"},
				"up": {"uv": [0.25, 0.125, 0.375, 0.25], "rotation": 270, "texture": "#0"},
				"down": {"uv": [0, 0.375, 0.125, 0.5], "rotation": 270, "texture": "#0"}
			}
		},
		{
			"from": [5, 12, 8],
			"to": [6, 13, 9],
			"rotation": {"angle": 0, "axis": "y", "origin": [8, 2, 3]},
			"faces": {
				"north": {"uv": [0, 0, 0.125, 0.125], "rotation": 90, "texture": "#0"},
				"east": {"uv": [0.375, 0, 0.25, 0.125], "rotation": 270, "texture": "#0"},
				"south": {"uv": [0.125, 0, 0.25, 0.125], "rotation": 270, "texture": "#0"},
				"west": {"uv": [0.125, 0.375, 0, 0.25], "rotation": 270, "texture": "#0"},
				"up": {"uv": [0, 0.125, 0.125, 0.25], "rotation": 270, "texture": "#0"},
				"down": {"uv": [0.125, 0.125, 0.25, 0.25], "rotation": 270, "texture": "#0"}
			}
		},
		{
			"from": [2.7, 6.4, 10],
			"to": [4, 13.4, 11],
			"rotation": {"angle": 0, "axis": "y", "origin": [8, 2, 3]},
			"faces": {
				"north": {"uv": [0, 0, 7, 1], "rotation": 90, "texture": "#1"},
				"east": {"uv": [7, 3, 0, 4], "rotation": 270, "texture": "#1"},
				"south": {"uv": [0, 1, 7, 2], "rotation": 270, "texture": "#1"},
				"west": {"uv": [7, 3, 0, 2], "rotation": 270, "texture": "#1"},
				"up": {"uv": [6, 5, 7, 6], "rotation": 270, "texture": "#1"},
				"down": {"uv": [6, 6, 7, 7], "rotation": 270, "texture": "#1"}
			}
		},
		{
			"from": [2.4, 6.8, 10],
			"to": [2.7, 13.2, 11],
			"rotation": {"angle": 0, "axis": "y", "origin": [8, 2, 3]},
			"faces": {
				"north": {"uv": [0, 4, 6, 5], "rotation": 90, "texture": "#1"},
				"east": {"uv": [12, 4, 6, 5], "rotation": 270, "texture": "#1"},
				"south": {"uv": [0, 5, 6, 6], "rotation": 270, "texture": "#1"},
				"west": {"uv": [6, 7, 0, 6], "rotation": 270, "texture": "#1"},
				"up": {"uv": [0, 7, 1, 8], "rotation": 270, "texture": "#1"},
				"down": {"uv": [7, 0, 8, 1], "rotation": 270, "texture": "#1"}
			}
		},
		{
			"from": [0.4, 10, 7.4],
			"to": [0.9, 10.4, 7.8],
			"rotation": {"angle": 22.5, "axis": "x", "origin": [7.5, 2.3, 3]},
			"faces": {
				"north": {"uv": [11, 0, 13, 2], "rotation": 90, "texture": "#2"},
				"east": {"uv": [15, 0, 13, 2], "rotation": 270, "texture": "#2"},
				"south": {"uv": [11, 2, 13, 4], "rotation": 270, "texture": "#2"},
				"west": {"uv": [11, 2, 9, 0], "rotation": 270, "texture": "#2"},
				"up": {"uv": [13, 2, 15, 4], "rotation": 270, "texture": "#2"},
				"down": {"uv": [9, 2, 11, 4], "rotation": 270, "texture": "#2"}
			}
		},
		{
			"from": [0.9, 11.4, 4],
			"to": [1.4, 11.8, 4.4],
			"rotation": {"angle": 45, "axis": "x", "origin": [8, 2.4, 3]},
			"faces": {
				"north": {"uv": [11, 4, 13, 6], "rotation": 90, "texture": "#2"},
				"east": {"uv": [15, 4, 13, 6], "rotation": 270, "texture": "#2"},
				"south": {"uv": [11, 6, 13, 8], "rotation": 270, "texture": "#2"},
				"west": {"uv": [11, 6, 9, 4], "rotation": 270, "texture": "#2"},
				"up": {"uv": [13, 6, 15, 8], "rotation": 270, "texture": "#2"},
				"down": {"uv": [9, 6, 11, 8], "rotation": 270, "texture": "#2"}
			}
		},
		{
			"from": [1.4, 10.4, 7.4],
			"to": [1.9, 10.8, 7.8],
			"rotation": {"angle": 22.5, "axis": "x", "origin": [7.5, 2.3, 3]},
			"faces": {
				"north": {"uv": [11, 8, 13, 10], "rotation": 90, "texture": "#2"},
				"east": {"uv": [15, 8, 13, 10], "rotation": 270, "texture": "#2"},
				"south": {"uv": [11, 10, 13, 12], "rotation": 270, "texture": "#2"},
				"west": {"uv": [11, 10, 9, 8], "rotation": 270, "texture": "#2"},
				"up": {"uv": [13, 10, 15, 12], "rotation": 270, "texture": "#2"},
				"down": {"uv": [9, 10, 11, 12], "rotation": 270, "texture": "#2"}
			}
		},
		{
			"from": [1.9, 11.4, 4],
			"to": [2.4, 11.8, 4.4],
			"rotation": {"angle": 45, "axis": "x", "origin": [8, 2.4, 3]},
			"faces": {
				"north": {"uv": [11, 12, 13, 14], "rotation": 90, "texture": "#2"},
				"east": {"uv": [15, 12, 13, 14], "rotation": 270, "texture": "#2"},
				"south": {"uv": [11, 14, 13, 16], "rotation": 270, "texture": "#2"},
				"west": {"uv": [11, 14, 9, 12], "rotation": 270, "texture": "#2"},
				"up": {"uv": [13, 14, 15, 16], "rotation": 270, "texture": "#2"},
				"down": {"uv": [9, 14, 11, 16], "rotation": 270, "texture": "#2"}
			}
		},
		{
			"from": [1.9, 8.2, 4],
			"to": [2.4, 8.6, 4.4],
			"rotation": {"angle": -45, "axis": "x", "origin": [8, 17.6, 3]},
			"faces": {
				"north": {"uv": [3, 11, 5, 13], "rotation": 90, "texture": "#2"},
				"east": {"uv": [7, 11, 5, 13], "rotation": 270, "texture": "#2"},
				"south": {"uv": [3, 13, 5, 15], "rotation": 270, "texture": "#2"},
				"west": {"uv": [3, 13, 1, 11], "rotation": 270, "texture": "#2"},
				"up": {"uv": [5, 13, 7, 15], "rotation": 270, "texture": "#2"},
				"down": {"uv": [1, 13, 3, 15], "rotation": 270, "texture": "#2"}
			}
		},
		{
			"from": [1.4, 9.2, 7.4],
			"to": [1.9, 9.6, 7.8],
			"rotation": {"angle": -22.5, "axis": "x", "origin": [7.5, 17.7, 3]},
			"faces": {
				"north": {"uv": [3, 6, 5, 8], "rotation": 90, "texture": "#2"},
				"east": {"uv": [7, 6, 5, 8], "rotation": 270, "texture": "#2"},
				"south": {"uv": [3, 8, 5, 10], "rotation": 270, "texture": "#2"},
				"west": {"uv": [3, 8, 1, 6], "rotation": 270, "texture": "#2"},
				"up": {"uv": [5, 8, 7, 10], "rotation": 270, "texture": "#2"},
				"down": {"uv": [1, 8, 3, 10], "rotation": 270, "texture": "#2"}
			}
		},
		{
			"from": [0.9, 8.2, 4],
			"to": [1.4, 8.6, 4.4],
			"rotation": {"angle": -45, "axis": "x", "origin": [8, 17.6, 3]},
			"faces": {
				"north": {"uv": [3, 1, 5, 3], "rotation": 90, "texture": "#2"},
				"east": {"uv": [7, 1, 5, 3], "rotation": 270, "texture": "#2"},
				"south": {"uv": [3, 3, 5, 5], "rotation": 270, "texture": "#2"},
				"west": {"uv": [3, 3, 1, 1], "rotation": 270, "texture": "#2"},
				"up": {"uv": [5, 3, 7, 5], "rotation": 270, "texture": "#2"},
				"down": {"uv": [1, 3, 3, 5], "rotation": 270, "texture": "#2"}
			}
		},
		{
			"from": [0.7, 11.8, 10.1],
			"to": [0.9, 12.2, 10.4],
			"rotation": {"angle": 0, "axis": "y", "origin": [8, 18, 3]},
			"faces": {
				"north": {"uv": [11, 14, 13, 15], "rotation": 90, "texture": "#3"},
				"east": {"uv": [13, 6, 11, 7], "rotation": 270, "texture": "#3"},
				"south": {"uv": [11, 6, 13, 7], "rotation": 270, "texture": "#3"},
				"west": {"uv": [13, 7, 11, 6], "rotation": 270, "texture": "#3"},
				"up": {"uv": [12, 6, 13, 7], "rotation": 270, "texture": "#3"},
				"down": {"uv": [11, 6, 12, 7], "rotation": 270, "texture": "#3"}
			}
		},
		{
			"from": [0.5, 11.6, 10.1],
			"to": [0.7, 12.4, 10.4],
			"rotation": {"angle": 0, "axis": "y", "origin": [8, 18, 3]},
			"faces": {
				"north": {"uv": [10, 13, 14, 14], "rotation": 90, "texture": "#3"},
				"east": {"uv": [14, 13, 10, 14], "rotation": 270, "texture": "#3"},
				"south": {"uv": [10, 5, 14, 6], "rotation": 270, "texture": "#3"},
				"west": {"uv": [14, 14, 10, 13], "rotation": 270, "texture": "#3"},
				"up": {"uv": [13, 5, 14, 6], "rotation": 270, "texture": "#3"},
				"down": {"uv": [10, 5, 11, 6], "rotation": 270, "texture": "#3"}
			}
		},
		{
			"from": [-0.1, 11.3, 10.1],
			"to": [0.4, 11.5, 10.4],
			"rotation": {"angle": 0, "axis": "y", "origin": [8, 18, 3]},
			"faces": {
				"north": {"uv": [15, 10, 16, 12], "rotation": 90, "texture": "#3"},
				"east": {"uv": [16, 3, 15, 4], "rotation": 270, "texture": "#3"},
				"south": {"uv": [15, 2, 16, 4], "rotation": 270, "texture": "#3"},
				"west": {"uv": [16, 3, 15, 2], "rotation": 270, "texture": "#3"},
				"up": {"uv": [15, 2, 16, 4], "rotation": 270, "texture": "#3"},
				"down": {"uv": [15, 2, 16, 4], "rotation": 270, "texture": "#3"}
			}
		},
		{
			"from": [-0.1, 12.5, 10.1],
			"to": [0.4, 12.7, 10.4],
			"rotation": {"angle": 0, "axis": "y", "origin": [8, 18, 3]},
			"faces": {
				"north": {"uv": [9, 10, 10, 12], "rotation": 90, "texture": "#3"},
				"east": {"uv": [10, 3, 9, 4], "rotation": 270, "texture": "#3"},
				"south": {"uv": [9, 2, 10, 4], "rotation": 270, "texture": "#3"},
				"west": {"uv": [10, 3, 9, 2], "rotation": 270, "texture": "#3"},
				"up": {"uv": [9, 2, 10, 4], "rotation": 270, "texture": "#3"},
				"down": {"uv": [9, 2, 10, 4], "rotation": 270, "texture": "#3"}
			}
		},
		{
			"from": [-0.3, 12.1, 10.1],
			"to": [-0.1, 12.5, 10.4],
			"rotation": {"angle": 0, "axis": "y", "origin": [8, 18, 3]},
			"faces": {
				"north": {"uv": [10, 9, 12, 10], "rotation": 90, "texture": "#3"},
				"east": {"uv": [12, 9, 10, 10], "rotation": 270, "texture": "#3"},
				"south": {"uv": [10, 1, 12, 2], "rotation": 270, "texture": "#3"},
				"west": {"uv": [12, 2, 10, 1], "rotation": 270, "texture": "#3"},
				"up": {"uv": [10, 1, 11, 2], "rotation": 270, "texture": "#3"},
				"down": {"uv": [11, 1, 12, 2], "rotation": 270, "texture": "#3"}
			}
		},
		{
			"from": [-0.3, 11.5, 10.1],
			"to": [-0.1, 11.9, 10.4],
			"rotation": {"angle": 0, "axis": "y", "origin": [8, 18, 3]},
			"faces": {
				"north": {"uv": [13, 9, 15, 10], "rotation": 90, "texture": "#3"},
				"east": {"uv": [15, 9, 13, 10], "rotation": 270, "texture": "#3"},
				"south": {"uv": [13, 1, 15, 2], "rotation": 270, "texture": "#3"},
				"west": {"uv": [15, 10, 13, 9], "rotation": 270, "texture": "#3"},
				"up": {"uv": [10, 1, 11, 2], "rotation": 270, "texture": "#3"},
				"down": {"uv": [11, 1, 12, 2], "rotation": 270, "texture": "#3"}
			}
		},
		{
			"from": [-0.1, 11.5, 10.1],
			"to": [0.5, 12.5, 10.4],
			"rotation": {"angle": 0, "axis": "y", "origin": [8, 18, 3]},
			"faces": {
				"north": {"uv": [10, 10, 15, 13], "rotation": 90, "texture": "#3"},
				"east": {"uv": [11, 5, 10, 6], "rotation": 270, "texture": "#3"},
				"south": {"uv": [10, 2, 15, 5], "rotation": 270, "texture": "#3"},
				"west": {"uv": [13, 3, 12, 2], "rotation": 270, "texture": "#3"},
				"up": {"uv": [14, 4, 15, 5], "rotation": 270, "texture": "#3"},
				"down": {"uv": [10, 4, 11, 5], "rotation": 270, "texture": "#3"}
			}
		},
		{
			"from": [-0.8, 7.9, 10.1],
			"to": [-0.6, 8.3, 10.4],
			"rotation": {"angle": 0, "axis": "y", "origin": [8, 2, 3]},
			"faces": {
				"north": {"uv": [2, 9, 4, 10], "rotation": 90, "texture": "#3"},
				"east": {"uv": [4, 9, 2, 10], "rotation": 270, "texture": "#3"},
				"south": {"uv": [5, 1, 7, 2], "rotation": 270, "texture": "#3"},
				"west": {"uv": [4, 10, 2, 9], "rotation": 270, "texture": "#3"},
				"up": {"uv": [6, 1, 7, 2], "rotation": 270, "texture": "#3"},
				"down": {"uv": [5, 1, 6, 2], "rotation": 270, "texture": "#3"}
			}
		},
		{
			"from": [-0.8, 7.3, 10.1],
			"to": [-0.6, 7.7, 10.4],
			"rotation": {"angle": 0, "axis": "y", "origin": [8, 2, 3]},
			"faces": {
				"north": {"uv": [5, 9, 7, 10], "rotation": 90, "texture": "#3"},
				"east": {"uv": [4, 1, 2, 2], "rotation": 270, "texture": "#3"},
				"south": {"uv": [2, 1, 4, 2], "rotation": 270, "texture": "#3"},
				"west": {"uv": [4, 2, 2, 1], "rotation": 270, "texture": "#3"},
				"up": {"uv": [3, 1, 4, 2], "rotation": 270, "texture": "#3"},
				"down": {"uv": [2, 1, 3, 2], "rotation": 270, "texture": "#3"}
			}
		},
		{
			"from": [-0.6, 7.3, 10.1],
			"to": [0, 8.3, 10.4],
			"rotation": {"angle": 0, "axis": "y", "origin": [8, 2, 3]},
			"faces": {
				"north": {"uv": [2, 10, 7, 13], "rotation": 90, "texture": "#3"},
				"east": {"uv": [3, 5, 2, 6], "rotation": 270, "texture": "#3"},
				"south": {"uv": [2, 2, 7, 5], "rotation": 270, "texture": "#3"},
				"west": {"uv": [5, 3, 4, 2], "rotation": 270, "texture": "#3"},
				"up": {"uv": [6, 4, 7, 5], "rotation": 270, "texture": "#3"},
				"down": {"uv": [2, 4, 3, 5], "rotation": 270, "texture": "#3"}
			}
		},
		{
			"from": [0, 7.4, 10.1],
			"to": [0.2, 8.2, 10.4],
			"rotation": {"angle": 0, "axis": "y", "origin": [8, 2, 3]},
			"faces": {
				"north": {"uv": [2, 13, 6, 14], "rotation": 90, "texture": "#3"},
				"east": {"uv": [3, 5, 2, 6], "rotation": 270, "texture": "#3"},
				"south": {"uv": [2, 5, 6, 6], "rotation": 270, "texture": "#3"},
				"west": {"uv": [6, 14, 2, 13], "rotation": 270, "texture": "#3"},
				"up": {"uv": [5, 5, 6, 6], "rotation": 270, "texture": "#3"},
				"down": {"uv": [2, 5, 3, 6], "rotation": 270, "texture": "#3"}
			}
		},
		{
			"from": [0.2, 7.6, 10.1],
			"to": [0.4, 8, 10.4],
			"rotation": {"angle": 0, "axis": "y", "origin": [8, 2, 3]},
			"faces": {
				"north": {"uv": [3, 14, 5, 15], "rotation": 90, "texture": "#3"},
				"east": {"uv": [5, 6, 3, 7], "rotation": 270, "texture": "#3"},
				"south": {"uv": [3, 6, 5, 7], "rotation": 270, "texture": "#3"},
				"west": {"uv": [5, 7, 3, 6], "rotation": 270, "texture": "#3"},
				"up": {"uv": [3, 6, 4, 7], "rotation": 270, "texture": "#3"},
				"down": {"uv": [3, 6, 4, 7], "rotation": 270, "texture": "#3"}
			}
		},
		{
			"from": [-0.6, 8.3, 10.1],
			"to": [-0.1, 8.5, 10.4],
			"rotation": {"angle": 0, "axis": "y", "origin": [8, 2, 3]},
			"faces": {
				"north": {"uv": [1, 10, 2, 12], "rotation": 90, "texture": "#3"},
				"east": {"uv": [8, 3, 7, 4], "rotation": 270, "texture": "#3"},
				"south": {"uv": [7, 2, 8, 4], "rotation": 270, "texture": "#3"},
				"west": {"uv": [8, 3, 7, 2], "rotation": 270, "texture": "#3"},
				"up": {"uv": [7, 2, 8, 4], "rotation": 270, "texture": "#3"},
				"down": {"uv": [7, 2, 8, 4], "rotation": 270, "texture": "#3"}
			}
		},
		{
			"from": [-0.6, 7.1, 10.1],
			"to": [-0.1, 7.3, 10.4],
			"rotation": {"angle": 0, "axis": "y", "origin": [8, 2, 3]},
			"faces": {
				"north": {"uv": [7, 10, 8, 12], "rotation": 90, "texture": "#3"},
				"east": {"uv": [2, 3, 1, 4], "rotation": 270, "texture": "#3"},
				"south": {"uv": [1, 2, 2, 4], "rotation": 270, "texture": "#3"},
				"west": {"uv": [2, 3, 1, 2], "rotation": 270, "texture": "#3"},
				"up": {"uv": [1, 2, 2, 4], "rotation": 270, "texture": "#3"},
				"down": {"uv": [1, 2, 2, 4], "rotation": 270, "texture": "#3"}
			}
		},
		{
			"from": [7, 8, 14],
			"to": [8, 9, 15],
			"rotation": {"angle": 0, "axis": "y", "origin": [-1, 0, 19]},
			"faces": {
				"north": {"uv": [4.5, 5.375, 4.375, 5.5], "texture": "#0"},
				"east": {"uv": [4.375, 5.375, 4.25, 5.5], "texture": "#0"},
				"south": {"uv": [4.25, 5.375, 4.125, 5.5], "texture": "#0"},
				"west": {"uv": [4.625, 5.375, 4.5, 5.5], "texture": "#0"},
				"up": {"uv": [4.75, 5.375, 4.625, 5.5], "texture": "#0"},
				"down": {"uv": [4.875, 5.5, 4.75, 5.375], "texture": "#0"}
			}
		},
		{
			"from": [6, 9, 15],
			"to": [7, 10, 16],
			"rotation": {"angle": 0, "axis": "y", "origin": [-1, 0, 19]},
			"faces": {
				"north": {"uv": [5.25, 5.375, 5.125, 5.5], "texture": "#0"},
				"east": {"uv": [5.125, 5.375, 5, 5.5], "texture": "#0"},
				"south": {"uv": [5, 5.375, 4.875, 5.5], "texture": "#0"},
				"west": {"uv": [5.375, 5.375, 5.25, 5.5], "texture": "#0"},
				"up": {"uv": [5.5, 5.375, 5.375, 5.5], "texture": "#0"},
				"down": {"uv": [0.125, 5.625, 0, 5.5], "texture": "#0"}
			}
		},
		{
			"from": [17, 9, 15],
			"to": [18, 11, 16],
			"rotation": {"angle": 0, "axis": "y", "origin": [-1, 0, 19]},
			"faces": {
				"north": {"uv": [1.625, 5.125, 1.5, 5.375], "texture": "#0"},
				"east": {"uv": [3.625, 4.875, 3.5, 5.125], "texture": "#0"},
				"south": {"uv": [3.5, 4.875, 3.375, 5.125], "texture": "#0"},
				"west": {"uv": [1.75, 5.125, 1.625, 5.375], "texture": "#0"},
				"up": {"uv": [1, 5.5, 0.875, 5.625], "texture": "#0"},
				"down": {"uv": [1.625, 5.625, 1.5, 5.5], "texture": "#0"}
			}
		},
		{
			"from": [18, 11, 15],
			"to": [19, 12, 16],
			"rotation": {"angle": 0, "axis": "y", "origin": [-1, 0, 19]},
			"faces": {
				"north": {"uv": [2.5, 5.5, 2.375, 5.625], "texture": "#0"},
				"east": {"uv": [1.875, 5.5, 1.75, 5.625], "texture": "#0"},
				"south": {"uv": [1.75, 5.5, 1.625, 5.625], "texture": "#0"},
				"west": {"uv": [2.625, 5.5, 2.5, 5.625], "texture": "#0"},
				"up": {"uv": [3.625, 5.5, 3.5, 5.625], "texture": "#0"},
				"down": {"uv": [3.75, 5.625, 3.625, 5.5], "texture": "#0"}
			}
		},
		{
			"from": [18, 10, 15],
			"to": [19, 11, 16],
			"rotation": {"angle": 0, "axis": "y", "origin": [-1, 0, 19]},
			"faces": {
				"north": {"uv": [4.125, 5.5, 4, 5.625], "texture": "#0"},
				"east": {"uv": [4, 5.5, 3.875, 5.625], "texture": "#0"},
				"south": {"uv": [3.875, 5.5, 3.75, 5.625], "texture": "#0"},
				"west": {"uv": [4.25, 5.5, 4.125, 5.625], "texture": "#0"},
				"up": {"uv": [4.375, 5.5, 4.25, 5.625], "texture": "#0"},
				"down": {"uv": [4.5, 5.625, 4.375, 5.5], "texture": "#0"}
			}
		},
		{
			"from": [19, 11, 15],
			"to": [20, 12, 16],
			"rotation": {"angle": 0, "axis": "y", "origin": [-1, 0, 19]},
			"faces": {
				"north": {"uv": [4.875, 5.5, 4.75, 5.625], "texture": "#0"},
				"east": {"uv": [4.75, 5.5, 4.625, 5.625], "texture": "#0"},
				"south": {"uv": [4.625, 5.5, 4.5, 5.625], "texture": "#0"},
				"west": {"uv": [5, 5.5, 4.875, 5.625], "texture": "#0"},
				"up": {"uv": [5.125, 5.5, 5, 5.625], "texture": "#0"},
				"down": {"uv": [5.25, 5.625, 5.125, 5.5], "texture": "#0"}
			}
		},
		{
			"from": [16, 11, 15],
			"to": [17, 12, 16],
			"rotation": {"angle": 0, "axis": "y", "origin": [-1, 0, 19]},
			"faces": {
				"north": {"uv": [5.625, 5.375, 5.5, 5.5], "texture": "#0"},
				"east": {"uv": [5.5, 5.5, 5.375, 5.625], "texture": "#0"},
				"south": {"uv": [5.375, 5.5, 5.25, 5.625], "texture": "#0"},
				"west": {"uv": [5.625, 5.5, 5.5, 5.625], "texture": "#0"},
				"up": {"uv": [0.125, 5.625, 0, 5.75], "texture": "#0"},
				"down": {"uv": [0.25, 5.75, 0.125, 5.625], "texture": "#0"}
			}
		},
		{
			"from": [18, 10, 16],
			"to": [19, 11, 17],
			"rotation": {"angle": 0, "axis": "y", "origin": [-1, 0, 19]},
			"faces": {
				"north": {"uv": [0.625, 5.625, 0.5, 5.75], "texture": "#0"},
				"east": {"uv": [0.5, 5.625, 0.375, 5.75], "texture": "#0"},
				"south": {"uv": [0.375, 5.625, 0.25, 5.75], "texture": "#0"},
				"west": {"uv": [0.75, 5.625, 0.625, 5.75], "texture": "#0"},
				"up": {"uv": [0.875, 5.625, 0.75, 5.75], "texture": "#0"},
				"down": {"uv": [1, 5.75, 0.875, 5.625], "texture": "#0"}
			}
		},
		{
			"from": [18, 12, 15],
			"to": [19, 13, 16],
			"rotation": {"angle": 0, "axis": "y", "origin": [-1, 0, 19]},
			"faces": {
				"north": {"uv": [1.875, 5.625, 1.75, 5.75], "texture": "#0"},
				"east": {"uv": [1.75, 5.625, 1.625, 5.75], "texture": "#0"},
				"south": {"uv": [1.625, 5.625, 1.5, 5.75], "texture": "#0"},
				"west": {"uv": [2.5, 5.625, 2.375, 5.75], "texture": "#0"},
				"up": {"uv": [2.625, 5.625, 2.5, 5.75], "texture": "#0"},
				"down": {"uv": [2.75, 5.75, 2.625, 5.625], "texture": "#0"}
			}
		},
		{
			"from": [17, 13, 16],
			"to": [19, 14, 17],
			"rotation": {"angle": 0, "axis": "y", "origin": [-1, 0, 19]},
			"faces": {
				"north": {"uv": [4.625, 5.25, 4.375, 5.375], "texture": "#0"},
				"east": {"uv": [2.875, 5.625, 2.75, 5.75], "texture": "#0"},
				"south": {"uv": [3.625, 5.125, 3.375, 5.25], "texture": "#0"},
				"west": {"uv": [3, 5.625, 2.875, 5.75], "texture": "#0"},
				"up": {"uv": [1.75, 5.375, 1.5, 5.5], "texture": "#0"},
				"down": {"uv": [2.625, 5.5, 2.375, 5.375], "texture": "#0"}
			}
		},
		{
			"from": [19, 11, 16],
			"to": [20, 13, 17],
			"rotation": {"angle": 0, "axis": "y", "origin": [-1, 0, 19]},
			"faces": {
				"north": {"uv": [2.875, 5.375, 2.75, 5.625], "texture": "#0"},
				"east": {"uv": [2.75, 5.375, 2.625, 5.625], "texture": "#0"},
				"south": {"uv": [1.875, 5.25, 1.75, 5.5], "texture": "#0"},
				"west": {"uv": [3, 5.375, 2.875, 5.625], "texture": "#0"},
				"up": {"uv": [3.125, 5.625, 3, 5.75], "texture": "#0"},
				"down": {"uv": [3.25, 5.75, 3.125, 5.625], "texture": "#0"}
			}
		},
		{
			"from": [16, 8, 14],
			"to": [17, 9, 15],
			"rotation": {"angle": 0, "axis": "y", "origin": [-1, 0, 19]},
			"faces": {
				"north": {"uv": [3.625, 5.625, 3.5, 5.75], "texture": "#0"},
				"east": {"uv": [3.5, 5.625, 3.375, 5.75], "texture": "#0"},
				"south": {"uv": [3.375, 5.625, 3.25, 5.75], "texture": "#0"},
				"west": {"uv": [3.75, 5.625, 3.625, 5.75], "texture": "#0"},
				"up": {"uv": [3.875, 5.625, 3.75, 5.75], "texture": "#0"},
				"down": {"uv": [4, 5.75, 3.875, 5.625], "texture": "#0"}
			}
		},
		{
			"from": [7, 6, 12],
			"to": [8, 7, 13],
			"rotation": {"angle": 0, "axis": "y", "origin": [-1, 0, 19]},
			"faces": {
				"north": {"uv": [4.375, 5.625, 4.25, 5.75], "texture": "#0"},
				"east": {"uv": [4.25, 5.625, 4.125, 5.75], "texture": "#0"},
				"south": {"uv": [4.125, 5.625, 4, 5.75], "texture": "#0"},
				"west": {"uv": [4.5, 5.625, 4.375, 5.75], "texture": "#0"},
				"up": {"uv": [4.625, 5.625, 4.5, 5.75], "texture": "#0"},
				"down": {"uv": [4.75, 5.75, 4.625, 5.625], "texture": "#0"}
			}
		},
		{
			"from": [7, 6, 10],
			"to": [8, 7, 11],
			"rotation": {"angle": 0, "axis": "y", "origin": [-1, 0, 19]},
			"faces": {
				"north": {"uv": [5.75, 4.875, 5.625, 5], "texture": "#0"},
				"east": {"uv": [5, 5.625, 4.875, 5.75], "texture": "#0"},
				"south": {"uv": [4.875, 5.625, 4.75, 5.75], "texture": "#0"},
				"west": {"uv": [5.125, 5.625, 5, 5.75], "texture": "#0"},
				"up": {"uv": [5.75, 5, 5.625, 5.125], "texture": "#0"},
				"down": {"uv": [5.25, 5.75, 5.125, 5.625], "texture": "#0"}
			}
		},
		{
			"from": [9, 6, 8],
			"to": [10, 7, 9],
			"rotation": {"angle": 0, "axis": "y", "origin": [-1, 0, 19]},
			"faces": {
				"north": {"uv": [5.75, 5.25, 5.625, 5.375], "texture": "#0"},
				"east": {"uv": [5.375, 5.625, 5.25, 5.75], "texture": "#0"},
				"south": {"uv": [5.75, 5.125, 5.625, 5.25], "texture": "#0"},
				"west": {"uv": [5.5, 5.625, 5.375, 5.75], "texture": "#0"},
				"up": {"uv": [5.75, 5.375, 5.625, 5.5], "texture": "#0"},
				"down": {"uv": [5.625, 5.75, 5.5, 5.625], "texture": "#0"}
			}
		},
		{
			"from": [14, 6, 8],
			"to": [15, 7, 9],
			"rotation": {"angle": 0, "axis": "y", "origin": [-1, 0, 19]},
			"faces": {
				"north": {"uv": [0.125, 5.75, 0, 5.875], "texture": "#0"},
				"east": {"uv": [5.75, 5.625, 5.625, 5.75], "texture": "#0"},
				"south": {"uv": [5.75, 5.5, 5.625, 5.625], "texture": "#0"},
				"west": {"uv": [5.875, 0, 5.75, 0.125], "texture": "#0"},
				"up": {"uv": [0.25, 5.75, 0.125, 5.875], "texture": "#0"},
				"down": {"uv": [5.875, 0.25, 5.75, 0.125], "texture": "#0"}
			}
		},
		{
			"from": [16, 6, 10],
			"to": [17, 7, 11],
			"rotation": {"angle": 0, "axis": "y", "origin": [-1, 0, 19]},
			"faces": {
				"north": {"uv": [0.5, 5.75, 0.375, 5.875], "texture": "#0"},
				"east": {"uv": [5.875, 0.25, 5.75, 0.375], "texture": "#0"},
				"south": {"uv": [0.375, 5.75, 0.25, 5.875], "texture": "#0"},
				"west": {"uv": [5.875, 0.375, 5.75, 0.5], "texture": "#0"},
				"up": {"uv": [0.625, 5.75, 0.5, 5.875], "texture": "#0"},
				"down": {"uv": [5.875, 0.625, 5.75, 0.5], "texture": "#0"}
			}
		},
		{
			"from": [16, 6, 12],
			"to": [17, 7, 13],
			"rotation": {"angle": 0, "axis": "y", "origin": [-1, 0, 19]},
			"faces": {
				"north": {"uv": [0.875, 5.75, 0.75, 5.875], "texture": "#0"},
				"east": {"uv": [5.875, 0.625, 5.75, 0.75], "texture": "#0"},
				"south": {"uv": [0.75, 5.75, 0.625, 5.875], "texture": "#0"},
				"west": {"uv": [5.875, 0.75, 5.75, 0.875], "texture": "#0"},
				"up": {"uv": [1, 5.75, 0.875, 5.875], "texture": "#0"},
				"down": {"uv": [5.875, 1, 5.75, 0.875], "texture": "#0"}
			}
		},
		{
			"from": [15, 6, 14],
			"to": [16, 7, 15],
			"rotation": {"angle": 0, "axis": "y", "origin": [-1, 0, 19]},
			"faces": {
				"north": {"uv": [1.25, 5.75, 1.125, 5.875], "texture": "#0"},
				"east": {"uv": [5.875, 1, 5.75, 1.125], "texture": "#0"},
				"south": {"uv": [1.125, 5.75, 1, 5.875], "texture": "#0"},
				"west": {"uv": [5.875, 1.125, 5.75, 1.25], "texture": "#0"},
				"up": {"uv": [1.375, 5.75, 1.25, 5.875], "texture": "#0"},
				"down": {"uv": [1.5, 5.875, 1.375, 5.75], "texture": "#0"}
			}
		},
		{
			"from": [8, 6, 9],
			"to": [16, 10, 13],
			"rotation": {"angle": 0, "axis": "y", "origin": [-1, 0, 19]},
			"faces": {
				"north": {"uv": [5.875, 4.25, 4.875, 4.875], "texture": "#0"},
				"east": {"uv": [1.5, 5.125, 1, 5.75], "texture": "#0"},
				"south": {"uv": [5.875, 1.375, 4.875, 2], "texture": "#0"},
				"west": {"uv": [2.375, 5.125, 1.875, 5.75], "texture": "#0"},
				"up": {"uv": [5.875, 3.125, 4.875, 3.625], "texture": "#0"},
				"down": {"uv": [5.625, 5.375, 4.625, 4.875], "texture": "#0"}
			}
		},
		{
			"from": [8, 9, 13],
			"to": [16, 10, 14],
			"rotation": {"angle": 0, "axis": "y", "origin": [-1, 0, 19]},
			"faces": {
				"north": {"uv": [6.125, 2.25, 5.125, 2.5], "texture": "#0"},
				"east": {"uv": [3.125, 5.375, 3, 5.625], "texture": "#0"},
				"south": {"uv": [6, 2, 5, 2.25], "texture": "#0"},
				"west": {"uv": [3.25, 5.375, 3.125, 5.625], "texture": "#0"},
				"up": {"uv": [6, 1.25, 5, 1.375], "texture": "#0"},
				"down": {"uv": [6.125, 3.125, 5.125, 3], "texture": "#0"}
			}
		},
		{
			"from": [8, 8, 13],
			"to": [9, 9, 14],
			"rotation": {"angle": 0, "axis": "y", "origin": [-1, 0, 19]},
			"faces": {
				"north": {"uv": [1.875, 5.75, 1.75, 5.875], "texture": "#0"},
				"east": {"uv": [1.75, 5.75, 1.625, 5.875], "texture": "#0"},
				"south": {"uv": [1.625, 5.75, 1.5, 5.875], "texture": "#0"},
				"west": {"uv": [2, 5.75, 1.875, 5.875], "texture": "#0"},
				"up": {"uv": [2.125, 5.75, 2, 5.875], "texture": "#0"},
				"down": {"uv": [2.25, 5.875, 2.125, 5.75], "texture": "#0"}
			}
		},
		{
			"from": [15, 8, 13],
			"to": [16, 9, 14],
			"rotation": {"angle": 0, "axis": "y", "origin": [-1, 0, 19]},
			"faces": {
				"north": {"uv": [2.625, 5.75, 2.5, 5.875], "texture": "#0"},
				"east": {"uv": [2.5, 5.75, 2.375, 5.875], "texture": "#0"},
				"south": {"uv": [2.375, 5.75, 2.25, 5.875], "texture": "#0"},
				"west": {"uv": [2.75, 5.75, 2.625, 5.875], "texture": "#0"},
				"up": {"uv": [2.875, 5.75, 2.75, 5.875], "texture": "#0"},
				"down": {"uv": [5.875, 2.875, 5.75, 2.75], "texture": "#0"}
			}
		},
		{
			"from": [8, 6, 13],
			"to": [16, 8, 14],
			"rotation": {"angle": 0, "axis": "y", "origin": [-1, 0, 19]},
			"faces": {
				"north": {"uv": [6.125, 2.5, 5.125, 2.75], "texture": "#0"},
				"east": {"uv": [3.375, 5.375, 3.25, 5.625], "texture": "#0"},
				"south": {"uv": [3.375, 5.125, 2.375, 5.375], "texture": "#0"},
				"west": {"uv": [3.5, 5.375, 3.375, 5.625], "texture": "#0"},
				"up": {"uv": [4.375, 5.25, 3.375, 5.375], "texture": "#0"},
				"down": {"uv": [6.25, 3.75, 5.25, 3.625], "texture": "#0"}
			}
		},
		{
			"from": [10, 8, 13],
			"to": [14, 9, 14],
			"rotation": {"angle": 0, "axis": "y", "origin": [-1, 0, 19]},
			"faces": {
				"north": {"uv": [5.75, 4.125, 5.25, 4.25], "texture": "#0"},
				"east": {"uv": [3, 5.75, 2.875, 5.875], "texture": "#0"},
				"south": {"uv": [5.75, 4, 5.25, 4.125], "texture": "#0"},
				"west": {"uv": [5.875, 2.875, 5.75, 3], "texture": "#0"},
				"up": {"uv": [0.5, 5.375, 0, 5.5], "texture": "#0"},
				"down": {"uv": [1, 5.5, 0.5, 5.375], "texture": "#0"}
			}
		},
		{
			"from": [9, 10, 9],
			"to": [15, 11, 14],
			"rotation": {"angle": 0, "axis": "y", "origin": [-1, 0, 19]},
			"faces": {
				"north": {"uv": [6, 3.75, 5.25, 3.875], "texture": "#0"},
				"east": {"uv": [4.625, 5.125, 4, 5.25], "texture": "#0"},
				"south": {"uv": [0.875, 5.25, 0.125, 5.375], "texture": "#0"},
				"west": {"uv": [5.875, 3.875, 5.25, 4], "texture": "#0"},
				"up": {"uv": [5.75, 0, 5, 0.625], "texture": "#0"},
				"down": {"uv": [5.75, 1.25, 5, 0.625], "texture": "#0"}
			}
		},
		{
			"from": [9, 8, 13],
			"to": [10, 9, 14],
			"rotation": {"angle": 0, "axis": "y", "origin": [-1, 0, 19]},
			"faces": {
				"north": {"uv": [0.375, 0.25, 0.25, 0.375], "texture": "#0"},
				"east": {"uv": [0.375, 0.125, 0.25, 0.25], "texture": "#0"},
				"south": {"uv": [0.25, 0.25, 0.125, 0.375], "texture": "#0"},
				"west": {"uv": [0.125, 0.375, 0, 0.5], "texture": "#0"},
				"up": {"uv": [0.5, 0, 0.375, 0.125], "texture": "#0"},
				"down": {"uv": [0.25, 0.5, 0.125, 0.375], "texture": "#0"}
			}
		},
		{
			"from": [14, 8, 13],
			"to": [15, 9, 14],
			"rotation": {"angle": 0, "axis": "y", "origin": [-1, 0, 19]},
			"faces": {
				"north": {"uv": [0.25, 0, 0.125, 0.125], "texture": "#0"},
				"east": {"uv": [0.125, 0.125, 0, 0.25], "texture": "#0"},
				"south": {"uv": [0.125, 0, 0, 0.125], "texture": "#0"},
				"west": {"uv": [0.25, 0.125, 0.125, 0.25], "texture": "#0"},
				"up": {"uv": [0.125, 0.25, 0, 0.375], "texture": "#0"},
				"down": {"uv": [0.375, 0.125, 0.25, 0], "texture": "#0"}
			}
		},
		{
			"from": [9, 8, 8],
			"to": [10, 12, 9],
			"rotation": {"angle": 0, "axis": "y", "origin": [-1, 0, 19]},
			"faces": {
				"north": {"uv": [9, 8, 8, 12], "texture": "#4"},
				"east": {"uv": [9, 4, 8, 8], "texture": "#4"},
				"south": {"uv": [9, 0, 8, 4], "texture": "#4"},
				"west": {"uv": [10, 0, 9, 4], "texture": "#4"},
				"up": {"uv": [8, 10, 7, 11], "texture": "#4"},
				"down": {"uv": [11, 9, 10, 8], "texture": "#4"}
			}
		},
		{
			"from": [14, 8, 8],
			"to": [15, 12, 9],
			"rotation": {"angle": 0, "axis": "y", "origin": [-1, 0, 19]},
			"faces": {
				"north": {"uv": [1, 10, 0, 14], "texture": "#4"},
				"east": {"uv": [10, 8, 9, 12], "texture": "#4"},
				"south": {"uv": [10, 4, 9, 8], "texture": "#4"},
				"west": {"uv": [11, 0, 10, 4], "texture": "#4"},
				"up": {"uv": [11, 9, 10, 10], "texture": "#4"},
				"down": {"uv": [11, 11, 10, 10], "texture": "#4"}
			}
		},
		{
			"from": [8, 7, 7],
			"to": [9, 12, 8],
			"rotation": {"angle": 0, "axis": "y", "origin": [-1, 0, 19]},
			"faces": {
				"north": {"uv": [3, 0, 2, 5], "texture": "#4"},
				"east": {"uv": [2, 0, 1, 5], "texture": "#4"},
				"south": {"uv": [1, 0, 0, 5], "texture": "#4"},
				"west": {"uv": [4, 0, 3, 5], "texture": "#4"},
				"up": {"uv": [12, 0, 11, 1], "texture": "#4"},
				"down": {"uv": [12, 2, 11, 1], "texture": "#4"}
			}
		},
		{
			"from": [15, 7, 7],
			"to": [16, 12, 8],
			"rotation": {"angle": 0, "axis": "y", "origin": [-1, 0, 19]},
			"faces": {
				"north": {"uv": [6, 0, 5, 5], "texture": "#4"},
				"east": {"uv": [1, 5, 0, 10], "texture": "#4"},
				"south": {"uv": [5, 0, 4, 5], "texture": "#4"},
				"west": {"uv": [2, 5, 1, 10], "texture": "#4"},
				"up": {"uv": [12, 2, 11, 3], "texture": "#4"},
				"down": {"uv": [12, 4, 11, 3], "texture": "#4"}
			}
		},
		{
			"from": [7, 6, 6],
			"to": [8, 11, 7],
			"rotation": {"angle": 0, "axis": "y", "origin": [-1, 0, 19]},
			"faces": {
				"north": {"uv": [5, 5, 4, 10], "texture": "#4"},
				"east": {"uv": [4, 5, 3, 10], "texture": "#4"},
				"south": {"uv": [3, 5, 2, 10], "texture": "#4"},
				"west": {"uv": [6, 5, 5, 10], "texture": "#4"},
				"up": {"uv": [12, 4, 11, 5], "texture": "#4"},
				"down": {"uv": [12, 6, 11, 5], "texture": "#4"}
			}
		},
		{
			"from": [16, 6, 6],
			"to": [17, 11, 7],
			"rotation": {"angle": 0, "axis": "y", "origin": [-1, 0, 19]},
			"faces": {
				"north": {"uv": [8, 0, 7, 5], "texture": "#4"},
				"east": {"uv": [7, 5, 6, 10], "texture": "#4"},
				"south": {"uv": [7, 0, 6, 5], "texture": "#4"},
				"west": {"uv": [8, 5, 7, 10], "texture": "#4"},
				"up": {"uv": [12, 6, 11, 7], "texture": "#4"},
				"down": {"uv": [8, 12, 7, 11], "texture": "#4"}
			}
		},
		{
			"from": [10, 9, 8],
			"to": [11, 11, 9],
			"rotation": {"angle": 0, "axis": "y", "origin": [-1, 0, 19]},
			"faces": {
				"north": {"uv": [4, 10, 3, 12], "texture": "#4"},
				"east": {"uv": [3, 10, 2, 12], "texture": "#4"},
				"south": {"uv": [2, 10, 1, 12], "texture": "#4"},
				"west": {"uv": [5, 10, 4, 12], "texture": "#4"},
				"up": {"uv": [12, 7, 11, 8], "texture": "#4"},
				"down": {"uv": [12, 9, 11, 8], "texture": "#4"}
			}
		},
		{
			"from": [13, 9, 8],
			"to": [14, 11, 9],
			"rotation": {"angle": 0, "axis": "y", "origin": [-1, 0, 19]},
			"faces": {
				"north": {"uv": [7, 10, 6, 12], "texture": "#4"},
				"east": {"uv": [6, 10, 5, 12], "texture": "#4"},
				"south": {"uv": [11, 4, 10, 6], "texture": "#4"},
				"west": {"uv": [11, 6, 10, 8], "texture": "#4"},
				"up": {"uv": [12, 9, 11, 10], "texture": "#4"},
				"down": {"uv": [11, 12, 10, 11], "texture": "#4"}
			}
		},
		{
			"from": [3, 7, 3],
			"to": [4, 8, 4],
			"rotation": {"angle": 0, "axis": "y", "origin": [-1, 12, 3]},
			"faces": {
				"north": {"uv": [4.125, 5.375, 4, 5.5], "rotation": 180, "texture": "#0"},
				"east": {"uv": [3.5, 5.375, 3.625, 5.5], "rotation": 270, "texture": "#0"},
				"south": {"uv": [4, 5.5, 3.875, 5.375], "texture": "#0"},
				"west": {"uv": [3.75, 5.375, 3.875, 5.5], "rotation": 90, "texture": "#0"},
				"up": {"uv": [0.875, 5.25, 1, 5.375], "rotation": 180, "texture": "#0"},
				"down": {"uv": [3.625, 5.375, 3.75, 5.5], "texture": "#0"}
			}
		},
		{
			"from": [2, 7, 5],
			"to": [3, 8, 6],
			"rotation": {"angle": 0, "axis": "y", "origin": [-1, 12, 3]},
			"faces": {
				"north": {"uv": [4.875, 5.375, 4.75, 5.5], "rotation": 180, "texture": "#0"},
				"east": {"uv": [4.25, 5.375, 4.375, 5.5], "rotation": 270, "texture": "#0"},
				"south": {"uv": [4.75, 5.5, 4.625, 5.375], "texture": "#0"},
				"west": {"uv": [4.5, 5.375, 4.625, 5.5], "rotation": 90, "texture": "#0"},
				"up": {"uv": [4.125, 5.375, 4.25, 5.5], "rotation": 180, "texture": "#0"},
				"down": {"uv": [4.375, 5.375, 4.5, 5.5], "texture": "#0"}
			}
		},
		{
			"from": [1, 8, 6],
			"to": [2, 9, 7],
			"rotation": {"angle": 0, "axis": "y", "origin": [-1, 12, 3]},
			"faces": {
				"north": {"uv": [0.125, 5.5, 0, 5.625], "rotation": 180, "texture": "#0"},
				"east": {"uv": [5, 5.375, 5.125, 5.5], "rotation": 270, "texture": "#0"},
				"south": {"uv": [5.5, 5.5, 5.375, 5.375], "texture": "#0"},
				"west": {"uv": [5.25, 5.375, 5.375, 5.5], "rotation": 90, "texture": "#0"},
				"up": {"uv": [4.875, 5.375, 5, 5.5], "rotation": 180, "texture": "#0"},
				"down": {"uv": [5.125, 5.375, 5.25, 5.5], "texture": "#0"}
			}
		},
		{
			"from": [1, 8, 4],
			"to": [2, 9, 5],
			"rotation": {"angle": 0, "axis": "y", "origin": [-1, 12, 3]},
			"faces": {
				"north": {"uv": [0.875, 5.5, 0.75, 5.625], "rotation": 180, "texture": "#0"},
				"east": {"uv": [0.25, 5.5, 0.375, 5.625], "rotation": 270, "texture": "#0"},
				"south": {"uv": [0.75, 5.625, 0.625, 5.5], "texture": "#0"},
				"west": {"uv": [0.5, 5.5, 0.625, 5.625], "rotation": 90, "texture": "#0"},
				"up": {"uv": [0.125, 5.5, 0.25, 5.625], "rotation": 180, "texture": "#0"},
				"down": {"uv": [0.375, 5.5, 0.5, 5.625], "texture": "#0"}
			}
		},
		{
			"from": [12, 8, 6],
			"to": [13, 9, 8],
			"rotation": {"angle": 0, "axis": "y", "origin": [-1, 12, 3]},
			"faces": {
				"north": {"uv": [1.625, 5.5, 1.5, 5.625], "rotation": 180, "texture": "#0"},
				"east": {"uv": [3.5, 4.875, 3.625, 5.125], "rotation": 270, "texture": "#0"},
				"south": {"uv": [1, 5.625, 0.875, 5.5], "texture": "#0"},
				"west": {"uv": [1.625, 5.125, 1.75, 5.375], "rotation": 90, "texture": "#0"},
				"up": {"uv": [3.375, 4.875, 3.5, 5.125], "rotation": 180, "texture": "#0"},
				"down": {"uv": [1.5, 5.125, 1.625, 5.375], "texture": "#0"}
			}
		},
		{
			"from": [13, 8, 8],
			"to": [14, 9, 9],
			"rotation": {"angle": 0, "axis": "y", "origin": [-1, 12, 3]},
			"faces": {
				"north": {"uv": [3.75, 5.5, 3.625, 5.625], "rotation": 180, "texture": "#0"},
				"east": {"uv": [1.75, 5.5, 1.875, 5.625], "rotation": 270, "texture": "#0"},
				"south": {"uv": [3.625, 5.625, 3.5, 5.5], "texture": "#0"},
				"west": {"uv": [2.5, 5.5, 2.625, 5.625], "rotation": 90, "texture": "#0"},
				"up": {"uv": [1.625, 5.5, 1.75, 5.625], "rotation": 180, "texture": "#0"},
				"down": {"uv": [2.375, 5.5, 2.5, 5.625], "texture": "#0"}
			}
		},
		{
			"from": [13, 8, 7],
			"to": [14, 9, 8],
			"rotation": {"angle": 0, "axis": "y", "origin": [-1, 12, 3]},
			"faces": {
				"north": {"uv": [4.5, 5.5, 4.375, 5.625], "rotation": 180, "texture": "#0"},
				"east": {"uv": [3.875, 5.5, 4, 5.625], "rotation": 270, "texture": "#0"},
				"south": {"uv": [4.375, 5.625, 4.25, 5.5], "texture": "#0"},
				"west": {"uv": [4.125, 5.5, 4.25, 5.625], "rotation": 90, "texture": "#0"},
				"up": {"uv": [3.75, 5.5, 3.875, 5.625], "rotation": 180, "texture": "#0"},
				"down": {"uv": [4, 5.5, 4.125, 5.625], "texture": "#0"}
			}
		},
		{
			"from": [11, 8, 8],
			"to": [12, 9, 9],
			"rotation": {"angle": 0, "axis": "y", "origin": [-1, 12, 3]},
			"faces": {
				"north": {"uv": [0.25, 5.625, 0.125, 5.75], "rotation": 180, "texture": "#0"},
				"east": {"uv": [5.375, 5.5, 5.5, 5.625], "rotation": 270, "texture": "#0"},
				"south": {"uv": [0.125, 5.75, 0, 5.625], "texture": "#0"},
				"west": {"uv": [5.5, 5.5, 5.625, 5.625], "rotation": 90, "texture": "#0"},
				"up": {"uv": [5.25, 5.5, 5.375, 5.625], "rotation": 180, "texture": "#0"},
				"down": {"uv": [5.5, 5.375, 5.625, 5.5], "texture": "#0"}
			}
		},
		{
			"from": [13, 9, 7],
			"to": [14, 10, 8],
			"rotation": {"angle": 0, "axis": "y", "origin": [-1, 12, 3]},
			"faces": {
				"north": {"uv": [1, 5.625, 0.875, 5.75], "rotation": 180, "texture": "#0"},
				"east": {"uv": [0.375, 5.625, 0.5, 5.75], "rotation": 270, "texture": "#0"},
				"south": {"uv": [0.875, 5.75, 0.75, 5.625], "texture": "#0"},
				"west": {"uv": [0.625, 5.625, 0.75, 5.75], "rotation": 90, "texture": "#0"},
				"up": {"uv": [0.25, 5.625, 0.375, 5.75], "rotation": 180, "texture": "#0"},
				"down": {"uv": [0.5, 5.625, 0.625, 5.75], "texture": "#0"}
			}
		},
		{
			"from": [13, 8, 9],
			"to": [14, 9, 10],
			"rotation": {"angle": 0, "axis": "y", "origin": [-1, 12, 3]},
			"faces": {
				"north": {"uv": [2.75, 5.625, 2.625, 5.75], "rotation": 180, "texture": "#0"},
				"east": {"uv": [1.625, 5.625, 1.75, 5.75], "rotation": 270, "texture": "#0"},
				"south": {"uv": [2.625, 5.75, 2.5, 5.625], "texture": "#0"},
				"west": {"uv": [2.375, 5.625, 2.5, 5.75], "rotation": 90, "texture": "#0"},
				"up": {"uv": [1.5, 5.625, 1.625, 5.75], "rotation": 180, "texture": "#0"},
				"down": {"uv": [1.75, 5.625, 1.875, 5.75], "texture": "#0"}
			}
		},
		{
			"from": [12, 9, 10],
			"to": [14, 10, 11],
			"rotation": {"angle": 0, "axis": "y", "origin": [-1, 12, 3]},
			"faces": {
				"north": {"uv": [2.625, 5.375, 2.375, 5.5], "rotation": 180, "texture": "#0"},
				"east": {"uv": [2.75, 5.625, 2.875, 5.75], "rotation": 270, "texture": "#0"},
				"south": {"uv": [1.75, 5.5, 1.5, 5.375], "texture": "#0"},
				"west": {"uv": [2.875, 5.625, 3, 5.75], "rotation": 90, "texture": "#0"},
				"up": {"uv": [3.375, 5.125, 3.625, 5.25], "rotation": 180, "texture": "#0"},
				"down": {"uv": [4.375, 5.25, 4.625, 5.375], "texture": "#0"}
			}
		},
		{
			"from": [11, 7, 5],
			"to": [12, 8, 6],
			"rotation": {"angle": 0, "axis": "y", "origin": [-1, 12, 3]},
			"faces": {
				"north": {"uv": [4, 5.625, 3.875, 5.75], "rotation": 180, "texture": "#0"},
				"east": {"uv": [3.375, 5.625, 3.5, 5.75], "rotation": 270, "texture": "#0"},
				"south": {"uv": [3.875, 5.75, 3.75, 5.625], "texture": "#0"},
				"west": {"uv": [3.625, 5.625, 3.75, 5.75], "rotation": 90, "texture": "#0"},
				"up": {"uv": [3.25, 5.625, 3.375, 5.75], "rotation": 180, "texture": "#0"},
				"down": {"uv": [3.5, 5.625, 3.625, 5.75], "texture": "#0"}
			}
		},
		{
			"from": [2, 5, 3],
			"to": [3, 6, 4],
			"rotation": {"angle": 0, "axis": "y", "origin": [-1, 12, 3]},
			"faces": {
				"north": {"uv": [4.75, 5.625, 4.625, 5.75], "rotation": 180, "texture": "#0"},
				"east": {"uv": [4.125, 5.625, 4.25, 5.75], "rotation": 270, "texture": "#0"},
				"south": {"uv": [4.625, 5.75, 4.5, 5.625], "texture": "#0"},
				"west": {"uv": [4.375, 5.625, 4.5, 5.75], "rotation": 90, "texture": "#0"},
				"up": {"uv": [4, 5.625, 4.125, 5.75], "rotation": 180, "texture": "#0"},
				"down": {"uv": [4.25, 5.625, 4.375, 5.75], "texture": "#0"}
			}
		},
		{
			"from": [2, 3, 3],
			"to": [3, 4, 4],
			"rotation": {"angle": 0, "axis": "y", "origin": [-1, 12, 3]},
			"faces": {
				"north": {"uv": [5.25, 5.625, 5.125, 5.75], "rotation": 180, "texture": "#0"},
				"east": {"uv": [4.875, 5.625, 5, 5.75], "rotation": 270, "texture": "#0"},
				"south": {"uv": [5.75, 5.125, 5.625, 5], "texture": "#0"},
				"west": {"uv": [5, 5.625, 5.125, 5.75], "rotation": 90, "texture": "#0"},
				"up": {"uv": [4.75, 5.625, 4.875, 5.75], "rotation": 180, "texture": "#0"},
				"down": {"uv": [5.625, 4.875, 5.75, 5], "texture": "#0"}
			}
		},
		{
			"from": [4, 1, 3],
			"to": [5, 2, 4],
			"rotation": {"angle": 0, "axis": "y", "origin": [-1, 12, 3]},
			"faces": {
				"north": {"uv": [5.625, 5.625, 5.5, 5.75], "rotation": 180, "texture": "#0"},
				"east": {"uv": [5.25, 5.625, 5.375, 5.75], "rotation": 270, "texture": "#0"},
				"south": {"uv": [5.75, 5.5, 5.625, 5.375], "texture": "#0"},
				"west": {"uv": [5.375, 5.625, 5.5, 5.75], "rotation": 90, "texture": "#0"},
				"up": {"uv": [5.625, 5.125, 5.75, 5.25], "rotation": 180, "texture": "#0"},
				"down": {"uv": [5.625, 5.25, 5.75, 5.375], "texture": "#0"}
			}
		},
		{
			"from": [9, 1, 3],
			"to": [10, 2, 4],
			"rotation": {"angle": 0, "axis": "y", "origin": [-1, 12, 3]},
			"faces": {
				"north": {"uv": [5.875, 0.125, 5.75, 0.25], "rotation": 180, "texture": "#0"},
				"east": {"uv": [5.625, 5.625, 5.75, 5.75], "rotation": 270, "texture": "#0"},
				"south": {"uv": [0.25, 5.875, 0.125, 5.75], "texture": "#0"},
				"west": {"uv": [5.75, 0, 5.875, 0.125], "rotation": 90, "texture": "#0"},
				"up": {"uv": [5.625, 5.5, 5.75, 5.625], "rotation": 180, "texture": "#0"},
				"down": {"uv": [0, 5.75, 0.125, 5.875], "texture": "#0"}
			}
		},
		{
			"from": [11, 3, 3],
			"to": [12, 4, 4],
			"rotation": {"angle": 0, "axis": "y", "origin": [-1, 12, 3]},
			"faces": {
				"north": {"uv": [5.875, 0.5, 5.75, 0.625], "rotation": 180, "texture": "#0"},
				"east": {"uv": [5.75, 0.25, 5.875, 0.375], "rotation": 270, "texture": "#0"},
				"south": {"uv": [0.625, 5.875, 0.5, 5.75], "texture": "#0"},
				"west": {"uv": [5.75, 0.375, 5.875, 0.5], "rotation": 90, "texture": "#0"},
				"up": {"uv": [0.25, 5.75, 0.375, 5.875], "rotation": 180, "texture": "#0"},
				"down": {"uv": [0.375, 5.75, 0.5, 5.875], "texture": "#0"}
			}
		},
		{
			"from": [11, 5, 3],
			"to": [12, 6, 4],
			"rotation": {"angle": 0, "axis": "y", "origin": [-1, 12, 3]},
			"faces": {
				"north": {"uv": [5.875, 0.875, 5.75, 1], "rotation": 180, "texture": "#0"},
				"east": {"uv": [5.75, 0.625, 5.875, 0.75], "rotation": 270, "texture": "#0"},
				"south": {"uv": [1, 5.875, 0.875, 5.75], "texture": "#0"},
				"west": {"uv": [5.75, 0.75, 5.875, 0.875], "rotation": 90, "texture": "#0"},
				"up": {"uv": [0.625, 5.75, 0.75, 5.875], "rotation": 180, "texture": "#0"},
				"down": {"uv": [0.75, 5.75, 0.875, 5.875], "texture": "#0"}
			}
		},
		{
			"from": [10, 7, 3],
			"to": [11, 8, 4],
			"rotation": {"angle": 0, "axis": "y", "origin": [-1, 12, 3]},
			"faces": {
				"north": {"uv": [1.5, 5.75, 1.375, 5.875], "rotation": 180, "texture": "#0"},
				"east": {"uv": [5.75, 1, 5.875, 1.125], "rotation": 270, "texture": "#0"},
				"south": {"uv": [1.375, 5.875, 1.25, 5.75], "texture": "#0"},
				"west": {"uv": [5.75, 1.125, 5.875, 1.25], "rotation": 90, "texture": "#0"},
				"up": {"uv": [1, 5.75, 1.125, 5.875], "rotation": 180, "texture": "#0"},
				"down": {"uv": [1.125, 5.75, 1.25, 5.875], "texture": "#0"}
			}
		},
		{
			"from": [3, 2, 3],
			"to": [11, 6, 7],
			"rotation": {"angle": 0, "axis": "y", "origin": [-1, 12, 3]},
			"faces": {
				"north": {"uv": [5.625, 4.875, 4.625, 5.375], "rotation": 180, "texture": "#0"},
				"east": {"uv": [1, 5.125, 1.5, 5.75], "rotation": 270, "texture": "#0"},
				"south": {"uv": [5.875, 3.625, 4.875, 3.125], "texture": "#0"},
				"west": {"uv": [1.875, 5.125, 2.375, 5.75], "rotation": 90, "texture": "#0"},
				"up": {"uv": [4.875, 1.375, 5.875, 2], "rotation": 180, "texture": "#0"},
				"down": {"uv": [4.875, 4.25, 5.875, 4.875], "texture": "#0"}
			}
		},
		{
			"from": [3, 6, 6],
			"to": [11, 7, 7],
			"rotation": {"angle": 0, "axis": "y", "origin": [-1, 12, 3]},
			"faces": {
				"north": {"uv": [6.125, 3, 5.125, 3.125], "rotation": 180, "texture": "#0"},
				"east": {"uv": [3, 5.375, 3.125, 5.625], "rotation": 270, "texture": "#0"},
				"south": {"uv": [6, 1.375, 5, 1.25], "texture": "#0"},
				"west": {"uv": [3.125, 5.375, 3.25, 5.625], "rotation": 90, "texture": "#0"},
				"up": {"uv": [5, 2, 6, 2.25], "rotation": 180, "texture": "#0"},
				"down": {"uv": [5.125, 2.25, 6.125, 2.5], "texture": "#0"}
			}
		},
		{
			"from": [3, 6, 5],
			"to": [4, 7, 6],
			"rotation": {"angle": 0, "axis": "y", "origin": [-1, 12, 3]},
			"faces": {
				"north": {"uv": [2.25, 5.75, 2.125, 5.875], "rotation": 180, "texture": "#0"},
				"east": {"uv": [1.625, 5.75, 1.75, 5.875], "rotation": 270, "texture": "#0"},
				"south": {"uv": [2.125, 5.875, 2, 5.75], "texture": "#0"},
				"west": {"uv": [1.875, 5.75, 2, 5.875], "rotation": 90, "texture": "#0"},
				"up": {"uv": [1.5, 5.75, 1.625, 5.875], "rotation": 180, "texture": "#0"},
				"down": {"uv": [1.75, 5.75, 1.875, 5.875], "texture": "#0"}
			}
		},
		{
			"from": [10, 6, 5],
			"to": [11, 7, 6],
			"rotation": {"angle": 0, "axis": "y", "origin": [-1, 12, 3]},
			"faces": {
				"north": {"uv": [5.875, 2.75, 5.75, 2.875], "rotation": 180, "texture": "#0"},
				"east": {"uv": [2.375, 5.75, 2.5, 5.875], "rotation": 270, "texture": "#0"},
				"south": {"uv": [2.875, 5.875, 2.75, 5.75], "texture": "#0"},
				"west": {"uv": [2.625, 5.75, 2.75, 5.875], "rotation": 90, "texture": "#0"},
				"up": {"uv": [2.25, 5.75, 2.375, 5.875], "rotation": 180, "texture": "#0"},
				"down": {"uv": [2.5, 5.75, 2.625, 5.875], "texture": "#0"}
			}
		},
		{
			"from": [3, 6, 3],
			"to": [11, 7, 5],
			"rotation": {"angle": 0, "axis": "y", "origin": [-1, 12, 3]},
			"faces": {
				"north": {"uv": [6.25, 3.625, 5.25, 3.75], "rotation": 180, "texture": "#0"},
				"east": {"uv": [3.25, 5.375, 3.375, 5.625], "rotation": 270, "texture": "#0"},
				"south": {"uv": [4.375, 5.375, 3.375, 5.25], "texture": "#0"},
				"west": {"uv": [3.375, 5.375, 3.5, 5.625], "rotation": 90, "texture": "#0"},
				"up": {"uv": [2.375, 5.125, 3.375, 5.375], "rotation": 180, "texture": "#0"},
				"down": {"uv": [5.125, 2.5, 6.125, 2.75], "texture": "#0"}
			}
		},
		{
			"from": [5, 6, 5],
			"to": [9, 7, 6],
			"rotation": {"angle": 0, "axis": "y", "origin": [-1, 12, 3]},
			"faces": {
				"north": {"uv": [1, 5.375, 0.5, 5.5], "rotation": 180, "texture": "#0"},
				"east": {"uv": [2.875, 5.75, 3, 5.875], "rotation": 270, "texture": "#0"},
				"south": {"uv": [0.5, 5.5, 0, 5.375], "texture": "#0"},
				"west": {"uv": [5.75, 2.875, 5.875, 3], "rotation": 90, "texture": "#0"},
				"up": {"uv": [5.25, 4, 5.75, 4.125], "rotation": 180, "texture": "#0"},
				"down": {"uv": [5.25, 4.125, 5.75, 4.25], "texture": "#0"}
			}
		},
		{
			"from": [4, 2, 7],
			"to": [10, 7, 8],
			"rotation": {"angle": 0, "axis": "y", "origin": [-1, 12, 3]},
			"faces": {
				"north": {"uv": [5.75, 0.625, 5, 1.25], "rotation": 180, "texture": "#0"},
				"east": {"uv": [4, 5.125, 4.625, 5.25], "rotation": 270, "texture": "#0"},
				"south": {"uv": [5.75, 0.625, 5, 0], "texture": "#0"},
				"west": {"uv": [5.25, 3.875, 5.875, 4], "rotation": 90, "texture": "#0"},
				"up": {"uv": [0.125, 5.25, 0.875, 5.375], "rotation": 180, "texture": "#0"},
				"down": {"uv": [5.25, 3.75, 6, 3.875], "texture": "#0"}
			}
		},
		{
			"from": [4, 6, 5],
			"to": [5, 7, 6],
			"rotation": {"angle": 0, "axis": "y", "origin": [-1, 12, 3]},
			"faces": {
				"north": {"uv": [0.25, 0.375, 0.125, 0.5], "rotation": 180, "texture": "#0"},
				"east": {"uv": [0.25, 0.125, 0.375, 0.25], "rotation": 270, "texture": "#0"},
				"south": {"uv": [0.5, 0.125, 0.375, 0], "texture": "#0"},
				"west": {"uv": [0, 0.375, 0.125, 0.5], "rotation": 90, "texture": "#0"},
				"up": {"uv": [0.125, 0.25, 0.25, 0.375], "rotation": 180, "texture": "#0"},
				"down": {"uv": [0.25, 0.25, 0.375, 0.375], "texture": "#0"}
			}
		},
		{
			"from": [9, 6, 5],
			"to": [10, 7, 6],
			"rotation": {"angle": 0, "axis": "y", "origin": [-1, 12, 3]},
			"faces": {
				"north": {"uv": [0.375, 0, 0.25, 0.125], "rotation": 180, "texture": "#0"},
				"east": {"uv": [0, 0.125, 0.125, 0.25], "rotation": 270, "texture": "#0"},
				"south": {"uv": [0.125, 0.375, 0, 0.25], "texture": "#0"},
				"west": {"uv": [0.125, 0.125, 0.25, 0.25], "rotation": 90, "texture": "#0"},
				"up": {"uv": [0, 0, 0.125, 0.125], "rotation": 180, "texture": "#0"},
				"down": {"uv": [0.125, 0, 0.25, 0.125], "texture": "#0"}
			}
		},
		{
			"from": [3.4, 4, 7],
			"to": [10.4, 5, 8.3],
			"rotation": {"angle": 0, "axis": "y", "origin": [-1, 12, 3]},
			"faces": {
				"north": {"uv": [7, 7, 0, 8], "rotation": 180, "texture": "#5"},
				"east": {"uv": [2, 8, 3, 9], "rotation": 270, "texture": "#5"},
				"south": {"uv": [7, 7, 0, 6], "texture": "#5"},
				"west": {"uv": [3, 8, 4, 9], "rotation": 90, "texture": "#5"},
				"up": {"uv": [0, 4, 7, 5], "rotation": 180, "texture": "#5"},
				"down": {"uv": [0, 5, 7, 6], "texture": "#5"}
			}
		},
		{
			"from": [3.8, 4, 8.3],
			"to": [10.2, 5, 8.6],
			"rotation": {"angle": 0, "axis": "y", "origin": [-1, 12, 3]},
			"faces": {
				"north": {"uv": [13, 7, 7, 8], "rotation": 180, "texture": "#5"},
				"east": {"uv": [4, 8, 5, 9], "rotation": 270, "texture": "#5"},
				"south": {"uv": [13, 7, 7, 6], "texture": "#5"},
				"west": {"uv": [5, 8, 6, 9], "rotation": 90, "texture": "#5"},
				"up": {"uv": [7, 4, 13, 5], "rotation": 180, "texture": "#5"},
				"down": {"uv": [7, 5, 13, 6], "texture": "#5"}
			}
		},
		{
			"from": [0.4, 4.4, 7.4],
			"to": [0.9, 4.6, 8.5],
			"rotation": {"angle": 0, "axis": "y", "origin": [-1, 12, 3]},
			"faces": {
				"north": {"uv": [2.5, 0, 2, 0.2], "rotation": 180, "texture": "#6"},
				"east": {"uv": [0, 1, 0.2, 2.1], "rotation": 270, "texture": "#6"},
				"south": {"uv": [0.5, 2.2, 0, 2], "texture": "#6"},
				"west": {"uv": [1, 1, 1.2, 2.1], "rotation": 90, "texture": "#6"},
				"up": {"uv": [12.5, 10.9, 15, 15], "rotation": 180, "texture": "#6"},
				"down": {"uv": [10, 10.9, 12.5, 15], "texture": "#6"}
			}
		},
		{
			"from": [0, 4.4, 7.4],
			"to": [0.2, 4.6, 8],
			"rotation": {"angle": 0, "axis": "y", "origin": [-1, 12, 3]},
			"faces": {
				"north": {"uv": [1.2, 3, 1, 3.2], "rotation": 180, "texture": "#6"},
				"east": {"uv": [2, 1, 2.2, 1.6], "rotation": 270, "texture": "#6"},
				"south": {"uv": [3.2, 0.2, 3, 0], "texture": "#6"},
				"west": {"uv": [1, 2, 1.2, 3.6], "rotation": 90, "texture": "#6"},
				"up": {"uv": [1, 2, 1.2, 3.6], "rotation": 180, "texture": "#6"},
				"down": {"uv": [1, 2, 1.2, 3.6], "texture": "#6"}
			}
		},
		{
			"from": [0.9, 4.4, 8],
			"to": [1.7, 4.6, 8.5],
			"rotation": {"angle": 0, "axis": "y", "origin": [-1, 12, 3]},
			"faces": {
				"north": {"uv": [4.8, 0, 4, 0.2], "rotation": 180, "texture": "#6"},
				"east": {"uv": [2, 3, 2.2, 3.5], "rotation": 270, "texture": "#6"},
				"south": {"uv": [0.8, 4.2, 0, 4], "texture": "#6"},
				"west": {"uv": [3, 3, 3.2, 3.5], "rotation": 90, "texture": "#6"},
				"up": {"uv": [3, 1, 3.8, 1.5], "rotation": 180, "texture": "#6"},
				"down": {"uv": [3, 2, 3.8, 2.5], "texture": "#6"}
			}
		},
		{
			"from": [0.9, 4.4, 7.4],
			"to": [1.4, 4.6, 8],
			"rotation": {"angle": 0, "axis": "y", "origin": [-1, 12, 3]},
			"faces": {
				"north": {"uv": [4.5, 3, 4, 3.2], "rotation": 180, "texture": "#6"},
				"east": {"uv": [4, 1, 4.2, 1.6], "rotation": 270, "texture": "#6"},
				"south": {"uv": [3.5, 4.2, 3, 4], "texture": "#6"},
				"west": {"uv": [4, 2, 4.2, 2.6], "rotation": 90, "texture": "#6"},
				"up": {"uv": [1, 3, 1.5, 4.6], "rotation": 180, "texture": "#6"},
				"down": {"uv": [1, 3, 1.5, 4.6], "texture": "#6"}
			}
		},
		{
			"from": [0.6, 4.4, 8.5],
			"to": [1.5, 4.6, 8.7],
			"rotation": {"angle": 0, "axis": "y", "origin": [-1, 12, 3]},
			"faces": {
				"north": {"uv": [2.9, 5, 2, 5.2], "rotation": 180, "texture": "#6"},
				"east": {"uv": [0, 5, 0.2, 5.2], "rotation": 270, "texture": "#6"},
				"south": {"uv": [7.9, 4.2, 4, 4], "texture": "#6"},
				"west": {"uv": [1, 5, 1.2, 5.2], "rotation": 90, "texture": "#6"},
				"up": {"uv": [4, 4, 7.9, 4.2], "rotation": 180, "texture": "#6"},
				"down": {"uv": [4, 3.75, 7.9, 3.95], "texture": "#6"}
			}
		},
		{
			"from": [0.2, 4.4, 7.4],
			"to": [0.4, 4.6, 8.3],
			"rotation": {"angle": 0, "axis": "y", "origin": [-1, 12, 3]},
			"faces": {
				"north": {"uv": [5.2, 5, 5, 5.2], "rotation": 180, "texture": "#6"},
				"east": {"uv": [3, 5, 3.2, 5.9], "rotation": 270, "texture": "#6"},
				"south": {"uv": [5.2, 4.2, 5, 4], "texture": "#6"},
				"west": {"uv": [3, 12.1, 3.2, 16], "rotation": 90, "texture": "#6"},
				"up": {"uv": [3, 12, 3.2, 15.9], "rotation": 180, "texture": "#6"},
				"down": {"uv": [3, 12, 3.2, 15.9], "texture": "#6"}
			}
		},
		{
			"from": [-0.2, 4.4, 7.4],
			"to": [0, 4.6, 7.7],
			"rotation": {"angle": 0, "axis": "y", "origin": [-1, 12, 3]},
			"faces": {
				"north": {"uv": [6.2, 2, 6, 2.2], "rotation": 180, "texture": "#6"},
				"east": {"uv": [6, 0, 6.2, 0.3], "rotation": 270, "texture": "#6"},
				"south": {"uv": [2.2, 6.2, 2, 6], "texture": "#6"},
				"west": {"uv": [0, 6, 0.2, 7.3], "rotation": 90, "texture": "#6"},
				"up": {"uv": [0, 6, 0.2, 7.3], "rotation": 180, "texture": "#6"},
				"down": {"uv": [0, 6, 0.2, 7.3], "texture": "#6"}
			}
		},
		{
			"from": [0.6, 4.4, 6.3],
			"to": [1.5, 4.6, 6.5],
			"rotation": {"angle": 0, "axis": "y", "origin": [-1, 12, 3]},
			"faces": {
				"north": {"uv": [2.9, 8, 2, 8.2], "rotation": 180, "texture": "#6"},
				"east": {"uv": [2, 8, 2.2, 8.2], "rotation": 270, "texture": "#6"},
				"south": {"uv": [5.9, 6.2, 5, 6], "texture": "#6"},
				"west": {"uv": [2, 8, 2.2, 8.2], "rotation": 90, "texture": "#6"},
				"up": {"uv": [3, 6, 3.9, 6.2], "rotation": 180, "texture": "#6"},
				"down": {"uv": [3, 6, 3.9, 6.2], "texture": "#6"}
			}
		},
		{
			"from": [0, 4.4, 7],
			"to": [0.2, 4.6, 7.4],
			"rotation": {"angle": 0, "axis": "y", "origin": [-1, 12, 3]},
			"faces": {
				"north": {"uv": [3.2, 7, 3, 7.2], "rotation": 180, "texture": "#6"},
				"east": {"uv": [6, 6, 6.2, 6.4], "rotation": 270, "texture": "#6"},
				"south": {"uv": [6.2, 6.2, 6, 6], "texture": "#6"},
				"west": {"uv": [3, 7, 3.2, 7.4], "rotation": 90, "texture": "#6"},
				"up": {"uv": [6, 6, 6.2, 6.4], "rotation": 180, "texture": "#6"},
				"down": {"uv": [6, 6, 6.2, 6.4], "texture": "#6"}
			}
		},
		{
			"from": [0.4, 4.4, 6.5],
			"to": [0.9, 4.6, 7.4],
			"rotation": {"angle": 0, "axis": "y", "origin": [-1, 12, 3]},
			"faces": {
				"north": {"uv": [2.5, 8, 2, 8.2], "rotation": 180, "texture": "#6"},
				"east": {"uv": [3, 7, 3.2, 7.9], "rotation": 270, "texture": "#6"},
				"south": {"uv": [7.5, 4.2, 7, 4], "texture": "#6"},
				"west": {"uv": [2, 8, 2.2, 8.9], "rotation": 90, "texture": "#6"},
				"up": {"uv": [0, 11, 3, 15.9], "rotation": 180, "texture": "#6"},
				"down": {"uv": [10, 4, 13, 8.9], "texture": "#6"}
			}
		},
		{
			"from": [0.2, 4.4, 6.7],
			"to": [0.4, 4.6, 7.4],
			"rotation": {"angle": 0, "axis": "y", "origin": [-1, 12, 3]},
			"faces": {
				"north": {"uv": [2.2, 8, 2, 8.2], "rotation": 180, "texture": "#6"},
				"east": {"uv": [6, 7, 6.2, 7.7], "rotation": 270, "texture": "#6"},
				"south": {"uv": [0.2, 8.2, 0, 8], "texture": "#6"},
				"west": {"uv": [3, 7, 3.2, 7.7], "rotation": 90, "texture": "#6"},
				"up": {"uv": [14, 4, 14.2, 6.7], "rotation": 180, "texture": "#6"},
				"down": {"uv": [14, 4, 14.2, 6.7], "texture": "#6"}
			}
		},
		{
			"from": [0.9, 4.4, 7],
			"to": [1.4, 4.6, 7.4],
			"rotation": {"angle": 0, "axis": "y", "origin": [-1, 12, 3]},
			"faces": {
				"north": {"uv": [8.5, 3, 8, 3.2], "rotation": 180, "texture": "#6"},
				"east": {"uv": [2, 8, 2.2, 8.4], "rotation": 270, "texture": "#6"},
				"south": {"uv": [3.5, 8.2, 3, 8], "texture": "#6"},
				"west": {"uv": [8, 2, 8.2, 2.4], "rotation": 90, "texture": "#6"},
				"up": {"uv": [1, 7, 3.5, 8.4], "rotation": 180, "texture": "#6"},
				"down": {"uv": [13.5, 0, 16, 1.4], "texture": "#6"}
			}
		},
		{
			"from": [0.9, 4.4, 6.5],
			"to": [1.7, 4.6, 7],
			"rotation": {"angle": 0, "axis": "y", "origin": [-1, 12, 3]},
			"faces": {
				"north": {"uv": [2.8, 8, 2, 8.2], "rotation": 180, "texture": "#6"},
				"east": {"uv": [2, 8, 2.2, 8.5], "rotation": 270, "texture": "#6"},
				"south": {"uv": [2.8, 8.2, 2, 8], "texture": "#6"},
				"west": {"uv": [8, 5, 8.2, 5.5], "rotation": 90, "texture": "#6"},
				"up": {"uv": [4, 8, 8.8, 11], "rotation": 180, "texture": "#6"},
				"down": {"uv": [4, 11, 8.8, 14], "texture": "#6"}
			}
		},
		{
			"from": [-0.2, 4.4, 7.3],
			"to": [0, 4.6, 7.4],
			"rotation": {"angle": 0, "axis": "y", "origin": [-1, 12, 3]},
			"faces": {
				"north": {"uv": [1.2, 9, 1, 9.2], "rotation": 180, "texture": "#6"},
				"east": {"uv": [8, 7, 8.2, 7.1], "rotation": 270, "texture": "#6"},
				"south": {"uv": [9.2, 0.2, 9, 0], "texture": "#6"},
				"west": {"uv": [0, 9, 0.2, 9.1], "rotation": 90, "texture": "#6"},
				"up": {"uv": [7, 8, 7.2, 8.1], "rotation": 180, "texture": "#6"},
				"down": {"uv": [8, 8, 8.2, 8.1], "texture": "#6"}
			}
		},
		{
			"from": [-0.4, 4.4, 7.4],
			"to": [-0.2, 4.6, 7.6],
			"rotation": {"angle": 0, "axis": "y", "origin": [-1, 12, 3]},
			"faces": {
				"north": {"uv": [9.2, 1, 9, 1.2], "rotation": 180, "texture": "#6"},
				"east": {"uv": [9, 1, 9.2, 1.2], "rotation": 270, "texture": "#6"},
				"south": {"uv": [9.2, 1.2, 9, 1], "texture": "#6"},
				"west": {"uv": [9, 1, 9.2, 1.2], "rotation": 90, "texture": "#6"},
				"up": {"uv": [9, 1, 9.2, 1.2], "rotation": 180, "texture": "#6"},
				"down": {"uv": [9, 1, 9.2, 1.2], "texture": "#6"}
			}
		},
		{
			"from": [13, 3.19385, 3.2391],
			"to": [14.2, 3.39385, 5.1391],
			"rotation": {"angle": -22.5, "axis": "x", "origin": [-1, 12, 3]},
			"faces": {
				"north": {"uv": [5, 0, 4, 1], "rotation": 180, "texture": "#7"},
				"east": {"uv": [1, 0, 2, 2], "rotation": 270, "texture": "#7"},
				"south": {"uv": [1, 5, 0, 4], "texture": "#7"},
				"west": {"uv": [2, 0, 3, 2], "rotation": 90, "texture": "#7"},
				"up": {"uv": [0, 0, 1, 2], "rotation": 180, "texture": "#7"},
				"down": {"uv": [0, 2, 1, 4], "texture": "#7"}
			}
		},
		{
			"from": [14.2, 3.19385, 4.6391],
			"to": [14.8, 3.39385, 5.1391],
			"rotation": {"angle": -22.5, "axis": "x", "origin": [-1, 12, 3]},
			"faces": {
				"north": {"uv": [5, 3, 4, 4], "rotation": 180, "texture": "#7"},
				"east": {"uv": [4, 1, 5, 2], "rotation": 270, "texture": "#7"},
				"south": {"uv": [4, 5, 3, 4], "texture": "#7"},
				"west": {"uv": [4, 2, 5, 3], "rotation": 90, "texture": "#7"},
				"up": {"uv": [1, 4, 2, 5], "rotation": 180, "texture": "#7"},
				"down": {"uv": [2, 4, 3, 5], "texture": "#7"}
			}
		},
		{
			"from": [13, 6.70615, 9.0391],
			"to": [14.2, 6.90615, 10.9391],
			"rotation": {"angle": 22.5, "axis": "x", "origin": [-1, 12, 3]},
			"faces": {
				"north": {"uv": [1, 5, 0, 6], "rotation": 180, "texture": "#7"},
				"east": {"uv": [2, 2, 3, 4], "rotation": 270, "texture": "#7"},
				"south": {"uv": [5, 5, 4, 4], "texture": "#7"},
				"west": {"uv": [3, 2, 4, 4], "rotation": 90, "texture": "#7"},
				"up": {"uv": [1, 2, 2, 4], "rotation": 180, "texture": "#7"},
				"down": {"uv": [3, 0, 4, 2], "texture": "#7"}
			}
		},
		{
			"from": [14.2, 6.70615, 10.4391],
			"to": [14.8, 6.90615, 10.9391],
			"rotation": {"angle": 22.5, "axis": "x", "origin": [-1, 12, 3]},
			"faces": {
				"north": {"uv": [4, 5, 3, 6], "rotation": 180, "texture": "#7"},
				"east": {"uv": [1, 5, 2, 6], "rotation": 270, "texture": "#7"},
				"south": {"uv": [6, 3, 5, 2], "texture": "#7"},
				"west": {"uv": [2, 5, 3, 6], "rotation": 90, "texture": "#7"},
				"up": {"uv": [5, 0, 6, 1], "rotation": 180, "texture": "#7"},
				"down": {"uv": [5, 1, 6, 2], "texture": "#7"}
			}
		},
		{
			"from": [14.2, 6.70615, 9.0391],
			"to": [14.8, 6.90615, 9.5391],
			"rotation": {"angle": 22.5, "axis": "x", "origin": [-1, 12, 3]},
			"faces": {
				"north": {"uv": [7, 0, 6, 1], "rotation": 180, "texture": "#7"},
				"east": {"uv": [4, 5, 5, 6], "rotation": 270, "texture": "#7"},
				"south": {"uv": [1, 7, 0, 6], "texture": "#7"},
				"west": {"uv": [5, 5, 6, 6], "rotation": 90, "texture": "#7"},
				"up": {"uv": [5, 3, 6, 4], "rotation": 180, "texture": "#7"},
				"down": {"uv": [5, 4, 6, 5], "texture": "#7"}
			}
		},
		{
			"from": [14.2, 3.19385, 3.2391],
			"to": [14.8, 3.39385, 3.7391],
			"rotation": {"angle": -22.5, "axis": "x", "origin": [-1, 12, 3]},
			"faces": {
				"north": {"uv": [7, 3, 6, 4], "rotation": 180, "texture": "#7"},
				"east": {"uv": [6, 1, 7, 2], "rotation": 270, "texture": "#7"},
				"south": {"uv": [4, 7, 3, 6], "texture": "#7"},
				"west": {"uv": [6, 2, 7, 3], "rotation": 90, "texture": "#7"},
				"up": {"uv": [1, 6, 2, 7], "rotation": 180, "texture": "#7"},
				"down": {"uv": [2, 6, 3, 7], "texture": "#7"}
			}
		},
		{
			"name": "stick",
			"from": [1, 4.2, 7.2],
			"to": [14, 4.8, 7.8],
			"rotation": {"angle": 0, "axis": "y", "origin": [-1, 12, 3]},
			"faces": {
				"north": {"uv": [16, 13, 0, 16], "rotation": 180, "texture": "#5"},
				"east": {"uv": [15, 11, 16, 12], "rotation": 270, "texture": "#5"},
				"south": {"uv": [16, 13, 0, 10], "texture": "#5"},
				"west": {"uv": [15, 11, 16, 12], "rotation": 90, "texture": "#5"},
				"up": {"uv": [0, 10, 16, 13], "rotation": 180, "texture": "#5"},
				"down": {"uv": [0, 10, 16, 13], "texture": "#5"}
			}
		},
		{
			"from": [0, 0, 1],
			"to": [16, 1, 16],
			"faces": {
				"north": {"uv": [8, 0, 16, 0.5], "texture": "#8"},
				"east": {"uv": [8, 0.5, 16, 1], "texture": "#8"},
				"south": {"uv": [8, 1, 16, 1.5], "texture": "#8"},
				"west": {"uv": [8, 1.5, 16, 2], "texture": "#8"},
				"up": {"uv": [8, 8, 0, 0], "texture": "#8"},
				"down": {"uv": [8, 8, 0, 16], "texture": "#8"}
			}
		},
		{
			"from": [1, 1, 11],
			"to": [2, 2, 12],
			"rotation": {"angle": 0, "axis": "y", "origin": [-1, 0, 19]},
			"faces": {
				"north": {"uv": [4.125, 5.5, 4, 5.375], "rotation": 180, "texture": "#0"},
				"east": {"uv": [3.625, 5.375, 3.5, 5.5], "rotation": 270, "texture": "#0"},
				"south": {"uv": [4, 5.375, 3.875, 5.5], "texture": "#0"},
				"west": {"uv": [3.875, 5.375, 3.75, 5.5], "rotation": 90, "texture": "#0"},
				"up": {"uv": [3.75, 5.375, 3.625, 5.5], "rotation": 180, "texture": "#0"},
				"down": {"uv": [1, 5.25, 0.875, 5.375], "texture": "#0"}
			}
		},
		{
			"from": [0, 1, 13],
			"to": [1, 2, 14],
			"rotation": {"angle": 0, "axis": "y", "origin": [-1, 0, 19]},
			"faces": {
				"north": {"uv": [4.875, 5.5, 4.75, 5.375], "rotation": 180, "texture": "#0"},
				"east": {"uv": [4.375, 5.375, 4.25, 5.5], "rotation": 270, "texture": "#0"},
				"south": {"uv": [4.75, 5.375, 4.625, 5.5], "texture": "#0"},
				"west": {"uv": [4.625, 5.375, 4.5, 5.5], "rotation": 90, "texture": "#0"},
				"up": {"uv": [4.5, 5.375, 4.375, 5.5], "rotation": 180, "texture": "#0"},
				"down": {"uv": [4.25, 5.375, 4.125, 5.5], "texture": "#0"}
			}
		},
		{
			"from": [9, 1, 13],
			"to": [10, 2, 14],
			"rotation": {"angle": 0, "axis": "y", "origin": [-1, 0, 19]},
			"faces": {
				"north": {"uv": [4, 5.75, 3.875, 5.625], "rotation": 180, "texture": "#0"},
				"east": {"uv": [3.5, 5.625, 3.375, 5.75], "rotation": 270, "texture": "#0"},
				"south": {"uv": [3.875, 5.625, 3.75, 5.75], "texture": "#0"},
				"west": {"uv": [3.75, 5.625, 3.625, 5.75], "rotation": 90, "texture": "#0"},
				"up": {"uv": [3.625, 5.625, 3.5, 5.75], "rotation": 180, "texture": "#0"},
				"down": {"uv": [3.375, 5.625, 3.25, 5.75], "texture": "#0"}
			}
		},
		{
			"from": [0, 3, 11],
			"to": [1, 4, 12],
			"rotation": {"angle": 0, "axis": "y", "origin": [-1, 0, 19]},
			"faces": {
				"north": {"uv": [4.75, 5.75, 4.625, 5.625], "rotation": 180, "texture": "#0"},
				"east": {"uv": [4.25, 5.625, 4.125, 5.75], "rotation": 270, "texture": "#0"},
				"south": {"uv": [4.625, 5.625, 4.5, 5.75], "texture": "#0"},
				"west": {"uv": [4.5, 5.625, 4.375, 5.75], "rotation": 90, "texture": "#0"},
				"up": {"uv": [4.375, 5.625, 4.25, 5.75], "rotation": 180, "texture": "#0"},
				"down": {"uv": [4.125, 5.625, 4, 5.75], "texture": "#0"}
			}
		},
		{
			"from": [0, 5, 11],
			"to": [1, 6, 12],
			"rotation": {"angle": 0, "axis": "y", "origin": [-1, 0, 19]},
			"faces": {
				"north": {"uv": [5.25, 5.75, 5.125, 5.625], "rotation": 180, "texture": "#0"},
				"east": {"uv": [5, 5.625, 4.875, 5.75], "rotation": 270, "texture": "#0"},
				"south": {"uv": [5.75, 5, 5.625, 5.125], "texture": "#0"},
				"west": {"uv": [5.125, 5.625, 5, 5.75], "rotation": 90, "texture": "#0"},
				"up": {"uv": [5.75, 4.875, 5.625, 5], "rotation": 180, "texture": "#0"},
				"down": {"uv": [4.875, 5.625, 4.75, 5.75], "texture": "#0"}
			}
		},
		{
			"from": [2, 7, 11],
			"to": [3, 8, 12],
			"rotation": {"angle": 0, "axis": "y", "origin": [-1, 0, 19]},
			"faces": {
				"north": {"uv": [5.625, 5.75, 5.5, 5.625], "rotation": 180, "texture": "#0"},
				"east": {"uv": [5.375, 5.625, 5.25, 5.75], "rotation": 270, "texture": "#0"},
				"south": {"uv": [5.75, 5.375, 5.625, 5.5], "texture": "#0"},
				"west": {"uv": [5.5, 5.625, 5.375, 5.75], "rotation": 90, "texture": "#0"},
				"up": {"uv": [5.75, 5.25, 5.625, 5.375], "rotation": 180, "texture": "#0"},
				"down": {"uv": [5.75, 5.125, 5.625, 5.25], "texture": "#0"}
			}
		},
		{
			"from": [7, 7, 11],
			"to": [8, 8, 12],
			"rotation": {"angle": 0, "axis": "y", "origin": [-1, 0, 19]},
			"faces": {
				"north": {"uv": [5.875, 0.25, 5.75, 0.125], "rotation": 180, "texture": "#0"},
				"east": {"uv": [5.75, 5.625, 5.625, 5.75], "rotation": 270, "texture": "#0"},
				"south": {"uv": [0.25, 5.75, 0.125, 5.875], "texture": "#0"},
				"west": {"uv": [5.875, 0, 5.75, 0.125], "rotation": 90, "texture": "#0"},
				"up": {"uv": [0.125, 5.75, 0, 5.875], "rotation": 180, "texture": "#0"},
				"down": {"uv": [5.75, 5.5, 5.625, 5.625], "texture": "#0"}
			}
		},
		{
			"from": [9, 5, 11],
			"to": [10, 6, 12],
			"rotation": {"angle": 0, "axis": "y", "origin": [-1, 0, 19]},
			"faces": {
				"north": {"uv": [5.875, 0.625, 5.75, 0.5], "rotation": 180, "texture": "#0"},
				"east": {"uv": [5.875, 0.25, 5.75, 0.375], "rotation": 270, "texture": "#0"},
				"south": {"uv": [0.625, 5.75, 0.5, 5.875], "texture": "#0"},
				"west": {"uv": [5.875, 0.375, 5.75, 0.5], "rotation": 90, "texture": "#0"},
				"up": {"uv": [0.5, 5.75, 0.375, 5.875], "rotation": 180, "texture": "#0"},
				"down": {"uv": [0.375, 5.75, 0.25, 5.875], "texture": "#0"}
			}
		},
		{
			"from": [9, 3, 11],
			"to": [10, 4, 12],
			"rotation": {"angle": 0, "axis": "y", "origin": [-1, 0, 19]},
			"faces": {
				"north": {"uv": [5.875, 1, 5.75, 0.875], "rotation": 180, "texture": "#0"},
				"east": {"uv": [5.875, 0.625, 5.75, 0.75], "rotation": 270, "texture": "#0"},
				"south": {"uv": [1, 5.75, 0.875, 5.875], "texture": "#0"},
				"west": {"uv": [5.875, 0.75, 5.75, 0.875], "rotation": 90, "texture": "#0"},
				"up": {"uv": [0.875, 5.75, 0.75, 5.875], "rotation": 180, "texture": "#0"},
				"down": {"uv": [0.75, 5.75, 0.625, 5.875], "texture": "#0"}
			}
		},
		{
			"from": [8, 1, 11],
			"to": [9, 2, 12],
			"rotation": {"angle": 0, "axis": "y", "origin": [-1, 0, 19]},
			"faces": {
				"north": {"uv": [1.5, 5.875, 1.375, 5.75], "rotation": 180, "texture": "#0"},
				"east": {"uv": [5.875, 1, 5.75, 1.125], "rotation": 270, "texture": "#0"},
				"south": {"uv": [1.375, 5.75, 1.25, 5.875], "texture": "#0"},
				"west": {"uv": [5.875, 1.125, 5.75, 1.25], "rotation": 90, "texture": "#0"},
				"up": {"uv": [1.25, 5.75, 1.125, 5.875], "rotation": 180, "texture": "#0"},
				"down": {"uv": [1.125, 5.75, 1, 5.875], "texture": "#0"}
			}
		},
		{
			"from": [1, 3, 11],
			"to": [9, 7, 15],
			"rotation": {"angle": 0, "axis": "y", "origin": [-1, 0, 19]},
			"faces": {
				"north": {"uv": [5.625, 5.375, 4.625, 4.875], "rotation": 180, "texture": "#0"},
				"east": {"uv": [1.5, 5.125, 1, 5.75], "rotation": 270, "texture": "#0"},
				"south": {"uv": [5.875, 3.125, 4.875, 3.625], "texture": "#0"},
				"west": {"uv": [2.375, 5.125, 1.875, 5.75], "rotation": 90, "texture": "#0"},
				"up": {"uv": [5.875, 4.25, 4.875, 4.875], "rotation": 180, "texture": "#0"},
				"down": {"uv": [5.875, 1.375, 4.875, 2], "texture": "#0"}
			}
		},
		{
			"from": [1, 2, 14],
			"to": [9, 3, 15],
			"rotation": {"angle": 0, "axis": "y", "origin": [-1, 0, 19]},
			"faces": {
				"north": {"uv": [6.125, 3.125, 5.125, 3], "rotation": 180, "texture": "#0"},
				"east": {"uv": [3.125, 5.375, 3, 5.625], "rotation": 270, "texture": "#0"},
				"south": {"uv": [6, 1.25, 5, 1.375], "texture": "#0"},
				"west": {"uv": [3.25, 5.375, 3.125, 5.625], "rotation": 90, "texture": "#0"},
				"up": {"uv": [6.125, 2.25, 5.125, 2.5], "rotation": 180, "texture": "#0"},
				"down": {"uv": [6, 2, 5, 2.25], "texture": "#0"}
			}
		},
		{
			"from": [1, 2, 13],
			"to": [2, 3, 14],
			"rotation": {"angle": 0, "axis": "y", "origin": [-1, 0, 19]},
			"faces": {
				"north": {"uv": [2.25, 5.875, 2.125, 5.75], "rotation": 180, "texture": "#0"},
				"east": {"uv": [1.75, 5.75, 1.625, 5.875], "rotation": 270, "texture": "#0"},
				"south": {"uv": [2.125, 5.75, 2, 5.875], "texture": "#0"},
				"west": {"uv": [2, 5.75, 1.875, 5.875], "rotation": 90, "texture": "#0"},
				"up": {"uv": [1.875, 5.75, 1.75, 5.875], "rotation": 180, "texture": "#0"},
				"down": {"uv": [1.625, 5.75, 1.5, 5.875], "texture": "#0"}
			}
		},
		{
			"from": [8, 2, 13],
			"to": [9, 3, 14],
			"rotation": {"angle": 0, "axis": "y", "origin": [-1, 0, 19]},
			"faces": {
				"north": {"uv": [5.875, 2.875, 5.75, 2.75], "rotation": 180, "texture": "#0"},
				"east": {"uv": [2.5, 5.75, 2.375, 5.875], "rotation": 270, "texture": "#0"},
				"south": {"uv": [2.875, 5.75, 2.75, 5.875], "texture": "#0"},
				"west": {"uv": [2.75, 5.75, 2.625, 5.875], "rotation": 90, "texture": "#0"},
				"up": {"uv": [2.625, 5.75, 2.5, 5.875], "rotation": 180, "texture": "#0"},
				"down": {"uv": [2.375, 5.75, 2.25, 5.875], "texture": "#0"}
			}
		},
		{
			"from": [1, 2, 11],
			"to": [9, 3, 13],
			"rotation": {"angle": 0, "axis": "y", "origin": [-1, 0, 19]},
			"faces": {
				"north": {"uv": [6.25, 3.75, 5.25, 3.625], "rotation": 180, "texture": "#0"},
				"east": {"uv": [3.375, 5.375, 3.25, 5.625], "rotation": 270, "texture": "#0"},
				"south": {"uv": [4.375, 5.25, 3.375, 5.375], "texture": "#0"},
				"west": {"uv": [3.5, 5.375, 3.375, 5.625], "rotation": 90, "texture": "#0"},
				"up": {"uv": [6.125, 2.5, 5.125, 2.75], "rotation": 180, "texture": "#0"},
				"down": {"uv": [3.375, 5.125, 2.375, 5.375], "texture": "#0"}
			}
		},
		{
			"from": [3, 2, 13],
			"to": [7, 3, 14],
			"rotation": {"angle": 0, "axis": "y", "origin": [-1, 0, 19]},
			"faces": {
				"north": {"uv": [1, 5.5, 0.5, 5.375], "rotation": 180, "texture": "#0"},
				"east": {"uv": [3, 5.75, 2.875, 5.875], "rotation": 270, "texture": "#0"},
				"south": {"uv": [0.5, 5.375, 0, 5.5], "texture": "#0"},
				"west": {"uv": [5.875, 2.875, 5.75, 3], "rotation": 90, "texture": "#0"},
				"up": {"uv": [5.75, 4.125, 5.25, 4.25], "rotation": 180, "texture": "#0"},
				"down": {"uv": [5.75, 4, 5.25, 4.125], "texture": "#0"}
			}
		},
		{
			"from": [2, 2, 15],
			"to": [8, 7, 16],
			"rotation": {"angle": 0, "axis": "y", "origin": [-1, 0, 19]},
			"faces": {
				"north": {"uv": [5.75, 1.25, 5, 0.625], "rotation": 180, "texture": "#0"},
				"east": {"uv": [4.625, 5.125, 4, 5.25], "rotation": 270, "texture": "#0"},
				"south": {"uv": [5.75, 0, 5, 0.625], "texture": "#0"},
				"west": {"uv": [5.875, 3.875, 5.25, 4], "rotation": 90, "texture": "#0"},
				"up": {"uv": [6, 3.75, 5.25, 3.875], "rotation": 180, "texture": "#0"},
				"down": {"uv": [0.875, 5.25, 0.125, 5.375], "texture": "#0"}
			}
		},
		{
			"from": [2, 2, 13],
			"to": [3, 3, 14],
			"rotation": {"angle": 0, "axis": "y", "origin": [-1, 0, 19]},
			"faces": {
				"north": {"uv": [0.25, 0.5, 0.125, 0.375], "rotation": 180, "texture": "#0"},
				"east": {"uv": [0.375, 0.125, 0.25, 0.25], "rotation": 270, "texture": "#0"},
				"south": {"uv": [0.5, 0, 0.375, 0.125], "texture": "#0"},
				"west": {"uv": [0.125, 0.375, 0, 0.5], "rotation": 90, "texture": "#0"},
				"up": {"uv": [0.375, 0.25, 0.25, 0.375], "rotation": 180, "texture": "#0"},
				"down": {"uv": [0.25, 0.25, 0.125, 0.375], "texture": "#0"}
			}
		},
		{
			"from": [7, 2, 13],
			"to": [8, 3, 14],
			"rotation": {"angle": 0, "axis": "y", "origin": [-1, 0, 19]},
			"faces": {
				"north": {"uv": [0.375, 0.125, 0.25, 0], "rotation": 180, "texture": "#0"},
				"east": {"uv": [0.125, 0.125, 0, 0.25], "rotation": 270, "texture": "#0"},
				"south": {"uv": [0.125, 0.25, 0, 0.375], "texture": "#0"},
				"west": {"uv": [0.25, 0.125, 0.125, 0.25], "rotation": 90, "texture": "#0"},
				"up": {"uv": [0.25, 0, 0.125, 0.125], "rotation": 180, "texture": "#0"},
				"down": {"uv": [0.125, 0, 0, 0.125], "texture": "#0"}
			}
		},
		{
			"from": [2, 7, 13],
			"to": [3, 8, 17],
			"rotation": {"angle": 0, "axis": "y", "origin": [-1, 0, 19]},
			"faces": {
				"north": {"uv": [11, 9, 10, 8], "rotation": 180, "texture": "#4"},
				"east": {"uv": [9, 4, 8, 8], "rotation": 270, "texture": "#4"},
				"south": {"uv": [8, 10, 7, 11], "texture": "#4"},
				"west": {"uv": [10, 0, 9, 4], "rotation": 90, "texture": "#4"},
				"up": {"uv": [9, 8, 8, 12], "rotation": 180, "texture": "#4"},
				"down": {"uv": [9, 0, 8, 4], "texture": "#4"}
			}
		},
		{
			"from": [7, 7, 13],
			"to": [8, 8, 17],
			"rotation": {"angle": 0, "axis": "y", "origin": [-1, 0, 19]},
			"faces": {
				"north": {"uv": [11, 11, 10, 10], "rotation": 180, "texture": "#4"},
				"east": {"uv": [10, 8, 9, 12], "rotation": 270, "texture": "#4"},
				"south": {"uv": [11, 9, 10, 10], "texture": "#4"},
				"west": {"uv": [11, 0, 10, 4], "rotation": 90, "texture": "#4"},
				"up": {"uv": [1, 10, 0, 14], "rotation": 180, "texture": "#4"},
				"down": {"uv": [10, 4, 9, 8], "texture": "#4"}
			}
		},
		{
			"from": [1, 8, 12],
			"to": [2, 9, 17],
			"rotation": {"angle": 0, "axis": "y", "origin": [-1, 0, 19]},
			"faces": {
				"north": {"uv": [12, 2, 11, 1], "rotation": 180, "texture": "#4"},
				"east": {"uv": [2, 0, 1, 5], "rotation": 270, "texture": "#4"},
				"south": {"uv": [12, 0, 11, 1], "texture": "#4"},
				"west": {"uv": [4, 0, 3, 5], "rotation": 90, "texture": "#4"},
				"up": {"uv": [3, 0, 2, 5], "rotation": 180, "texture": "#4"},
				"down": {"uv": [1, 0, 0, 5], "texture": "#4"}
			}
		},
		{
			"from": [8, 8, 12],
			"to": [9, 9, 17],
			"rotation": {"angle": 0, "axis": "y", "origin": [-1, 0, 19]},
			"faces": {
				"north": {"uv": [12, 4, 11, 3], "rotation": 180, "texture": "#4"},
				"east": {"uv": [1, 5, 0, 10], "rotation": 270, "texture": "#4"},
				"south": {"uv": [12, 2, 11, 3], "texture": "#4"},
				"west": {"uv": [2, 5, 1, 10], "rotation": 90, "texture": "#4"},
				"up": {"uv": [6, 0, 5, 5], "rotation": 180, "texture": "#4"},
				"down": {"uv": [5, 0, 4, 5], "texture": "#4"}
			}
		},
		{
			"from": [0, 9, 11],
			"to": [1, 10, 16],
			"rotation": {"angle": 0, "axis": "y", "origin": [-1, 0, 19]},
			"faces": {
				"north": {"uv": [12, 6, 11, 5], "rotation": 180, "texture": "#4"},
				"east": {"uv": [4, 5, 3, 10], "rotation": 270, "texture": "#4"},
				"south": {"uv": [12, 4, 11, 5], "texture": "#4"},
				"west": {"uv": [6, 5, 5, 10], "rotation": 90, "texture": "#4"},
				"up": {"uv": [5, 5, 4, 10], "rotation": 180, "texture": "#4"},
				"down": {"uv": [3, 5, 2, 10], "texture": "#4"}
			}
		},
		{
			"from": [9, 9, 11],
			"to": [10, 10, 16],
			"rotation": {"angle": 0, "axis": "y", "origin": [-1, 0, 19]},
			"faces": {
				"north": {"uv": [8, 12, 7, 11], "rotation": 180, "texture": "#4"},
				"east": {"uv": [7, 5, 6, 10], "rotation": 270, "texture": "#4"},
				"south": {"uv": [12, 6, 11, 7], "texture": "#4"},
				"west": {"uv": [8, 5, 7, 10], "rotation": 90, "texture": "#4"},
				"up": {"uv": [8, 0, 7, 5], "rotation": 180, "texture": "#4"},
				"down": {"uv": [7, 0, 6, 5], "texture": "#4"}
			}
		},
		{
			"from": [3, 7, 14],
			"to": [4, 8, 16],
			"rotation": {"angle": 0, "axis": "y", "origin": [-1, 0, 19]},
			"faces": {
				"north": {"uv": [12, 9, 11, 8], "rotation": 180, "texture": "#4"},
				"east": {"uv": [3, 10, 2, 12], "rotation": 270, "texture": "#4"},
				"south": {"uv": [12, 7, 11, 8], "texture": "#4"},
				"west": {"uv": [5, 10, 4, 12], "rotation": 90, "texture": "#4"},
				"up": {"uv": [4, 10, 3, 12], "rotation": 180, "texture": "#4"},
				"down": {"uv": [2, 10, 1, 12], "texture": "#4"}
			}
		},
		{
			"from": [6, 7, 14],
			"to": [7, 8, 16],
			"rotation": {"angle": 0, "axis": "y", "origin": [-1, 0, 19]},
			"faces": {
				"north": {"uv": [11, 12, 10, 11], "rotation": 180, "texture": "#4"},
				"east": {"uv": [6, 10, 5, 12], "rotation": 270, "texture": "#4"},
				"south": {"uv": [12, 9, 11, 10], "texture": "#4"},
				"west": {"uv": [11, 6, 10, 8], "rotation": 90, "texture": "#4"},
				"up": {"uv": [7, 10, 6, 12], "rotation": 180, "texture": "#4"},
				"down": {"uv": [11, 4, 10, 6], "texture": "#4"}
			}
		}
	],
	"display": {
		"thirdperson_righthand": {
			"translation": [0, 0, -2.25],
			"scale": [0.3, 0.3, 0.3]
		},
		"thirdperson_lefthand": {
			"translation": [0, 0, -2.25],
			"scale": [0.3, 0.3, 0.3]
		},
		"ground": {
			"translation": [0, 2.5, 0],
			"scale": [0.7, 0.7, 0.7]
		},
		"gui": {
			"rotation": [36, -159, -51],
			"translation": [1.25, 0, 0],
			"scale": [0.65, 0.65, 0.65]
		},
		"head": {
			"scale": [1.3, 1.3, 1.3]
		}
	},
	"groups": [
		{
			"name": "hearts",
			"origin": [8, 8, 8],
			"color": 0,
			"children": [
				{
					"name": "carb",
					"origin": [0, 0, 0],
					"color": 0,
					"children": [0, 1, 2, 3, 4, 5, 6, 7, 8, 9, 10, 11, 12, 13, 14, 15, 16, 17, 18, 19, 20, 21, 22, 23, 24, 25, 26, 27, 28]
				},
				{
					"name": "band",
					"origin": [0, 0, 0],
					"color": 0,
					"children": [29, 30]
				},
				{
					"name": "antennae",
					"origin": [15.6, 0, 0],
					"color": 0,
					"children": [31, 32, 33, 34, 35, 36, 37]
				},
				{
					"name": "hearts",
					"origin": [0, 0, 0],
					"color": 0,
					"children": [38, 39, 40, 41, 42, 43, 44, 45, 46, 47, 48, 49, 50, 51]
				}
			]
		},
		{
			"name": "wings",
			"origin": [8, 8, 8],
			"color": 0,
			"children": [
				{
					"name": "carb",
					"origin": [0, 0, 0],
					"color": 0,
					"children": [52, 53, 54, 55, 56, 57, 58, 59, 60, 61, 62, 63, 64, 65, 66, 67, 68, 69, 70, 71, 72, 73, 74, 75, 76, 77, 78, 79]
				},
				{
					"name": "wings",
					"origin": [0, 0, 0],
					"color": 0,
					"children": [80, 81, 82, 83, 84, 85, 86, 87]
				}
			]
		},
		{
			"name": "arrow",
			"origin": [8, 8, 8],
			"color": 0,
			"children": [
				{
					"name": "carb",
					"origin": [0, 0, 0],
					"color": 0,
					"children": [88, 89, 90, 91, 92, 93, 94, 95, 96, 97, 98, 99, 100, 101, 102, 103, 104, 105, 106, 107, 108, 109, 110, 111, 112, 113, 114, 115]
				},
				{
					"name": "band",
					"origin": [0, 0, 0],
					"color": 0,
					"children": [116, 117]
				},
				{
					"name": "heart",
					"origin": [0.1, -0.2, 0],
					"color": 0,
					"children": [118, 119, 120, 121, 122, 123, 124, 125, 126, 127, 128, 129, 130, 131, 132]
				},
				{
					"name": "feather",
					"origin": [2.3, 0.8, 0],
					"color": 0,
					"children": [133, 134, 135, 136, 137, 138]
				},
				139
			]
		},
		140,
		{
			"name": "wings",
			"origin": [8, 8, 8],
			"color": 0,
			"children": [
				{
					"name": "carb",
					"origin": [0, 0, 0],
					"color": 0,
					"children": [141, 142, 143, 144, 145, 146, 147, 148, 149, 150, 151, 152, 153, 154, 155, 156, 157, 158, 159]
				},
				{
					"name": "wings",
					"origin": [0, 0, 0],
					"color": 0,
					"children": [160, 161, 162, 163, 164, 165, 166, 167]
				}
			]
		}
	]
}