{
	"credit": "Made with Blockbench",
	"textures": {
		"0": "mctc:decoration/bachelorinvite/creeper_magnet",
		"1": "mctc:decoration/bachelorinvite/petals_magnet",
		"particle": "mctc:decoration/bachelorinvite/creeper_magnet",
		"layer0": "mctc:decoration/bachelorinvite/invite"
	},
	"elements": [
		{
			"from": [6, 2, 0],
			"to": [7, 3, 1],
			"faces": {
				"north": {"uv": [6, 13, 7, 14], "texture": "#layer0"},
				"east": {"uv": [6, 13, 7, 14], "texture": "#layer0"},
				"south": {"uv": [6, 13, 7, 14], "texture": "#layer0"},
				"west": {"uv": [6, 13, 7, 14], "texture": "#layer0"},
				"up": {"uv": [6, 13, 7, 14], "texture": "#layer0"},
				"down": {"uv": [6, 13, 7, 14], "texture": "#layer0"}
			}
		},
		{
			"from": [7, 2, 0],
			"to": [8, 3, 1],
			"faces": {
				"north": {"uv": [7, 13, 8, 14], "texture": "#layer0"},
				"east": {"uv": [7, 13, 8, 14], "texture": "#layer0"},
				"south": {"uv": [7, 13, 8, 14], "texture": "#layer0"},
				"west": {"uv": [7, 13, 8, 14], "texture": "#layer0"},
				"up": {"uv": [7, 13, 8, 14], "texture": "#layer0"},
				"down": {"uv": [7, 13, 8, 14], "texture": "#layer0"}
			}
		},
		{
			"from": [5, 3, 0],
			"to": [6, 4, 1],
			"faces": {
				"north": {"uv": [5, 12, 6, 13], "texture": "#layer0"},
				"east": {"uv": [5, 12, 6, 13], "texture": "#layer0"},
				"south": {"uv": [5, 12, 6, 13], "texture": "#layer0"},
				"west": {"uv": [5, 12, 6, 13], "texture": "#layer0"},
				"up": {"uv": [5, 12, 6, 13], "texture": "#layer0"},
				"down": {"uv": [5, 12, 6, 13], "texture": "#layer0"}
			}
		},
		{
			"from": [6, 4, 0],
			"to": [7, 5, 1],
			"faces": {
				"north": {"uv": [6, 11, 7, 12], "texture": "#layer0"},
				"east": {"uv": [6, 11, 7, 12], "texture": "#layer0"},
				"south": {"uv": [6, 11, 7, 12], "texture": "#layer0"},
				"west": {"uv": [6, 11, 7, 12], "texture": "#layer0"},
				"up": {"uv": [6, 11, 7, 12], "texture": "#layer0"},
				"down": {"uv": [6, 11, 7, 12], "texture": "#layer0"}
			}
		},
		{
			"from": [7, 3, 0],
			"to": [8, 4, 1],
			"faces": {
				"north": {"uv": [7, 12, 8, 13], "texture": "#layer0"},
				"east": {"uv": [7, 12, 8, 13], "texture": "#layer0"},
				"south": {"uv": [7, 12, 8, 13], "texture": "#layer0"},
				"west": {"uv": [7, 12, 8, 13], "texture": "#layer0"},
				"up": {"uv": [7, 12, 8, 13], "texture": "#layer0"},
				"down": {"uv": [7, 12, 8, 13], "texture": "#layer0"}
			}
		},
		{
			"from": [8, 3, 0],
			"to": [9, 4, 1],
			"faces": {
				"north": {"uv": [8, 12, 9, 13], "texture": "#layer0"},
				"east": {"uv": [8, 12, 9, 13], "texture": "#layer0"},
				"south": {"uv": [8, 12, 9, 13], "texture": "#layer0"},
				"west": {"uv": [8, 12, 9, 13], "texture": "#layer0"},
				"up": {"uv": [8, 12, 9, 13], "texture": "#layer0"},
				"down": {"uv": [8, 12, 9, 13], "texture": "#layer0"}
			}
		},
		{
			"from": [9, 3, 0],
			"to": [10, 4, 1],
			"faces": {
				"north": {"uv": [9, 12, 10, 13], "texture": "#layer0"},
				"east": {"uv": [9, 12, 10, 13], "texture": "#layer0"},
				"south": {"uv": [9, 12, 10, 13], "texture": "#layer0"},
				"west": {"uv": [9, 12, 10, 13], "texture": "#layer0"},
				"up": {"uv": [9, 12, 10, 13], "texture": "#layer0"},
				"down": {"uv": [9, 12, 10, 13], "texture": "#layer0"}
			}
		},
		{
			"from": [4, 4, 0],
			"to": [5, 5, 1],
			"faces": {
				"north": {"uv": [4, 11, 5, 12], "texture": "#layer0"},
				"east": {"uv": [4, 11, 5, 12], "texture": "#layer0"},
				"south": {"uv": [4, 11, 5, 12], "texture": "#layer0"},
				"west": {"uv": [4, 11, 5, 12], "texture": "#layer0"},
				"up": {"uv": [4, 11, 5, 12], "texture": "#layer0"},
				"down": {"uv": [4, 11, 5, 12], "texture": "#layer0"}
			}
		},
		{
			"from": [5, 4, 0],
			"to": [6, 5, 1],
			"faces": {
				"north": {"uv": [5, 11, 6, 12], "texture": "#layer0"},
				"east": {"uv": [5, 11, 6, 12], "texture": "#layer0"},
				"south": {"uv": [5, 11, 6, 12], "texture": "#layer0"},
				"west": {"uv": [5, 11, 6, 12], "texture": "#layer0"},
				"up": {"uv": [5, 11, 6, 12], "texture": "#layer0"},
				"down": {"uv": [5, 11, 6, 12], "texture": "#layer0"}
			}
		},
		{
			"from": [6, 3, 0],
			"to": [7, 4, 1],
			"faces": {
				"north": {"uv": [6, 12, 7, 13], "texture": "#layer0"},
				"east": {"uv": [6, 12, 7, 13], "texture": "#layer0"},
				"south": {"uv": [6, 12, 7, 13], "texture": "#layer0"},
				"west": {"uv": [6, 12, 7, 13], "texture": "#layer0"},
				"up": {"uv": [6, 12, 7, 13], "texture": "#layer0"},
				"down": {"uv": [6, 12, 7, 13], "texture": "#layer0"}
			}
		},
		{
			"from": [7, 4, 0],
			"to": [8, 5, 1],
			"faces": {
				"north": {"uv": [7, 11, 8, 12], "texture": "#layer0"},
				"east": {"uv": [7, 11, 8, 12], "texture": "#layer0"},
				"south": {"uv": [7, 11, 8, 12], "texture": "#layer0"},
				"west": {"uv": [7, 11, 8, 12], "texture": "#layer0"},
				"up": {"uv": [7, 11, 8, 12], "texture": "#layer0"},
				"down": {"uv": [7, 11, 8, 12], "texture": "#layer0"}
			}
		},
		{
			"from": [8, 4, 0],
			"to": [9, 5, 1],
			"faces": {
				"north": {"uv": [8, 11, 9, 12], "texture": "#layer0"},
				"east": {"uv": [8, 11, 9, 12], "texture": "#layer0"},
				"south": {"uv": [8, 11, 9, 12], "texture": "#layer0"},
				"west": {"uv": [8, 11, 9, 12], "texture": "#layer0"},
				"up": {"uv": [8, 11, 9, 12], "texture": "#layer0"},
				"down": {"uv": [8, 11, 9, 12], "texture": "#layer0"}
			}
		},
		{
			"from": [9, 4, 0],
			"to": [10, 5, 1],
			"faces": {
				"north": {"uv": [9, 11, 10, 12], "texture": "#layer0"},
				"east": {"uv": [9, 11, 10, 12], "texture": "#layer0"},
				"south": {"uv": [9, 11, 10, 12], "texture": "#layer0"},
				"west": {"uv": [9, 11, 10, 12], "texture": "#layer0"},
				"up": {"uv": [9, 11, 10, 12], "texture": "#layer0"},
				"down": {"uv": [9, 11, 10, 12], "texture": "#layer0"}
			}
		},
		{
			"from": [10, 4, 0],
			"to": [11, 5, 1],
			"faces": {
				"north": {"uv": [10, 11, 11, 12], "texture": "#layer0"},
				"east": {"uv": [10, 11, 11, 12], "texture": "#layer0"},
				"south": {"uv": [10, 11, 11, 12], "texture": "#layer0"},
				"west": {"uv": [10, 11, 11, 12], "texture": "#layer0"},
				"up": {"uv": [10, 11, 11, 12], "texture": "#layer0"},
				"down": {"uv": [10, 11, 11, 12], "texture": "#layer0"}
			}
		},
		{
			"from": [3, 5, 0],
			"to": [4, 6, 1],
			"faces": {
				"north": {"uv": [3, 10, 4, 11], "texture": "#layer0"},
				"east": {"uv": [3, 10, 4, 11], "texture": "#layer0"},
				"south": {"uv": [3, 10, 4, 11], "texture": "#layer0"},
				"west": {"uv": [3, 10, 4, 11], "texture": "#layer0"},
				"up": {"uv": [3, 10, 4, 11], "texture": "#layer0"},
				"down": {"uv": [3, 10, 4, 11], "texture": "#layer0"}
			}
		},
		{
			"from": [4, 5, 0],
			"to": [5, 6, 1],
			"faces": {
				"north": {"uv": [4, 10, 5, 11], "texture": "#layer0"},
				"east": {"uv": [4, 10, 5, 11], "texture": "#layer0"},
				"south": {"uv": [4, 10, 5, 11], "texture": "#layer0"},
				"west": {"uv": [4, 10, 5, 11], "texture": "#layer0"},
				"up": {"uv": [4, 10, 5, 11], "texture": "#layer0"},
				"down": {"uv": [4, 10, 5, 11], "texture": "#layer0"}
			}
		},
		{
			"from": [5, 5, 0],
			"to": [6, 6, 1],
			"faces": {
				"north": {"uv": [5, 10, 6, 11], "texture": "#layer0"},
				"east": {"uv": [5, 10, 6, 11], "texture": "#layer0"},
				"south": {"uv": [5, 10, 6, 11], "texture": "#layer0"},
				"west": {"uv": [5, 10, 6, 11], "texture": "#layer0"},
				"up": {"uv": [5, 10, 6, 11], "texture": "#layer0"},
				"down": {"uv": [5, 10, 6, 11], "texture": "#layer0"}
			}
		},
		{
			"from": [6, 5, 0],
			"to": [7, 6, 1],
			"faces": {
				"north": {"uv": [6, 10, 7, 11], "texture": "#layer0"},
				"east": {"uv": [6, 10, 7, 11], "texture": "#layer0"},
				"south": {"uv": [6, 10, 7, 11], "texture": "#layer0"},
				"west": {"uv": [6, 10, 7, 11], "texture": "#layer0"},
				"up": {"uv": [6, 10, 7, 11], "texture": "#layer0"},
				"down": {"uv": [6, 10, 7, 11], "texture": "#layer0"}
			}
		},
		{
			"from": [7, 5, 0],
			"to": [8, 6, 1],
			"faces": {
				"north": {"uv": [7, 10, 8, 11], "texture": "#layer0"},
				"east": {"uv": [7, 10, 8, 11], "texture": "#layer0"},
				"south": {"uv": [7, 10, 8, 11], "texture": "#layer0"},
				"west": {"uv": [7, 10, 8, 11], "texture": "#layer0"},
				"up": {"uv": [7, 10, 8, 11], "texture": "#layer0"},
				"down": {"uv": [7, 10, 8, 11], "texture": "#layer0"}
			}
		},
		{
			"from": [8, 5, 0],
			"to": [9, 6, 1],
			"faces": {
				"north": {"uv": [8, 10, 9, 11], "texture": "#layer0"},
				"east": {"uv": [8, 10, 9, 11], "texture": "#layer0"},
				"south": {"uv": [8, 10, 9, 11], "texture": "#layer0"},
				"west": {"uv": [8, 10, 9, 11], "texture": "#layer0"},
				"up": {"uv": [8, 10, 9, 11], "texture": "#layer0"},
				"down": {"uv": [8, 10, 9, 11], "texture": "#layer0"}
			}
		},
		{
			"from": [9, 5, 0],
			"to": [10, 6, 1],
			"faces": {
				"north": {"uv": [9, 10, 10, 11], "texture": "#layer0"},
				"east": {"uv": [9, 10, 10, 11], "texture": "#layer0"},
				"south": {"uv": [9, 10, 10, 11], "texture": "#layer0"},
				"west": {"uv": [9, 10, 10, 11], "texture": "#layer0"},
				"up": {"uv": [9, 10, 10, 11], "texture": "#layer0"},
				"down": {"uv": [9, 10, 10, 11], "texture": "#layer0"}
			}
		},
		{
			"from": [10, 5, 0],
			"to": [11, 6, 1],
			"faces": {
				"north": {"uv": [10, 10, 11, 11], "texture": "#layer0"},
				"east": {"uv": [10, 10, 11, 11], "texture": "#layer0"},
				"south": {"uv": [10, 10, 11, 11], "texture": "#layer0"},
				"west": {"uv": [10, 10, 11, 11], "texture": "#layer0"},
				"up": {"uv": [10, 10, 11, 11], "texture": "#layer0"},
				"down": {"uv": [10, 10, 11, 11], "texture": "#layer0"}
			}
		},
		{
			"from": [11, 5, 0],
			"to": [12, 6, 1],
			"faces": {
				"north": {"uv": [11, 10, 12, 11], "texture": "#layer0"},
				"east": {"uv": [11, 10, 12, 11], "texture": "#layer0"},
				"south": {"uv": [11, 10, 12, 11], "texture": "#layer0"},
				"west": {"uv": [11, 10, 12, 11], "texture": "#layer0"},
				"up": {"uv": [11, 10, 12, 11], "texture": "#layer0"},
				"down": {"uv": [11, 10, 12, 11], "texture": "#layer0"}
			}
		},
		{
			"from": [12, 5, 0],
			"to": [13, 6, 1],
			"faces": {
				"north": {"uv": [12, 10, 13, 11], "texture": "#layer0"},
				"east": {"uv": [12, 10, 13, 11], "texture": "#layer0"},
				"south": {"uv": [12, 10, 13, 11], "texture": "#layer0"},
				"west": {"uv": [12, 10, 13, 11], "texture": "#layer0"},
				"up": {"uv": [12, 10, 13, 11], "texture": "#layer0"},
				"down": {"uv": [12, 10, 13, 11], "texture": "#layer0"}
			}
		},
		{
			"from": [2, 6, 0],
			"to": [3, 7, 1],
			"faces": {
				"north": {"uv": [2, 9, 3, 10], "texture": "#layer0"},
				"east": {"uv": [2, 9, 3, 10], "texture": "#layer0"},
				"south": {"uv": [2, 9, 3, 10], "texture": "#layer0"},
				"west": {"uv": [2, 9, 3, 10], "texture": "#layer0"},
				"up": {"uv": [2, 9, 3, 10], "texture": "#layer0"},
				"down": {"uv": [2, 9, 3, 10], "texture": "#layer0"}
			}
		},
		{
			"from": [3, 6, 0],
			"to": [4, 7, 1],
			"faces": {
				"north": {"uv": [3, 9, 4, 10], "texture": "#layer0"},
				"east": {"uv": [3, 9, 4, 10], "texture": "#layer0"},
				"south": {"uv": [3, 9, 4, 10], "texture": "#layer0"},
				"west": {"uv": [3, 9, 4, 10], "texture": "#layer0"},
				"up": {"uv": [3, 9, 4, 10], "texture": "#layer0"},
				"down": {"uv": [3, 9, 4, 10], "texture": "#layer0"}
			}
		},
		{
			"from": [4, 6, 0],
			"to": [5, 7, 1],
			"faces": {
				"north": {"uv": [4, 9, 5, 10], "texture": "#layer0"},
				"east": {"uv": [4, 9, 5, 10], "texture": "#layer0"},
				"south": {"uv": [4, 9, 5, 10], "texture": "#layer0"},
				"west": {"uv": [4, 9, 5, 10], "texture": "#layer0"},
				"up": {"uv": [4, 9, 5, 10], "texture": "#layer0"},
				"down": {"uv": [4, 9, 5, 10], "texture": "#layer0"}
			}
		},
		{
			"from": [5, 6, 0],
			"to": [6, 7, 1],
			"faces": {
				"north": {"uv": [5, 9, 6, 10], "texture": "#layer0"},
				"east": {"uv": [5, 9, 6, 10], "texture": "#layer0"},
				"south": {"uv": [5, 9, 6, 10], "texture": "#layer0"},
				"west": {"uv": [5, 9, 6, 10], "texture": "#layer0"},
				"up": {"uv": [5, 9, 6, 10], "texture": "#layer0"},
				"down": {"uv": [5, 9, 6, 10], "texture": "#layer0"}
			}
		},
		{
			"from": [6, 6, 0],
			"to": [7, 7, 1],
			"faces": {
				"north": {"uv": [6, 9, 7, 10], "texture": "#layer0"},
				"east": {"uv": [6, 9, 7, 10], "texture": "#layer0"},
				"south": {"uv": [6, 9, 7, 10], "texture": "#layer0"},
				"west": {"uv": [6, 9, 7, 10], "texture": "#layer0"},
				"up": {"uv": [6, 9, 7, 10], "texture": "#layer0"},
				"down": {"uv": [6, 9, 7, 10], "texture": "#layer0"}
			}
		},
		{
			"from": [7, 6, 0],
			"to": [8, 7, 1],
			"faces": {
				"north": {"uv": [7, 9, 8, 10], "texture": "#layer0"},
				"east": {"uv": [7, 9, 8, 10], "texture": "#layer0"},
				"south": {"uv": [7, 9, 8, 10], "texture": "#layer0"},
				"west": {"uv": [7, 9, 8, 10], "texture": "#layer0"},
				"up": {"uv": [7, 9, 8, 10], "texture": "#layer0"},
				"down": {"uv": [7, 9, 8, 10], "texture": "#layer0"}
			}
		},
		{
			"from": [8, 6, 0],
			"to": [9, 7, 1],
			"faces": {
				"north": {"uv": [8, 9, 9, 10], "texture": "#layer0"},
				"east": {"uv": [8, 9, 9, 10], "texture": "#layer0"},
				"south": {"uv": [8, 9, 9, 10], "texture": "#layer0"},
				"west": {"uv": [8, 9, 9, 10], "texture": "#layer0"},
				"up": {"uv": [8, 9, 9, 10], "texture": "#layer0"},
				"down": {"uv": [8, 9, 9, 10], "texture": "#layer0"}
			}
		},
		{
			"from": [9, 6, 0],
			"to": [10, 7, 1],
			"faces": {
				"north": {"uv": [9, 9, 10, 10], "texture": "#layer0"},
				"east": {"uv": [9, 9, 10, 10], "texture": "#layer0"},
				"south": {"uv": [9, 9, 10, 10], "texture": "#layer0"},
				"west": {"uv": [9, 9, 10, 10], "texture": "#layer0"},
				"up": {"uv": [9, 9, 10, 10], "texture": "#layer0"},
				"down": {"uv": [9, 9, 10, 10], "texture": "#layer0"}
			}
		},
		{
			"from": [10, 6, 0],
			"to": [11, 7, 1],
			"faces": {
				"north": {"uv": [10, 9, 11, 10], "texture": "#layer0"},
				"east": {"uv": [10, 9, 11, 10], "texture": "#layer0"},
				"south": {"uv": [10, 9, 11, 10], "texture": "#layer0"},
				"west": {"uv": [10, 9, 11, 10], "texture": "#layer0"},
				"up": {"uv": [10, 9, 11, 10], "texture": "#layer0"},
				"down": {"uv": [10, 9, 11, 10], "texture": "#layer0"}
			}
		},
		{
			"from": [11, 6, 0],
			"to": [12, 7, 1],
			"faces": {
				"north": {"uv": [11, 9, 12, 10], "texture": "#layer0"},
				"east": {"uv": [11, 9, 12, 10], "texture": "#layer0"},
				"south": {"uv": [11, 9, 12, 10], "texture": "#layer0"},
				"west": {"uv": [11, 9, 12, 10], "texture": "#layer0"},
				"up": {"uv": [11, 9, 12, 10], "texture": "#layer0"},
				"down": {"uv": [11, 9, 12, 10], "texture": "#layer0"}
			}
		},
		{
			"from": [12, 6, 0],
			"to": [13, 7, 1],
			"faces": {
				"north": {"uv": [12, 9, 13, 10], "texture": "#layer0"},
				"east": {"uv": [12, 9, 13, 10], "texture": "#layer0"},
				"south": {"uv": [12, 9, 13, 10], "texture": "#layer0"},
				"west": {"uv": [12, 9, 13, 10], "texture": "#layer0"},
				"up": {"uv": [12, 9, 13, 10], "texture": "#layer0"},
				"down": {"uv": [12, 9, 13, 10], "texture": "#layer0"}
			}
		},
		{
			"from": [13, 6, 0],
			"to": [14, 7, 1],
			"faces": {
				"north": {"uv": [13, 9, 14, 10], "texture": "#layer0"},
				"east": {"uv": [13, 9, 14, 10], "texture": "#layer0"},
				"south": {"uv": [13, 9, 14, 10], "texture": "#layer0"},
				"west": {"uv": [13, 9, 14, 10], "texture": "#layer0"},
				"up": {"uv": [13, 9, 14, 10], "texture": "#layer0"},
				"down": {"uv": [13, 9, 14, 10], "texture": "#layer0"}
			}
		},
		{
			"from": [1, 7, 0],
			"to": [2, 8, 1],
			"faces": {
				"north": {"uv": [1, 8, 2, 9], "texture": "#layer0"},
				"east": {"uv": [1, 8, 2, 9], "texture": "#layer0"},
				"south": {"uv": [1, 8, 2, 9], "texture": "#layer0"},
				"west": {"uv": [1, 8, 2, 9], "texture": "#layer0"},
				"up": {"uv": [1, 8, 2, 9], "texture": "#layer0"},
				"down": {"uv": [1, 8, 2, 9], "texture": "#layer0"}
			}
		},
		{
			"from": [2, 7, 0],
			"to": [3, 8, 1],
			"faces": {
				"north": {"uv": [2, 8, 3, 9], "texture": "#layer0"},
				"east": {"uv": [2, 8, 3, 9], "texture": "#layer0"},
				"south": {"uv": [2, 8, 3, 9], "texture": "#layer0"},
				"west": {"uv": [2, 8, 3, 9], "texture": "#layer0"},
				"up": {"uv": [2, 8, 3, 9], "texture": "#layer0"},
				"down": {"uv": [2, 8, 3, 9], "texture": "#layer0"}
			}
		},
		{
			"from": [3, 7, 0],
			"to": [4, 8, 1],
			"faces": {
				"north": {"uv": [3, 8, 4, 9], "texture": "#layer0"},
				"east": {"uv": [3, 8, 4, 9], "texture": "#layer0"},
				"south": {"uv": [3, 8, 4, 9], "texture": "#layer0"},
				"west": {"uv": [3, 8, 4, 9], "texture": "#layer0"},
				"up": {"uv": [3, 8, 4, 9], "texture": "#layer0"},
				"down": {"uv": [3, 8, 4, 9], "texture": "#layer0"}
			}
		},
		{
			"from": [4, 7, 0],
			"to": [5, 8, 1],
			"faces": {
				"north": {"uv": [4, 8, 5, 9], "texture": "#layer0"},
				"east": {"uv": [4, 8, 5, 9], "texture": "#layer0"},
				"south": {"uv": [4, 8, 5, 9], "texture": "#layer0"},
				"west": {"uv": [4, 8, 5, 9], "texture": "#layer0"},
				"up": {"uv": [4, 8, 5, 9], "texture": "#layer0"},
				"down": {"uv": [4, 8, 5, 9], "texture": "#layer0"}
			}
		},
		{
			"from": [5, 7, 0],
			"to": [6, 8, 1],
			"faces": {
				"north": {"uv": [5, 8, 6, 9], "texture": "#layer0"},
				"east": {"uv": [5, 8, 6, 9], "texture": "#layer0"},
				"south": {"uv": [5, 8, 6, 9], "texture": "#layer0"},
				"west": {"uv": [5, 8, 6, 9], "texture": "#layer0"},
				"up": {"uv": [5, 8, 6, 9], "texture": "#layer0"},
				"down": {"uv": [5, 8, 6, 9], "texture": "#layer0"}
			}
		},
		{
			"from": [6, 7, 0],
			"to": [7, 8, 1],
			"faces": {
				"north": {"uv": [6, 8, 7, 9], "texture": "#layer0"},
				"east": {"uv": [6, 8, 7, 9], "texture": "#layer0"},
				"south": {"uv": [6, 8, 7, 9], "texture": "#layer0"},
				"west": {"uv": [6, 8, 7, 9], "texture": "#layer0"},
				"up": {"uv": [6, 8, 7, 9], "texture": "#layer0"},
				"down": {"uv": [6, 8, 7, 9], "texture": "#layer0"}
			}
		},
		{
			"from": [7, 7, 0],
			"to": [8, 8, 1],
			"faces": {
				"north": {"uv": [7, 8, 8, 9], "texture": "#layer0"},
				"east": {"uv": [7, 8, 8, 9], "texture": "#layer0"},
				"south": {"uv": [7, 8, 8, 9], "texture": "#layer0"},
				"west": {"uv": [7, 8, 8, 9], "texture": "#layer0"},
				"up": {"uv": [7, 8, 8, 9], "texture": "#layer0"},
				"down": {"uv": [7, 8, 8, 9], "texture": "#layer0"}
			}
		},
		{
			"from": [8, 7, 0],
			"to": [9, 8, 1],
			"faces": {
				"north": {"uv": [8, 8, 9, 9], "texture": "#layer0"},
				"east": {"uv": [8, 8, 9, 9], "texture": "#layer0"},
				"south": {"uv": [8, 8, 9, 9], "texture": "#layer0"},
				"west": {"uv": [8, 8, 9, 9], "texture": "#layer0"},
				"up": {"uv": [8, 8, 9, 9], "texture": "#layer0"},
				"down": {"uv": [8, 8, 9, 9], "texture": "#layer0"}
			}
		},
		{
			"from": [9, 7, 0],
			"to": [10, 8, 1],
			"faces": {
				"north": {"uv": [9, 8, 10, 9], "texture": "#layer0"},
				"east": {"uv": [9, 8, 10, 9], "texture": "#layer0"},
				"south": {"uv": [9, 8, 10, 9], "texture": "#layer0"},
				"west": {"uv": [9, 8, 10, 9], "texture": "#layer0"},
				"up": {"uv": [9, 8, 10, 9], "texture": "#layer0"},
				"down": {"uv": [9, 8, 10, 9], "texture": "#layer0"}
			}
		},
		{
			"from": [10, 7, 0],
			"to": [11, 8, 1],
			"faces": {
				"north": {"uv": [10, 8, 11, 9], "texture": "#layer0"},
				"east": {"uv": [10, 8, 11, 9], "texture": "#layer0"},
				"south": {"uv": [10, 8, 11, 9], "texture": "#layer0"},
				"west": {"uv": [10, 8, 11, 9], "texture": "#layer0"},
				"up": {"uv": [10, 8, 11, 9], "texture": "#layer0"},
				"down": {"uv": [10, 8, 11, 9], "texture": "#layer0"}
			}
		},
		{
			"from": [12, 7, 0],
			"to": [13, 8, 1],
			"faces": {
				"north": {"uv": [12, 8, 13, 9], "texture": "#layer0"},
				"east": {"uv": [12, 8, 13, 9], "texture": "#layer0"},
				"south": {"uv": [12, 8, 13, 9], "texture": "#layer0"},
				"west": {"uv": [12, 8, 13, 9], "texture": "#layer0"},
				"up": {"uv": [12, 8, 13, 9], "texture": "#layer0"},
				"down": {"uv": [12, 8, 13, 9], "texture": "#layer0"}
			}
		},
		{
			"from": [11, 7, 0],
			"to": [12, 8, 1],
			"faces": {
				"north": {"uv": [11, 8, 12, 9], "texture": "#layer0"},
				"east": {"uv": [11, 8, 12, 9], "texture": "#layer0"},
				"south": {"uv": [11, 8, 12, 9], "texture": "#layer0"},
				"west": {"uv": [11, 8, 12, 9], "texture": "#layer0"},
				"up": {"uv": [11, 8, 12, 9], "texture": "#layer0"},
				"down": {"uv": [11, 8, 12, 9], "texture": "#layer0"}
			}
		},
		{
			"from": [13, 7, 0],
			"to": [14, 8, 1],
			"faces": {
				"north": {"uv": [13, 8, 14, 9], "texture": "#layer0"},
				"east": {"uv": [13, 8, 14, 9], "texture": "#layer0"},
				"south": {"uv": [13, 8, 14, 9], "texture": "#layer0"},
				"west": {"uv": [13, 8, 14, 9], "texture": "#layer0"},
				"up": {"uv": [13, 8, 14, 9], "texture": "#layer0"},
				"down": {"uv": [13, 8, 14, 9], "texture": "#layer0"}
			}
		},
		{
			"from": [14, 7, 0],
			"to": [15, 8, 1],
			"faces": {
				"north": {"uv": [14, 8, 15, 9], "texture": "#layer0"},
				"east": {"uv": [14, 8, 15, 9], "texture": "#layer0"},
				"south": {"uv": [14, 8, 15, 9], "texture": "#layer0"},
				"west": {"uv": [14, 8, 15, 9], "texture": "#layer0"},
				"up": {"uv": [14, 8, 15, 9], "texture": "#layer0"},
				"down": {"uv": [14, 8, 15, 9], "texture": "#layer0"}
			}
		},
		{
			"from": [2, 8, 0],
			"to": [3, 9, 1],
			"faces": {
				"north": {"uv": [2, 7, 3, 8], "texture": "#layer0"},
				"east": {"uv": [2, 7, 3, 8], "texture": "#layer0"},
				"south": {"uv": [2, 7, 3, 8], "texture": "#layer0"},
				"west": {"uv": [2, 7, 3, 8], "texture": "#layer0"},
				"up": {"uv": [2, 7, 3, 8], "texture": "#layer0"},
				"down": {"uv": [2, 7, 3, 8], "texture": "#layer0"}
			}
		},
		{
			"from": [3, 8, 0],
			"to": [4, 9, 1],
			"faces": {
				"north": {"uv": [3, 7, 4, 8], "texture": "#layer0"},
				"east": {"uv": [3, 7, 4, 8], "texture": "#layer0"},
				"south": {"uv": [3, 7, 4, 8], "texture": "#layer0"},
				"west": {"uv": [3, 7, 4, 8], "texture": "#layer0"},
				"up": {"uv": [3, 7, 4, 8], "texture": "#layer0"},
				"down": {"uv": [3, 7, 4, 8], "texture": "#layer0"}
			}
		},
		{
			"from": [4, 8, 0],
			"to": [5, 9, 1],
			"faces": {
				"north": {"uv": [4, 7, 5, 8], "texture": "#layer0"},
				"east": {"uv": [4, 7, 5, 8], "texture": "#layer0"},
				"south": {"uv": [4, 7, 5, 8], "texture": "#layer0"},
				"west": {"uv": [4, 7, 5, 8], "texture": "#layer0"},
				"up": {"uv": [4, 7, 5, 8], "texture": "#layer0"},
				"down": {"uv": [4, 7, 5, 8], "texture": "#layer0"}
			}
		},
		{
			"from": [5, 8, 0],
			"to": [6, 9, 1],
			"faces": {
				"north": {"uv": [5, 7, 6, 8], "texture": "#layer0"},
				"east": {"uv": [5, 7, 6, 8], "texture": "#layer0"},
				"south": {"uv": [5, 7, 6, 8], "texture": "#layer0"},
				"west": {"uv": [5, 7, 6, 8], "texture": "#layer0"},
				"up": {"uv": [5, 7, 6, 8], "texture": "#layer0"},
				"down": {"uv": [5, 7, 6, 8], "texture": "#layer0"}
			}
		},
		{
			"from": [6, 8, 0],
			"to": [7, 9, 1],
			"faces": {
				"north": {"uv": [6, 7, 7, 8], "texture": "#layer0"},
				"east": {"uv": [6, 7, 7, 8], "texture": "#layer0"},
				"south": {"uv": [6, 7, 7, 8], "texture": "#layer0"},
				"west": {"uv": [6, 7, 7, 8], "texture": "#layer0"},
				"up": {"uv": [6, 7, 7, 8], "texture": "#layer0"},
				"down": {"uv": [6, 7, 7, 8], "texture": "#layer0"}
			}
		},
		{
			"from": [7, 8, 0],
			"to": [8, 9, 1],
			"faces": {
				"north": {"uv": [7, 7, 8, 8], "texture": "#layer0"},
				"east": {"uv": [7, 7, 8, 8], "texture": "#layer0"},
				"south": {"uv": [7, 7, 8, 8], "texture": "#layer0"},
				"west": {"uv": [7, 7, 8, 8], "texture": "#layer0"},
				"up": {"uv": [7, 7, 8, 8], "texture": "#layer0"},
				"down": {"uv": [7, 7, 8, 8], "texture": "#layer0"}
			}
		},
		{
			"from": [8, 8, 0],
			"to": [9, 9, 1],
			"faces": {
				"north": {"uv": [8, 7, 9, 8], "texture": "#layer0"},
				"east": {"uv": [8, 7, 9, 8], "texture": "#layer0"},
				"south": {"uv": [8, 7, 9, 8], "texture": "#layer0"},
				"west": {"uv": [8, 7, 9, 8], "texture": "#layer0"},
				"up": {"uv": [8, 7, 9, 8], "texture": "#layer0"},
				"down": {"uv": [8, 7, 9, 8], "texture": "#layer0"}
			}
		},
		{
			"from": [9, 8, 0],
			"to": [10, 9, 1],
			"faces": {
				"north": {"uv": [9, 7, 10, 8], "texture": "#layer0"},
				"east": {"uv": [9, 7, 10, 8], "texture": "#layer0"},
				"south": {"uv": [9, 7, 10, 8], "texture": "#layer0"},
				"west": {"uv": [9, 7, 10, 8], "texture": "#layer0"},
				"up": {"uv": [9, 7, 10, 8], "texture": "#layer0"},
				"down": {"uv": [9, 7, 10, 8], "texture": "#layer0"}
			}
		},
		{
			"from": [10, 8, 0],
			"to": [11, 9, 1],
			"faces": {
				"north": {"uv": [10, 7, 11, 8], "texture": "#layer0"},
				"east": {"uv": [10, 7, 11, 8], "texture": "#layer0"},
				"south": {"uv": [10, 7, 11, 8], "texture": "#layer0"},
				"west": {"uv": [10, 7, 11, 8], "texture": "#layer0"},
				"up": {"uv": [10, 7, 11, 8], "texture": "#layer0"},
				"down": {"uv": [10, 7, 11, 8], "texture": "#layer0"}
			}
		},
		{
			"from": [11, 8, 0],
			"to": [12, 9, 1],
			"faces": {
				"north": {"uv": [11, 7, 12, 8], "texture": "#layer0"},
				"east": {"uv": [11, 7, 12, 8], "texture": "#layer0"},
				"south": {"uv": [11, 7, 12, 8], "texture": "#layer0"},
				"west": {"uv": [11, 7, 12, 8], "texture": "#layer0"},
				"up": {"uv": [11, 7, 12, 8], "texture": "#layer0"},
				"down": {"uv": [11, 7, 12, 8], "texture": "#layer0"}
			}
		},
		{
			"from": [12, 8, 0],
			"to": [13, 9, 1],
			"faces": {
				"north": {"uv": [12, 7, 13, 8], "texture": "#layer0"},
				"east": {"uv": [12, 7, 13, 8], "texture": "#layer0"},
				"south": {"uv": [12, 7, 13, 8], "texture": "#layer0"},
				"west": {"uv": [12, 7, 13, 8], "texture": "#layer0"},
				"up": {"uv": [12, 7, 13, 8], "texture": "#layer0"},
				"down": {"uv": [12, 7, 13, 8], "texture": "#layer0"}
			}
		},
		{
			"from": [13, 8, 0],
			"to": [14, 9, 1],
			"faces": {
				"north": {"uv": [13, 7, 14, 8], "texture": "#layer0"},
				"east": {"uv": [13, 7, 14, 8], "texture": "#layer0"},
				"south": {"uv": [13, 7, 14, 8], "texture": "#layer0"},
				"west": {"uv": [13, 7, 14, 8], "texture": "#layer0"},
				"up": {"uv": [13, 7, 14, 8], "texture": "#layer0"},
				"down": {"uv": [13, 7, 14, 8], "texture": "#layer0"}
			}
		},
		{
			"from": [14, 8, 0],
			"to": [15, 9, 1],
			"faces": {
				"north": {"uv": [14, 7, 15, 8], "texture": "#layer0"},
				"east": {"uv": [14, 7, 15, 8], "texture": "#layer0"},
				"south": {"uv": [14, 7, 15, 8], "texture": "#layer0"},
				"west": {"uv": [14, 7, 15, 8], "texture": "#layer0"},
				"up": {"uv": [14, 7, 15, 8], "texture": "#layer0"},
				"down": {"uv": [14, 7, 15, 8], "texture": "#layer0"}
			}
		},
		{
			"from": [15, 8, 0],
			"to": [16, 9, 1],
			"faces": {
				"north": {"uv": [15, 7, 16, 8], "texture": "#layer0"},
				"east": {"uv": [15, 7, 16, 8], "texture": "#layer0"},
				"south": {"uv": [15, 7, 16, 8], "texture": "#layer0"},
				"west": {"uv": [15, 7, 16, 8], "texture": "#layer0"},
				"up": {"uv": [15, 7, 16, 8], "texture": "#layer0"},
				"down": {"uv": [15, 7, 16, 8], "texture": "#layer0"}
			}
		},
		{
			"from": [3, 9, 0],
			"to": [4, 10, 1],
			"faces": {
				"north": {"uv": [3, 6, 4, 7], "texture": "#layer0"},
				"east": {"uv": [3, 6, 4, 7], "texture": "#layer0"},
				"south": {"uv": [3, 6, 4, 7], "texture": "#layer0"},
				"west": {"uv": [3, 6, 4, 7], "texture": "#layer0"},
				"up": {"uv": [3, 6, 4, 7], "texture": "#layer0"},
				"down": {"uv": [3, 6, 4, 7], "texture": "#layer0"}
			}
		},
		{
			"from": [4, 9, 0],
			"to": [5, 10, 1],
			"faces": {
				"north": {"uv": [4, 6, 5, 7], "texture": "#layer0"},
				"east": {"uv": [4, 6, 5, 7], "texture": "#layer0"},
				"south": {"uv": [4, 6, 5, 7], "texture": "#layer0"},
				"west": {"uv": [4, 6, 5, 7], "texture": "#layer0"},
				"up": {"uv": [4, 6, 5, 7], "texture": "#layer0"},
				"down": {"uv": [4, 6, 5, 7], "texture": "#layer0"}
			}
		},
		{
			"from": [5, 9, 0],
			"to": [6, 10, 1],
			"faces": {
				"north": {"uv": [5, 6, 6, 7], "texture": "#layer0"},
				"east": {"uv": [5, 6, 6, 7], "texture": "#layer0"},
				"south": {"uv": [5, 6, 6, 7], "texture": "#layer0"},
				"west": {"uv": [5, 6, 6, 7], "texture": "#layer0"},
				"up": {"uv": [5, 6, 6, 7], "texture": "#layer0"},
				"down": {"uv": [5, 6, 6, 7], "texture": "#layer0"}
			}
		},
		{
			"from": [5, 10, 0],
			"to": [6, 11, 1],
			"faces": {
				"north": {"uv": [5, 5, 6, 6], "texture": "#layer0"},
				"east": {"uv": [5, 5, 6, 6], "texture": "#layer0"},
				"south": {"uv": [5, 5, 6, 6], "texture": "#layer0"},
				"west": {"uv": [5, 5, 6, 6], "texture": "#layer0"},
				"up": {"uv": [5, 5, 6, 6], "texture": "#layer0"},
				"down": {"uv": [5, 5, 6, 6], "texture": "#layer0"}
			}
		},
		{
			"from": [6, 9, 0],
			"to": [7, 10, 1],
			"faces": {
				"north": {"uv": [6, 6, 7, 7], "texture": "#layer0"},
				"east": {"uv": [6, 6, 7, 7], "texture": "#layer0"},
				"south": {"uv": [6, 6, 7, 7], "texture": "#layer0"},
				"west": {"uv": [6, 6, 7, 7], "texture": "#layer0"},
				"up": {"uv": [6, 6, 7, 7], "texture": "#layer0"},
				"down": {"uv": [6, 6, 7, 7], "texture": "#layer0"}
			}
		},
		{
			"from": [6, 10, 0],
			"to": [7, 11, 1],
			"faces": {
				"north": {"uv": [6, 5, 7, 6], "texture": "#layer0"},
				"east": {"uv": [6, 5, 7, 6], "texture": "#layer0"},
				"south": {"uv": [6, 5, 7, 6], "texture": "#layer0"},
				"west": {"uv": [6, 5, 7, 6], "texture": "#layer0"},
				"up": {"uv": [6, 5, 7, 6], "texture": "#layer0"},
				"down": {"uv": [6, 5, 7, 6], "texture": "#layer0"}
			}
		},
		{
			"from": [6, 11, 0],
			"to": [7, 12, 1],
			"faces": {
				"north": {"uv": [6, 4, 7, 5], "texture": "#layer0"},
				"east": {"uv": [6, 4, 7, 5], "texture": "#layer0"},
				"south": {"uv": [6, 4, 7, 5], "texture": "#layer0"},
				"west": {"uv": [6, 4, 7, 5], "texture": "#layer0"},
				"up": {"uv": [6, 4, 7, 5], "texture": "#layer0"},
				"down": {"uv": [6, 4, 7, 5], "texture": "#layer0"}
			}
		},
		{
			"from": [7, 9, 0],
			"to": [8, 10, 1],
			"faces": {
				"north": {"uv": [7, 6, 8, 7], "texture": "#layer0"},
				"east": {"uv": [7, 6, 8, 7], "texture": "#layer0"},
				"south": {"uv": [7, 6, 8, 7], "texture": "#layer0"},
				"west": {"uv": [7, 6, 8, 7], "texture": "#layer0"},
				"up": {"uv": [7, 6, 8, 7], "texture": "#layer0"},
				"down": {"uv": [7, 6, 8, 7], "texture": "#layer0"}
			}
		},
		{
			"from": [7, 10, 0],
			"to": [8, 11, 1],
			"faces": {
				"north": {"uv": [7, 5, 8, 6], "texture": "#layer0"},
				"east": {"uv": [7, 5, 8, 6], "texture": "#layer0"},
				"south": {"uv": [7, 5, 8, 6], "texture": "#layer0"},
				"west": {"uv": [7, 5, 8, 6], "texture": "#layer0"},
				"up": {"uv": [7, 5, 8, 6], "texture": "#layer0"},
				"down": {"uv": [7, 5, 8, 6], "texture": "#layer0"}
			}
		},
		{
			"from": [7, 11, 0],
			"to": [8, 12, 1],
			"faces": {
				"north": {"uv": [7, 4, 8, 5], "texture": "#layer0"},
				"east": {"uv": [7, 4, 8, 5], "texture": "#layer0"},
				"south": {"uv": [7, 4, 8, 5], "texture": "#layer0"},
				"west": {"uv": [7, 4, 8, 5], "texture": "#layer0"},
				"up": {"uv": [7, 4, 8, 5], "texture": "#layer0"},
				"down": {"uv": [7, 4, 8, 5], "texture": "#layer0"}
			}
		},
		{
			"from": [7, 12, 0],
			"to": [8, 13, 1],
			"faces": {
				"north": {"uv": [0, 0, 1, 1], "texture": "#layer0"},
				"east": {"uv": [0, 0, 1, 1], "texture": "#layer0"},
				"south": {"uv": [0, 0, 1, 1], "texture": "#layer0"},
				"west": {"uv": [0, 0, 1, 1], "texture": "#layer0"},
				"up": {"uv": [0, 0, 1, 1], "texture": "#layer0"},
				"down": {"uv": [0, 0, 1, 1], "texture": "#layer0"}
			}
		},
		{
			"from": [8, 9, 0],
			"to": [9, 10, 1],
			"faces": {
				"north": {"uv": [8, 6, 9, 7], "texture": "#layer0"},
				"east": {"uv": [8, 6, 9, 7], "texture": "#layer0"},
				"south": {"uv": [8, 6, 9, 7], "texture": "#layer0"},
				"west": {"uv": [8, 6, 9, 7], "texture": "#layer0"},
				"up": {"uv": [8, 6, 9, 7], "texture": "#layer0"},
				"down": {"uv": [8, 6, 9, 7], "texture": "#layer0"}
			}
		},
		{
			"from": [8, 10, 0],
			"to": [9, 11, 1],
			"faces": {
				"north": {"uv": [8, 5, 9, 6], "texture": "#layer0"},
				"east": {"uv": [8, 5, 9, 6], "texture": "#layer0"},
				"south": {"uv": [8, 5, 9, 6], "texture": "#layer0"},
				"west": {"uv": [8, 5, 9, 6], "texture": "#layer0"},
				"up": {"uv": [8, 5, 9, 6], "texture": "#layer0"},
				"down": {"uv": [8, 5, 9, 6], "texture": "#layer0"}
			}
		},
		{
			"from": [8, 11, 0],
			"to": [9, 12, 1],
			"faces": {
				"north": {"uv": [8, 4, 9, 5], "texture": "#layer0"},
				"east": {"uv": [8, 4, 9, 5], "texture": "#layer0"},
				"south": {"uv": [8, 4, 9, 5], "texture": "#layer0"},
				"west": {"uv": [8, 4, 9, 5], "texture": "#layer0"},
				"up": {"uv": [8, 4, 9, 5], "texture": "#layer0"},
				"down": {"uv": [8, 4, 9, 5], "texture": "#layer0"}
			}
		},
		{
			"from": [8, 12, 0],
			"to": [9, 13, 1],
			"faces": {
				"north": {"uv": [8, 3, 9, 4], "texture": "#layer0"},
				"east": {"uv": [8, 3, 9, 4], "texture": "#layer0"},
				"south": {"uv": [8, 3, 9, 4], "texture": "#layer0"},
				"west": {"uv": [8, 3, 9, 4], "texture": "#layer0"},
				"up": {"uv": [8, 3, 9, 4], "texture": "#layer0"},
				"down": {"uv": [8, 3, 9, 4], "texture": "#layer0"}
			}
		},
		{
			"from": [9, 9, 0],
			"to": [10, 10, 1],
			"faces": {
				"north": {"uv": [9, 6, 10, 7], "texture": "#layer0"},
				"east": {"uv": [9, 6, 10, 7], "texture": "#layer0"},
				"south": {"uv": [9, 6, 10, 7], "texture": "#layer0"},
				"west": {"uv": [9, 6, 10, 7], "texture": "#layer0"},
				"up": {"uv": [9, 6, 10, 7], "texture": "#layer0"},
				"down": {"uv": [9, 6, 10, 7], "texture": "#layer0"}
			}
		},
		{
			"from": [10, 9, 0],
			"to": [11, 10, 1],
			"faces": {
				"north": {"uv": [10, 6, 11, 7], "texture": "#layer0"},
				"east": {"uv": [10, 6, 11, 7], "texture": "#layer0"},
				"south": {"uv": [10, 6, 11, 7], "texture": "#layer0"},
				"west": {"uv": [10, 6, 11, 7], "texture": "#layer0"},
				"up": {"uv": [10, 6, 11, 7], "texture": "#layer0"},
				"down": {"uv": [10, 6, 11, 7], "texture": "#layer0"}
			}
		},
		{
			"from": [11, 9, 0],
			"to": [12, 10, 1],
			"faces": {
				"north": {"uv": [11, 6, 12, 7], "texture": "#layer0"},
				"east": {"uv": [11, 6, 12, 7], "texture": "#layer0"},
				"south": {"uv": [11, 6, 12, 7], "texture": "#layer0"},
				"west": {"uv": [11, 6, 12, 7], "texture": "#layer0"},
				"up": {"uv": [11, 6, 12, 7], "texture": "#layer0"},
				"down": {"uv": [11, 6, 12, 7], "texture": "#layer0"}
			}
		},
		{
			"from": [12, 9, 0],
			"to": [13, 10, 1],
			"faces": {
				"north": {"uv": [12, 6, 13, 7], "texture": "#layer0"},
				"east": {"uv": [12, 6, 13, 7], "texture": "#layer0"},
				"south": {"uv": [12, 6, 13, 7], "texture": "#layer0"},
				"west": {"uv": [12, 6, 13, 7], "texture": "#layer0"},
				"up": {"uv": [12, 6, 13, 7], "texture": "#layer0"},
				"down": {"uv": [12, 6, 13, 7], "texture": "#layer0"}
			}
		},
		{
			"from": [13, 9, 0],
			"to": [14, 10, 1],
			"faces": {
				"north": {"uv": [13, 6, 14, 7], "texture": "#layer0"},
				"east": {"uv": [13, 6, 14, 7], "texture": "#layer0"},
				"south": {"uv": [13, 6, 14, 7], "texture": "#layer0"},
				"west": {"uv": [13, 6, 14, 7], "texture": "#layer0"},
				"up": {"uv": [13, 6, 14, 7], "texture": "#layer0"},
				"down": {"uv": [13, 6, 14, 7], "texture": "#layer0"}
			}
		},
		{
			"from": [14, 9, 0],
			"to": [15, 10, 1],
			"faces": {
				"north": {"uv": [14, 6, 15, 7], "texture": "#layer0"},
				"east": {"uv": [14, 6, 15, 7], "texture": "#layer0"},
				"south": {"uv": [14, 6, 15, 7], "texture": "#layer0"},
				"west": {"uv": [14, 6, 15, 7], "texture": "#layer0"},
				"up": {"uv": [14, 6, 15, 7], "texture": "#layer0"},
				"down": {"uv": [14, 6, 15, 7], "texture": "#layer0"}
			}
		},
		{
			"from": [9, 10, 0],
			"to": [10, 11, 1],
			"faces": {
				"north": {"uv": [9, 5, 10, 6], "texture": "#layer0"},
				"east": {"uv": [9, 5, 10, 6], "texture": "#layer0"},
				"south": {"uv": [9, 5, 10, 6], "texture": "#layer0"},
				"west": {"uv": [9, 5, 10, 6], "texture": "#layer0"},
				"up": {"uv": [9, 5, 10, 6], "texture": "#layer0"},
				"down": {"uv": [9, 5, 10, 6], "texture": "#layer0"}
			}
		},
		{
			"from": [10, 10, 0],
			"to": [11, 11, 1],
			"faces": {
				"north": {"uv": [10, 5, 11, 6], "texture": "#layer0"},
				"east": {"uv": [10, 5, 11, 6], "texture": "#layer0"},
				"south": {"uv": [10, 5, 11, 6], "texture": "#layer0"},
				"west": {"uv": [10, 5, 11, 6], "texture": "#layer0"},
				"up": {"uv": [10, 5, 11, 6], "texture": "#layer0"},
				"down": {"uv": [10, 5, 11, 6], "texture": "#layer0"}
			}
		},
		{
			"from": [11, 10, 0],
			"to": [12, 11, 1],
			"faces": {
				"north": {"uv": [11, 5, 12, 6], "texture": "#layer0"},
				"east": {"uv": [11, 5, 12, 6], "texture": "#layer0"},
				"south": {"uv": [11, 5, 12, 6], "texture": "#layer0"},
				"west": {"uv": [11, 5, 12, 6], "texture": "#layer0"},
				"up": {"uv": [11, 5, 12, 6], "texture": "#layer0"},
				"down": {"uv": [11, 5, 12, 6], "texture": "#layer0"}
			}
		},
		{
			"from": [8, 12, 0],
			"to": [9, 13, 1],
			"faces": {
				"north": {"uv": [0, 0, 1, 1], "texture": "#layer0"},
				"east": {"uv": [0, 0, 1, 1], "texture": "#layer0"},
				"south": {"uv": [0, 0, 1, 1], "texture": "#layer0"},
				"west": {"uv": [0, 0, 1, 1], "texture": "#layer0"},
				"up": {"uv": [0, 0, 1, 1], "texture": "#layer0"},
				"down": {"uv": [0, 0, 1, 1], "texture": "#layer0"}
			}
		},
		{
			"from": [12, 10, 0],
			"to": [13, 11, 1],
			"faces": {
				"north": {"uv": [12, 5, 13, 6], "texture": "#layer0"},
				"east": {"uv": [12, 5, 13, 6], "texture": "#layer0"},
				"south": {"uv": [12, 5, 13, 6], "texture": "#layer0"},
				"west": {"uv": [12, 5, 13, 6], "texture": "#layer0"},
				"up": {"uv": [12, 5, 13, 6], "texture": "#layer0"},
				"down": {"uv": [12, 5, 13, 6], "texture": "#layer0"}
			}
		},
		{
			"from": [13, 10, 0],
			"to": [14, 11, 1],
			"faces": {
				"north": {"uv": [13, 5, 14, 6], "texture": "#layer0"},
				"east": {"uv": [13, 5, 14, 6], "texture": "#layer0"},
				"south": {"uv": [13, 5, 14, 6], "texture": "#layer0"},
				"west": {"uv": [13, 5, 14, 6], "texture": "#layer0"},
				"up": {"uv": [13, 5, 14, 6], "texture": "#layer0"},
				"down": {"uv": [13, 5, 14, 6], "texture": "#layer0"}
			}
		},
		{
			"from": [9, 11, 0],
			"to": [10, 12, 1],
			"faces": {
				"north": {"uv": [9, 4, 10, 5], "texture": "#layer0"},
				"east": {"uv": [9, 4, 10, 5], "texture": "#layer0"},
				"south": {"uv": [9, 4, 10, 5], "texture": "#layer0"},
				"west": {"uv": [9, 4, 10, 5], "texture": "#layer0"},
				"up": {"uv": [9, 4, 10, 5], "texture": "#layer0"},
				"down": {"uv": [9, 4, 10, 5], "texture": "#layer0"}
			}
		},
		{
			"from": [9, 12, 0],
			"to": [10, 13, 1],
			"faces": {
				"north": {"uv": [9, 3, 10, 4], "texture": "#layer0"},
				"east": {"uv": [9, 3, 10, 4], "texture": "#layer0"},
				"south": {"uv": [9, 3, 10, 4], "texture": "#layer0"},
				"west": {"uv": [9, 3, 10, 4], "texture": "#layer0"},
				"up": {"uv": [9, 3, 10, 4], "texture": "#layer0"},
				"down": {"uv": [9, 3, 10, 4], "texture": "#layer0"}
			}
		},
		{
			"from": [9, 13, 0],
			"to": [10, 14, 1],
			"faces": {
				"north": {"uv": [9, 2, 10, 3], "texture": "#layer0"},
				"east": {"uv": [9, 2, 10, 3], "texture": "#layer0"},
				"south": {"uv": [9, 2, 10, 3], "texture": "#layer0"},
				"west": {"uv": [9, 2, 10, 3], "texture": "#layer0"},
				"up": {"uv": [9, 2, 10, 3], "texture": "#layer0"},
				"down": {"uv": [9, 2, 10, 3], "texture": "#layer0"}
			}
		},
		{
			"from": [10, 11, 0],
			"to": [11, 12, 1],
			"faces": {
				"north": {"uv": [10, 4, 11, 5], "texture": "#layer0"},
				"east": {"uv": [10, 4, 11, 5], "texture": "#layer0"},
				"south": {"uv": [10, 4, 11, 5], "texture": "#layer0"},
				"west": {"uv": [10, 4, 11, 5], "texture": "#layer0"},
				"up": {"uv": [10, 4, 11, 5], "texture": "#layer0"},
				"down": {"uv": [10, 4, 11, 5], "texture": "#layer0"}
			}
		},
		{
			"from": [11, 11, 0],
			"to": [12, 12, 1],
			"faces": {
				"north": {"uv": [11, 4, 12, 5], "texture": "#layer0"},
				"east": {"uv": [11, 4, 12, 5], "texture": "#layer0"},
				"south": {"uv": [11, 4, 12, 5], "texture": "#layer0"},
				"west": {"uv": [11, 4, 12, 5], "texture": "#layer0"},
				"up": {"uv": [11, 4, 12, 5], "texture": "#layer0"},
				"down": {"uv": [11, 4, 12, 5], "texture": "#layer0"}
			}
		},
		{
			"from": [12, 11, 0],
			"to": [13, 12, 1],
			"faces": {
				"north": {"uv": [12, 4, 13, 5], "texture": "#layer0"},
				"east": {"uv": [12, 4, 13, 5], "texture": "#layer0"},
				"south": {"uv": [12, 4, 13, 5], "texture": "#layer0"},
				"west": {"uv": [12, 4, 13, 5], "texture": "#layer0"},
				"up": {"uv": [12, 4, 13, 5], "texture": "#layer0"},
				"down": {"uv": [12, 4, 13, 5], "texture": "#layer0"}
			}
		},
		{
			"from": [10, 13, 0],
			"to": [11, 14, 1],
			"faces": {
				"north": {"uv": [10, 2, 11, 3], "texture": "#layer0"},
				"east": {"uv": [10, 2, 11, 3], "texture": "#layer0"},
				"south": {"uv": [10, 2, 11, 3], "texture": "#layer0"},
				"west": {"uv": [10, 2, 11, 3], "texture": "#layer0"},
				"up": {"uv": [10, 2, 11, 3], "texture": "#layer0"},
				"down": {"uv": [10, 2, 11, 3], "texture": "#layer0"}
			}
		},
		{
			"from": [10, 12, 0],
			"to": [11, 13, 1],
			"faces": {
				"north": {"uv": [10, 3, 11, 4], "texture": "#layer0"},
				"east": {"uv": [10, 3, 11, 4], "texture": "#layer0"},
				"south": {"uv": [10, 3, 11, 4], "texture": "#layer0"},
				"west": {"uv": [10, 3, 11, 4], "texture": "#layer0"},
				"up": {"uv": [10, 3, 11, 4], "texture": "#layer0"},
				"down": {"uv": [10, 3, 11, 4], "texture": "#layer0"}
			}
		},
		{
			"from": [11, 12, 0],
			"to": [12, 13, 1],
			"faces": {
				"north": {"uv": [11, 3, 12, 4], "texture": "#layer0"},
				"east": {"uv": [11, 3, 12, 4], "texture": "#layer0"},
				"south": {"uv": [11, 3, 12, 4], "texture": "#layer0"},
				"west": {"uv": [11, 3, 12, 4], "texture": "#layer0"},
				"up": {"uv": [11, 3, 12, 4], "texture": "#layer0"},
				"down": {"uv": [11, 3, 12, 4], "texture": "#layer0"}
			}
		},
		{
			"name": "blue",
			"from": [7, 11.6, 1],
			"to": [9.2, 12, 1.5],
			"rotation": {"angle": 0, "axis": "y", "origin": [0, 0, -7.5]},
			"faces": {
				"north": {"uv": [4, 12, 12, 14], "texture": "#1"},
				"east": {"uv": [3, 12, 4, 13], "texture": "#1"},
				"south": {"uv": [4, 12, 12, 14], "texture": "#1"},
				"west": {"uv": [3, 13, 4, 14], "texture": "#1"},
				"up": {"uv": [12, 15, 4, 14], "rotation": 180, "texture": "#1"},
				"down": {"uv": [12, 14, 4, 15], "rotation": 180, "texture": "#1"}
			}
		},
		{
			"name": "creeper",
			"from": [6.6, 12, 1],
			"to": [9.6, 15, 1.5],
			"rotation": {"angle": 0, "axis": "y", "origin": [0, 0, -7.5]},
			"faces": {
				"north": {"uv": [0, 4, 3, 7], "texture": "#0"},
				"east": {"uv": [2, 7, 3, 10], "texture": "#0"},
				"south": {"uv": [3, 2, 16, 14], "texture": "#0"},
				"west": {"uv": [0, 7, 1, 10], "texture": "#0"},
				"up": {"uv": [3, 4, 0, 3], "rotation": 180, "texture": "#0"},
				"down": {"uv": [3, 2, 0, 3], "rotation": 180, "texture": "#0"}
			}
		},
		{
			"name": "purple",
			"from": [6.2, 12.4, 1],
			"to": [6.6, 14.6, 1.5],
			"rotation": {"angle": 0, "axis": "y", "origin": [0, 0, -7.5]},
			"faces": {
				"north": {"uv": [2, 4, 4, 12], "texture": "#1"},
				"east": {"uv": [1, 4, 2, 12], "texture": "#1"},
				"south": {"uv": [2, 4, 4, 12], "texture": "#1"},
				"west": {"uv": [1, 4, 2, 12], "texture": "#1"},
				"up": {"uv": [4, 4, 3, 3], "rotation": 180, "texture": "#1"},
				"down": {"uv": [3, 3, 2, 4], "rotation": 180, "texture": "#1"}
			}
		},
		{
			"name": "red",
			"from": [7, 15, 1],
			"to": [9.2, 15.4, 1.5],
			"rotation": {"angle": 0, "axis": "y", "origin": [0, 0, -7.5]},
			"faces": {
				"north": {"uv": [4, 3, 12, 5], "texture": "#1"},
				"east": {"uv": [12, 3, 13, 4], "texture": "#1"},
				"south": {"uv": [4, 3, 12, 5], "texture": "#1"},
				"west": {"uv": [12, 4, 13, 5], "texture": "#1"},
				"up": {"uv": [12, 3, 4, 2], "rotation": 180, "texture": "#1"},
				"down": {"uv": [12, 2, 4, 3], "rotation": 180, "texture": "#1"}
			}
		},
		{
			"name": "orange",
			"from": [9.6, 12.4, 1],
			"to": [10, 14.6, 1.5],
			"rotation": {"angle": 0, "axis": "y", "origin": [0, 0, -7.5]},
			"faces": {
				"north": {"uv": [12, 5, 14, 13], "texture": "#1"},
				"east": {"uv": [14, 5, 15, 13], "texture": "#1"},
				"south": {"uv": [12, 5, 14, 13], "texture": "#1"},
				"west": {"uv": [14, 5, 15, 13], "texture": "#1"},
				"up": {"uv": [13, 14, 12, 13], "rotation": 180, "texture": "#1"},
				"down": {"uv": [14, 13, 13, 14], "rotation": 180, "texture": "#1"}
			}
		}
	],
	"display": {
		"thirdperson_righthand": {
			"translation": [0.25, 2, 3],
			"scale": [0.45, 0.45, 0.45]
		},
		"thirdperson_lefthand": {
			"translation": [0.25, 2, 3],
			"scale": [0.45, 0.45, 0.45]
		},
		"firstperson_righthand": {
			"translation": [7.5, -1.25, 0]
		},
		"firstperson_lefthand": {
			"translation": [7.5, -1.25, 0]
		},
		"ground": {
			"translation": [0, -0.5, 3.75],
			"scale": [0.5, 0.5, 0.5]
		},
		"gui": {
			"translation": [-0.5, 0, 0]
		},
		"fixed": {
			"rotation": [0, 180, 0],
			"translation": [0, 0, -6.75]
		}
	},
	"groups": [
		{
			"name": "invite",
			"origin": [0, 0, 0],
			"color": 0,
			"children": [
				0,
				1,
				2,
				3,
				4,
				5,
				6,
				7,
				8,
				9,
				10,
				11,
				12,
				13,
				14,
				15,
				16,
				17,
				18,
				19,
				20,
				21,
				22,
				23,
				24,
				25,
				26,
				27,
				28,
				29,
				30,
				31,
				32,
				33,
				34,
				35,
				36,
				37,
				38,
				39,
				40,
				41,
				42,
				43,
				44,
				45,
				46,
				47,
				48,
				49,
				50,
				51,
				52,
				53,
				54,
				55,
				56,
				57,
				58,
				59,
				60,
				61,
				62,
				63,
				64,
				65,
				66,
				67,
				68,
				69,
				70,
				71,
				72,
				73,
				74,
				75,
				76,
				77,
				78,
				79,
				80,
				81,
				82,
				83,
				84,
				85,
				86,
				87,
				88,
				89,
				90,
				91,
				92,
				93,
				94,
				95,
				96,
				97,
				98,
				99
			]
		},
		{
			"name": "magnet",
			"origin": [0, 0, -7.5],
			"color": 0,
			"children": [100, 101, 102, 103, 104]
		}
	]
}