{
	"credit": "Made with Blockbench",
	"textures": {
		"1": "mctc:decoration/headstones/headstone_3",
		"2": "mctc:decoration/headstones/h3_vine",
		"particle": "mctc:decoration/headstones/headstone_3"
	},
	"elements": [
		{
			"from": [0, 0, 22],
			"to": [16, 3, 31],
			"faces": {
				"north": {"uv": [2.5, 7.25, 6.5, 8], "texture": "#1"},
				"east": {"uv": [8.5, 5.5, 10.75, 6.25], "texture": "#1"},
				"south": {"uv": [6.5, 7.25, 10.5, 8], "texture": "#1"},
				"west": {"uv": [1.75, 9, 4, 9.75], "texture": "#1"},
				"up": {"uv": [4, 2.25, 0, 0], "texture": "#1"},
				"down": {"uv": [4, 2.25, 0, 4.5], "texture": "#1"}
			}
		},
		{
			"from": [1, 3, 22],
			"to": [15, 7, 31],
			"faces": {
				"north": {"uv": [2.5, 6.25, 6, 7.25], "texture": "#1"},
				"east": {"uv": [7.5, 2.5, 9.75, 3.5], "texture": "#1"},
				"south": {"uv": [6, 6.25, 9.5, 7.25], "texture": "#1"},
				"west": {"uv": [7.5, 3.5, 9.75, 4.5], "texture": "#1"},
				"up": {"uv": [7.5, 2.25, 4, 0], "texture": "#1"},
				"down": {"uv": [7.5, 2.25, 4, 4.5], "texture": "#1"}
			}
		},
		{
			"from": [15, 3, 23],
			"to": [16, 7, 30],
			"faces": {
				"north": {"uv": [0.25, 10.5, 0.5, 11.5], "texture": "#1"},
				"east": {"uv": [7, 8, 8.75, 9], "texture": "#1"},
				"south": {"uv": [0.5, 10.5, 0.75, 11.5], "texture": "#1"},
				"west": {"uv": [8.5, 4.5, 10.25, 5.5], "texture": "#1"},
				"up": {"uv": [2.25, 12, 2, 10.25], "texture": "#1"},
				"down": {"uv": [2.5, 10.25, 2.25, 12], "texture": "#1"}
			}
		},
		{
			"from": [0, 3, 23],
			"to": [1, 7, 30],
			"faces": {
				"north": {"uv": [0.75, 10.5, 1, 11.5], "texture": "#1"},
				"east": {"uv": [8.75, 8, 10.5, 9], "texture": "#1"},
				"south": {"uv": [1, 10.5, 1.25, 11.5], "texture": "#1"},
				"west": {"uv": [0, 9, 1.75, 10], "texture": "#1"},
				"up": {"uv": [2.75, 12, 2.5, 10.25], "texture": "#1"},
				"down": {"uv": [3, 10.25, 2.75, 12], "texture": "#1"}
			}
		},
		{
			"from": [2, 7, 23],
			"to": [14, 8, 30],
			"faces": {
				"north": {"uv": [9.75, 2.5, 12.75, 2.75], "texture": "#1"},
				"east": {"uv": [4.75, 9.75, 6.5, 10], "texture": "#1"},
				"south": {"uv": [9.75, 2.75, 12.75, 3], "texture": "#1"},
				"west": {"uv": [0, 10, 1.75, 10.25], "texture": "#1"},
				"up": {"uv": [3, 6.25, 0, 4.5], "texture": "#1"},
				"down": {"uv": [6, 4.5, 3, 6.25], "texture": "#1"}
			}
		},
		{
			"from": [3, 8, 23],
			"to": [13, 10, 30],
			"faces": {
				"north": {"uv": [7, 9, 9.5, 9.5], "texture": "#1"},
				"east": {"uv": [9.5, 9, 11.25, 9.5], "texture": "#1"},
				"south": {"uv": [4, 9.25, 6.5, 9.75], "texture": "#1"},
				"west": {"uv": [1.75, 9.75, 3.5, 10.25], "texture": "#1"},
				"up": {"uv": [8.5, 6.25, 6, 4.5], "texture": "#1"},
				"down": {"uv": [2.5, 6.25, 0, 8], "texture": "#1"}
			}
		},
		{
			"from": [13, 8, 24],
			"to": [14, 10, 29],
			"faces": {
				"north": {"uv": [10.5, 1.75, 10.75, 2.25], "texture": "#1"},
				"east": {"uv": [9.75, 3, 11, 3.5], "texture": "#1"},
				"south": {"uv": [4.25, 10.5, 4.5, 11], "texture": "#1"},
				"west": {"uv": [3.5, 9.75, 4.75, 10.25], "texture": "#1"},
				"up": {"uv": [6.25, 11.5, 6, 10.25], "texture": "#1"},
				"down": {"uv": [6.5, 10.25, 6.25, 11.5], "texture": "#1"}
			}
		},
		{
			"from": [2, 8, 24],
			"to": [3, 10, 29],
			"faces": {
				"north": {"uv": [4.5, 10.5, 4.75, 11], "texture": "#1"},
				"east": {"uv": [9.75, 3.5, 11, 4], "texture": "#1"},
				"south": {"uv": [4.75, 10.5, 5, 11], "texture": "#1"},
				"west": {"uv": [9.75, 4, 11, 4.5], "texture": "#1"},
				"up": {"uv": [6.75, 11.5, 6.5, 10.25], "texture": "#1"},
				"down": {"uv": [7, 10.25, 6.75, 11.5], "texture": "#1"}
			}
		},
		{
			"from": [4, 10, 23],
			"to": [5, 11, 24],
			"faces": {
				"north": {"uv": [10.5, 8.75, 10.75, 9], "texture": "#1"},
				"east": {"uv": [10.75, 1, 11, 1.25], "texture": "#1"},
				"south": {"uv": [10.75, 6, 11, 6.25], "texture": "#1"},
				"west": {"uv": [10.75, 8.75, 11, 9], "texture": "#1"},
				"up": {"uv": [11.25, 1.25, 11, 1], "texture": "#1"},
				"down": {"uv": [11.25, 1.75, 11, 2], "texture": "#1"}
			}
		},
		{
			"from": [3, 12, 23],
			"to": [4, 13, 24],
			"faces": {
				"north": {"uv": [11, 2, 11.25, 2.25], "texture": "#1"},
				"east": {"uv": [11, 2.25, 11.25, 2.5], "texture": "#1"},
				"south": {"uv": [11, 3, 11.25, 3.25], "texture": "#1"},
				"west": {"uv": [11, 3.25, 11.25, 3.5], "texture": "#1"},
				"up": {"uv": [11.25, 3.75, 11, 3.5], "texture": "#1"},
				"down": {"uv": [11.25, 3.75, 11, 4], "texture": "#1"}
			}
		},
		{
			"from": [2, 13, 22],
			"to": [3, 14, 23],
			"faces": {
				"north": {"uv": [11, 4, 11.25, 4.25], "texture": "#1"},
				"east": {"uv": [4.25, 11, 4.5, 11.25], "texture": "#1"},
				"south": {"uv": [11, 4.25, 11.25, 4.5], "texture": "#1"},
				"west": {"uv": [4.5, 11, 4.75, 11.25], "texture": "#1"},
				"up": {"uv": [5, 11.25, 4.75, 11], "texture": "#1"},
				"down": {"uv": [5.25, 11, 5, 11.25], "texture": "#1"}
			}
		},
		{
			"from": [2, 11, 22],
			"to": [3, 12, 23],
			"faces": {
				"north": {"uv": [5.25, 11, 5.5, 11.25], "texture": "#1"},
				"east": {"uv": [5.5, 11, 5.75, 11.25], "texture": "#1"},
				"south": {"uv": [11, 5.5, 11.25, 5.75], "texture": "#1"},
				"west": {"uv": [5.75, 11, 6, 11.25], "texture": "#1"},
				"up": {"uv": [11.25, 6, 11, 5.75], "texture": "#1"},
				"down": {"uv": [11.25, 6, 11, 6.25], "texture": "#1"}
			}
		},
		{
			"from": [13, 13, 22],
			"to": [14, 15, 23],
			"faces": {
				"north": {"uv": [5, 10.5, 5.25, 11], "texture": "#1"},
				"east": {"uv": [5.25, 10.5, 5.5, 11], "texture": "#1"},
				"south": {"uv": [5.5, 10.5, 5.75, 11], "texture": "#1"},
				"west": {"uv": [5.75, 10.5, 6, 11], "texture": "#1"},
				"up": {"uv": [11.25, 7.5, 11, 7.25], "texture": "#1"},
				"down": {"uv": [11.25, 7.5, 11, 7.75], "texture": "#1"}
			}
		},
		{
			"from": [14, 15, 22],
			"to": [15, 16, 23],
			"faces": {
				"north": {"uv": [11, 7.75, 11.25, 8], "texture": "#1"},
				"east": {"uv": [11, 8, 11.25, 8.25], "texture": "#1"},
				"south": {"uv": [11, 8.25, 11.25, 8.5], "texture": "#1"},
				"west": {"uv": [11, 8.5, 11.25, 8.75], "texture": "#1"},
				"up": {"uv": [11.25, 9, 11, 8.75], "texture": "#1"},
				"down": {"uv": [11.25, 9.5, 11, 9.75], "texture": "#1"}
			}
		},
		{
			"from": [14, 14, 22],
			"to": [15, 15, 23],
			"faces": {
				"north": {"uv": [11, 9.75, 11.25, 10], "texture": "#1"},
				"east": {"uv": [11, 10, 11.25, 10.25], "texture": "#1"},
				"south": {"uv": [11, 10.25, 11.25, 10.5], "texture": "#1"},
				"west": {"uv": [11, 10.5, 11.25, 10.75], "texture": "#1"},
				"up": {"uv": [11, 11.25, 10.75, 11], "texture": "#1"},
				"down": {"uv": [11.25, 10.75, 11, 11], "texture": "#1"}
			}
		},
		{
			"from": [15, 15, 22],
			"to": [16, 16, 23],
			"faces": {
				"north": {"uv": [11, 11, 11.25, 11.25], "texture": "#1"},
				"east": {"uv": [11.25, 0, 11.5, 0.25], "texture": "#1"},
				"south": {"uv": [11.25, 0.25, 11.5, 0.5], "texture": "#1"},
				"west": {"uv": [11.25, 0.5, 11.5, 0.75], "texture": "#1"},
				"up": {"uv": [11.5, 1, 11.25, 0.75], "texture": "#1"},
				"down": {"uv": [11.5, 1, 11.25, 1.25], "texture": "#1"}
			}
		},
		{
			"from": [12, 15, 22],
			"to": [13, 16, 23],
			"faces": {
				"north": {"uv": [11.25, 1.75, 11.5, 2], "texture": "#1"},
				"east": {"uv": [11.25, 2, 11.5, 2.25], "texture": "#1"},
				"south": {"uv": [11.25, 2.25, 11.5, 2.5], "texture": "#1"},
				"west": {"uv": [11.25, 3, 11.5, 3.25], "texture": "#1"},
				"up": {"uv": [11.5, 3.5, 11.25, 3.25], "texture": "#1"},
				"down": {"uv": [11.5, 3.5, 11.25, 3.75], "texture": "#1"}
			}
		},
		{
			"from": [14, 14, 21],
			"to": [15, 15, 22],
			"faces": {
				"north": {"uv": [11.25, 3.75, 11.5, 4], "texture": "#1"},
				"east": {"uv": [11.25, 4, 11.5, 4.25], "texture": "#1"},
				"south": {"uv": [4.25, 11.25, 4.5, 11.5], "texture": "#1"},
				"west": {"uv": [11.25, 4.25, 11.5, 4.5], "texture": "#1"},
				"up": {"uv": [4.75, 11.5, 4.5, 11.25], "texture": "#1"},
				"down": {"uv": [5, 11.25, 4.75, 11.5], "texture": "#1"}
			}
		},
		{
			"from": [14, 16, 22],
			"to": [15, 17, 23],
			"faces": {
				"north": {"uv": [5, 11.25, 5.25, 11.5], "texture": "#1"},
				"east": {"uv": [11.25, 5, 11.5, 5.25], "texture": "#1"},
				"south": {"uv": [5.25, 11.25, 5.5, 11.5], "texture": "#1"},
				"west": {"uv": [11.25, 5.25, 11.5, 5.5], "texture": "#1"},
				"up": {"uv": [5.75, 11.5, 5.5, 11.25], "texture": "#1"},
				"down": {"uv": [11.5, 5.5, 11.25, 5.75], "texture": "#1"}
			}
		},
		{
			"from": [13, 17, 21],
			"to": [15, 18, 22],
			"faces": {
				"north": {"uv": [6.5, 9.25, 7, 9.5], "texture": "#1"},
				"east": {"uv": [5.75, 11.25, 6, 11.5], "texture": "#1"},
				"south": {"uv": [10.5, 2.25, 11, 2.5], "texture": "#1"},
				"west": {"uv": [11.25, 5.75, 11.5, 6], "texture": "#1"},
				"up": {"uv": [11, 7.5, 10.5, 7.25], "texture": "#1"},
				"down": {"uv": [11, 7.5, 10.5, 7.75], "texture": "#1"}
			}
		},
		{
			"from": [15, 15, 21],
			"to": [16, 17, 22],
			"faces": {
				"north": {"uv": [10.5, 7.75, 10.75, 8.25], "texture": "#1"},
				"east": {"uv": [10.5, 8.25, 10.75, 8.75], "texture": "#1"},
				"south": {"uv": [10.5, 9.5, 10.75, 10], "texture": "#1"},
				"west": {"uv": [10.5, 10.25, 10.75, 10.75], "texture": "#1"},
				"up": {"uv": [11.5, 6.25, 11.25, 6], "texture": "#1"},
				"down": {"uv": [11.5, 7.25, 11.25, 7.5], "texture": "#1"}
			}
		},
		{
			"from": [12, 12, 23],
			"to": [13, 13, 24],
			"faces": {
				"north": {"uv": [11.25, 7.5, 11.5, 7.75], "texture": "#1"},
				"east": {"uv": [11.25, 7.75, 11.5, 8], "texture": "#1"},
				"south": {"uv": [11.25, 8, 11.5, 8.25], "texture": "#1"},
				"west": {"uv": [11.25, 8.25, 11.5, 8.5], "texture": "#1"},
				"up": {"uv": [11.5, 8.75, 11.25, 8.5], "texture": "#1"},
				"down": {"uv": [11.5, 8.75, 11.25, 9], "texture": "#1"}
			}
		},
		{
			"from": [3, 10, 25],
			"to": [4, 11, 26],
			"faces": {
				"north": {"uv": [11.25, 9, 11.5, 9.25], "texture": "#1"},
				"east": {"uv": [11.25, 9.25, 11.5, 9.5], "texture": "#1"},
				"south": {"uv": [11.25, 9.5, 11.5, 9.75], "texture": "#1"},
				"west": {"uv": [11.25, 9.75, 11.5, 10], "texture": "#1"},
				"up": {"uv": [11.5, 10.25, 11.25, 10], "texture": "#1"},
				"down": {"uv": [11.5, 10.25, 11.25, 10.5], "texture": "#1"}
			}
		},
		{
			"from": [3, 10, 27],
			"to": [4, 11, 28],
			"faces": {
				"north": {"uv": [10.5, 11.25, 10.75, 11.5], "texture": "#1"},
				"east": {"uv": [11.25, 10.5, 11.5, 10.75], "texture": "#1"},
				"south": {"uv": [10.75, 11.25, 11, 11.5], "texture": "#1"},
				"west": {"uv": [11.25, 10.75, 11.5, 11], "texture": "#1"},
				"up": {"uv": [11.25, 11.5, 11, 11.25], "texture": "#1"},
				"down": {"uv": [11.5, 11, 11.25, 11.25], "texture": "#1"}
			}
		},
		{
			"from": [5, 10, 29],
			"to": [6, 11, 30],
			"faces": {
				"north": {"uv": [11.25, 11.25, 11.5, 11.5], "texture": "#1"},
				"east": {"uv": [11.5, 0, 11.75, 0.25], "texture": "#1"},
				"south": {"uv": [0.25, 11.5, 0.5, 11.75], "texture": "#1"},
				"west": {"uv": [11.5, 0.25, 11.75, 0.5], "texture": "#1"},
				"up": {"uv": [0.75, 11.75, 0.5, 11.5], "texture": "#1"},
				"down": {"uv": [11.75, 0.5, 11.5, 0.75], "texture": "#1"}
			}
		},
		{
			"from": [10, 10, 29],
			"to": [11, 11, 30],
			"faces": {
				"north": {"uv": [0.75, 11.5, 1, 11.75], "texture": "#1"},
				"east": {"uv": [11.5, 0.75, 11.75, 1], "texture": "#1"},
				"south": {"uv": [1, 11.5, 1.25, 11.75], "texture": "#1"},
				"west": {"uv": [11.5, 1, 11.75, 1.25], "texture": "#1"},
				"up": {"uv": [1.5, 11.75, 1.25, 11.5], "texture": "#1"},
				"down": {"uv": [11.75, 1.25, 11.5, 1.5], "texture": "#1"}
			}
		},
		{
			"from": [12, 10, 27],
			"to": [13, 11, 28],
			"faces": {
				"north": {"uv": [1.5, 11.5, 1.75, 11.75], "texture": "#1"},
				"east": {"uv": [11.5, 1.5, 11.75, 1.75], "texture": "#1"},
				"south": {"uv": [1.75, 11.5, 2, 11.75], "texture": "#1"},
				"west": {"uv": [11.5, 1.75, 11.75, 2], "texture": "#1"},
				"up": {"uv": [11.75, 2.25, 11.5, 2], "texture": "#1"},
				"down": {"uv": [11.75, 2.25, 11.5, 2.5], "texture": "#1"}
			}
		},
		{
			"from": [12, 10, 25],
			"to": [13, 11, 26],
			"faces": {
				"north": {"uv": [3, 11.5, 3.25, 11.75], "texture": "#1"},
				"east": {"uv": [11.5, 3, 11.75, 3.25], "texture": "#1"},
				"south": {"uv": [3.25, 11.5, 3.5, 11.75], "texture": "#1"},
				"west": {"uv": [11.5, 3.25, 11.75, 3.5], "texture": "#1"},
				"up": {"uv": [3.75, 11.75, 3.5, 11.5], "texture": "#1"},
				"down": {"uv": [11.75, 3.5, 11.5, 3.75], "texture": "#1"}
			}
		},
		{
			"from": [11, 10, 23],
			"to": [12, 11, 24],
			"faces": {
				"north": {"uv": [3.75, 11.5, 4, 11.75], "texture": "#1"},
				"east": {"uv": [11.5, 3.75, 11.75, 4], "texture": "#1"},
				"south": {"uv": [4, 11.5, 4.25, 11.75], "texture": "#1"},
				"west": {"uv": [11.5, 4, 11.75, 4.25], "texture": "#1"},
				"up": {"uv": [4.5, 11.75, 4.25, 11.5], "texture": "#1"},
				"down": {"uv": [11.75, 4.25, 11.5, 4.5], "texture": "#1"}
			}
		},
		{
			"from": [4, 10, 25],
			"to": [12, 15, 29],
			"faces": {
				"north": {"uv": [7.5, 0, 9.5, 1.25], "texture": "#1"},
				"east": {"uv": [9.5, 0, 10.5, 1.25], "texture": "#1"},
				"south": {"uv": [7.5, 1.25, 9.5, 2.5], "texture": "#1"},
				"west": {"uv": [9.5, 1.25, 10.5, 2.5], "texture": "#1"},
				"up": {"uv": [2, 9, 0, 8], "texture": "#1"},
				"down": {"uv": [4, 8, 2, 9], "texture": "#1"}
			}
		},
		{
			"from": [4, 13, 24],
			"to": [12, 15, 25],
			"faces": {
				"north": {"uv": [9.5, 6.25, 11.5, 6.75], "texture": "#1"},
				"east": {"uv": [10.75, 0, 11, 0.5], "texture": "#1"},
				"south": {"uv": [6.5, 9.5, 8.5, 10], "texture": "#1"},
				"west": {"uv": [10.75, 0.5, 11, 1], "texture": "#1"},
				"up": {"uv": [6.75, 10.25, 4.75, 10], "texture": "#1"},
				"down": {"uv": [8.75, 10, 6.75, 10.25], "texture": "#1"}
			}
		},
		{
			"from": [4, 12, 24],
			"to": [5, 13, 25],
			"faces": {
				"north": {"uv": [4.5, 11.5, 4.75, 11.75], "texture": "#1"},
				"east": {"uv": [11.5, 4.5, 11.75, 4.75], "texture": "#1"},
				"south": {"uv": [4.75, 11.5, 5, 11.75], "texture": "#1"},
				"west": {"uv": [11.5, 4.75, 11.75, 5], "texture": "#1"},
				"up": {"uv": [5.25, 11.75, 5, 11.5], "texture": "#1"},
				"down": {"uv": [11.75, 5, 11.5, 5.25], "texture": "#1"}
			}
		},
		{
			"from": [11, 12, 24],
			"to": [12, 13, 25],
			"faces": {
				"north": {"uv": [5.25, 11.5, 5.5, 11.75], "texture": "#1"},
				"east": {"uv": [11.5, 5.25, 11.75, 5.5], "texture": "#1"},
				"south": {"uv": [5.5, 11.5, 5.75, 11.75], "texture": "#1"},
				"west": {"uv": [11.5, 5.5, 11.75, 5.75], "texture": "#1"},
				"up": {"uv": [6, 11.75, 5.75, 11.5], "texture": "#1"},
				"down": {"uv": [11.75, 5.75, 11.5, 6], "texture": "#1"}
			}
		},
		{
			"from": [4, 10, 24],
			"to": [12, 12, 25],
			"faces": {
				"north": {"uv": [9.5, 6.75, 11.5, 7.25], "texture": "#1"},
				"east": {"uv": [10.75, 1.75, 11, 2.25], "texture": "#1"},
				"south": {"uv": [8.5, 9.5, 10.5, 10], "texture": "#1"},
				"west": {"uv": [10.75, 5.5, 11, 6], "texture": "#1"},
				"up": {"uv": [10.75, 10.25, 8.75, 10], "texture": "#1"},
				"down": {"uv": [2, 10.25, 0, 10.5], "texture": "#1"}
			}
		},
		{
			"from": [6, 12, 24],
			"to": [10, 13, 25],
			"faces": {
				"north": {"uv": [10.25, 5, 11.25, 5.25], "texture": "#1"},
				"east": {"uv": [6, 11.5, 6.25, 11.75], "texture": "#1"},
				"south": {"uv": [10.25, 5.25, 11.25, 5.5], "texture": "#1"},
				"west": {"uv": [11.5, 6, 11.75, 6.25], "texture": "#1"},
				"up": {"uv": [11.5, 1.5, 10.5, 1.25], "texture": "#1"},
				"down": {"uv": [11.5, 1.5, 10.5, 1.75], "texture": "#1"}
			}
		},
		{
			"from": [5, 15, 24],
			"to": [11, 16, 29],
			"faces": {
				"north": {"uv": [3, 10.25, 4.5, 10.5], "texture": "#1"},
				"east": {"uv": [10.25, 4.5, 11.5, 4.75], "texture": "#1"},
				"south": {"uv": [4.5, 10.25, 6, 10.5], "texture": "#1"},
				"west": {"uv": [10.25, 4.75, 11.5, 5], "texture": "#1"},
				"up": {"uv": [5.5, 9.25, 4, 8], "texture": "#1"},
				"down": {"uv": [7, 8, 5.5, 9.25], "texture": "#1"}
			}
		},
		{
			"from": [5, 13, 29],
			"to": [6, 17, 30],
			"faces": {
				"north": {"uv": [1.25, 10.5, 1.5, 11.5], "texture": "#1"},
				"east": {"uv": [1.5, 10.5, 1.75, 11.5], "texture": "#1"},
				"south": {"uv": [1.75, 10.5, 2, 11.5], "texture": "#1"},
				"west": {"uv": [3, 10.5, 3.25, 11.5], "texture": "#1"},
				"up": {"uv": [6.5, 11.75, 6.25, 11.5], "texture": "#1"},
				"down": {"uv": [11.75, 6.25, 11.5, 6.5], "texture": "#1"}
			}
		},
		{
			"from": [10, 13, 29],
			"to": [11, 17, 30],
			"faces": {
				"north": {"uv": [3.25, 10.5, 3.5, 11.5], "texture": "#1"},
				"east": {"uv": [3.5, 10.5, 3.75, 11.5], "texture": "#1"},
				"south": {"uv": [3.75, 10.5, 4, 11.5], "texture": "#1"},
				"west": {"uv": [4, 10.5, 4.25, 11.5], "texture": "#1"},
				"up": {"uv": [6.75, 11.75, 6.5, 11.5], "texture": "#1"},
				"down": {"uv": [11.75, 6.5, 11.5, 6.75], "texture": "#1"}
			}
		},
		{
			"from": [4, 12, 30],
			"to": [5, 17, 31],
			"faces": {
				"north": {"uv": [7, 10.25, 7.25, 11.5], "texture": "#1"},
				"east": {"uv": [7.25, 10.25, 7.5, 11.5], "texture": "#1"},
				"south": {"uv": [7.5, 10.25, 7.75, 11.5], "texture": "#1"},
				"west": {"uv": [7.75, 10.25, 8, 11.5], "texture": "#1"},
				"up": {"uv": [7, 11.75, 6.75, 11.5], "texture": "#1"},
				"down": {"uv": [11.75, 6.75, 11.5, 7], "texture": "#1"}
			}
		},
		{
			"from": [11, 12, 30],
			"to": [12, 17, 31],
			"faces": {
				"north": {"uv": [8, 10.25, 8.25, 11.5], "texture": "#1"},
				"east": {"uv": [8.25, 10.25, 8.5, 11.5], "texture": "#1"},
				"south": {"uv": [8.5, 10.25, 8.75, 11.5], "texture": "#1"},
				"west": {"uv": [8.75, 10.25, 9, 11.5], "texture": "#1"},
				"up": {"uv": [7.25, 11.75, 7, 11.5], "texture": "#1"},
				"down": {"uv": [11.75, 7, 11.5, 7.25], "texture": "#1"}
			}
		},
		{
			"from": [3, 11, 31],
			"to": [4, 16, 32],
			"faces": {
				"north": {"uv": [9, 10.25, 9.25, 11.5], "texture": "#1"},
				"east": {"uv": [9.25, 10.25, 9.5, 11.5], "texture": "#1"},
				"south": {"uv": [9.5, 10.25, 9.75, 11.5], "texture": "#1"},
				"west": {"uv": [9.75, 10.25, 10, 11.5], "texture": "#1"},
				"up": {"uv": [7.5, 11.75, 7.25, 11.5], "texture": "#1"},
				"down": {"uv": [11.75, 7.25, 11.5, 7.5], "texture": "#1"}
			}
		},
		{
			"from": [12, 11, 31],
			"to": [13, 16, 32],
			"faces": {
				"north": {"uv": [10, 10.25, 10.25, 11.5], "texture": "#1"},
				"east": {"uv": [10.25, 10.25, 10.5, 11.5], "texture": "#1"},
				"south": {"uv": [0, 10.5, 0.25, 11.75], "texture": "#1"},
				"west": {"uv": [10.5, 0, 10.75, 1.25], "texture": "#1"},
				"up": {"uv": [7.75, 11.75, 7.5, 11.5], "texture": "#1"},
				"down": {"uv": [11.75, 7.5, 11.5, 7.75], "texture": "#1"}
			}
		},
		{
			"from": [6, 14, 29],
			"to": [7, 16, 30],
			"faces": {
				"north": {"uv": [10.75, 7.75, 11, 8.25], "texture": "#1"},
				"east": {"uv": [10.75, 8.25, 11, 8.75], "texture": "#1"},
				"south": {"uv": [10.75, 9.5, 11, 10], "texture": "#1"},
				"west": {"uv": [10.75, 10, 11, 10.5], "texture": "#1"},
				"up": {"uv": [8, 11.75, 7.75, 11.5], "texture": "#1"},
				"down": {"uv": [11.75, 7.75, 11.5, 8], "texture": "#1"}
			}
		},
		{
			"from": [9, 14, 29],
			"to": [10, 16, 30],
			"faces": {
				"north": {"uv": [10.5, 10.75, 10.75, 11.25], "texture": "#1"},
				"east": {"uv": [10.75, 10.5, 11, 11], "texture": "#1"},
				"south": {"uv": [11, 0, 11.25, 0.5], "texture": "#1"},
				"west": {"uv": [11, 0.5, 11.25, 1], "texture": "#1"},
				"up": {"uv": [8.25, 11.75, 8, 11.5], "texture": "#1"},
				"down": {"uv": [11.75, 8, 11.5, 8.25], "texture": "#1"}
			}
		},
		{
			"from": [14, 0, 21.8],
			"to": [15, 2, 21.8],
			"faces": {
				"north": {"uv": [0, 4, 1, 6], "texture": "#2"},
				"east": {"uv": [1, 4, 2, 6], "texture": "#2"},
				"south": {"uv": [2, 4, 3, 6], "texture": "#2"},
				"west": {"uv": [3, 4, 4, 6], "texture": "#2"},
				"up": {"uv": [7, 9, 6, 8], "texture": "#2"},
				"down": {"uv": [8, 8, 7, 9], "texture": "#2"}
			}
		},
		{
			"from": [12, 4, 21.9],
			"to": [13, 6, 21.9],
			"faces": {
				"north": {"uv": [4, 4, 5, 6], "texture": "#2"},
				"east": {"uv": [5, 4, 6, 6], "texture": "#2"},
				"south": {"uv": [0, 6, 1, 8], "texture": "#2"},
				"west": {"uv": [6, 0, 7, 2], "texture": "#2"},
				"up": {"uv": [9, 9, 8, 8], "texture": "#2"},
				"down": {"uv": [1, 9, 0, 10], "texture": "#2"}
			}
		},
		{
			"from": [10, 1, 21.8],
			"to": [11, 3, 21.8],
			"faces": {
				"north": {"uv": [1, 6, 2, 8], "texture": "#2"},
				"east": {"uv": [2, 6, 3, 8], "texture": "#2"},
				"south": {"uv": [6, 2, 7, 4], "texture": "#2"},
				"west": {"uv": [3, 6, 4, 8], "texture": "#2"},
				"up": {"uv": [10, 1, 9, 0], "texture": "#2"},
				"down": {"uv": [2, 9, 1, 10], "texture": "#2"}
			}
		},
		{
			"from": [6, 6, 21.9],
			"to": [7, 7, 21.9],
			"faces": {
				"north": {"uv": [9, 1, 10, 2], "texture": "#2"},
				"east": {"uv": [2, 9, 3, 10], "texture": "#2"},
				"south": {"uv": [9, 2, 10, 3], "texture": "#2"},
				"west": {"uv": [3, 9, 4, 10], "texture": "#2"},
				"up": {"uv": [10, 4, 9, 3], "texture": "#2"},
				"down": {"uv": [10, 4, 9, 5], "texture": "#2"}
			}
		},
		{
			"from": [10, 7, 22.9],
			"to": [11, 9, 22.9],
			"faces": {
				"north": {"uv": [9, 5, 10, 6], "texture": "#2"},
				"east": {"uv": [6, 9, 7, 10], "texture": "#2"},
				"south": {"uv": [9, 6, 10, 7], "texture": "#2"},
				"west": {"uv": [7, 9, 8, 10], "texture": "#2"},
				"up": {"uv": [10, 8, 9, 7], "texture": "#2"},
				"down": {"uv": [9, 9, 8, 10], "texture": "#2"}
			}
		},
		{
			"from": [7, 2, 21.8],
			"to": [8, 4, 21.8],
			"faces": {
				"north": {"uv": [4, 6, 5, 8], "texture": "#2"},
				"east": {"uv": [6, 4, 7, 6], "texture": "#2"},
				"south": {"uv": [5, 6, 6, 8], "texture": "#2"},
				"west": {"uv": [6, 6, 7, 8], "texture": "#2"},
				"up": {"uv": [10, 9, 9, 8], "texture": "#2"},
				"down": {"uv": [10, 9, 9, 10], "texture": "#2"}
			}
		},
		{
			"from": [11, 3, 21.8],
			"to": [13, 4, 21.8],
			"faces": {
				"north": {"uv": [7, 0, 9, 1], "texture": "#2"},
				"east": {"uv": [0, 10, 1, 11], "texture": "#2"},
				"south": {"uv": [7, 1, 9, 2], "texture": "#2"},
				"west": {"uv": [10, 0, 11, 1], "texture": "#2"},
				"up": {"uv": [9, 3, 7, 2], "texture": "#2"},
				"down": {"uv": [9, 3, 7, 4], "texture": "#2"}
			}
		},
		{
			"from": [8, 4, 21.9],
			"to": [11, 5, 21.9],
			"faces": {
				"north": {"uv": [0, 0, 3, 1], "texture": "#2"},
				"east": {"uv": [1, 10, 2, 11], "texture": "#2"},
				"south": {"uv": [0, 1, 3, 2], "texture": "#2"},
				"west": {"uv": [10, 1, 11, 2], "texture": "#2"},
				"up": {"uv": [3, 3, 0, 2], "texture": "#2"},
				"down": {"uv": [3, 3, 0, 4], "texture": "#2"}
			}
		},
		{
			"from": [7, 7.1, 21.7],
			"to": [10, 7.1, 22.7],
			"faces": {
				"north": {"uv": [3, 0, 6, 1], "texture": "#2"},
				"east": {"uv": [2, 10, 3, 11], "texture": "#2"},
				"south": {"uv": [3, 1, 6, 2], "texture": "#2"},
				"west": {"uv": [10, 2, 11, 3], "texture": "#2"},
				"up": {"uv": [6, 3, 3, 2], "texture": "#2"},
				"down": {"uv": [6, 3, 3, 4], "texture": "#2"}
			}
		},
		{
			"from": [7, 5, 21.8],
			"to": [9, 6, 21.9],
			"faces": {
				"north": {"uv": [7, 4, 9, 5], "texture": "#2"},
				"east": {"uv": [3, 10, 4, 11], "texture": "#2"},
				"south": {"uv": [7, 5, 9, 6], "texture": "#2"},
				"west": {"uv": [10, 3, 11, 4], "texture": "#2"},
				"up": {"uv": [9, 7, 7, 6], "texture": "#2"},
				"down": {"uv": [9, 7, 7, 8], "texture": "#2"}
			}
		},
		{
			"from": [13, 2, 21.7],
			"to": [14, 3, 21.8],
			"faces": {
				"north": {"uv": [4, 10, 5, 11], "texture": "#2"},
				"east": {"uv": [10, 4, 11, 5], "texture": "#2"},
				"south": {"uv": [5, 10, 6, 11], "texture": "#2"},
				"west": {"uv": [10, 5, 11, 6], "texture": "#2"},
				"up": {"uv": [7, 11, 6, 10], "texture": "#2"},
				"down": {"uv": [11, 6, 10, 7], "texture": "#2"}
			}
		},
		{
			"from": [14, 3, 21.8],
			"to": [15, 4, 21.8],
			"faces": {
				"north": {"uv": [7, 10, 8, 11], "texture": "#2"},
				"east": {"uv": [10, 7, 11, 8], "texture": "#2"},
				"south": {"uv": [8, 10, 9, 11], "texture": "#2"},
				"west": {"uv": [10, 8, 11, 9], "texture": "#2"},
				"up": {"uv": [10, 11, 9, 10], "texture": "#2"},
				"down": {"uv": [11, 9, 10, 10], "texture": "#2"}
			}
		},
		{
			"from": [15.1, 3, 22],
			"to": [15.1, 5, 23],
			"faces": {
				"north": {"uv": [10, 10, 11, 11], "texture": "#2"},
				"east": {"uv": [0, 11, 1, 12], "texture": "#2"},
				"south": {"uv": [11, 0, 12, 1], "texture": "#2"},
				"west": {"uv": [1, 11, 2, 12], "texture": "#2"},
				"up": {"uv": [12, 2, 11, 1], "texture": "#2"},
				"down": {"uv": [3, 11, 2, 12], "texture": "#2"}
			}
		},
		{
			"from": [11, 0, 21.7],
			"to": [12, 1, 21.8],
			"faces": {
				"north": {"uv": [11, 2, 12, 3], "texture": "#2"},
				"east": {"uv": [3, 11, 4, 12], "texture": "#2"},
				"south": {"uv": [11, 3, 12, 4], "texture": "#2"},
				"west": {"uv": [4, 11, 5, 12], "texture": "#2"},
				"up": {"uv": [12, 5, 11, 4], "texture": "#2"},
				"down": {"uv": [6, 11, 5, 12], "texture": "#2"}
			}
		},
		{
			"from": [6, 2, 21.8],
			"to": [7, 3, 21.8],
			"faces": {
				"north": {"uv": [11, 5, 12, 6], "texture": "#2"},
				"east": {"uv": [6, 11, 7, 12], "texture": "#2"},
				"south": {"uv": [11, 6, 12, 7], "texture": "#2"},
				"west": {"uv": [7, 11, 8, 12], "texture": "#2"},
				"up": {"uv": [12, 8, 11, 7], "texture": "#2"},
				"down": {"uv": [9, 11, 8, 12], "texture": "#2"}
			}
		},
		{
			"from": [13, 6, 21.8],
			"to": [14, 7, 21.9],
			"faces": {
				"north": {"uv": [11, 8, 12, 9], "texture": "#2"},
				"east": {"uv": [9, 11, 10, 12], "texture": "#2"},
				"south": {"uv": [11, 9, 12, 10], "texture": "#2"},
				"west": {"uv": [10, 11, 11, 12], "texture": "#2"},
				"up": {"uv": [12, 11, 11, 10], "texture": "#2"},
				"down": {"uv": [12, 11, 11, 12], "texture": "#2"}
			}
		},
		{
			"from": [14, 7.1, 21.8],
			"to": [15, 7.1, 23.8],
			"faces": {
				"north": {"uv": [0, 12, 1, 13], "texture": "#2"},
				"east": {"uv": [0, 8, 2, 9], "texture": "#2"},
				"south": {"uv": [12, 0, 13, 1], "texture": "#2"},
				"west": {"uv": [2, 8, 4, 9], "texture": "#2"},
				"up": {"uv": [5, 10, 4, 8], "texture": "#2"},
				"down": {"uv": [6, 8, 5, 10], "texture": "#2"}
			}
		}
	],
	"groups": [
		{
			"name": "3",
			"origin": [8, 8, 8],
			"color": 0,
			"children": [
				{
					"name": "base",
					"origin": [0, 0, 0],
					"color": 0,
					"children": [0, 1, 2, 3, 4, 5, 6, 7]
				},
				{
					"name": "carb",
					"origin": [0, 0, 0],
					"color": 0,
					"children": [8, 9, 10, 11, 12, 13, 14, 15, 16, 17, 18, 19, 20, 21, 22, 23, 24, 25, 26, 27, 28, 29, 30, 31, 32, 33, 34, 35]
				},
				{
					"name": "wings",
					"origin": [0, 0, 0],
					"color": 0,
					"children": [36, 37, 38, 39, 40, 41, 42, 43]
				},
				{
					"name": "vine",
					"origin": [0, 0, 0],
					"color": 0,
					"children": [44, 45, 46, 47, 48, 49, 50, 51, 52, 53, 54, 55, 56, 57, 58, 59, 60]
				}
			]
		}
	]
}