{
	"credit": "Made with Blockbench",
	"textures": {
		"0": "mctc:decoration/headstones/headstone_gib",
		"particle": "mctc:decoration/headstones/headstone_gib"
	},
	"elements": [
		{
			"from": [2, 8, 29],
			"to": [14, 10, 30],
			"faces": {
				"north": {"uv": [3, 6, 15, 8], "texture": "#0"},
				"east": {"uv": [3, 6, 4, 8], "texture": "#0"},
				"south": {"uv": [3, 6, 15, 8], "texture": "#0"},
				"west": {"uv": [14, 6, 15, 8], "texture": "#0"},
				"up": {"uv": [15, 8, 3, 7], "texture": "#0"},
				"down": {"uv": [15, 7, 3, 8], "texture": "#0"}
			}
		},
		{
			"from": [15, 0, 28],
			"to": [16, 8, 31],
			"faces": {
				"north": {"uv": [0, 0, 0.25, 2], "texture": "#0"},
				"east": {"uv": [0, 0, 0.75, 2], "texture": "#0"},
				"south": {"uv": [0, 0, 0.25, 2], "texture": "#0"},
				"west": {"uv": [0, 0, 0.75, 2], "texture": "#0"},
				"up": {"uv": [0.25, 0.75, 0, 0], "texture": "#0"},
				"down": {"uv": [0.25, 0, 0, 0.75], "texture": "#0"}
			}
		},
		{
			"from": [14, 7, 28],
			"to": [15, 10, 29],
			"faces": {
				"north": {"uv": [0, 0, 0.25, 0.75], "texture": "#0"},
				"east": {"uv": [0, 0, 0.25, 0.75], "texture": "#0"},
				"south": {"uv": [0, 0, 0.25, 0.75], "texture": "#0"},
				"west": {"uv": [0, 0, 0.25, 0.75], "texture": "#0"},
				"up": {"uv": [0.25, 0.25, 0, 0], "texture": "#0"},
				"down": {"uv": [0.25, 0, 0, 0.25], "texture": "#0"}
			}
		},
		{
			"from": [1, 7, 28],
			"to": [2, 10, 29],
			"faces": {
				"north": {"uv": [0, 0, 0.25, 0.75], "texture": "#0"},
				"east": {"uv": [0, 0, 0.25, 0.75], "texture": "#0"},
				"south": {"uv": [0, 0, 0.25, 0.75], "texture": "#0"},
				"west": {"uv": [0, 0, 0.25, 0.75], "texture": "#0"},
				"up": {"uv": [0.25, 0.25, 0, 0], "texture": "#0"},
				"down": {"uv": [0.25, 0, 0, 0.25], "texture": "#0"}
			}
		},
		{
			"from": [1, 8, 29],
			"to": [2, 10, 30],
			"faces": {
				"north": {"uv": [0, 0, 0.25, 0.5], "texture": "#0"},
				"east": {"uv": [0, 0, 0.25, 0.5], "texture": "#0"},
				"south": {"uv": [0, 0, 0.25, 0.5], "texture": "#0"},
				"west": {"uv": [0, 0, 0.25, 0.5], "texture": "#0"},
				"up": {"uv": [0.25, 0.25, 0, 0], "texture": "#0"},
				"down": {"uv": [0.25, 0, 0, 0.25], "texture": "#0"}
			}
		},
		{
			"from": [14, 8, 29],
			"to": [15, 10, 30],
			"faces": {
				"north": {"uv": [0, 0, 0.25, 0.5], "texture": "#0"},
				"east": {"uv": [0, 0, 0.25, 0.5], "texture": "#0"},
				"south": {"uv": [0, 0, 0.25, 0.5], "texture": "#0"},
				"west": {"uv": [0, 0, 0.25, 0.5], "texture": "#0"},
				"up": {"uv": [0.25, 0.25, 0, 0], "texture": "#0"},
				"down": {"uv": [0.25, 0, 0, 0.25], "texture": "#0"}
			}
		},
		{
			"from": [1, 0, 30],
			"to": [15, 10, 31],
			"faces": {
				"north": {"uv": [0, 0, 3.5, 2.5], "texture": "#0"},
				"east": {"uv": [0, 0, 0.25, 2.5], "texture": "#0"},
				"south": {"uv": [0, 0, 3.5, 2.5], "texture": "#0"},
				"west": {"uv": [0, 0, 0.25, 2.5], "texture": "#0"},
				"up": {"uv": [3.5, 0.25, 0, 0], "texture": "#0"},
				"down": {"uv": [3.5, 0, 0, 0.25], "texture": "#0"}
			}
		},
		{
			"from": [13, 9, 28],
			"to": [14, 10, 29],
			"faces": {
				"north": {"uv": [0, 0, 0.25, 0.25], "texture": "#0"},
				"east": {"uv": [0, 0, 0.25, 0.25], "texture": "#0"},
				"south": {"uv": [0, 0, 0.25, 0.25], "texture": "#0"},
				"west": {"uv": [0, 0, 0.25, 0.25], "texture": "#0"},
				"up": {"uv": [0.25, 0.25, 0, 0], "texture": "#0"},
				"down": {"uv": [0.25, 0, 0, 0.25], "texture": "#0"}
			}
		},
		{
			"from": [2, 9, 28],
			"to": [3, 10, 29],
			"faces": {
				"north": {"uv": [0, 0, 0.25, 0.25], "texture": "#0"},
				"east": {"uv": [0, 0, 0.25, 0.25], "texture": "#0"},
				"south": {"uv": [0, 0, 0.25, 0.25], "texture": "#0"},
				"west": {"uv": [0, 0, 0.25, 0.25], "texture": "#0"},
				"up": {"uv": [0.25, 0.25, 0, 0], "texture": "#0"},
				"down": {"uv": [0.25, 0, 0, 0.25], "texture": "#0"}
			}
		},
		{
			"from": [2, 10, 28],
			"to": [14, 11, 31],
			"faces": {
				"north": {"uv": [0, 0, 3, 0.25], "texture": "#0"},
				"east": {"uv": [0, 0, 0.75, 0.25], "texture": "#0"},
				"south": {"uv": [0, 0, 3, 0.25], "texture": "#0"},
				"west": {"uv": [0, 0, 0.75, 0.25], "texture": "#0"},
				"up": {"uv": [3, 0.75, 0, 0], "texture": "#0"},
				"down": {"uv": [3, 0, 0, 0.75], "texture": "#0"}
			}
		},
		{
			"from": [0, 0, 28],
			"to": [1, 8, 31],
			"faces": {
				"north": {"uv": [0, 0, 0.25, 2], "texture": "#0"},
				"east": {"uv": [0, 0, 0.75, 2], "texture": "#0"},
				"south": {"uv": [0, 0, 0.25, 2], "texture": "#0"},
				"west": {"uv": [0, 0, 0.75, 2], "texture": "#0"},
				"up": {"uv": [0.25, 0.75, 0, 0], "texture": "#0"},
				"down": {"uv": [0.25, 0, 0, 0.75], "texture": "#0"}
			}
		},
		{
			"from": [1, 0, 29],
			"to": [15, 8, 30],
			"faces": {
				"north": {"uv": [2, 8, 16, 16], "texture": "#0"},
				"east": {"uv": [2, 8, 3, 16], "texture": "#0"},
				"south": {"uv": [2, 8, 16, 16], "texture": "#0"},
				"west": {"uv": [15, 8, 16, 16], "texture": "#0"},
				"up": {"uv": [16, 9, 2, 8], "texture": "#0"},
				"down": {"uv": [16, 15, 2, 16], "texture": "#0"}
			}
		}
	],
	"display": {
		"thirdperson_righthand": {
			"rotation": [64.18, 41.25, 2.18],
			"translation": [-0.25, 4.75, 0.5],
			"scale": [0.2, 0.2, 0.2]
		},
		"thirdperson_lefthand": {
			"rotation": [64.18, 41.25, 2.18],
			"translation": [-0.25, 4.75, 0.5],
			"scale": [0.2, 0.2, 0.2]
		},
		"ground": {
			"translation": [0, 0, -0.75],
			"scale": [0.2, 0.2, 0.2]
		},
		"gui": {
			"rotation": [-180, 0, -180],
			"translation": [0, -2, 0],
			"scale": [0.72461, 0.72461, 0.72461]
		},
		"head": {
			"translation": [0, 5.75, -8.75],
			"scale": [1.33398, 1.33398, 1.33398]
		},
		"fixed": {
			"translation": [0, -0.5, -9.5],
			"scale": [0.39336, 0.39336, 0.39336]
		}
	},
	"groups": [
		{
			"name": "hs",
			"origin": [0, 0, 0],
			"color": 0,
			"children": [0, 1, 2, 3, 4, 5, 6, 7, 8, 9, 10, 11]
		}
	]
}