{
	"credit": "Made with Blockbench",
	"texture_size": [128, 128],
	"textures": {
		"0": "mctc:decoration/headstones/headstone_apple",
		"particle": "mctc:decoration/headstones/headstone_apple"
	},
	"elements": [
		{
			"name": "top",
			"from": [6, 20, 30],
			"to": [10, 21, 32],
			"faces": {
				"north": {"uv": [3, 0, 5, 0.5], "texture": "#0"},
				"east": {"uv": [6.5, 13.125, 6.75, 13.25], "texture": "#0"},
				"south": {"uv": [11, 0, 13, 0.5], "texture": "#0"},
				"west": {"uv": [7.25, 13.125, 7.5, 13.25], "texture": "#0"},
				"up": {"uv": [7.25, 13.125, 6.75, 12.875], "texture": "#0"},
				"down": {"uv": [7.25, 15.75, 6.75, 16], "texture": "#0"}
			}
		},
		{
			"name": "bottom",
			"from": [0, 0, 30],
			"to": [16, 16, 32],
			"faces": {
				"north": {"uv": [0, 2.5, 8, 10.5], "texture": "#0", "cullface": "north"},
				"east": {"uv": [5.75, 13.75, 6, 15.75], "texture": "#0"},
				"south": {"uv": [8, 2.5, 16, 10.5], "texture": "#0"},
				"west": {"uv": [8, 13.75, 8.25, 15.75], "texture": "#0"},
				"up": {"uv": [8, 13.125, 6, 12.875], "texture": "#0"},
				"down": {"uv": [8, 15.75, 6, 16], "texture": "#0"}
			}
		},
		{
			"name": "lower_middle",
			"from": [1, 16, 30],
			"to": [15, 18, 32],
			"faces": {
				"north": {"uv": [0.5, 1.5, 7.5, 2.5], "texture": "#0"},
				"east": {"uv": [5.875, 13.5, 6.125, 13.75], "texture": "#0"},
				"south": {"uv": [8.5, 1.5, 15.5, 2.5], "texture": "#0"},
				"west": {"uv": [7.875, 13.5, 8.125, 13.75], "texture": "#0"},
				"up": {"uv": [7.875, 13.125, 6.125, 12.875], "texture": "#0"},
				"down": {"uv": [7.875, 15.75, 6.125, 16], "texture": "#0"}
			}
		},
		{
			"name": "upper_middle",
			"from": [3, 18, 30],
			"to": [13, 20, 32],
			"faces": {
				"north": {"uv": [1.5, 0.5, 6.5, 1.5], "texture": "#0"},
				"east": {"uv": [6.125, 13.25, 6.375, 13.5], "texture": "#0"},
				"south": {"uv": [9.5, 0.5, 14.5, 1.5], "texture": "#0"},
				"west": {"uv": [7.625, 13.25, 7.875, 13.5], "texture": "#0"},
				"up": {"uv": [7.625, 13.125, 6.375, 12.875], "texture": "#0"},
				"down": {"uv": [7.625, 15.75, 6.375, 16], "texture": "#0", "cullface": "down"}
			}
		},
		{
			"from": [0, 0, 29],
			"to": [1, 16, 30],
			"faces": {
				"north": {"uv": [7.875, 13.75, 8, 15.75], "texture": "#0"},
				"east": {"uv": [7.875, 13.75, 8, 15.75], "texture": "#0"},
				"south": {"uv": [7.875, 13.75, 8, 15.75], "texture": "#0"},
				"west": {"uv": [7.875, 13.75, 8, 15.75], "texture": "#0"},
				"up": {"uv": [8, 13.875, 7.875, 13.75], "texture": "#0"},
				"down": {"uv": [8, 15.625, 7.875, 15.75], "texture": "#0"}
			}
		},
		{
			"from": [15, 0, 29],
			"to": [16, 16, 30],
			"faces": {
				"north": {"uv": [6, 13.75, 6.125, 15.75], "texture": "#0"},
				"east": {"uv": [6, 13.75, 6.125, 15.75], "texture": "#0"},
				"south": {"uv": [6, 13.75, 6.125, 15.75], "texture": "#0"},
				"west": {"uv": [6, 13.75, 6.125, 15.75], "texture": "#0"},
				"up": {"uv": [6.125, 13.875, 6, 13.75], "texture": "#0"},
				"down": {"uv": [6.125, 15.625, 6, 15.75], "texture": "#0"}
			}
		},
		{
			"from": [1, 15, 29],
			"to": [2, 18, 30],
			"faces": {
				"north": {"uv": [7.75, 13.5, 7.875, 13.875], "texture": "#0"},
				"east": {"uv": [7.75, 13.5, 7.875, 13.875], "texture": "#0"},
				"south": {"uv": [7.75, 13.5, 7.875, 13.875], "texture": "#0"},
				"west": {"uv": [7.75, 13.5, 7.875, 13.875], "texture": "#0"},
				"up": {"uv": [7.875, 13.625, 7.75, 13.5], "texture": "#0"},
				"down": {"uv": [7.875, 13.75, 7.75, 13.875], "texture": "#0"}
			}
		},
		{
			"from": [14, 15, 29],
			"to": [15, 18, 30],
			"faces": {
				"north": {"uv": [6.125, 13.5, 6.25, 13.875], "texture": "#0"},
				"east": {"uv": [6.125, 13.5, 6.25, 13.875], "texture": "#0"},
				"south": {"uv": [6.125, 13.5, 6.25, 13.875], "texture": "#0"},
				"west": {"uv": [6.125, 13.5, 6.25, 13.875], "texture": "#0"},
				"up": {"uv": [6.25, 13.625, 6.125, 13.5], "texture": "#0"},
				"down": {"uv": [6.25, 13.75, 6.125, 13.875], "texture": "#0"}
			}
		},
		{
			"from": [2, 17, 29],
			"to": [3, 18, 30],
			"faces": {
				"north": {"uv": [7.625, 13.5, 7.75, 13.625], "texture": "#0"},
				"east": {"uv": [7.625, 13.5, 7.75, 13.625], "texture": "#0"},
				"south": {"uv": [7.625, 13.5, 7.75, 13.625], "texture": "#0"},
				"west": {"uv": [7.625, 13.5, 7.75, 13.625], "texture": "#0"},
				"up": {"uv": [7.75, 13.625, 7.625, 13.5], "texture": "#0"},
				"down": {"uv": [7.75, 13.5, 7.625, 13.625], "texture": "#0"}
			}
		},
		{
			"from": [13, 17, 29],
			"to": [14, 18, 30],
			"faces": {
				"north": {"uv": [6.25, 13.5, 6.375, 13.625], "texture": "#0"},
				"east": {"uv": [6.25, 13.5, 6.375, 13.625], "texture": "#0"},
				"south": {"uv": [6.25, 13.5, 6.375, 13.625], "texture": "#0"},
				"west": {"uv": [6.25, 13.5, 6.375, 13.625], "texture": "#0"},
				"up": {"uv": [6.375, 13.625, 6.25, 13.5], "texture": "#0"},
				"down": {"uv": [6.375, 13.5, 6.25, 13.625], "texture": "#0"}
			}
		},
		{
			"from": [3, 17, 29],
			"to": [4, 20, 30],
			"faces": {
				"north": {"uv": [7.5, 13.25, 7.625, 13.625], "texture": "#0"},
				"east": {"uv": [7.5, 13.25, 7.625, 13.625], "texture": "#0"},
				"south": {"uv": [7.5, 13.25, 7.625, 13.625], "texture": "#0"},
				"west": {"uv": [7.5, 13.25, 7.625, 13.625], "texture": "#0"},
				"up": {"uv": [7.625, 13.375, 7.5, 13.25], "texture": "#0"},
				"down": {"uv": [7.625, 13.5, 7.5, 13.625], "texture": "#0"}
			}
		},
		{
			"from": [12, 17, 29],
			"to": [13, 20, 30],
			"faces": {
				"north": {"uv": [6.375, 13.25, 6.5, 13.625], "texture": "#0"},
				"east": {"uv": [6.375, 13.25, 6.5, 13.625], "texture": "#0"},
				"south": {"uv": [6.375, 13.25, 6.5, 13.625], "texture": "#0"},
				"west": {"uv": [6.375, 13.25, 6.5, 13.625], "texture": "#0"},
				"up": {"uv": [6.5, 13.375, 6.375, 13.25], "texture": "#0"},
				"down": {"uv": [6.5, 13.5, 6.375, 13.625], "texture": "#0"}
			}
		},
		{
			"from": [4, 19, 29],
			"to": [7, 20, 30],
			"faces": {
				"north": {"uv": [7.125, 13.25, 7.5, 13.375], "texture": "#0"},
				"east": {"uv": [7.125, 13.25, 7.25, 13.375], "texture": "#0"},
				"south": {"uv": [7.125, 13.25, 7.5, 13.375], "texture": "#0"},
				"west": {"uv": [7.375, 13.25, 7.5, 13.375], "texture": "#0"},
				"up": {"uv": [7.5, 13.375, 7.125, 13.25], "texture": "#0"},
				"down": {"uv": [7.5, 13.25, 7.125, 13.375], "texture": "#0"}
			}
		},
		{
			"from": [9, 19, 29],
			"to": [12, 20, 30],
			"faces": {
				"north": {"uv": [6.5, 13.25, 6.875, 13.375], "texture": "#0"},
				"east": {"uv": [6.5, 13.25, 6.625, 13.375], "texture": "#0"},
				"south": {"uv": [6.5, 13.25, 6.875, 13.375], "texture": "#0"},
				"west": {"uv": [6.75, 13.25, 6.875, 13.375], "texture": "#0"},
				"up": {"uv": [6.875, 13.375, 6.5, 13.25], "texture": "#0"},
				"down": {"uv": [6.875, 13.25, 6.5, 13.375], "texture": "#0"}
			}
		},
		{
			"from": [6, 20, 29],
			"to": [10, 21, 30],
			"faces": {
				"north": {"uv": [6.75, 13.125, 7.25, 13.25], "texture": "#0"},
				"east": {"uv": [6.75, 13.125, 6.875, 13.25], "texture": "#0"},
				"south": {"uv": [6.75, 13.125, 7.25, 13.25], "texture": "#0"},
				"west": {"uv": [7.125, 13.125, 7.25, 13.25], "texture": "#0"},
				"up": {"uv": [7.25, 13.25, 6.75, 13.125], "texture": "#0"},
				"down": {"uv": [7.25, 13.125, 6.75, 13.25], "texture": "#0"}
			}
		}
	],
	"display": {
		"thirdperson_righthand": {
			"rotation": [64.18, 41.25, 2.18],
			"translation": [-0.25, 4.75, 0.5],
			"scale": [0.2, 0.2, 0.2]
		},
		"thirdperson_lefthand": {
			"rotation": [64.18, 41.25, 2.18],
			"translation": [0.25, 4.75, 0.5],
			"scale": [0.2, 0.2, 0.2]
		},
		"firstperson_righthand": {
			"rotation": [-180, 50.75, -180],
			"translation": [-2.75, 4, 4],
			"scale": [0.2, 0.2, 0.2]
		},
		"firstperson_lefthand": {
			"rotation": [-180, 50.75, -180],
			"translation": [-2.75, 4, 4],
			"scale": [0.2, 0.2, 0.2]
		},
		"ground": {
			"translation": [0, 0, -0.75],
			"scale": [0.2, 0.2, 0.2]
		},
		"gui": {
			"rotation": [-180, 0, -180],
			"translation": [0, -1.75, 0],
			"scale": [0.72461, 0.72461, 0.72461]
		},
		"head": {
			"translation": [0, 5.75, -8.75],
			"scale": [1.33398, 1.33398, 1.33398]
		},
		"fixed": {
			"translation": [0, -0.5, -9.5],
			"scale": [0.39336, 0.39336, 0.39336]
		}
	},
	"groups": [
		{
			"name": "headstone",
			"origin": [8, 8, 8],
			"color": 0,
			"children": [
				0,
				1,
				2,
				3,
				{
					"name": "brim",
					"origin": [0, 0, 0],
					"color": 0,
					"children": [4, 5, 6, 7, 8, 9, 10, 11, 12, 13, 14]
				}
			]
		}
	]
}