{
	"credit": "Made with Blockbench",
	"texture_size": [32, 32],
	"textures": {
		"1": "mctc:wands/lightning",
		"2": "mctc:wands/staff",
		"particle": "mctc:wands/staff"
	},
	"elements": [
		{
			"from": [6.9, 15.2, 7.3],
			"to": [7.3, 15.6, 7.7],
			"rotation": {"angle": 0, "axis": "y", "origin": [0, -10, 0]},
			"faces": {
				"north": {"uv": [7, 0, 8, 1], "texture": "#1"},
				"east": {"uv": [1, 7, 2, 8], "texture": "#1"},
				"south": {"uv": [7, 1, 8, 2], "texture": "#1"},
				"west": {"uv": [2, 7, 3, 8], "texture": "#1"},
				"up": {"uv": [8, 3, 7, 2], "texture": "#1"},
				"down": {"uv": [4, 7, 3, 8], "texture": "#1"}
			}
		},
		{
			"from": [7.7, 15.2, 7.3],
			"to": [8.1, 15.6, 7.7],
			"rotation": {"angle": 0, "axis": "y", "origin": [0, -10, 0]},
			"faces": {
				"north": {"uv": [4, 1, 5, 2], "texture": "#1"},
				"east": {"uv": [2, 4, 3, 5], "texture": "#1"},
				"south": {"uv": [4, 2, 5, 3], "texture": "#1"},
				"west": {"uv": [3, 4, 4, 5], "texture": "#1"},
				"up": {"uv": [5, 4, 4, 3], "texture": "#1"},
				"down": {"uv": [5, 4, 4, 5], "texture": "#1"}
			}
		},
		{
			"from": [7.3, 15.2, 7.7],
			"to": [7.7, 15.6, 8.1],
			"rotation": {"angle": 0, "axis": "y", "origin": [0, -10, 0]},
			"faces": {
				"north": {"uv": [5, 3, 6, 4], "texture": "#1"},
				"east": {"uv": [4, 5, 5, 6], "texture": "#1"},
				"south": {"uv": [5, 4, 6, 5], "texture": "#1"},
				"west": {"uv": [5, 5, 6, 6], "texture": "#1"},
				"up": {"uv": [1, 7, 0, 6], "texture": "#1"},
				"down": {"uv": [7, 0, 6, 1], "texture": "#1"}
			}
		},
		{
			"from": [7.7, 14.8, 6.9],
			"to": [7.8, 14.9, 7],
			"rotation": {"angle": 0, "axis": "y", "origin": [0, -10, 0]},
			"faces": {
				"north": {"uv": [4, 6, 5, 7], "texture": "#1"},
				"east": {"uv": [6, 4, 7, 5], "texture": "#1"},
				"south": {"uv": [5, 6, 6, 7], "texture": "#1"},
				"west": {"uv": [6, 5, 7, 6], "texture": "#1"},
				"up": {"uv": [7, 7, 6, 6], "texture": "#1"},
				"down": {"uv": [1, 7, 0, 8], "texture": "#1"}
			}
		},
		{
			"from": [7.7, 15.8, 8],
			"to": [7.8, 15.9, 8.1],
			"rotation": {"angle": 0, "axis": "y", "origin": [0, -10, 0]},
			"faces": {
				"north": {"uv": [4, 6, 5, 7], "texture": "#1"},
				"east": {"uv": [6, 4, 7, 5], "texture": "#1"},
				"south": {"uv": [5, 6, 6, 7], "texture": "#1"},
				"west": {"uv": [6, 5, 7, 6], "texture": "#1"},
				"up": {"uv": [7, 7, 6, 6], "texture": "#1"},
				"down": {"uv": [1, 7, 0, 8], "texture": "#1"}
			}
		},
		{
			"from": [7.7, 15, 8.1],
			"to": [7.8, 15.1, 8.2],
			"rotation": {"angle": 0, "axis": "y", "origin": [0, -10, 0]},
			"faces": {
				"north": {"uv": [4, 6, 5, 7], "texture": "#1"},
				"east": {"uv": [6, 4, 7, 5], "texture": "#1"},
				"south": {"uv": [5, 6, 6, 7], "texture": "#1"},
				"west": {"uv": [6, 5, 7, 6], "texture": "#1"},
				"up": {"uv": [7, 7, 6, 6], "texture": "#1"},
				"down": {"uv": [1, 7, 0, 8], "texture": "#1"}
			}
		},
		{
			"from": [7.1, 15.7, 7],
			"to": [7.2, 15.8, 7.1],
			"rotation": {"angle": 0, "axis": "y", "origin": [0, -10, 0]},
			"faces": {
				"north": {"uv": [3, 0, 4, 1], "texture": "#1"},
				"east": {"uv": [1, 3, 2, 4], "texture": "#1"},
				"south": {"uv": [3, 1, 4, 2], "texture": "#1"},
				"west": {"uv": [2, 3, 3, 4], "texture": "#1"},
				"up": {"uv": [4, 3, 3, 2], "texture": "#1"},
				"down": {"uv": [4, 3, 3, 4], "texture": "#1"}
			}
		},
		{
			"from": [6.9, 14.6, 7.6],
			"to": [7, 14.7, 7.7],
			"rotation": {"angle": 0, "axis": "y", "origin": [0, -10, 0]},
			"faces": {
				"north": {"uv": [3, 0, 4, 1], "texture": "#1"},
				"east": {"uv": [1, 3, 2, 4], "texture": "#1"},
				"south": {"uv": [3, 1, 4, 2], "texture": "#1"},
				"west": {"uv": [2, 3, 3, 4], "texture": "#1"},
				"up": {"uv": [4, 3, 3, 2], "texture": "#1"},
				"down": {"uv": [4, 3, 3, 4], "texture": "#1"}
			}
		},
		{
			"from": [7, 16, 8],
			"to": [7.1, 16.1, 8.1],
			"rotation": {"angle": 0, "axis": "y", "origin": [0, -10, 0]},
			"faces": {
				"north": {"uv": [1, 6, 2, 7], "texture": "#1"},
				"east": {"uv": [6, 1, 7, 2], "texture": "#1"},
				"south": {"uv": [2, 6, 3, 7], "texture": "#1"},
				"west": {"uv": [6, 2, 7, 3], "texture": "#1"},
				"up": {"uv": [4, 7, 3, 6], "texture": "#1"},
				"down": {"uv": [7, 3, 6, 4], "texture": "#1"}
			}
		},
		{
			"from": [7.2, 15.5, 6.7],
			"to": [7.3, 15.6, 6.8],
			"rotation": {"angle": 0, "axis": "y", "origin": [0, -10, 0]},
			"faces": {
				"north": {"uv": [1, 6, 2, 7], "texture": "#1"},
				"east": {"uv": [6, 1, 7, 2], "texture": "#1"},
				"south": {"uv": [2, 6, 3, 7], "texture": "#1"},
				"west": {"uv": [6, 2, 7, 3], "texture": "#1"},
				"up": {"uv": [4, 7, 3, 6], "texture": "#1"},
				"down": {"uv": [7, 3, 6, 4], "texture": "#1"}
			}
		},
		{
			"from": [7.3, 15.2, 6.9],
			"to": [7.7, 15.6, 7.3],
			"rotation": {"angle": 0, "axis": "y", "origin": [0, -10, 0]},
			"faces": {
				"north": {"uv": [5, 0, 6, 1], "texture": "#1"},
				"east": {"uv": [1, 5, 2, 6], "texture": "#1"},
				"south": {"uv": [5, 1, 6, 2], "texture": "#1"},
				"west": {"uv": [2, 5, 3, 6], "texture": "#1"},
				"up": {"uv": [6, 3, 5, 2], "texture": "#1"},
				"down": {"uv": [4, 5, 3, 6], "texture": "#1"}
			}
		},
		{
			"from": [7.3, 14.8, 7.3],
			"to": [7.7, 16, 7.7],
			"rotation": {"angle": 0, "axis": "y", "origin": [0, -10, 0]},
			"faces": {
				"north": {"uv": [0, 0, 1, 3], "texture": "#1"},
				"east": {"uv": [1, 0, 2, 3], "texture": "#1"},
				"south": {"uv": [2, 0, 3, 3], "texture": "#1"},
				"west": {"uv": [0, 3, 1, 6], "texture": "#1"},
				"up": {"uv": [5, 1, 4, 0], "texture": "#1"},
				"down": {"uv": [2, 4, 1, 5], "texture": "#1"}
			}
		},
		{
			"from": [6.5, 10, 6.7],
			"to": [7, 11, 8.2],
			"rotation": {"angle": 0, "axis": "y", "origin": [0, -10, 0]},
			"faces": {
				"north": {"uv": [6, 6, 6.5, 6.5], "texture": "#2"},
				"east": {"uv": [4, 3, 5, 3.5], "texture": "#2"},
				"south": {"uv": [6.5, 0, 7, 0.5], "texture": "#2"},
				"west": {"uv": [4, 3.5, 5, 4], "texture": "#2"},
				"up": {"uv": [4.5, 5, 4, 4], "texture": "#2"},
				"down": {"uv": [5, 1, 4.5, 2], "texture": "#2"}
			}
		},
		{
			"from": [8, 10, 6.7],
			"to": [8.5, 11, 8.2],
			"rotation": {"angle": 0, "axis": "y", "origin": [0, -10, 0]},
			"faces": {
				"north": {"uv": [6, 6, 6.5, 6.5], "texture": "#2"},
				"east": {"uv": [4, 3, 5, 3.5], "texture": "#2"},
				"south": {"uv": [6.5, 0, 7, 0.5], "texture": "#2"},
				"west": {"uv": [4, 3.5, 5, 4], "texture": "#2"},
				"up": {"uv": [4.5, 5, 4, 4], "texture": "#2"},
				"down": {"uv": [5, 1, 4.5, 2], "texture": "#2"}
			}
		},
		{
			"from": [7, 12.2, -1.3],
			"to": [8, 15, -0.5],
			"rotation": {"angle": 22.5, "axis": "x", "origin": [0, -10, 0]},
			"faces": {
				"north": {"uv": [2.5, 3, 3, 6], "texture": "#2"},
				"east": {"uv": [3, 3, 3.5, 6], "texture": "#2"},
				"south": {"uv": [3.5, 0, 4, 3], "texture": "#2"},
				"west": {"uv": [3.5, 3, 4, 6], "texture": "#2"},
				"up": {"uv": [5.5, 6.5, 5, 6], "texture": "#2"},
				"down": {"uv": [6.5, 5, 6, 5.5], "texture": "#2"}
			}
		},
		{
			"from": [7, 15.1, 6.1],
			"to": [8, 15.8, 6.4],
			"rotation": {"angle": 0, "axis": "y", "origin": [0, -10, 0]},
			"faces": {
				"north": {"uv": [4.5, 5, 5, 6], "texture": "#2"},
				"east": {"uv": [5, 5, 5.5, 6], "texture": "#2"},
				"south": {"uv": [5.5, 0, 6, 1], "texture": "#2"},
				"west": {"uv": [5.5, 1, 6, 2], "texture": "#2"},
				"up": {"uv": [7, 6.5, 6.5, 6], "texture": "#2"},
				"down": {"uv": [7, 6.5, 6.5, 7], "texture": "#2"}
			}
		},
		{
			"from": [7, 15.3, 8.6],
			"to": [8, 16, 8.9],
			"rotation": {"angle": 0, "axis": "y", "origin": [0, -10, 0]},
			"faces": {
				"north": {"uv": [5.5, 2, 6, 3], "texture": "#2"},
				"east": {"uv": [5.5, 3, 6, 4], "texture": "#2"},
				"south": {"uv": [5.5, 4, 6, 5], "texture": "#2"},
				"west": {"uv": [5.5, 5, 6, 6], "texture": "#2"},
				"up": {"uv": [7.5, 0.5, 7, 0], "texture": "#2"},
				"down": {"uv": [7.5, 0.5, 7, 1], "texture": "#2"}
			}
		},
		{
			"from": [7, 14.2, 5.9],
			"to": [8, 15.1, 6.4],
			"rotation": {"angle": 0, "axis": "y", "origin": [0, -10, 0]},
			"faces": {
				"north": {"uv": [5, 2, 5.5, 3], "texture": "#2"},
				"east": {"uv": [5, 3, 5.5, 4], "texture": "#2"},
				"south": {"uv": [4, 5, 4.5, 6], "texture": "#2"},
				"west": {"uv": [5, 4, 5.5, 5], "texture": "#2"},
				"up": {"uv": [7, 6, 6.5, 5.5], "texture": "#2"},
				"down": {"uv": [6.5, 6.5, 6, 7], "texture": "#2"}
			}
		},
		{
			"from": [7, 14.4, 8.6],
			"to": [8, 15.3, 9.1],
			"rotation": {"angle": 0, "axis": "y", "origin": [0, -10, 0]},
			"faces": {
				"north": {"uv": [6, 0, 6.5, 1], "texture": "#2"},
				"east": {"uv": [6, 1, 6.5, 2], "texture": "#2"},
				"south": {"uv": [2, 6, 2.5, 7], "texture": "#2"},
				"west": {"uv": [6, 2, 6.5, 3], "texture": "#2"},
				"up": {"uv": [7.5, 1.5, 7, 1], "texture": "#2"},
				"down": {"uv": [7.5, 1.5, 7, 2], "texture": "#2"}
			}
		},
		{
			"from": [7, 13.3, 8.3],
			"to": [8, 14.4, 9.1],
			"rotation": {"angle": 0, "axis": "y", "origin": [0, -10, 0]},
			"faces": {
				"north": {"uv": [2.5, 6, 3, 7], "texture": "#2"},
				"east": {"uv": [3, 6, 3.5, 7], "texture": "#2"},
				"south": {"uv": [6, 3, 6.5, 4], "texture": "#2"},
				"west": {"uv": [3.5, 6, 4, 7], "texture": "#2"},
				"up": {"uv": [2.5, 7.5, 2, 7], "texture": "#2"},
				"down": {"uv": [7.5, 2, 7, 2.5], "texture": "#2"}
			}
		},
		{
			"from": [7, 13.1, 5.9],
			"to": [8, 14.2, 6.7],
			"rotation": {"angle": 0, "axis": "y", "origin": [0, -10, 0]},
			"faces": {
				"north": {"uv": [4.5, 2, 5, 3], "texture": "#2"},
				"east": {"uv": [4.5, 4, 5, 5], "texture": "#2"},
				"south": {"uv": [5, 0, 5.5, 1], "texture": "#2"},
				"west": {"uv": [5, 1, 5.5, 2], "texture": "#2"},
				"up": {"uv": [7, 5.5, 6.5, 5], "texture": "#2"},
				"down": {"uv": [6, 6.5, 5.5, 7], "texture": "#2"}
			}
		},
		{
			"from": [7, 6, 14.3],
			"to": [8, 9.1, 15.1],
			"rotation": {"angle": -22.5, "axis": "x", "origin": [0, -10, 0]},
			"faces": {
				"north": {"uv": [2, 0, 2.5, 3], "texture": "#2"},
				"east": {"uv": [2.5, 0, 3, 3], "texture": "#2"},
				"south": {"uv": [3, 0, 3.5, 3], "texture": "#2"},
				"west": {"uv": [2, 3, 2.5, 6], "texture": "#2"},
				"up": {"uv": [5, 6.5, 4.5, 6], "texture": "#2"},
				"down": {"uv": [6.5, 4.5, 6, 5], "texture": "#2"}
			}
		},
		{
			"from": [7, 0, 7],
			"to": [8, 12, 8],
			"rotation": {"angle": 0, "axis": "y", "origin": [0, -10, 0]},
			"faces": {
				"north": {"uv": [0, 0, 0.5, 11], "texture": "#2"},
				"east": {"uv": [0.5, 0, 1, 11], "texture": "#2"},
				"south": {"uv": [1, 0, 1.5, 11], "texture": "#2"},
				"west": {"uv": [1.5, 0, 2, 11], "texture": "#2"},
				"up": {"uv": [4.5, 6.5, 4, 6], "texture": "#2"},
				"down": {"uv": [6.5, 4, 6, 4.5], "texture": "#2"}
			}
		},
		{
			"from": [7, 10, 6.4],
			"to": [8, 11, 7],
			"rotation": {"angle": 0, "axis": "y", "origin": [0, -10, 0]},
			"faces": {
				"north": {"uv": [6.5, 3.5, 7, 4], "texture": "#2"},
				"east": {"uv": [4, 6.5, 4.5, 7], "texture": "#2"},
				"south": {"uv": [6.5, 4, 7, 4.5], "texture": "#2"},
				"west": {"uv": [4.5, 6.5, 5, 7], "texture": "#2"},
				"up": {"uv": [7, 5, 6.5, 4.5], "texture": "#2"},
				"down": {"uv": [5.5, 6.5, 5, 7], "texture": "#2"}
			}
		},
		{
			"from": [7, 10, 8],
			"to": [8, 11, 8.6],
			"rotation": {"angle": 0, "axis": "y", "origin": [0, -10, 0]},
			"faces": {
				"north": {"uv": [6.5, 3.5, 7, 4], "texture": "#2"},
				"east": {"uv": [4, 6.5, 4.5, 7], "texture": "#2"},
				"south": {"uv": [6.5, 4, 7, 4.5], "texture": "#2"},
				"west": {"uv": [4.5, 6.5, 5, 7], "texture": "#2"},
				"up": {"uv": [7, 5, 6.5, 4.5], "texture": "#2"},
				"down": {"uv": [5.5, 6.5, 5, 7], "texture": "#2"}
			}
		}
	],
	"display": {
		"thirdperson_righthand": {
			"rotation": [59, 90, 0],
			"translation": [0.5, 1.25, 0.25],
			"scale": [1, 1.23, 1]
		},
		"thirdperson_lefthand": {
			"rotation": [59, 90, 0],
			"translation": [0.5, 0.5, -1.75]
		},
		"firstperson_righthand": {
			"rotation": [0, 56, 0],
			"translation": [0, 1, 0]
		},
		"firstperson_lefthand": {
			"rotation": [0, 56, 0],
			"translation": [0, 1, 0]
		},
		"ground": {
			"rotation": [90, 90, 0]
		},
		"gui": {
			"rotation": [0, 90, 0],
			"translation": [0.5, 0, -1]
		},
		"fixed": {
			"rotation": [0, 90, 0],
			"translation": [0.25, 0, -1]
		}
	}
}