{
	"credit": "Made with Blockbench",
	"parent": "minecraft:item/generated",
	"textures": {
		"layer0": "mctc:decoration/keys/feather"
	},
	"display": {
		"thirdperson_righthand": {
			"translation": [0.5, 2.5, 0],
			"scale": [0.4, 0.4, 0.4]
		},
		"thirdperson_lefthand": {
			"rotation": [0, 180, 0],
			"translation": [0.5, 2.5, 0],
			"scale": [0.4, 0.4, 0.4]
		},
		"firstperson_righthand": {
			"rotation": [0, 100, 0],
			"translation": [0.5, 3.25, 0.25],
			"scale": [0.59, 0.59, 0.59]
		},
		"firstperson_lefthand": {
			"rotation": [0, -80, 0],
			"translation": [0.5, 3.25, 0.25],
			"scale": [0.59, 0.59, 0.59]
		},
		"ground": {
			"translation": [0.5, 1.25, 0],
			"scale": [0.7, 0.7, 0.7]
		},
		"gui": {
			"rotation": [0, -150, 8],
			"translation": [0.5, 0.5, 0],
			"scale": [0.94, 0.94, 0.94]
		},
		"head": {
			"scale": [0.8, 0.8, 0.8]
		},
		"fixed": {
			"translation": [-0.5, -0.25, 0],
			"scale": [1.39, 1.39, 1.39]
		}
	}
}