{
	"credit": "Made with Blockbench",
	"parent": "minecraft:item/generated",
	"textures": {
		"layer0": "mctc:decoration/keys/hos_9"
	},
	"display": {
		"thirdperson_righthand": {
			"translation": [0.5, 2, 0],
			"scale": [0.5, 0.5, 0.5]
		},
		"thirdperson_lefthand": {
			"translation": [0.5, 2, 0],
			"scale": [0.5, 0.5, 0.5]
		},
		"firstperson_righthand": {
			"rotation": [0, 100, 0],
			"translation": [0.5, 3.5, 0.25],
			"scale": [0.59, 0.59, 0.59]
		},
		"firstperson_lefthand": {
			"rotation": [0, -100, 0],
			"translation": [0.5, 3.5, 0.25],
			"scale": [0.59, 0.59, 0.59]
		},
		"ground": {
			"translation": [0.5, 1.25, 0],
			"scale": [0.7, 0.7, 0.7]
		},
		"gui": {
			"rotation": [0, 27, 8],
			"translation": [0, -0.25, 0],
			"scale": [1.5, 1.5, 1.5]
		},
		"fixed": {
			"rotation": [0, -180, 0],
			"translation": [-0.5, -0.25, 0],
			"scale": [1.39, 1.39, 1.39]
		}
	}
}