{
	"credit": "Made with Blockbench",
	"texture_size": [64, 64],
	"textures": {
		"1": "mctc:decoration/keys/handle",
		"2": "mctc:decoration/keys/lock_feather"
	},
	"elements": [
		{
			"from": [5, 19, 1.1],
			"to": [6, 20, 3.1],
			"faces": {
				"north": {"uv": [1, 12, 2, 13], "texture": "#1"},
				"east": {"uv": [10, 6, 12, 7], "texture": "#1"},
				"south": {"uv": [12, 2, 13, 3], "texture": "#1"},
				"west": {"uv": [10, 7, 12, 8], "texture": "#1"},
				"up": {"uv": [9, 12, 8, 10], "texture": "#1"},
				"down": {"uv": [11, 8, 10, 10], "texture": "#1"}
			}
		},
		{
			"from": [3, 17, 1.1],
			"to": [5, 20, 3.1],
			"faces": {
				"north": {"uv": [6, 0, 8, 3], "texture": "#1"},
				"east": {"uv": [6, 3, 8, 6], "texture": "#1"},
				"south": {"uv": [6, 6, 8, 9], "texture": "#1"},
				"west": {"uv": [0, 8, 2, 11], "texture": "#1"},
				"up": {"uv": [10, 8, 8, 6], "texture": "#1"},
				"down": {"uv": [10, 8, 8, 10], "texture": "#1"}
			}
		},
		{
			"from": [5, 20, 1.1],
			"to": [11, 22, 3.1],
			"faces": {
				"north": {"uv": [0, 0, 6, 2], "texture": "#1"},
				"east": {"uv": [6, 9, 8, 11], "texture": "#1"},
				"south": {"uv": [0, 2, 6, 4], "texture": "#1"},
				"west": {"uv": [10, 0, 12, 2], "texture": "#1"},
				"up": {"uv": [6, 6, 0, 4], "texture": "#1"},
				"down": {"uv": [6, 6, 0, 8], "texture": "#1"}
			}
		},
		{
			"from": [4, 20, 1.1],
			"to": [5, 21, 3.1],
			"faces": {
				"north": {"uv": [12, 3, 13, 4], "texture": "#1"},
				"east": {"uv": [9, 10, 11, 11], "texture": "#1"},
				"south": {"uv": [4, 12, 5, 13], "texture": "#1"},
				"west": {"uv": [0, 11, 2, 12], "texture": "#1"},
				"up": {"uv": [3, 13, 2, 11], "texture": "#1"},
				"down": {"uv": [4, 11, 3, 13], "texture": "#1"}
			}
		},
		{
			"from": [11, 20, 1.1],
			"to": [12, 21, 3.1],
			"faces": {
				"north": {"uv": [12, 4, 13, 5], "texture": "#1"},
				"east": {"uv": [4, 11, 6, 12], "texture": "#1"},
				"south": {"uv": [5, 12, 6, 13], "texture": "#1"},
				"west": {"uv": [6, 11, 8, 12], "texture": "#1"},
				"up": {"uv": [12, 10, 11, 8], "texture": "#1"},
				"down": {"uv": [10, 11, 9, 13], "texture": "#1"}
			}
		},
		{
			"from": [11, 17, 1.1],
			"to": [13, 20, 3.1],
			"faces": {
				"north": {"uv": [8, 0, 10, 3], "texture": "#1"},
				"east": {"uv": [2, 8, 4, 11], "texture": "#1"},
				"south": {"uv": [8, 3, 10, 6], "texture": "#1"},
				"west": {"uv": [4, 8, 6, 11], "texture": "#1"},
				"up": {"uv": [12, 4, 10, 2], "texture": "#1"},
				"down": {"uv": [12, 4, 10, 6], "texture": "#1"}
			}
		},
		{
			"from": [10, 19, 1.1],
			"to": [11, 20, 3.1],
			"faces": {
				"north": {"uv": [12, 5, 13, 6], "texture": "#1"},
				"east": {"uv": [10, 11, 12, 12], "texture": "#1"},
				"south": {"uv": [6, 12, 7, 13], "texture": "#1"},
				"west": {"uv": [11, 10, 13, 11], "texture": "#1"},
				"up": {"uv": [1, 14, 0, 12], "texture": "#1"},
				"down": {"uv": [13, 0, 12, 2], "texture": "#1"}
			}
		},
		{
			"from": [-1, 1, 0.6],
			"to": [6, 2, 3.6],
			"rotation": {"angle": 0, "axis": "y", "origin": [0, 0, -7.5]},
			"faces": {
				"north": {"uv": [10.25, 4.25, 12, 4.5], "texture": "#2"},
				"east": {"uv": [0, 11, 0.75, 11.25], "texture": "#2"},
				"south": {"uv": [6, 10.25, 7.75, 10.5], "texture": "#2"},
				"west": {"uv": [4.5, 11, 5.25, 11.25], "texture": "#2"},
				"up": {"uv": [9, 3.75, 7.25, 3], "texture": "#2"},
				"down": {"uv": [9, 3.75, 7.25, 4.5], "texture": "#2"}
			}
		},
		{
			"from": [0, 0, 0.6],
			"to": [16, 1, 3.6],
			"rotation": {"angle": 0, "axis": "y", "origin": [0, 0, -7.5]},
			"faces": {
				"north": {"uv": [0, 8.25, 4, 8.5], "texture": "#2"},
				"east": {"uv": [5.25, 11, 6, 11.25], "texture": "#2"},
				"south": {"uv": [0, 8.5, 4, 8.75], "texture": "#2"},
				"west": {"uv": [6, 11, 6.75, 11.25], "texture": "#2"},
				"up": {"uv": [4, 2.25, 0, 1.5], "texture": "#2"},
				"down": {"uv": [4, 2.25, 0, 3], "texture": "#2"}
			}
		},
		{
			"from": [7, 1, 0.6],
			"to": [17, 2, 3.6],
			"rotation": {"angle": 0, "axis": "y", "origin": [0, 0, -7.5]},
			"faces": {
				"north": {"uv": [4.5, 1.25, 7, 1.5], "texture": "#2"},
				"east": {"uv": [6.75, 11, 7.5, 11.25], "texture": "#2"},
				"south": {"uv": [9, 2.5, 11.5, 2.75], "texture": "#2"},
				"west": {"uv": [7.5, 11, 8.25, 11.25], "texture": "#2"},
				"up": {"uv": [5.5, 5.75, 3, 5], "texture": "#2"},
				"down": {"uv": [2.5, 5.25, 0, 6], "texture": "#2"}
			}
		},
		{
			"from": [-1, 2, 0.6],
			"to": [2, 3, 3.6],
			"rotation": {"angle": 0, "axis": "y", "origin": [0, 0, -7.5]},
			"faces": {
				"north": {"uv": [8.75, 11, 9.5, 11.25], "texture": "#2"},
				"east": {"uv": [9.5, 11, 10.25, 11.25], "texture": "#2"},
				"south": {"uv": [11, 10, 11.75, 10.25], "texture": "#2"},
				"west": {"uv": [10.25, 11, 11, 11.25], "texture": "#2"},
				"up": {"uv": [6.75, 10.25, 6, 9.5], "texture": "#2"},
				"down": {"uv": [7.5, 9.5, 6.75, 10.25], "texture": "#2"}
			}
		},
		{
			"from": [9, 2, 0.6],
			"to": [17, 3, 3.6],
			"rotation": {"angle": 0, "axis": "y", "origin": [0, 0, -7.5]},
			"faces": {
				"north": {"uv": [10, 5.25, 12, 5.5], "texture": "#2"},
				"east": {"uv": [11, 10.25, 11.75, 10.5], "texture": "#2"},
				"south": {"uv": [10, 5.5, 12, 5.75], "texture": "#2"},
				"west": {"uv": [11, 10.5, 11.75, 10.75], "texture": "#2"},
				"up": {"uv": [8.5, 6.75, 6.5, 6], "texture": "#2"},
				"down": {"uv": [2, 6.75, 0, 7.5], "texture": "#2"}
			}
		},
		{
			"from": [-2, 3, 0.6],
			"to": [4, 4, 3.6],
			"rotation": {"angle": 0, "axis": "y", "origin": [0, 0, -7.5]},
			"faces": {
				"north": {"uv": [1.5, 10.25, 3, 10.5], "texture": "#2"},
				"east": {"uv": [11, 11, 11.75, 11.25], "texture": "#2"},
				"south": {"uv": [10.25, 8.25, 11.75, 8.5], "texture": "#2"},
				"west": {"uv": [0, 11.25, 0.75, 11.5], "texture": "#2"},
				"up": {"uv": [9, 2, 7.5, 1.25], "texture": "#2"},
				"down": {"uv": [3.25, 7.5, 1.75, 8.25], "texture": "#2"}
			}
		},
		{
			"from": [10, 3, 0.6],
			"to": [18, 4, 3.6],
			"rotation": {"angle": 0, "axis": "y", "origin": [0, 0, -7.5]},
			"faces": {
				"north": {"uv": [10, 7.5, 12, 7.75], "texture": "#2"},
				"east": {"uv": [0.75, 11.25, 1.5, 11.5], "texture": "#2"},
				"south": {"uv": [10.25, 4, 12.25, 4.25], "texture": "#2"},
				"west": {"uv": [1.5, 11.25, 2.25, 11.5], "texture": "#2"},
				"up": {"uv": [4, 7.5, 2, 6.75], "texture": "#2"},
				"down": {"uv": [6, 6.75, 4, 7.5], "texture": "#2"}
			}
		},
		{
			"from": [-2, 4, 0.6],
			"to": [3, 6, 3.6],
			"faces": {
				"north": {"uv": [4.75, 7.5, 6, 8], "texture": "#2"},
				"east": {"uv": [4, 8.25, 4.75, 8.75], "texture": "#2"},
				"south": {"uv": [9, 4, 10.25, 4.5], "texture": "#2"},
				"west": {"uv": [0, 10.5, 0.75, 11], "texture": "#2"},
				"up": {"uv": [9.75, 6.75, 8.5, 6], "texture": "#2"},
				"down": {"uv": [3.25, 8.75, 2, 9.5], "texture": "#2"}
			}
		},
		{
			"from": [3, 5, 0.6],
			"to": [5, 6, 3.6],
			"faces": {
				"north": {"uv": [2.5, 5.25, 3, 5.5], "texture": "#2"},
				"east": {"uv": [11.25, 1.5, 12, 1.75], "texture": "#2"},
				"south": {"uv": [2.5, 5.5, 3, 5.75], "texture": "#2"},
				"west": {"uv": [11.25, 1.75, 12, 2], "texture": "#2"},
				"up": {"uv": [8.25, 11, 7.75, 10.25], "texture": "#2"},
				"down": {"uv": [1.25, 10.5, 0.75, 11.25], "texture": "#2"}
			}
		},
		{
			"from": [12, 4, 0.6],
			"to": [18, 6, 3.6],
			"faces": {
				"north": {"uv": [9, 1.5, 10.5, 2], "texture": "#2"},
				"east": {"uv": [1.25, 10.5, 2, 11], "texture": "#2"},
				"south": {"uv": [9, 2, 10.5, 2.5], "texture": "#2"},
				"west": {"uv": [10.5, 1.5, 11.25, 2], "texture": "#2"},
				"up": {"uv": [9, 2.75, 7.5, 2], "texture": "#2"},
				"down": {"uv": [4.75, 7.5, 3.25, 8.25], "texture": "#2"}
			}
		},
		{
			"from": [11, 5, 0.6],
			"to": [12, 6, 3.6],
			"faces": {
				"north": {"uv": [9, 6.75, 9.25, 7], "texture": "#2"},
				"east": {"uv": [11.25, 2, 12, 2.25], "texture": "#2"},
				"south": {"uv": [9, 7, 9.25, 7.25], "texture": "#2"},
				"west": {"uv": [2.25, 11.25, 3, 11.5], "texture": "#2"},
				"up": {"uv": [2.5, 6.75, 2.25, 6], "texture": "#2"},
				"down": {"uv": [3.25, 11.25, 3, 12], "texture": "#2"}
			}
		},
		{
			"from": [-2, 6, 0.6],
			"to": [5, 10, 3.6],
			"faces": {
				"north": {"uv": [5.5, 5, 7.25, 6], "texture": "#2"},
				"east": {"uv": [9, 3, 9.75, 4], "texture": "#2"},
				"south": {"uv": [2.5, 5.75, 4.25, 6.75], "texture": "#2"},
				"west": {"uv": [8.25, 9, 9, 10], "texture": "#2"},
				"up": {"uv": [9, 5.75, 7.25, 5], "texture": "#2"},
				"down": {"uv": [7.75, 7.25, 6, 8], "texture": "#2"}
			}
		},
		{
			"from": [5, 8, 0.6],
			"to": [8, 10, 3.6],
			"faces": {
				"north": {"uv": [2, 10.5, 2.75, 11], "texture": "#2"},
				"east": {"uv": [10.5, 2, 11.25, 2.5], "texture": "#2"},
				"south": {"uv": [2.75, 10.5, 3.5, 11], "texture": "#2"},
				"west": {"uv": [10.5, 3, 11.25, 3.5], "texture": "#2"},
				"up": {"uv": [8.25, 10.25, 7.5, 9.5], "texture": "#2"},
				"down": {"uv": [0.75, 9.75, 0, 10.5], "texture": "#2"}
			}
		},
		{
			"from": [7, 7, 0.6],
			"to": [8, 8, 3.6],
			"faces": {
				"north": {"uv": [1.5, 10, 1.75, 10.25], "texture": "#2"},
				"east": {"uv": [11.25, 2.25, 12, 2.5], "texture": "#2"},
				"south": {"uv": [1.75, 10, 2, 10.25], "texture": "#2"},
				"west": {"uv": [11.25, 3, 12, 3.25], "texture": "#2"},
				"up": {"uv": [3.5, 12, 3.25, 11.25], "texture": "#2"},
				"down": {"uv": [3.75, 11.25, 3.5, 12], "texture": "#2"}
			}
		},
		{
			"from": [5, 7, 0.6],
			"to": [6, 8, 3.6],
			"faces": {
				"north": {"uv": [10.5, 6.5, 10.75, 6.75], "texture": "#2"},
				"east": {"uv": [11.25, 3.25, 12, 3.5], "texture": "#2"},
				"south": {"uv": [7.5, 10.5, 7.75, 10.75], "texture": "#2"},
				"west": {"uv": [3.75, 11.25, 4.5, 11.5], "texture": "#2"},
				"up": {"uv": [4.75, 12, 4.5, 11.25], "texture": "#2"},
				"down": {"uv": [11.5, 4.5, 11.25, 5.25], "texture": "#2"}
			}
		},
		{
			"from": [8, 9, 0.6],
			"to": [10, 10, 3.6],
			"faces": {
				"north": {"uv": [7, 1.25, 7.5, 1.5], "texture": "#2"},
				"east": {"uv": [4.75, 11.25, 5.5, 11.5], "texture": "#2"},
				"south": {"uv": [1.5, 9.75, 2, 10], "texture": "#2"},
				"west": {"uv": [5.5, 11.25, 6.25, 11.5], "texture": "#2"},
				"up": {"uv": [4, 11.25, 3.5, 10.5], "texture": "#2"},
				"down": {"uv": [4.5, 10.5, 4, 11.25], "texture": "#2"}
			}
		},
		{
			"from": [14, 6, 0.6],
			"to": [18, 10, 3.6],
			"faces": {
				"north": {"uv": [0, 8.75, 1, 9.75], "texture": "#2"},
				"east": {"uv": [9, 9, 9.75, 10], "texture": "#2"},
				"south": {"uv": [1, 8.75, 2, 9.75], "texture": "#2"},
				"west": {"uv": [9.25, 6.75, 10, 7.75], "texture": "#2"},
				"up": {"uv": [10, 5.75, 9, 5], "texture": "#2"},
				"down": {"uv": [10.25, 0, 9.25, 0.75], "texture": "#2"}
			}
		},
		{
			"from": [13, 8, 0.6],
			"to": [14, 9, 3.6],
			"faces": {
				"north": {"uv": [7.5, 10.75, 7.75, 11], "texture": "#2"},
				"east": {"uv": [11.25, 6, 12, 6.25], "texture": "#2"},
				"south": {"uv": [12, 1, 12.25, 1.25], "texture": "#2"},
				"west": {"uv": [6.25, 11.25, 7, 11.5], "texture": "#2"},
				"up": {"uv": [11.5, 7, 11.25, 6.25], "texture": "#2"},
				"down": {"uv": [7.25, 11.25, 7, 12], "texture": "#2"}
			}
		},
		{
			"from": [13, 6, 0.6],
			"to": [14, 7, 3.6],
			"faces": {
				"north": {"uv": [1.5, 12, 1.75, 12.25], "texture": "#2"},
				"east": {"uv": [11.25, 7, 12, 7.25], "texture": "#2"},
				"south": {"uv": [12, 1.5, 12.25, 1.75], "texture": "#2"},
				"west": {"uv": [7.25, 11.25, 8, 11.5], "texture": "#2"},
				"up": {"uv": [8.25, 12, 8, 11.25], "texture": "#2"},
				"down": {"uv": [9, 11.25, 8.75, 12], "texture": "#2"}
			}
		},
		{
			"from": [-2, 10, 0.6],
			"to": [10, 12, 3.6],
			"faces": {
				"north": {"uv": [6, 6.75, 9, 7.25], "texture": "#2"},
				"east": {"uv": [4.5, 10.5, 5.25, 11], "texture": "#2"},
				"south": {"uv": [7, 4.5, 10, 5], "texture": "#2"},
				"west": {"uv": [5.25, 10.5, 6, 11], "texture": "#2"},
				"up": {"uv": [3, 5.25, 0, 4.5], "texture": "#2"},
				"down": {"uv": [7.5, 0, 4.5, 0.75], "texture": "#2"}
			}
		},
		{
			"from": [10, 11, 0.6],
			"to": [11, 12, 3.6],
			"faces": {
				"north": {"uv": [1.75, 12, 2, 12.25], "texture": "#2"},
				"east": {"uv": [9, 11.25, 9.75, 11.5], "texture": "#2"},
				"south": {"uv": [12, 1.75, 12.25, 2], "texture": "#2"},
				"west": {"uv": [11.25, 9, 12, 9.25], "texture": "#2"},
				"up": {"uv": [11.5, 10, 11.25, 9.25], "texture": "#2"},
				"down": {"uv": [10, 11.25, 9.75, 12], "texture": "#2"}
			}
		},
		{
			"from": [15, 10, 0.6],
			"to": [18, 12, 3.6],
			"faces": {
				"north": {"uv": [6, 10.5, 6.75, 11], "texture": "#2"},
				"east": {"uv": [10.5, 6, 11.25, 6.5], "texture": "#2"},
				"south": {"uv": [6.75, 10.5, 7.5, 11], "texture": "#2"},
				"west": {"uv": [10.5, 9, 11.25, 9.5], "texture": "#2"},
				"up": {"uv": [1.5, 10.5, 0.75, 9.75], "texture": "#2"},
				"down": {"uv": [10.5, 3, 9.75, 3.75], "texture": "#2"}
			}
		},
		{
			"from": [14, 11, 0.6],
			"to": [15, 12, 3.6],
			"faces": {
				"north": {"uv": [2, 12, 2.25, 12.25], "texture": "#2"},
				"east": {"uv": [10, 11.25, 10.75, 11.5], "texture": "#2"},
				"south": {"uv": [12, 2, 12.25, 2.25], "texture": "#2"},
				"west": {"uv": [10.75, 11.25, 11.5, 11.5], "texture": "#2"},
				"up": {"uv": [0.25, 12.25, 0, 11.5], "texture": "#2"},
				"down": {"uv": [0.5, 11.5, 0.25, 12.25], "texture": "#2"}
			}
		},
		{
			"from": [-2, 12, 0.6],
			"to": [12, 13, 3.6],
			"faces": {
				"north": {"uv": [8.5, 0.75, 12, 1], "texture": "#2"},
				"east": {"uv": [0.5, 11.5, 1.25, 11.75], "texture": "#2"},
				"south": {"uv": [8.5, 1, 12, 1.25], "texture": "#2"},
				"west": {"uv": [1.25, 11.5, 2, 11.75], "texture": "#2"},
				"up": {"uv": [7.5, 2.25, 4, 1.5], "texture": "#2"},
				"down": {"uv": [7.5, 2.25, 4, 3], "texture": "#2"}
			}
		},
		{
			"from": [13, 12, 0.6],
			"to": [18, 13, 3.6],
			"faces": {
				"north": {"uv": [4.25, 5.75, 5.5, 6], "texture": "#2"},
				"east": {"uv": [2, 11.5, 2.75, 11.75], "texture": "#2"},
				"south": {"uv": [11, 0.25, 12.25, 0.5], "texture": "#2"},
				"west": {"uv": [11.5, 2.5, 12.25, 2.75], "texture": "#2"},
				"up": {"uv": [4.5, 9.5, 3.25, 8.75], "texture": "#2"},
				"down": {"uv": [5.75, 8.75, 4.5, 9.5], "texture": "#2"}
			}
		},
		{
			"from": [-1, 13, 0.6],
			"to": [12, 14, 3.6],
			"faces": {
				"north": {"uv": [8.25, 8.75, 11.5, 9], "texture": "#2"},
				"east": {"uv": [3.75, 11.5, 4.5, 11.75], "texture": "#2"},
				"south": {"uv": [9, 1.25, 12.25, 1.5], "texture": "#2"},
				"west": {"uv": [11.5, 4.5, 12.25, 4.75], "texture": "#2"},
				"up": {"uv": [7.25, 3.75, 4, 3], "texture": "#2"},
				"down": {"uv": [7.25, 3.75, 4, 4.5], "texture": "#2"}
			}
		},
		{
			"from": [13, 13, 0.6],
			"to": [17, 14, 3.6],
			"faces": {
				"north": {"uv": [8.75, 10.75, 9.75, 11], "texture": "#2"},
				"east": {"uv": [4.75, 11.5, 5.5, 11.75], "texture": "#2"},
				"south": {"uv": [2.5, 11, 3.5, 11.25], "texture": "#2"},
				"west": {"uv": [11.5, 4.75, 12.25, 5], "texture": "#2"},
				"up": {"uv": [10.25, 8.5, 9.25, 7.75], "texture": "#2"},
				"down": {"uv": [3, 9.5, 2, 10.25], "texture": "#2"}
			}
		},
		{
			"from": [-1, 14, 0.6],
			"to": [17, 15, 3.6],
			"faces": {
				"north": {"uv": [7.25, 5.75, 11.75, 6], "texture": "#2"},
				"east": {"uv": [11.5, 5, 12.25, 5.25], "texture": "#2"},
				"south": {"uv": [7.5, 2.75, 12, 3], "texture": "#2"},
				"west": {"uv": [5.5, 11.5, 6.25, 11.75], "texture": "#2"},
				"up": {"uv": [4.5, 0.75, 0, 0], "texture": "#2"},
				"down": {"uv": [4.5, 0.75, 0, 1.5], "texture": "#2"}
			}
		},
		{
			"from": [0, 15, 0.6],
			"to": [16, 17, 3.6],
			"faces": {
				"north": {"uv": [4.5, 0.75, 8.5, 1.25], "texture": "#2"},
				"east": {"uv": [10.5, 9.5, 11.25, 10], "texture": "#2"},
				"south": {"uv": [3, 4.5, 7, 5], "texture": "#2"},
				"west": {"uv": [9.75, 10.5, 10.5, 11], "texture": "#2"},
				"up": {"uv": [4, 3.75, 0, 3], "texture": "#2"},
				"down": {"uv": [4, 3.75, 0, 4.5], "texture": "#2"}
			}
		},
		{
			"from": [10, 6, 1],
			"to": [13, 10, 4.1],
			"faces": {
				"north": {"uv": [3, 9.5, 3.75, 10.5], "texture": "#2"},
				"east": {"uv": [3.75, 9.5, 4.5, 10.5], "texture": "#2"},
				"south": {"uv": [4.5, 9.5, 5.25, 10.5], "texture": "#2"},
				"west": {"uv": [5.25, 9.5, 6, 10.5], "texture": "#2"},
				"up": {"uv": [10.5, 6.75, 9.75, 6], "texture": "#2"},
				"down": {"uv": [10.5, 9, 9.75, 9.75], "texture": "#2"}
			}
		},
		{
			"from": [8, 6, 1],
			"to": [10, 9, 4.1],
			"faces": {
				"north": {"uv": [10.5, 10, 11, 10.75], "texture": "#2"},
				"east": {"uv": [9.75, 9.75, 10.5, 10.5], "texture": "#2"},
				"south": {"uv": [10.75, 4.5, 11.25, 5.25], "texture": "#2"},
				"west": {"uv": [10, 4.5, 10.75, 5.25], "texture": "#2"},
				"up": {"uv": [11.25, 7.25, 10.75, 6.5], "texture": "#2"},
				"down": {"uv": [8.75, 10.75, 8.25, 11.5], "texture": "#2"}
			}
		},
		{
			"from": [5, 6, 1],
			"to": [8, 7, 4.1],
			"faces": {
				"north": {"uv": [6.25, 11.5, 7, 11.75], "texture": "#2"},
				"east": {"uv": [11.5, 6.25, 12.25, 6.5], "texture": "#2"},
				"south": {"uv": [11.5, 6.5, 12.25, 6.75], "texture": "#2"},
				"west": {"uv": [11.5, 6.75, 12.25, 7], "texture": "#2"},
				"up": {"uv": [10.75, 7.5, 10, 6.75], "texture": "#2"},
				"down": {"uv": [9, 10, 8.25, 10.75], "texture": "#2"}
			}
		},
		{
			"from": [6, 7, 1],
			"to": [7, 8, 4.1],
			"faces": {
				"north": {"uv": [12, 2.25, 12.25, 2.5], "texture": "#2"},
				"east": {"uv": [7.25, 11.5, 8, 11.75], "texture": "#2"},
				"south": {"uv": [12, 2.75, 12.25, 3], "texture": "#2"},
				"west": {"uv": [11.5, 8.5, 12.25, 8.75], "texture": "#2"},
				"up": {"uv": [3, 12.25, 2.75, 11.5], "texture": "#2"},
				"down": {"uv": [8.5, 11.5, 8.25, 12.25], "texture": "#2"}
			}
		},
		{
			"from": [13, 7, 1],
			"to": [14, 8, 4.1],
			"faces": {
				"north": {"uv": [3, 12, 3.25, 12.25], "texture": "#2"},
				"east": {"uv": [11.5, 8.75, 12.25, 9], "texture": "#2"},
				"south": {"uv": [12, 3, 12.25, 3.25], "texture": "#2"},
				"west": {"uv": [9, 11.5, 9.75, 11.75], "texture": "#2"},
				"up": {"uv": [8.75, 12.25, 8.5, 11.5], "texture": "#2"},
				"down": {"uv": [11.75, 9.25, 11.5, 10], "texture": "#2"}
			}
		},
		{
			"from": [13, 9, 1],
			"to": [14, 10, 4.1],
			"faces": {
				"north": {"uv": [3.25, 12, 3.5, 12.25], "texture": "#2"},
				"east": {"uv": [10, 11.5, 10.75, 11.75], "texture": "#2"},
				"south": {"uv": [12, 3.25, 12.25, 3.5], "texture": "#2"},
				"west": {"uv": [10.75, 11.5, 11.5, 11.75], "texture": "#2"},
				"up": {"uv": [11.75, 12, 11.5, 11.25], "texture": "#2"},
				"down": {"uv": [0.75, 11.75, 0.5, 12.5], "texture": "#2"}
			}
		},
		{
			"from": [6, 1, 1],
			"to": [7, 2, 4.1],
			"faces": {
				"north": {"uv": [3.5, 12, 3.75, 12.25], "texture": "#2"},
				"east": {"uv": [0.75, 11.75, 1.5, 12], "texture": "#2"},
				"south": {"uv": [12, 3.5, 12.25, 3.75], "texture": "#2"},
				"west": {"uv": [1.5, 11.75, 2.25, 12], "texture": "#2"},
				"up": {"uv": [2.5, 12.5, 2.25, 11.75], "texture": "#2"},
				"down": {"uv": [2.75, 11.75, 2.5, 12.5], "texture": "#2"}
			}
		},
		{
			"from": [2, 2, 1],
			"to": [9, 3, 4.1],
			"faces": {
				"north": {"uv": [10.25, 7.75, 12, 8], "texture": "#2"},
				"east": {"uv": [3.75, 11.75, 4.5, 12], "texture": "#2"},
				"south": {"uv": [10.25, 8, 12, 8.25], "texture": "#2"},
				"west": {"uv": [4.75, 11.75, 5.5, 12], "texture": "#2"},
				"up": {"uv": [1.75, 8.25, 0, 7.5], "texture": "#2"},
				"down": {"uv": [9.25, 0, 7.5, 0.75], "texture": "#2"}
			}
		},
		{
			"from": [12, 13, 1],
			"to": [13, 14, 4.1],
			"faces": {
				"north": {"uv": [3.75, 12, 4, 12.25], "texture": "#2"},
				"east": {"uv": [5.5, 11.75, 6.25, 12], "texture": "#2"},
				"south": {"uv": [12, 3.75, 12.25, 4], "texture": "#2"},
				"west": {"uv": [11.75, 5.75, 12.5, 6], "texture": "#2"},
				"up": {"uv": [6.5, 12.5, 6.25, 11.75], "texture": "#2"},
				"down": {"uv": [6.75, 11.75, 6.5, 12.5], "texture": "#2"}
			}
		},
		{
			"from": [4, 3, 1],
			"to": [10, 4, 4.1],
			"faces": {
				"north": {"uv": [10.5, 3.5, 12, 3.75], "texture": "#2"},
				"east": {"uv": [7.25, 11.75, 8, 12], "texture": "#2"},
				"south": {"uv": [10.75, 7.25, 12.25, 7.5], "texture": "#2"},
				"west": {"uv": [11.75, 8.25, 12.5, 8.5], "texture": "#2"},
				"up": {"uv": [9.25, 8, 7.75, 7.25], "texture": "#2"},
				"down": {"uv": [6.25, 8, 4.75, 8.75], "texture": "#2"}
			}
		},
		{
			"from": [12, 12, 1],
			"to": [13, 13, 4.1],
			"faces": {
				"north": {"uv": [4, 12, 4.25, 12.25], "texture": "#2"},
				"east": {"uv": [9, 11.75, 9.75, 12], "texture": "#2"},
				"south": {"uv": [4.25, 12, 4.5, 12.25], "texture": "#2"},
				"west": {"uv": [11.75, 9.25, 12.5, 9.5], "texture": "#2"},
				"up": {"uv": [7, 12.5, 6.75, 11.75], "texture": "#2"},
				"down": {"uv": [12, 9.5, 11.75, 10.25], "texture": "#2"}
			}
		},
		{
			"from": [5, 5, 1],
			"to": [11, 6, 4.1],
			"faces": {
				"north": {"uv": [10.5, 10.75, 12, 11], "texture": "#2"},
				"east": {"uv": [10, 11.75, 10.75, 12], "texture": "#2"},
				"south": {"uv": [11, 0, 12.5, 0.25], "texture": "#2"},
				"west": {"uv": [11.75, 10.25, 12.5, 10.5], "texture": "#2"},
				"up": {"uv": [7.75, 8.75, 6.25, 8], "texture": "#2"},
				"down": {"uv": [9.25, 8, 7.75, 8.75], "texture": "#2"}
			}
		},
		{
			"from": [3, 4, 1],
			"to": [12, 5, 4.1],
			"faces": {
				"north": {"uv": [9.25, 8.5, 11.5, 8.75], "texture": "#2"},
				"east": {"uv": [11.75, 10.5, 12.5, 10.75], "texture": "#2"},
				"south": {"uv": [9.75, 3.75, 12, 4], "texture": "#2"},
				"west": {"uv": [10.75, 11.75, 11.5, 12], "texture": "#2"},
				"up": {"uv": [2.25, 6.75, 0, 6], "texture": "#2"},
				"down": {"uv": [6.5, 6, 4.25, 6.75], "texture": "#2"}
			}
		},
		{
			"from": [11, 11, 1],
			"to": [14, 12, 4.1],
			"faces": {
				"north": {"uv": [11.75, 11, 12.5, 11.25], "texture": "#2"},
				"east": {"uv": [11.75, 11.25, 12.5, 11.5], "texture": "#2"},
				"south": {"uv": [11.75, 11.5, 12.5, 11.75], "texture": "#2"},
				"west": {"uv": [11.75, 11.75, 12.5, 12], "texture": "#2"},
				"up": {"uv": [9.75, 10.75, 9, 10], "texture": "#2"},
				"down": {"uv": [11, 0, 10.25, 0.75], "texture": "#2"}
			}
		},
		{
			"from": [10, 10, 1],
			"to": [15, 11, 4.1],
			"faces": {
				"north": {"uv": [11, 0.5, 12.25, 0.75], "texture": "#2"},
				"east": {"uv": [0.75, 12, 1.5, 12.25], "texture": "#2"},
				"south": {"uv": [1.25, 11, 2.5, 11.25], "texture": "#2"},
				"west": {"uv": [12, 0.75, 12.75, 1], "texture": "#2"},
				"up": {"uv": [7, 9.5, 5.75, 8.75], "texture": "#2"},
				"down": {"uv": [8.25, 8.75, 7, 9.5], "texture": "#2"}
			}
		}
	],
	"display": {
		"thirdperson_righthand": {
			"rotation": [78, 0, 0],
			"translation": [0, -1, 0],
			"scale": [0.2, 0.2, 0.2]
		},
		"thirdperson_lefthand": {
			"rotation": [78, 0, 0],
			"translation": [0, -1, 0],
			"scale": [0.2, 0.2, 0.2]
		},
		"firstperson_righthand": {
			"translation": [2.25, -2.75, 0],
			"scale": [0.5, 0.5, 0.5]
		},
		"firstperson_lefthand": {
			"translation": [2.25, -2.75, 0],
			"scale": [0.5, 0.5, 0.5]
		},
		"ground": {
			"translation": [0, -0.25, 0],
			"scale": [0.4, 0.4, 0.4]
		},
		"gui": {
			"rotation": [0, -156, 0],
			"translation": [-1, -1.5, 0],
			"scale": [0.54, 0.54, 0.54]
		},
		"fixed": {
			"translation": [0, -6, 6]
		}
	},
	"groups": [
		{
			"name": "handle",
			"origin": [0, 0, 0],
			"color": 0,
			"children": [0, 1, 2, 3, 4, 5, 6]
		},
		{
			"name": "base",
			"origin": [0, 0, 0],
			"color": 0,
			"children": [7, 8, 9, 10, 11, 12, 13, 14, 15, 16, 17, 18, 19, 20, 21, 22, 23, 24, 25, 26, 27, 28, 29, 30, 31, 32, 33, 34, 35]
		},
		{
			"name": "back",
			"origin": [0, 0, 0],
			"color": 0,
			"children": [36, 37, 38, 39, 40, 41, 42, 43, 44, 45, 46, 47, 48, 49, 50]
		}
	]
}