{
	"credit": "Made with Blockbench",
	"textures": {
		"2": "mctc:decoration/keys/lock_hos",
		"3": "mctc:decoration/keys/handle",
		"particle": "mctc:decoration/keys/hos_complete"
	},
	"elements": [
		{
			"from": [1, 6, 1],
			"to": [15, 10, 4.1],
			"faces": {
				"north": {"uv": [0, 0, 3.5, 1], "texture": "#2"},
				"east": {"uv": [8.75, 3.25, 9.5, 4.25], "texture": "#2"},
				"south": {"uv": [0, 1, 3.5, 2], "texture": "#2"},
				"west": {"uv": [3.75, 8.75, 4.5, 9.75], "texture": "#2"},
				"up": {"uv": [7, 1.5, 3.5, 0.75], "texture": "#2"},
				"down": {"uv": [7.5, 1.5, 4, 2.25], "texture": "#2"}
			}
		},
		{
			"from": [-1, 1, 0.6],
			"to": [6, 2, 3.6],
			"rotation": {"angle": 0, "axis": "y", "origin": [0, 0, -7.5]},
			"faces": {
				"north": {"uv": [10.25, 1.5, 12, 1.75], "texture": "#2"},
				"east": {"uv": [1, 11, 1.75, 11.25], "texture": "#2"},
				"south": {"uv": [10.25, 1.75, 12, 2], "texture": "#2"},
				"west": {"uv": [11, 1, 11.75, 1.25], "texture": "#2"},
				"up": {"uv": [1.75, 7.75, 0, 7], "texture": "#2"},
				"down": {"uv": [8.75, 3.25, 7, 4], "texture": "#2"}
			}
		},
		{
			"from": [0, 0, 0.6],
			"to": [16, 1, 3.6],
			"rotation": {"angle": 0, "axis": "y", "origin": [0, 0, -7.5]},
			"faces": {
				"north": {"uv": [7, 4.75, 11, 5], "texture": "#2"},
				"east": {"uv": [1.75, 11, 2.5, 11.25], "texture": "#2"},
				"south": {"uv": [7.5, 2, 11.5, 2.25], "texture": "#2"},
				"west": {"uv": [2.5, 11, 3.25, 11.25], "texture": "#2"},
				"up": {"uv": [4, 2.75, 0, 2], "texture": "#2"},
				"down": {"uv": [4, 2.75, 0, 3.5], "texture": "#2"}
			}
		},
		{
			"from": [10, 1, 0.6],
			"to": [17, 2, 3.6],
			"rotation": {"angle": 0, "axis": "y", "origin": [0, 0, -7.5]},
			"faces": {
				"north": {"uv": [2, 10.25, 3.75, 10.5], "texture": "#2"},
				"east": {"uv": [3.25, 11, 4, 11.25], "texture": "#2"},
				"south": {"uv": [4.5, 10.25, 6.25, 10.5], "texture": "#2"},
				"west": {"uv": [4, 11, 4.75, 11.25], "texture": "#2"},
				"up": {"uv": [8.75, 4.75, 7, 4], "texture": "#2"},
				"down": {"uv": [7.75, 7, 6, 7.75], "texture": "#2"}
			}
		},
		{
			"from": [-1, 2, 0.6],
			"to": [4, 3, 3.6],
			"rotation": {"angle": 0, "axis": "y", "origin": [0, 0, -7.5]},
			"faces": {
				"north": {"uv": [2.5, 5.5, 3.75, 5.75], "texture": "#2"},
				"east": {"uv": [4.75, 11, 5.5, 11.25], "texture": "#2"},
				"south": {"uv": [10.5, 4.5, 11.75, 4.75], "texture": "#2"},
				"west": {"uv": [11, 4.75, 11.75, 5], "texture": "#2"},
				"up": {"uv": [8.75, 6.5, 7.5, 5.75], "texture": "#2"},
				"down": {"uv": [1.25, 7.75, 0, 8.5], "texture": "#2"}
			}
		},
		{
			"from": [12, 2, 0.6],
			"to": [17, 3, 3.6],
			"rotation": {"angle": 0, "axis": "y", "origin": [0, 0, -7.5]},
			"faces": {
				"north": {"uv": [10.5, 9.5, 11.75, 9.75], "texture": "#2"},
				"east": {"uv": [5.5, 11, 6.25, 11.25], "texture": "#2"},
				"south": {"uv": [9.75, 10.5, 11, 10.75], "texture": "#2"},
				"west": {"uv": [6.25, 11, 7, 11.25], "texture": "#2"},
				"up": {"uv": [6.5, 8.5, 5.25, 7.75], "texture": "#2"},
				"down": {"uv": [7.75, 7.75, 6.5, 8.5], "texture": "#2"}
			}
		},
		{
			"from": [-2, 3, 0.6],
			"to": [3, 4, 3.6],
			"rotation": {"angle": 0, "axis": "y", "origin": [0, 0, -7.5]},
			"faces": {
				"north": {"uv": [10.5, 9.75, 11.75, 10], "texture": "#2"},
				"east": {"uv": [11, 6.25, 11.75, 6.5], "texture": "#2"},
				"south": {"uv": [0, 10.75, 1.25, 11], "texture": "#2"},
				"west": {"uv": [11, 6.5, 11.75, 6.75], "texture": "#2"},
				"up": {"uv": [9, 7.75, 7.75, 7], "texture": "#2"},
				"down": {"uv": [9, 7.75, 7.75, 8.5], "texture": "#2"}
			}
		},
		{
			"from": [13, 3, 0.6],
			"to": [18, 4, 3.6],
			"rotation": {"angle": 0, "axis": "y", "origin": [0, 0, -7.5]},
			"faces": {
				"north": {"uv": [1.25, 10.75, 2.5, 11], "texture": "#2"},
				"east": {"uv": [11, 6.75, 11.75, 7], "texture": "#2"},
				"south": {"uv": [10.75, 2.25, 12, 2.5], "texture": "#2"},
				"west": {"uv": [7, 11, 7.75, 11.25], "texture": "#2"},
				"up": {"uv": [2.5, 8.75, 1.25, 8], "texture": "#2"},
				"down": {"uv": [3.75, 8, 2.5, 8.75], "texture": "#2"}
			}
		},
		{
			"from": [-2, 4, 0.6],
			"to": [2, 6, 3.6],
			"faces": {
				"north": {"uv": [10, 0.75, 11, 1.25], "texture": "#2"},
				"east": {"uv": [5.25, 7.25, 6, 7.75], "texture": "#2"},
				"south": {"uv": [10, 6.25, 11, 6.75], "texture": "#2"},
				"west": {"uv": [8.75, 4.25, 9.5, 4.75], "texture": "#2"},
				"up": {"uv": [9.75, 6.5, 8.75, 5.75], "texture": "#2"},
				"down": {"uv": [9.75, 8.5, 8.75, 9.25], "texture": "#2"}
			}
		},
		{
			"from": [14, 4, 0.6],
			"to": [18, 6, 3.6],
			"faces": {
				"north": {"uv": [10, 6.75, 11, 7.25], "texture": "#2"},
				"east": {"uv": [10.5, 3.5, 11.25, 4], "texture": "#2"},
				"south": {"uv": [10, 7.25, 11, 7.75], "texture": "#2"},
				"west": {"uv": [3.75, 10.5, 4.5, 11], "texture": "#2"},
				"up": {"uv": [10, 7.25, 9, 6.5], "texture": "#2"},
				"down": {"uv": [10, 7.25, 9, 8], "texture": "#2"}
			}
		},
		{
			"from": [-2, 6, 0.6],
			"to": [1, 10, 3.6],
			"faces": {
				"north": {"uv": [0, 9.25, 0.75, 10.25], "texture": "#2"},
				"east": {"uv": [4.5, 9.25, 5.25, 10.25], "texture": "#2"},
				"south": {"uv": [5.25, 9.25, 6, 10.25], "texture": "#2"},
				"west": {"uv": [6, 9.25, 6.75, 10.25], "texture": "#2"},
				"up": {"uv": [4.5, 10.5, 3.75, 9.75], "texture": "#2"},
				"down": {"uv": [10.5, 8.5, 9.75, 9.25], "texture": "#2"}
			}
		},
		{
			"from": [15, 6, 0.6],
			"to": [18, 10, 3.6],
			"faces": {
				"north": {"uv": [6.75, 9.25, 7.5, 10.25], "texture": "#2"},
				"east": {"uv": [7.5, 9.25, 8.25, 10.25], "texture": "#2"},
				"south": {"uv": [8.25, 9.25, 9, 10.25], "texture": "#2"},
				"west": {"uv": [9, 9.25, 9.75, 10.25], "texture": "#2"},
				"up": {"uv": [10.5, 10, 9.75, 9.25], "texture": "#2"},
				"down": {"uv": [10.75, 2.25, 10, 3], "texture": "#2"}
			}
		},
		{
			"from": [-2, 10, 0.6],
			"to": [2, 12, 3.6],
			"faces": {
				"north": {"uv": [9.75, 10, 10.75, 10.5], "texture": "#2"},
				"east": {"uv": [10.5, 4, 11.25, 4.5], "texture": "#2"},
				"south": {"uv": [0, 10.25, 1, 10.75], "texture": "#2"},
				"west": {"uv": [4.5, 10.5, 5.25, 11], "texture": "#2"},
				"up": {"uv": [10.25, 0.75, 9.25, 0], "texture": "#2"},
				"down": {"uv": [10.25, 1.25, 9.25, 2], "texture": "#2"}
			}
		},
		{
			"from": [14, 10, 0.6],
			"to": [18, 12, 3.6],
			"faces": {
				"north": {"uv": [10.25, 0, 11.25, 0.5], "texture": "#2"},
				"east": {"uv": [5.25, 10.5, 6, 11], "texture": "#2"},
				"south": {"uv": [1, 10.25, 2, 10.75], "texture": "#2"},
				"west": {"uv": [6, 10.5, 6.75, 11], "texture": "#2"},
				"up": {"uv": [1.75, 10.25, 0.75, 9.5], "texture": "#2"},
				"down": {"uv": [2.75, 9.5, 1.75, 10.25], "texture": "#2"}
			}
		},
		{
			"from": [-2, 12, 0.6],
			"to": [3, 13, 3.6],
			"faces": {
				"north": {"uv": [2.5, 10.75, 3.75, 11], "texture": "#2"},
				"east": {"uv": [11, 7, 11.75, 7.25], "texture": "#2"},
				"south": {"uv": [10.75, 2.5, 12, 2.75], "texture": "#2"},
				"west": {"uv": [11, 7.25, 11.75, 7.5], "texture": "#2"},
				"up": {"uv": [5, 8.75, 3.75, 8], "texture": "#2"},
				"down": {"uv": [1.25, 8.5, 0, 9.25], "texture": "#2"}
			}
		},
		{
			"from": [13, 12, 0.6],
			"to": [18, 13, 3.6],
			"faces": {
				"north": {"uv": [10.75, 2.75, 12, 3], "texture": "#2"},
				"east": {"uv": [11, 7.5, 11.75, 7.75], "texture": "#2"},
				"south": {"uv": [10.75, 5, 12, 5.25], "texture": "#2"},
				"west": {"uv": [7.75, 11, 8.5, 11.25], "texture": "#2"},
				"up": {"uv": [6.25, 9.25, 5, 8.5], "texture": "#2"},
				"down": {"uv": [9.75, 5, 8.5, 5.75], "texture": "#2"}
			}
		},
		{
			"from": [-1, 13, 0.6],
			"to": [4, 14, 3.6],
			"faces": {
				"north": {"uv": [10.75, 5.25, 12, 5.5], "texture": "#2"},
				"east": {"uv": [8.5, 11, 9.25, 11.25], "texture": "#2"},
				"south": {"uv": [10.75, 5.5, 12, 5.75], "texture": "#2"},
				"west": {"uv": [9.25, 11, 10, 11.25], "texture": "#2"},
				"up": {"uv": [7.5, 9.25, 6.25, 8.5], "texture": "#2"},
				"down": {"uv": [8.75, 8.5, 7.5, 9.25], "texture": "#2"}
			}
		},
		{
			"from": [12, 13, 0.6],
			"to": [17, 14, 3.6],
			"faces": {
				"north": {"uv": [9.75, 10.75, 11, 11], "texture": "#2"},
				"east": {"uv": [10, 11, 10.75, 11.25], "texture": "#2"},
				"south": {"uv": [10.75, 10, 12, 10.25], "texture": "#2"},
				"west": {"uv": [11, 10.5, 11.75, 10.75], "texture": "#2"},
				"up": {"uv": [2.5, 9.5, 1.25, 8.75], "texture": "#2"},
				"down": {"uv": [3.75, 8.75, 2.5, 9.5], "texture": "#2"}
			}
		},
		{
			"from": [-1, 14, 0.6],
			"to": [6, 15, 3.6],
			"faces": {
				"north": {"uv": [6.25, 10.25, 8, 10.5], "texture": "#2"},
				"east": {"uv": [10.75, 11, 11.5, 11.25], "texture": "#2"},
				"south": {"uv": [8, 10.25, 9.75, 10.5], "texture": "#2"},
				"west": {"uv": [11, 10.75, 11.75, 11], "texture": "#2"},
				"up": {"uv": [3.5, 8, 1.75, 7.25], "texture": "#2"},
				"down": {"uv": [5.25, 7.25, 3.5, 8], "texture": "#2"}
			}
		},
		{
			"from": [10, 14, 0.6],
			"to": [17, 15, 3.6],
			"faces": {
				"north": {"uv": [2, 10.5, 3.75, 10.75], "texture": "#2"},
				"east": {"uv": [0, 11.25, 0.75, 11.5], "texture": "#2"},
				"south": {"uv": [10.5, 3.25, 12.25, 3.5], "texture": "#2"},
				"west": {"uv": [11.25, 0, 12, 0.25], "texture": "#2"},
				"up": {"uv": [9.25, 0.75, 7.5, 0], "texture": "#2"},
				"down": {"uv": [9.25, 1.25, 7.5, 2], "texture": "#2"}
			}
		},
		{
			"from": [0, 15, 0.6],
			"to": [16, 17, 3.6],
			"faces": {
				"north": {"uv": [3, 4.5, 7, 5], "texture": "#2"},
				"east": {"uv": [6.75, 10.5, 7.5, 11], "texture": "#2"},
				"south": {"uv": [0, 5, 4, 5.5], "texture": "#2"},
				"west": {"uv": [7.5, 10.5, 8.25, 11], "texture": "#2"},
				"up": {"uv": [4, 4.25, 0, 3.5], "texture": "#2"},
				"down": {"uv": [7.5, 0, 3.5, 0.75], "texture": "#2"}
			}
		},
		{
			"from": [6, 1, 1],
			"to": [10, 2, 4.1],
			"faces": {
				"north": {"uv": [3, 4.25, 4, 4.5], "texture": "#2"},
				"east": {"uv": [11.25, 0.25, 12, 0.5], "texture": "#2"},
				"south": {"uv": [10.75, 10.25, 11.75, 10.5], "texture": "#2"},
				"west": {"uv": [0.75, 11.25, 1.5, 11.5], "texture": "#2"},
				"up": {"uv": [3.75, 10.25, 2.75, 9.5], "texture": "#2"},
				"down": {"uv": [10.5, 3.25, 9.5, 4], "texture": "#2"}
			}
		},
		{
			"from": [6, 14, 1],
			"to": [10, 15, 4.1],
			"faces": {
				"north": {"uv": [0, 11, 1, 11.25], "texture": "#2"},
				"east": {"uv": [1.5, 11.25, 2.25, 11.5], "texture": "#2"},
				"south": {"uv": [11, 0.75, 12, 1], "texture": "#2"},
				"west": {"uv": [2.25, 11.25, 3, 11.5], "texture": "#2"},
				"up": {"uv": [10.5, 4.75, 9.5, 4], "texture": "#2"},
				"down": {"uv": [10.75, 5, 9.75, 5.75], "texture": "#2"}
			}
		},
		{
			"from": [4, 2, 1],
			"to": [12, 3, 4.1],
			"faces": {
				"north": {"uv": [10, 3, 12, 3.25], "texture": "#2"},
				"east": {"uv": [3, 11.25, 3.75, 11.5], "texture": "#2"},
				"south": {"uv": [10, 7.75, 12, 8], "texture": "#2"},
				"west": {"uv": [11.25, 3.5, 12, 3.75], "texture": "#2"},
				"up": {"uv": [2, 7, 0, 6.25], "texture": "#2"},
				"down": {"uv": [4, 6.5, 2, 7.25], "texture": "#2"}
			}
		},
		{
			"from": [4, 13, 1],
			"to": [12, 14, 4.1],
			"faces": {
				"north": {"uv": [10.25, 0.5, 12.25, 0.75], "texture": "#2"},
				"east": {"uv": [3.75, 11.25, 4.5, 11.5], "texture": "#2"},
				"south": {"uv": [10.25, 1.25, 12.25, 1.5], "texture": "#2"},
				"west": {"uv": [11.25, 3.75, 12, 4], "texture": "#2"},
				"up": {"uv": [6, 7.25, 4, 6.5], "texture": "#2"},
				"down": {"uv": [8.5, 5, 6.5, 5.75], "texture": "#2"}
			}
		},
		{
			"from": [3, 3, 1],
			"to": [13, 4, 4.1],
			"faces": {
				"north": {"uv": [9, 8, 11.5, 8.25], "texture": "#2"},
				"east": {"uv": [11.25, 4, 12, 4.25], "texture": "#2"},
				"south": {"uv": [9, 8.25, 11.5, 8.5], "texture": "#2"},
				"west": {"uv": [11.25, 4.25, 12, 4.5], "texture": "#2"},
				"up": {"uv": [6.5, 5.75, 4, 5], "texture": "#2"},
				"down": {"uv": [2.5, 5.5, 0, 6.25], "texture": "#2"}
			}
		},
		{
			"from": [3, 12, 1],
			"to": [13, 13, 4.1],
			"faces": {
				"north": {"uv": [9.75, 5.75, 12.25, 6], "texture": "#2"},
				"east": {"uv": [4.5, 11.25, 5.25, 11.5], "texture": "#2"},
				"south": {"uv": [9.75, 6, 12.25, 6.25], "texture": "#2"},
				"west": {"uv": [5.25, 11.25, 6, 11.5], "texture": "#2"},
				"up": {"uv": [5, 6.5, 2.5, 5.75], "texture": "#2"},
				"down": {"uv": [7.5, 5.75, 5, 6.5], "texture": "#2"}
			}
		},
		{
			"from": [2, 4, 1],
			"to": [14, 6, 4.1],
			"faces": {
				"north": {"uv": [6, 6.5, 9, 7], "texture": "#2"},
				"east": {"uv": [8.25, 10.5, 9, 11], "texture": "#2"},
				"south": {"uv": [7, 0.75, 10, 1.25], "texture": "#2"},
				"west": {"uv": [10.5, 8.5, 11.25, 9], "texture": "#2"},
				"up": {"uv": [7, 3, 4, 2.25], "texture": "#2"},
				"down": {"uv": [7, 3, 4, 3.75], "texture": "#2"}
			}
		},
		{
			"from": [2, 10, 1],
			"to": [14, 12, 4.1],
			"faces": {
				"north": {"uv": [7, 2.25, 10, 2.75], "texture": "#2"},
				"east": {"uv": [9, 10.5, 9.75, 11], "texture": "#2"},
				"south": {"uv": [7, 2.75, 10, 3.25], "texture": "#2"},
				"west": {"uv": [10.5, 9, 11.25, 9.5], "texture": "#2"},
				"up": {"uv": [7, 4.5, 4, 3.75], "texture": "#2"},
				"down": {"uv": [3, 4.25, 0, 5], "texture": "#2"}
			}
		},
		{
			"from": [5, 19, 1.1],
			"to": [6, 20, 3.1],
			"faces": {
				"north": {"uv": [1, 12, 2, 13], "texture": "#3"},
				"east": {"uv": [10, 6, 12, 7], "texture": "#3"},
				"south": {"uv": [12, 2, 13, 3], "texture": "#3"},
				"west": {"uv": [10, 7, 12, 8], "texture": "#3"},
				"up": {"uv": [9, 12, 8, 10], "texture": "#3"},
				"down": {"uv": [11, 8, 10, 10], "texture": "#3"}
			}
		},
		{
			"from": [3, 17, 1.1],
			"to": [5, 20, 3.1],
			"faces": {
				"north": {"uv": [6, 0, 8, 3], "texture": "#3"},
				"east": {"uv": [6, 3, 8, 6], "texture": "#3"},
				"south": {"uv": [6, 6, 8, 9], "texture": "#3"},
				"west": {"uv": [0, 8, 2, 11], "texture": "#3"},
				"up": {"uv": [10, 8, 8, 6], "texture": "#3"},
				"down": {"uv": [10, 8, 8, 10], "texture": "#3"}
			}
		},
		{
			"from": [5, 20, 1.1],
			"to": [11, 22, 3.1],
			"faces": {
				"north": {"uv": [0, 0, 6, 2], "texture": "#3"},
				"east": {"uv": [6, 9, 8, 11], "texture": "#3"},
				"south": {"uv": [0, 2, 6, 4], "texture": "#3"},
				"west": {"uv": [10, 0, 12, 2], "texture": "#3"},
				"up": {"uv": [6, 6, 0, 4], "texture": "#3"},
				"down": {"uv": [6, 6, 0, 8], "texture": "#3"}
			}
		},
		{
			"from": [4, 20, 1.1],
			"to": [5, 21, 3.1],
			"faces": {
				"north": {"uv": [12, 3, 13, 4], "texture": "#3"},
				"east": {"uv": [9, 10, 11, 11], "texture": "#3"},
				"south": {"uv": [4, 12, 5, 13], "texture": "#3"},
				"west": {"uv": [0, 11, 2, 12], "texture": "#3"},
				"up": {"uv": [3, 13, 2, 11], "texture": "#3"},
				"down": {"uv": [4, 11, 3, 13], "texture": "#3"}
			}
		},
		{
			"from": [11, 20, 1.1],
			"to": [12, 21, 3.1],
			"faces": {
				"north": {"uv": [12, 4, 13, 5], "texture": "#3"},
				"east": {"uv": [4, 11, 6, 12], "texture": "#3"},
				"south": {"uv": [5, 12, 6, 13], "texture": "#3"},
				"west": {"uv": [6, 11, 8, 12], "texture": "#3"},
				"up": {"uv": [12, 10, 11, 8], "texture": "#3"},
				"down": {"uv": [10, 11, 9, 13], "texture": "#3"}
			}
		},
		{
			"from": [11, 17, 1.1],
			"to": [13, 20, 3.1],
			"faces": {
				"north": {"uv": [8, 0, 10, 3], "texture": "#3"},
				"east": {"uv": [2, 8, 4, 11], "texture": "#3"},
				"south": {"uv": [8, 3, 10, 6], "texture": "#3"},
				"west": {"uv": [4, 8, 6, 11], "texture": "#3"},
				"up": {"uv": [12, 4, 10, 2], "texture": "#3"},
				"down": {"uv": [12, 4, 10, 6], "texture": "#3"}
			}
		},
		{
			"from": [10, 19, 1.1],
			"to": [11, 20, 3.1],
			"faces": {
				"north": {"uv": [12, 5, 13, 6], "texture": "#3"},
				"east": {"uv": [10, 11, 12, 12], "texture": "#3"},
				"south": {"uv": [6, 12, 7, 13], "texture": "#3"},
				"west": {"uv": [11, 10, 13, 11], "texture": "#3"},
				"up": {"uv": [1, 14, 0, 12], "texture": "#3"},
				"down": {"uv": [13, 0, 12, 2], "texture": "#3"}
			}
		}
	],
	"display": {
		"thirdperson_righthand": {
			"rotation": [78, 0, 0],
			"translation": [0, -1, 0],
			"scale": [0.2, 0.2, 0.2]
		},
		"thirdperson_lefthand": {
			"rotation": [78, 0, 0],
			"translation": [0, -1, 0],
			"scale": [0.2, 0.2, 0.2]
		},
		"firstperson_righthand": {
			"translation": [2.25, -2.75, 0],
			"scale": [0.5, 0.5, 0.5]
		},
		"firstperson_lefthand": {
			"translation": [2.25, -2.75, 0],
			"scale": [0.5, 0.5, 0.5]
		},
		"fixed": {
			"translation": [0, -6, 6]
		}
	},
	"groups": [
		{
			"name": "base",
			"origin": [0, 0, 0],
			"color": 0,
			"children": [0, 1, 2, 3, 4, 5, 6, 7, 8, 9, 10, 11, 12, 13, 14, 15, 16, 17, 18, 19, 20, 21, 22, 23, 24, 25, 26, 27, 28]
		},
		{
			"name": "handle",
			"origin": [0, 0, 0],
			"color": 0,
			"children": [29, 30, 31, 32, 33, 34, 35]
		}
	]
}