{
	"credit": "Made with Blockbench",
	"textures": {
		"0": "mctc:decoration/pictures/jim_bo",
		"1": "block/redstone_lamp",
		"particle": "mctc:decoration/pictures/jim_bo"
	},
	"elements": [
		{
			"from": [-1.6, 0, 1],
			"to": [17.6, 10.8, 1],
			"faces": {
				"north": {"uv": [0, 0, 16, 16], "texture": "#0"},
				"south": {"uv": [0, 0, 1, 0.8], "texture": "#1"}
			}
		},
		{
			"from": [-2.6, -1, 0],
			"to": [18.6, 0, 1],
			"faces": {
				"north": {"uv": [0, 0, 16, 1], "texture": "#1"},
				"east": {"uv": [0, 0, 1, 1], "texture": "#1"},
				"south": {"uv": [0, 0, 16, 1], "rotation": 180, "texture": "#1"},
				"west": {"uv": [0, 0, 1, 1], "texture": "#1"},
				"up": {"uv": [0, 0, 16, 1], "rotation": 180, "texture": "#1"},
				"down": {"uv": [0, 0, 16, 1], "rotation": 180, "texture": "#1"}
			}
		},
		{
			"from": [-2.6, 0, 0],
			"to": [-1.6, 10.8, 1],
			"faces": {
				"north": {"uv": [0, 0, 1, 10.8], "texture": "#1"},
				"east": {"uv": [0, 0, 1, 10.8], "texture": "#1"},
				"south": {"uv": [0, 0, 1, 10.8], "texture": "#1"},
				"west": {"uv": [0, 0, 1, 10.8], "texture": "#1"}
			}
		},
		{
			"from": [17.6, 0, 0],
			"to": [18.6, 10.8, 1],
			"faces": {
				"north": {"uv": [0, 0, 1, 10.8], "texture": "#1"},
				"east": {"uv": [0, 0, 1, 10.8], "texture": "#1"},
				"south": {"uv": [0, 0, 1, 10.8], "texture": "#1"},
				"west": {"uv": [0, 0, 1, 10.8], "texture": "#1"}
			}
		},
		{
			"from": [-2.6, 10.8, 0],
			"to": [18.6, 11.8, 1],
			"faces": {
				"north": {"uv": [0, 15, 16, 16], "texture": "#1"},
				"east": {"uv": [13, 0, 14, 1], "texture": "#1"},
				"south": {"uv": [0, 15, 16, 16], "rotation": 180, "texture": "#1"},
				"west": {"uv": [15, 0, 16, 1], "texture": "#1"},
				"up": {"uv": [0, 15, 16, 16], "rotation": 180, "texture": "#1"},
				"down": {"uv": [0, 15, 16, 16], "rotation": 180, "texture": "#1"}
			}
		}
	],
	"display": {
		"fixed": {
			"translation": [0, 3, 9.25],
			"scale": [1.33594, 1.33594, 1.33594]
		}
	}
}