{
	"credit": "Made with Blockbench",
	"textures": {
		"0": "mctc:decoration/lovefair/lovebot/white_stained_glass",
		"1": "mctc:decoration/lovefair/lovebot/front",
		"2": "mctc:decoration/lovefair/lovebot/top",
		"3": "mctc:decoration/lovefair/lovebot/eyes_closed",
		"4": "mctc:decoration/lovefair/lovebot/hat",
		"5": "mctc:decoration/lovefair/lovebot/wheels",
		"6": "mctc:decoration/lovefair/lovebot/sides",
		"7": "mctc:decoration/lovefair/lovebot/back",
		"8": "mctc:decoration/lovefair/lovebot/handle",
		"9": "mctc:decoration/lovefair/lovebot/rack",
		"13": "mctc:decoration/lovefair/lovebot/tongue_rack",
		"14": "mctc:decoration/lovefair/lovebot/tongue_tray",
		"15": "mctc:decoration/lovefair/lovebot/tongue_cookie_check",
		"particle": "mctc:decoration/lovefair/lovebot/white_stained_glass"
	},
	"elements": [
		{
			"name": "top",
			"from": [4.2, 8, 8],
			"to": [11.5, 8.5, 14.3],
			"rotation": {"angle": 0, "axis": "y", "origin": [0, -0.3, 0]},
			"faces": {
				"north": {"uv": [0, 0, 9, 1], "texture": "#2"},
				"east": {"uv": [0, 0, 9, 1], "texture": "#2"},
				"south": {"uv": [0, 0, 9, 1], "texture": "#2"},
				"west": {"uv": [0, 0, 9, 1], "texture": "#2"},
				"up": {"uv": [16, 16, 6, 6], "texture": "#2"},
				"down": {"uv": [16, 0, 9, 6], "texture": "#2"}
			}
		},
		{
			"name": "backtop",
			"from": [3.6, 8, 14.3],
			"to": [12.1, 8.6, 14.9],
			"rotation": {"angle": 0, "axis": "y", "origin": [0, -0.3, 0]},
			"faces": {
				"north": {"uv": [5, 1, 9.25, 1.25], "texture": "#7"},
				"east": {"uv": [6, 3, 6.25, 3.25], "texture": "#7"},
				"south": {"uv": [5, 1.5, 9.25, 1.75], "texture": "#7"},
				"west": {"uv": [6, 3.5, 6.25, 3.75], "texture": "#7"},
				"up": {"uv": [9.25, 2.25, 5, 2], "texture": "#7"},
				"down": {"uv": [9.25, 2.5, 5, 2.75], "texture": "#7"}
			}
		},
		{
			"name": "back",
			"from": [3.1, 0.7, 14.3],
			"to": [12.6, 8, 14.9],
			"rotation": {"angle": 0, "axis": "y", "origin": [0, -0.3, 0]},
			"faces": {
				"north": {"uv": [0, 0, 4.75, 3.75], "texture": "#7"},
				"east": {"uv": [5, 3, 5.25, 6.75], "texture": "#7"},
				"south": {"uv": [0, 4, 4.75, 7.75], "texture": "#7"},
				"west": {"uv": [5.5, 3, 5.75, 6.75], "texture": "#7"},
				"up": {"uv": [9.75, 0.25, 5, 0], "texture": "#7"},
				"down": {"uv": [9.75, 0.5, 5, 0.75], "texture": "#7"}
			}
		},
		{
			"name": "R",
			"from": [3.1, 0.7, 8],
			"to": [3.6, 8, 14.3],
			"rotation": {"angle": 0, "axis": "y", "origin": [0, -0.3, 0]},
			"faces": {
				"north": {"uv": [7.5, 0, 7.75, 3.75], "texture": "#6"},
				"east": {"uv": [0, 4, 3.25, 7.75], "texture": "#6"},
				"south": {"uv": [7.5, 4, 7.75, 7.75], "texture": "#6"},
				"west": {"uv": [3.5, 4, 6.75, 7.75], "texture": "#6"},
				"up": {"uv": [0.75, 11.25, 0.5, 8], "texture": "#6"},
				"down": {"uv": [1.25, 8, 1, 11.25], "texture": "#6"}
			}
		},
		{
			"name": "L",
			"from": [12.1, 0.7, 8],
			"to": [12.6, 8, 14.3],
			"rotation": {"angle": 0, "axis": "y", "origin": [0, -0.3, 0]},
			"faces": {
				"north": {"uv": [7, 0, 7.25, 3.75], "texture": "#6"},
				"east": {"uv": [0, 0, 3.25, 3.75], "texture": "#6"},
				"south": {"uv": [7, 4, 7.25, 7.75], "texture": "#6"},
				"west": {"uv": [3.5, 0, 6.75, 3.75], "texture": "#6"},
				"up": {"uv": [0.25, 11.25, 0, 8], "texture": "#6"},
				"down": {"uv": [8.25, 0, 8, 3.25], "texture": "#6"}
			}
		},
		{
			"name": "LT",
			"from": [11.5, 8, 8],
			"to": [12.1, 8.6, 14.3],
			"rotation": {"angle": 0, "axis": "y", "origin": [0, -0.3, 0]},
			"faces": {
				"north": {"uv": [8.5, 0, 8.8, 0.3], "texture": "#6"},
				"east": {"uv": [8.5, 0, 11.65, 0.3], "texture": "#6"},
				"south": {"uv": [8.5, 0, 8.8, 0.3], "texture": "#6"},
				"west": {"uv": [8.5, 0, 11.65, 0.3], "texture": "#6"},
				"up": {"uv": [8.5, 0, 8.8, 3.15], "texture": "#6"},
				"down": {"uv": [8.5, 0, 8.8, 3.15], "texture": "#6"}
			}
		},
		{
			"name": "RT",
			"from": [3.6, 8, 8],
			"to": [4.2, 8.6, 14.3],
			"rotation": {"angle": 0, "axis": "y", "origin": [0, -0.3, 0]},
			"faces": {
				"north": {"uv": [8.5, 0, 8.8, 0.3], "texture": "#6"},
				"east": {"uv": [8.5, 0, 11.65, 0.3], "texture": "#6"},
				"south": {"uv": [8.5, 0, 8.8, 0.3], "texture": "#6"},
				"west": {"uv": [8.5, 0, 11.65, 0.3], "texture": "#6"},
				"up": {"uv": [8.5, 0, 8.8, 3.15], "texture": "#6"},
				"down": {"uv": [8.5, 0, 8.8, 3.15], "texture": "#6"}
			}
		},
		{
			"name": "bottom",
			"from": [3.6, 0.7, 8],
			"to": [12.1, 1.3, 14.3],
			"rotation": {"angle": 0, "axis": "y", "origin": [0, -0.3, 0]},
			"faces": {
				"north": {"uv": [6.5, 3.5, 7, 3], "texture": "#7"},
				"east": {"uv": [6.5, 3.5, 7, 3], "texture": "#7"},
				"south": {"uv": [6.5, 3.5, 7, 3], "texture": "#7"},
				"west": {"uv": [6.5, 3.5, 7, 3], "texture": "#7"},
				"up": {"uv": [6.5, 3.5, 7, 3], "texture": "#7"},
				"down": {"uv": [6.5, 3.5, 7, 3], "texture": "#7"}
			}
		},
		{
			"name": "glass",
			"from": [4.2, 4.2, 7.6],
			"to": [11.5, 6.9, 7.8],
			"faces": {
				"north": {"uv": [1, 1, 15, 7.4], "texture": "#0"},
				"east": {"uv": [0, 0, 0.2, 2.4], "texture": "#0"},
				"south": {"uv": [1, 1, 15, 7.4], "texture": "#0"},
				"west": {"uv": [0, 0, 0.2, 2.4], "texture": "#0"},
				"up": {"uv": [0, 0, 7.3, 0.2], "texture": "#0"},
				"down": {"uv": [0, 0, 7.3, 0.2], "texture": "#0"}
			}
		},
		{
			"name": "T",
			"from": [4.2, 3.9, 7.4],
			"to": [11.5, 4.2, 8],
			"rotation": {"angle": 0, "axis": "y", "origin": [0, -0.3, 0]},
			"faces": {
				"north": {"uv": [2.5, 7.5, 9, 8], "texture": "#1"},
				"east": {"uv": [0, 0, 0.5, 0.5], "texture": "#1"},
				"south": {"uv": [0, 0, 0.5, 0.5], "texture": "#1"},
				"west": {"uv": [0, 0, 0.5, 0.5], "texture": "#1"},
				"up": {"uv": [0.5, 0.5, 0, 0], "texture": "#1"},
				"down": {"uv": [0.5, 0, 0, 0.5], "texture": "#1"}
			}
		},
		{
			"name": "L",
			"from": [11, 1, 7.4],
			"to": [11.5, 3.9, 8],
			"rotation": {"angle": 0, "axis": "y", "origin": [0, -0.3, 0]},
			"faces": {
				"north": {"uv": [2.5, 8, 3.5, 13.5], "texture": "#1"},
				"east": {"uv": [0, 0, 0.5, 0.5], "texture": "#1"},
				"south": {"uv": [0, 0, 0.5, 0.5], "texture": "#1"},
				"west": {"uv": [0, 0, 0.5, 0.5], "texture": "#1"},
				"up": {"uv": [0.5, 0.5, 0, 0], "texture": "#1"},
				"down": {"uv": [0.5, 0, 0, 0.5], "texture": "#1"}
			}
		},
		{
			"name": "LT",
			"from": [10.4, 3.3, 7.4],
			"to": [11, 3.9, 8],
			"rotation": {"angle": 0, "axis": "y", "origin": [0, -0.3, 0]},
			"faces": {
				"north": {"uv": [3.5, 8, 4.5, 9], "texture": "#1"},
				"east": {"uv": [0, 0, 0.5, 0.5], "texture": "#1"},
				"south": {"uv": [0, 0, 0.5, 0.5], "texture": "#1"},
				"west": {"uv": [0, 0, 0.5, 0.5], "texture": "#1"},
				"up": {"uv": [0.5, 0.5, 0, 0], "texture": "#1"},
				"down": {"uv": [0.5, 0, 0, 0.5], "texture": "#1"}
			}
		},
		{
			"name": "TM",
			"from": [7.1, 3.3, 7.4],
			"to": [8.6, 3.9, 8],
			"rotation": {"angle": 0, "axis": "y", "origin": [0, -0.3, 0]},
			"faces": {
				"north": {"uv": [4.75, 8.375, 6.75, 9.375], "texture": "#1"},
				"east": {"uv": [0, 0, 0.5, 0.5], "texture": "#1"},
				"south": {"uv": [0, 0, 0.5, 0.5], "texture": "#1"},
				"west": {"uv": [0, 0, 0.5, 0.5], "texture": "#1"},
				"up": {"uv": [0.5, 0.5, 0, 0], "texture": "#1"},
				"down": {"uv": [0.5, 0, 0, 0.5], "texture": "#1"}
			}
		},
		{
			"name": "RT",
			"from": [4.7, 3.3, 7.4],
			"to": [5.3, 3.9, 8],
			"rotation": {"angle": 0, "axis": "y", "origin": [0, -0.3, 0]},
			"faces": {
				"north": {"uv": [7, 8, 8, 9], "texture": "#1"},
				"east": {"uv": [0, 0, 0.5, 0.5], "texture": "#1"},
				"south": {"uv": [0, 0, 0.5, 0.5], "texture": "#1"},
				"west": {"uv": [0, 0, 0.5, 0.5], "texture": "#1"},
				"up": {"uv": [0.5, 0.5, 0, 0], "texture": "#1"},
				"down": {"uv": [0.5, 0, 0, 0.5], "texture": "#1"}
			}
		},
		{
			"name": "R",
			"from": [4.2, 1, 7.4],
			"to": [4.7, 3.9, 8],
			"rotation": {"angle": 0, "axis": "y", "origin": [0, -0.3, 0]},
			"faces": {
				"north": {"uv": [8, 8, 9, 13.5], "texture": "#1"},
				"east": {"uv": [0, 0, 0.5, 0.5], "texture": "#1"},
				"south": {"uv": [0, 0, 0.5, 0.5], "texture": "#1"},
				"west": {"uv": [0, 0, 0.5, 0.5], "texture": "#1"},
				"up": {"uv": [0.5, 0.5, 0, 0], "texture": "#1"},
				"down": {"uv": [0.5, 0, 0, 0.5], "texture": "#1"}
			}
		},
		{
			"name": "RB",
			"from": [4.7, 1, 7.4],
			"to": [5.3, 1.6, 8],
			"rotation": {"angle": 0, "axis": "y", "origin": [0, -0.3, 0]},
			"faces": {
				"north": {"uv": [7, 12.5, 8, 13.5], "texture": "#1"},
				"east": {"uv": [0, 0, 0.5, 0.5], "texture": "#1"},
				"south": {"uv": [0, 0, 0.5, 0.5], "texture": "#1"},
				"west": {"uv": [0, 0, 0.5, 0.5], "texture": "#1"},
				"up": {"uv": [0.5, 0.5, 0, 0], "texture": "#1"},
				"down": {"uv": [0.5, 0, 0, 0.5], "texture": "#1"}
			}
		},
		{
			"name": "LB",
			"from": [10.4, 1, 7.4],
			"to": [11, 1.6, 8],
			"rotation": {"angle": 0, "axis": "y", "origin": [0, -0.3, 0]},
			"faces": {
				"north": {"uv": [3.5, 12.5, 4.5, 13.5], "texture": "#1"},
				"east": {"uv": [0, 0, 0.5, 0.5], "texture": "#1"},
				"south": {"uv": [0, 0, 0.5, 0.5], "texture": "#1"},
				"west": {"uv": [0, 0, 0.5, 0.5], "texture": "#1"},
				"up": {"uv": [0.5, 0.5, 0, 0], "texture": "#1"},
				"down": {"uv": [0.5, 0, 0, 0.5], "texture": "#1"}
			}
		},
		{
			"name": "B",
			"from": [4.2, 0.7, 7.4],
			"to": [11.5, 1, 8],
			"rotation": {"angle": 0, "axis": "y", "origin": [0, -0.3, 0]},
			"faces": {
				"north": {"uv": [1.5, 13.5, 10, 14], "texture": "#1"},
				"east": {"uv": [0, 0, 0.5, 0.5], "texture": "#1"},
				"south": {"uv": [0, 0, 0.5, 0.5], "texture": "#1"},
				"west": {"uv": [0, 0, 0.5, 0.5], "texture": "#1"},
				"up": {"uv": [0.5, 0.5, 0, 0], "texture": "#1"},
				"down": {"uv": [0.5, 0, 0, 0.5], "texture": "#1"}
			}
		},
		{
			"name": "TR",
			"from": [5.3, 3.3, 7.5],
			"to": [7.1, 3.9, 8],
			"rotation": {"angle": 0, "axis": "y", "origin": [0, -0.3, 0]},
			"faces": {
				"north": {"uv": [6.5, 9.5, 8, 10], "texture": "#1"},
				"east": {"uv": [0, 0, 0.5, 0.5], "texture": "#1"},
				"south": {"uv": [0, 0, 0.5, 0.5], "texture": "#1"},
				"west": {"uv": [0, 0, 0.5, 0.5], "texture": "#1"},
				"up": {"uv": [0.5, 0.5, 0, 0], "texture": "#1"},
				"down": {"uv": [0.5, 0, 0, 0.5], "texture": "#1"}
			}
		},
		{
			"name": "M",
			"from": [4.7, 1.6, 7.5],
			"to": [11, 3.3, 8],
			"rotation": {"angle": 0, "axis": "y", "origin": [0, -0.3, 0]},
			"faces": {
				"north": {"uv": [3.5, 10, 8, 12], "texture": "#1"},
				"east": {"uv": [0, 0, 0.5, 0.5], "texture": "#1"},
				"south": {"uv": [0, 0, 0.5, 0.5], "texture": "#1"},
				"west": {"uv": [0, 0, 0.5, 0.5], "texture": "#1"},
				"up": {"uv": [0.5, 0.5, 0, 0], "texture": "#1"},
				"down": {"uv": [0.5, 0, 0, 0.5], "texture": "#1"}
			}
		},
		{
			"name": "B",
			"from": [5.3, 1, 7.5],
			"to": [10.4, 1.6, 8],
			"rotation": {"angle": 0, "axis": "y", "origin": [0, -0.3, 0]},
			"faces": {
				"north": {"uv": [3.5, 12, 7.5, 12.5], "texture": "#1"},
				"east": {"uv": [0, 0, 0.5, 0.5], "texture": "#1"},
				"south": {"uv": [0, 0, 0.5, 0.5], "texture": "#1"},
				"west": {"uv": [0, 0, 0.5, 0.5], "texture": "#1"},
				"up": {"uv": [0.5, 0.5, 0, 0], "texture": "#1"},
				"down": {"uv": [0.5, 0, 0, 0.5], "texture": "#1"}
			}
		},
		{
			"name": "TL",
			"from": [8.6, 3.3, 7.5],
			"to": [10.4, 3.9, 8],
			"rotation": {"angle": 0, "axis": "y", "origin": [0, -0.3, 0]},
			"faces": {
				"north": {"uv": [3.5, 9.5, 5, 10], "texture": "#1"},
				"east": {"uv": [0, 0, 0.5, 0.5], "texture": "#1"},
				"south": {"uv": [0, 0, 0.5, 0.5], "texture": "#1"},
				"west": {"uv": [0, 0, 0.5, 0.5], "texture": "#1"},
				"up": {"uv": [0.5, 0.5, 0, 0], "texture": "#1"},
				"down": {"uv": [0.5, 0, 0, 0.5], "texture": "#1"}
			}
		},
		{
			"name": "T",
			"from": [4.2, 6.6, 7.4],
			"to": [11.5, 8.6, 8],
			"rotation": {"angle": 0, "axis": "y", "origin": [0, -0.3, 0]},
			"faces": {
				"north": {"uv": [2.5, 3.5, 9, 6], "texture": "#1"},
				"east": {"uv": [0, 0, 0.5, 0.5], "texture": "#1"},
				"south": {"uv": [0, 0, 0.5, 0.5], "texture": "#1"},
				"west": {"uv": [0, 0, 0.5, 0.5], "texture": "#1"},
				"up": {"uv": [0.5, 0.5, 0, 0], "texture": "#1"},
				"down": {"uv": [0.5, 0, 0, 0.5], "texture": "#1"}
			}
		},
		{
			"name": "L",
			"from": [11.5, 0.7, 7.4],
			"to": [12.6, 8, 8],
			"rotation": {"angle": 0, "axis": "y", "origin": [0, -0.3, 0]},
			"faces": {
				"north": {"uv": [1, 5.5, 2.5, 13.5], "texture": "#1"},
				"east": {"uv": [12, 6, 13, 13.5], "texture": "#1"},
				"south": {"uv": [0, 0, 0.5, 0.5], "texture": "#1"},
				"west": {"uv": [0, 0, 0.5, 0.5], "texture": "#1"},
				"up": {"uv": [12.5, 5.5, 12, 5], "texture": "#1"},
				"down": {"uv": [0.5, 0, 0, 0.5], "texture": "#1"}
			}
		},
		{
			"name": "R",
			"from": [3.1, 0.7, 7.4],
			"to": [4.2, 8, 8],
			"rotation": {"angle": 0, "axis": "y", "origin": [0, -0.3, 0]},
			"faces": {
				"north": {"uv": [9, 5.5, 10.5, 13.5], "texture": "#1"},
				"east": {"uv": [0, 0, 0.5, 0.5], "texture": "#1"},
				"south": {"uv": [0, 0, 0.5, 0.5], "texture": "#1"},
				"west": {"uv": [13, 6, 14, 13.5], "texture": "#1"},
				"up": {"uv": [14, 5.5, 13.5, 5], "texture": "#1"},
				"down": {"uv": [0.5, 0, 0, 0.5], "texture": "#1"}
			}
		},
		{
			"name": "R",
			"from": [3.6, 8, 7.4],
			"to": [4.2, 8.6, 8],
			"rotation": {"angle": 0, "axis": "y", "origin": [0, -0.3, 0]},
			"faces": {
				"north": {"uv": [9, 4.5, 10, 5.5], "texture": "#1"},
				"east": {"uv": [0, 0, 0.5, 0.5], "texture": "#1"},
				"south": {"uv": [0, 0, 0.5, 0.5], "texture": "#1"},
				"west": {"uv": [0, 0, 0.5, 0.5], "texture": "#1"},
				"up": {"uv": [0.5, 0.5, 0, 0], "texture": "#1"},
				"down": {"uv": [0.5, 0, 0, 0.5], "texture": "#1"}
			}
		},
		{
			"name": "R",
			"from": [11.5, 8, 7.4],
			"to": [12.1, 8.6, 8],
			"rotation": {"angle": 0, "axis": "y", "origin": [0, -0.3, 0]},
			"faces": {
				"north": {"uv": [1.5, 4.5, 2.5, 5.5], "texture": "#1"},
				"east": {"uv": [0, 0, 0.5, 0.5], "texture": "#1"},
				"south": {"uv": [0, 0, 0.5, 0.5], "texture": "#1"},
				"west": {"uv": [0, 0, 0.5, 0.5], "texture": "#1"},
				"up": {"uv": [0.5, 0.5, 0, 0], "texture": "#1"},
				"down": {"uv": [0.5, 0, 0, 0.5], "texture": "#1"}
			}
		},
		{
			"name": "main",
			"from": [4.9, 7.3, 7],
			"to": [10.8, 8, 7.2],
			"faces": {
				"north": {"uv": [5, 7, 11, 8], "texture": "#8"},
				"east": {"uv": [10.5, 7, 11, 8], "texture": "#8"},
				"south": {"uv": [5, 8, 11, 8.5], "texture": "#8"},
				"west": {"uv": [5, 7, 5.5, 8], "texture": "#8"},
				"up": {"uv": [11, 7, 5, 6.5], "texture": "#8"},
				"down": {"uv": [11, 8, 5, 8.5], "texture": "#8"}
			}
		},
		{
			"name": "main",
			"from": [4.5, 7.3, 7.2],
			"to": [5.1, 8, 7.3],
			"faces": {
				"north": {"uv": [11, 7, 12, 8], "texture": "#8"},
				"east": {"uv": [11, 7, 11.5, 8], "texture": "#8"},
				"south": {"uv": [11.5, 8, 12, 8.5], "texture": "#8"},
				"west": {"uv": [11.5, 7, 12, 8], "texture": "#8"},
				"up": {"uv": [12, 7, 11, 6.5], "texture": "#8"},
				"down": {"uv": [12, 8, 11.5, 8.5], "texture": "#8"}
			}
		},
		{
			"name": "R",
			"from": [4.6, 7.3, 7.3],
			"to": [4.8, 8, 7.4],
			"faces": {
				"north": {"uv": [12, 7, 12.5, 8.5], "texture": "#8"},
				"east": {"uv": [12, 7, 12.5, 8.5], "texture": "#8"},
				"south": {"uv": [12, 7, 12.5, 8.5], "texture": "#8"},
				"west": {"uv": [12, 7, 12.5, 8.5], "texture": "#8"},
				"up": {"uv": [12.5, 7.5, 12, 7], "texture": "#8"},
				"down": {"uv": [12.5, 8, 12, 8.5], "texture": "#8"}
			}
		},
		{
			"name": "R",
			"from": [3.9, 7.2, 7.3],
			"to": [4.6, 8.1, 7.4],
			"faces": {
				"north": {"uv": [12.5, 6.5, 14.5, 9], "texture": "#8"},
				"east": {"uv": [12.5, 6.5, 13, 9], "texture": "#8"},
				"south": {"uv": [14.5, 7, 15, 7.5], "texture": "#8"},
				"west": {"uv": [14, 6.5, 14.5, 9], "texture": "#8"},
				"up": {"uv": [14.5, 7, 12.5, 6.5], "texture": "#8"},
				"down": {"uv": [14.5, 8.5, 12.5, 9], "texture": "#8"}
			}
		},
		{
			"name": "R",
			"from": [4, 8.1, 7.3],
			"to": [4.5, 8.3, 7.4],
			"faces": {
				"north": {"uv": [13, 6, 14, 6.5], "texture": "#8"},
				"east": {"uv": [13, 6, 13.5, 6.5], "texture": "#8"},
				"south": {"uv": [13, 6, 14, 6.5], "texture": "#8"},
				"west": {"uv": [13.5, 6, 14, 6.5], "texture": "#8"},
				"up": {"uv": [14, 6.5, 13, 6], "texture": "#8"},
				"down": {"uv": [14, 6, 13, 6.5], "texture": "#8"}
			}
		},
		{
			"name": "R",
			"from": [4, 7, 7.3],
			"to": [4.5, 7.2, 7.4],
			"faces": {
				"north": {"uv": [13, 9, 14, 9.5], "texture": "#8"},
				"east": {"uv": [13, 9, 13.5, 9.5], "texture": "#8"},
				"south": {"uv": [13, 9, 14, 9.5], "texture": "#8"},
				"west": {"uv": [13.5, 9, 14, 9.5], "texture": "#8"},
				"up": {"uv": [14, 9.5, 13, 9], "texture": "#8"},
				"down": {"uv": [14, 9, 13, 9.5], "texture": "#8"}
			}
		},
		{
			"name": "R",
			"from": [3.7, 7.7, 7.3],
			"to": [3.9, 8, 7.4],
			"faces": {
				"north": {"uv": [14.5, 7, 15, 7.5], "texture": "#8"},
				"east": {"uv": [14.5, 7, 15, 7.5], "texture": "#8"},
				"south": {"uv": [14.5, 7, 15, 7.5], "texture": "#8"},
				"west": {"uv": [14.5, 7, 15, 7.5], "texture": "#8"},
				"up": {"uv": [15, 7.5, 14.5, 7], "texture": "#8"},
				"down": {"uv": [15, 7, 14.5, 7.5], "texture": "#8"}
			}
		},
		{
			"name": "R",
			"from": [3.7, 7.3, 7.3],
			"to": [3.9, 7.6, 7.4],
			"faces": {
				"north": {"uv": [14.5, 8, 15, 8.5], "texture": "#8"},
				"east": {"uv": [14.5, 8, 15, 8.5], "texture": "#8"},
				"south": {"uv": [14.5, 8, 15, 8.5], "texture": "#8"},
				"west": {"uv": [14.5, 8, 15, 8.5], "texture": "#8"},
				"up": {"uv": [15, 8.5, 14.5, 8], "texture": "#8"},
				"down": {"uv": [15, 8, 14.5, 8.5], "texture": "#8"}
			}
		},
		{
			"name": "main",
			"from": [10.6, 7.3, 7.2],
			"to": [11.2, 8, 7.3],
			"rotation": {"angle": 0, "axis": "y", "origin": [16, 0, 0]},
			"faces": {
				"north": {"uv": [4, 7, 5, 8], "texture": "#8"},
				"east": {"uv": [4, 7, 4.5, 8], "texture": "#8"},
				"south": {"uv": [4, 8, 4.5, 8.5], "texture": "#8"},
				"west": {"uv": [4.5, 7, 5, 8], "texture": "#8"},
				"up": {"uv": [5, 7, 4, 6.5], "texture": "#8"},
				"down": {"uv": [4.5, 8, 4, 8.5], "texture": "#8"}
			}
		},
		{
			"name": "R",
			"from": [10.9, 7.3, 7.3],
			"to": [11.1, 8, 7.4],
			"rotation": {"angle": 0, "axis": "y", "origin": [16, 0, 0]},
			"faces": {
				"north": {"uv": [3.5, 7, 4, 8.5], "texture": "#8"},
				"east": {"uv": [3.5, 7, 4, 8.5], "texture": "#8"},
				"south": {"uv": [3.5, 7, 4, 8.5], "texture": "#8"},
				"west": {"uv": [3.5, 7, 4, 8.5], "texture": "#8"},
				"up": {"uv": [4, 7.5, 3.5, 7], "texture": "#8"},
				"down": {"uv": [4, 8, 3.5, 8.5], "texture": "#8"}
			}
		},
		{
			"name": "R",
			"from": [11.1, 7.2, 7.3],
			"to": [11.8, 8.1, 7.4],
			"rotation": {"angle": 0, "axis": "y", "origin": [16, 0, 0]},
			"faces": {
				"north": {"uv": [1.5, 6.5, 3.5, 9], "texture": "#8"},
				"east": {"uv": [1.5, 6.5, 2, 9], "texture": "#8"},
				"south": {"uv": [1, 7, 1.5, 7.5], "texture": "#8"},
				"west": {"uv": [3, 6.5, 3.5, 9], "texture": "#8"},
				"up": {"uv": [3.5, 7, 1.5, 6.5], "texture": "#8"},
				"down": {"uv": [3.5, 8.5, 1.5, 9], "texture": "#8"}
			}
		},
		{
			"name": "R",
			"from": [11.2, 8.1, 7.3],
			"to": [11.7, 8.3, 7.4],
			"rotation": {"angle": 0, "axis": "y", "origin": [16, 0, 0]},
			"faces": {
				"north": {"uv": [2, 6, 3, 6.5], "texture": "#8"},
				"east": {"uv": [2, 6, 2.5, 6.5], "texture": "#8"},
				"south": {"uv": [2, 6, 3, 6.5], "texture": "#8"},
				"west": {"uv": [2.5, 6, 3, 6.5], "texture": "#8"},
				"up": {"uv": [3, 6.5, 2, 6], "texture": "#8"},
				"down": {"uv": [3, 6, 2, 6.5], "texture": "#8"}
			}
		},
		{
			"name": "R",
			"from": [11.8, 7.7, 7.3],
			"to": [12, 8, 7.4],
			"rotation": {"angle": 0, "axis": "y", "origin": [16, 0, 0]},
			"faces": {
				"north": {"uv": [1, 7, 1.5, 7.5], "texture": "#8"},
				"east": {"uv": [1, 7, 1.5, 7.5], "texture": "#8"},
				"south": {"uv": [1, 7, 1.5, 7.5], "texture": "#8"},
				"west": {"uv": [1, 7, 1.5, 7.5], "texture": "#8"},
				"up": {"uv": [1.5, 7.5, 1, 7], "texture": "#8"},
				"down": {"uv": [1.5, 7, 1, 7.5], "texture": "#8"}
			}
		},
		{
			"name": "R",
			"from": [11.8, 7.3, 7.3],
			"to": [12, 7.6, 7.4],
			"rotation": {"angle": 0, "axis": "y", "origin": [16, 0, 0]},
			"faces": {
				"north": {"uv": [1, 8, 1.5, 8.5], "texture": "#8"},
				"east": {"uv": [1, 8, 1.5, 8.5], "texture": "#8"},
				"south": {"uv": [1, 8, 1.5, 8.5], "texture": "#8"},
				"west": {"uv": [1, 8, 1.5, 8.5], "texture": "#8"},
				"up": {"uv": [1.5, 8.5, 1, 8], "texture": "#8"},
				"down": {"uv": [1.5, 8, 1, 8.5], "texture": "#8"}
			}
		},
		{
			"name": "R",
			"from": [11.2, 7, 7.3],
			"to": [11.7, 7.2, 7.4],
			"rotation": {"angle": 0, "axis": "y", "origin": [16, 0, 0]},
			"faces": {
				"north": {"uv": [2, 9, 3, 9.5], "texture": "#8"},
				"east": {"uv": [2, 9, 2.5, 9.5], "texture": "#8"},
				"south": {"uv": [2, 9, 3, 9.5], "texture": "#8"},
				"west": {"uv": [2.5, 9, 3, 9.5], "texture": "#8"},
				"up": {"uv": [3, 9.5, 2, 9], "texture": "#8"},
				"down": {"uv": [3, 9, 2, 9.5], "texture": "#8"}
			}
		},
		{
			"from": [11.7, 4.5, 8.3],
			"to": [12, 4.8, 14],
			"rotation": {"angle": 0, "axis": "y", "origin": [0, -0.3, 0]},
			"faces": {
				"north": {"uv": [7.5, 3, 7.75, 3.25], "texture": "#9"},
				"east": {"uv": [0, 4, 2.75, 4.25], "texture": "#9"},
				"south": {"uv": [7.5, 3.5, 7.75, 3.75], "texture": "#9"},
				"west": {"uv": [3, 4, 5.75, 4.25], "texture": "#9"},
				"up": {"uv": [0.25, 7.25, 0, 4.5], "texture": "#9"},
				"down": {"uv": [4.75, 0, 4.5, 2.75], "texture": "#9"}
			}
		},
		{
			"from": [10.7, 4.5, 8.3],
			"to": [11, 4.8, 14],
			"rotation": {"angle": 0, "axis": "y", "origin": [0, -0.3, 0]},
			"faces": {
				"north": {"uv": [4, 7.5, 4.25, 7.75], "texture": "#9"},
				"east": {"uv": [0.5, 4.5, 3.25, 4.75], "texture": "#9"},
				"south": {"uv": [7.5, 4.5, 7.75, 4.75], "texture": "#9"},
				"west": {"uv": [4.5, 3, 7.25, 3.25], "texture": "#9"},
				"up": {"uv": [3.75, 7.25, 3.5, 4.5], "texture": "#9"},
				"down": {"uv": [4.25, 4.5, 4, 7.25], "texture": "#9"}
			}
		},
		{
			"from": [9.7, 4.5, 8.3],
			"to": [10, 4.8, 14],
			"rotation": {"angle": 0, "axis": "y", "origin": [0, -0.3, 0]},
			"faces": {
				"north": {"uv": [7.5, 5, 7.75, 5.25], "texture": "#9"},
				"east": {"uv": [4.5, 3.5, 7.25, 3.75], "texture": "#9"},
				"south": {"uv": [7, 7.5, 7.25, 7.75], "texture": "#9"},
				"west": {"uv": [4.5, 4.5, 7.25, 4.75], "texture": "#9"},
				"up": {"uv": [5.25, 2.75, 5, 0], "texture": "#9"},
				"down": {"uv": [0.75, 5, 0.5, 7.75], "texture": "#9"}
			}
		},
		{
			"from": [8.7, 4.5, 8.3],
			"to": [9, 4.8, 14],
			"rotation": {"angle": 0, "axis": "y", "origin": [0, -0.3, 0]},
			"faces": {
				"north": {"uv": [7.5, 7.5, 7.75, 7.75], "texture": "#9"},
				"east": {"uv": [4.5, 5, 7.25, 5.25], "texture": "#9"},
				"south": {"uv": [0.5, 8, 0.75, 8.25], "texture": "#9"},
				"west": {"uv": [5.5, 0, 8.25, 0.25], "texture": "#9"},
				"up": {"uv": [1.25, 7.75, 1, 5], "texture": "#9"},
				"down": {"uv": [1.75, 5, 1.5, 7.75], "texture": "#9"}
			}
		},
		{
			"from": [7.7, 4.5, 8.3],
			"to": [8, 4.8, 14],
			"rotation": {"angle": 0, "axis": "y", "origin": [0, -0.3, 0]},
			"faces": {
				"north": {"uv": [1, 8, 1.25, 8.25], "texture": "#9"},
				"east": {"uv": [5.5, 0.5, 8.25, 0.75], "texture": "#9"},
				"south": {"uv": [1.5, 8, 1.75, 8.25], "texture": "#9"},
				"west": {"uv": [5.5, 1, 8.25, 1.25], "texture": "#9"},
				"up": {"uv": [2.25, 7.75, 2, 5], "texture": "#9"},
				"down": {"uv": [2.75, 5, 2.5, 7.75], "texture": "#9"}
			}
		},
		{
			"from": [6.7, 4.5, 8.3],
			"to": [7, 4.8, 14],
			"rotation": {"angle": 0, "axis": "y", "origin": [0, -0.3, 0]},
			"faces": {
				"north": {"uv": [2, 8, 2.25, 8.25], "texture": "#9"},
				"east": {"uv": [5.5, 1.5, 8.25, 1.75], "texture": "#9"},
				"south": {"uv": [2.5, 8, 2.75, 8.25], "texture": "#9"},
				"west": {"uv": [5.5, 2, 8.25, 2.25], "texture": "#9"},
				"up": {"uv": [3.25, 7.75, 3, 5], "texture": "#9"},
				"down": {"uv": [4.75, 5.5, 4.5, 8.25], "texture": "#9"}
			}
		},
		{
			"from": [5.7, 4.5, 8.3],
			"to": [6, 4.8, 14],
			"rotation": {"angle": 0, "axis": "y", "origin": [0, -0.3, 0]},
			"faces": {
				"north": {"uv": [3, 8, 3.25, 8.25], "texture": "#9"},
				"east": {"uv": [5.5, 2.5, 8.25, 2.75], "texture": "#9"},
				"south": {"uv": [8, 3, 8.25, 3.25], "texture": "#9"},
				"west": {"uv": [5, 5.5, 7.75, 5.75], "texture": "#9"},
				"up": {"uv": [5.25, 8.75, 5, 6], "texture": "#9"},
				"down": {"uv": [5.75, 6, 5.5, 8.75], "texture": "#9"}
			}
		},
		{
			"from": [4.7, 4.5, 8.3],
			"to": [5, 4.8, 14],
			"rotation": {"angle": 0, "axis": "y", "origin": [0, -0.3, 0]},
			"faces": {
				"north": {"uv": [8, 3.5, 8.25, 3.75], "texture": "#9"},
				"east": {"uv": [6, 4, 8.75, 4.25], "texture": "#9"},
				"south": {"uv": [4, 8, 4.25, 8.25], "texture": "#9"},
				"west": {"uv": [6, 6, 8.75, 6.25], "texture": "#9"},
				"up": {"uv": [6.25, 9.25, 6, 6.5], "texture": "#9"},
				"down": {"uv": [6.75, 6.5, 6.5, 9.25], "texture": "#9"}
			}
		},
		{
			"from": [3.7, 4.5, 8.3],
			"to": [4, 4.8, 14],
			"rotation": {"angle": 0, "axis": "y", "origin": [0, -0.3, 0]},
			"faces": {
				"north": {"uv": [8, 4.5, 8.25, 4.75], "texture": "#9"},
				"east": {"uv": [7, 6.5, 9.75, 6.75], "texture": "#9"},
				"south": {"uv": [8, 5, 8.25, 5.25], "texture": "#9"},
				"west": {"uv": [7, 7, 9.75, 7.25], "texture": "#9"},
				"up": {"uv": [0.25, 10.25, 0, 7.5], "texture": "#9"},
				"down": {"uv": [3.75, 7.5, 3.5, 10.25], "texture": "#9"}
			}
		},
		{
			"from": [3.7, 4.5, 14],
			"to": [12, 4.8, 14.3],
			"rotation": {"angle": 0, "axis": "y", "origin": [0, -0.3, 0]},
			"faces": {
				"north": {"uv": [0, 0, 4.25, 0.25], "texture": "#9"},
				"east": {"uv": [8, 5.5, 8.25, 5.75], "texture": "#9"},
				"south": {"uv": [0, 0.5, 4.25, 0.75], "texture": "#9"},
				"west": {"uv": [7, 8, 7.25, 8.25], "texture": "#9"},
				"up": {"uv": [4.25, 1.25, 0, 1], "texture": "#9"},
				"down": {"uv": [4.25, 1.5, 0, 1.75], "texture": "#9"}
			}
		},
		{
			"from": [3.7, 4.5, 8],
			"to": [12, 4.8, 8.3],
			"rotation": {"angle": 0, "axis": "y", "origin": [0, -0.3, 0]},
			"faces": {
				"north": {"uv": [0, 2, 4.25, 2.25], "texture": "#9"},
				"east": {"uv": [7.5, 8, 7.75, 8.25], "texture": "#9"},
				"south": {"uv": [0, 2.5, 4.25, 2.75], "texture": "#9"},
				"west": {"uv": [8, 7.5, 8.25, 7.75], "texture": "#9"},
				"up": {"uv": [4.25, 3.25, 0, 3], "texture": "#9"},
				"down": {"uv": [4.25, 3.5, 0, 3.75], "texture": "#9"}
			}
		},
		{
			"name": "FL",
			"from": [12.6, 0, 8],
			"to": [13.6, 1, 14.3],
			"rotation": {"angle": 0, "axis": "y", "origin": [0, -0.3, 0]},
			"faces": {
				"north": {"uv": [7, 9.5, 9.5, 12], "texture": "#5"},
				"east": {"uv": [7, 3.5, 15, 5.5], "texture": "#5"},
				"south": {"uv": [10.5, 9.5, 13, 12], "texture": "#5"},
				"west": {"uv": [7, 6.5, 15, 8.5], "texture": "#5"},
				"up": {"uv": [6, 12, 1, 3.5], "texture": "#5"},
				"down": {"uv": [14.5, 10, 14, 10.5], "texture": "#5"}
			}
		},
		{
			"name": "FR",
			"from": [2.1, 0, 8],
			"to": [3.1, 1, 14.3],
			"rotation": {"angle": 0, "axis": "y", "origin": [0, -0.3, 0]},
			"faces": {
				"north": {"uv": [7, 9.5, 9.5, 12], "texture": "#5"},
				"east": {"uv": [7, 3.5, 15, 5.5], "texture": "#5"},
				"south": {"uv": [10.5, 9.5, 13, 12], "texture": "#5"},
				"west": {"uv": [7, 6.5, 15, 8.5], "texture": "#5"},
				"up": {"uv": [6, 12, 1, 3.5], "texture": "#5"},
				"down": {"uv": [14.5, 10, 14, 10.5], "texture": "#5"}
			}
		},
		{
			"from": [9.1, 2.1, 7],
			"to": [10.1, 3.4, 7.3],
			"rotation": {"angle": 0, "axis": "y", "origin": [0, -0.3, 0]},
			"faces": {
				"north": {"uv": [2, 6, 5, 10], "texture": "#3"},
				"east": {"uv": [2, 6, 3, 7], "texture": "#3"},
				"south": {"uv": [3, 4, 4, 5], "texture": "#3"},
				"west": {"uv": [4, 6, 5, 7], "texture": "#3"},
				"up": {"uv": [5, 7, 2, 6], "texture": "#3"},
				"down": {"uv": [5, 9, 2, 10], "texture": "#3"}
			}
		},
		{
			"from": [8.8, 2.4, 7],
			"to": [9.1, 3.1, 7.3],
			"rotation": {"angle": 0, "axis": "y", "origin": [0, -0.3, 0]},
			"faces": {
				"north": {"uv": [5, 7, 6, 9], "texture": "#3"},
				"east": {"uv": [5, 7, 6, 9], "texture": "#3"},
				"south": {"uv": [3, 4, 4, 5], "texture": "#3"},
				"west": {"uv": [5, 7, 6, 9], "texture": "#3"},
				"up": {"uv": [6, 8, 5, 7], "texture": "#3"},
				"down": {"uv": [6, 8, 5, 9], "texture": "#3"}
			}
		},
		{
			"from": [10.1, 2.4, 7],
			"to": [10.4, 3.1, 7.3],
			"rotation": {"angle": 0, "axis": "y", "origin": [0, -0.3, 0]},
			"faces": {
				"north": {"uv": [1, 7, 2, 9], "texture": "#3"},
				"east": {"uv": [1, 7, 2, 9], "texture": "#3"},
				"south": {"uv": [3, 4, 4, 5], "texture": "#3"},
				"west": {"uv": [1, 7, 2, 9], "texture": "#3"},
				"up": {"uv": [2, 8, 1, 7], "texture": "#3"},
				"down": {"uv": [2, 8, 1, 9], "texture": "#3"}
			}
		},
		{
			"from": [6.6, 2.4, 7],
			"to": [6.9, 3.1, 7.3],
			"rotation": {"angle": 0, "axis": "y", "origin": [0, -0.3, 0]},
			"faces": {
				"north": {"uv": [9, 7, 10, 9], "texture": "#3"},
				"east": {"uv": [9, 7, 10, 9], "texture": "#3"},
				"south": {"uv": [11, 4, 12, 5], "texture": "#3"},
				"west": {"uv": [9, 7, 10, 9], "texture": "#3"},
				"up": {"uv": [10, 8, 9, 7], "texture": "#3"},
				"down": {"uv": [10, 8, 9, 9], "texture": "#3"}
			}
		},
		{
			"from": [5.6, 2.1, 7],
			"to": [6.6, 3.4, 7.3],
			"rotation": {"angle": 0, "axis": "y", "origin": [0, -0.3, 0]},
			"faces": {
				"north": {"uv": [10, 6, 13, 10], "texture": "#3"},
				"east": {"uv": [10, 9, 11, 10], "texture": "#3"},
				"south": {"uv": [11, 4, 12, 5], "texture": "#3"},
				"west": {"uv": [12, 9, 13, 10], "texture": "#3"},
				"up": {"uv": [13, 7, 10, 6], "texture": "#3"},
				"down": {"uv": [13, 9, 10, 10], "texture": "#3"}
			}
		},
		{
			"from": [5.3, 2.4, 7],
			"to": [5.6, 3.1, 7.3],
			"rotation": {"angle": 0, "axis": "y", "origin": [0, -0.3, 0]},
			"faces": {
				"north": {"uv": [13, 7, 14, 9], "texture": "#3"},
				"east": {"uv": [13, 7, 14, 9], "texture": "#3"},
				"south": {"uv": [11, 4, 12, 5], "texture": "#3"},
				"west": {"uv": [13, 7, 14, 9], "texture": "#3"},
				"up": {"uv": [14, 8, 13, 7], "texture": "#3"},
				"down": {"uv": [14, 8, 13, 9], "texture": "#3"}
			}
		},
		{
			"from": [9.3, 2.5, 7.3],
			"to": [9.9, 3, 7.5],
			"rotation": {"angle": 0, "axis": "y", "origin": [0, -0.3, 0]},
			"faces": {
				"north": {"uv": [3, 4, 4, 5], "texture": "#3"},
				"east": {"uv": [3, 4, 4, 5], "texture": "#3"},
				"south": {"uv": [3, 4, 4, 5], "texture": "#3"},
				"west": {"uv": [3, 4, 4, 5], "texture": "#3"},
				"up": {"uv": [4, 5, 3, 4], "texture": "#3"},
				"down": {"uv": [4, 4, 3, 5], "texture": "#3"}
			}
		},
		{
			"from": [5.8, 2.5, 7.3],
			"to": [6.4, 3, 7.5],
			"rotation": {"angle": 0, "axis": "y", "origin": [0, -0.3, 0]},
			"faces": {
				"north": {"uv": [11, 4, 12, 5], "texture": "#3"},
				"east": {"uv": [11, 4, 12, 5], "texture": "#3"},
				"south": {"uv": [11, 4, 12, 5], "rotation": 90, "texture": "#3"},
				"west": {"uv": [11, 4, 12, 5], "texture": "#3"},
				"up": {"uv": [12, 5, 11, 4], "texture": "#3"},
				"down": {"uv": [12, 4, 11, 5], "texture": "#3"}
			}
		},
		{
			"name": "brim",
			"from": [4.4, 14.1, 7.5],
			"to": [7.4, 15.1, 10.5],
			"rotation": {"angle": 22.5, "axis": "x", "origin": [0, -0.3, 0]},
			"faces": {
				"north": {"uv": [2, 9, 9, 11], "texture": "#4"},
				"east": {"uv": [2, 9, 9, 11], "texture": "#4"},
				"south": {"uv": [2, 9, 9, 11], "texture": "#4"},
				"west": {"uv": [2, 9, 9, 11], "texture": "#4"},
				"up": {"uv": [13, 11, 10, 8], "texture": "#4"},
				"down": {"uv": [13, 8, 10, 11], "texture": "#4"}
			}
		},
		{
			"name": "main",
			"from": [4.6, 15.1, 7.7],
			"to": [7.2, 18.6, 10.3],
			"rotation": {"angle": 22.5, "axis": "x", "origin": [0, -0.3, 0]},
			"faces": {
				"north": {"uv": [3, 4, 8, 9], "texture": "#4"},
				"east": {"uv": [3, 4, 8, 9], "texture": "#4"},
				"south": {"uv": [3, 4, 8, 9], "texture": "#4"},
				"west": {"uv": [3, 4, 8, 9], "texture": "#4"},
				"up": {"uv": [13, 7, 10, 4], "texture": "#4"},
				"down": {"uv": [13, 4, 10, 7], "texture": "#4"}
			}
		},
		{
			"from": [8, 1.6, 4.9],
			"to": [8.3, 1.8, 5.2],
			"faces": {
				"north": {"uv": [3, 1, 3.5, 1.5], "texture": "#15"},
				"east": {"uv": [2, 3, 2.5, 3.5], "texture": "#15"},
				"south": {"uv": [3, 2, 3.5, 2.5], "texture": "#15"},
				"west": {"uv": [3, 3, 3.5, 3.5], "texture": "#15"},
				"up": {"uv": [0.5, 4.5, 0, 4], "texture": "#15"},
				"down": {"uv": [4.5, 0, 4, 0.5], "texture": "#15"}
			}
		},
		{
			"from": [7.4, 1.6, 5.2],
			"to": [7.7, 1.8, 5.5],
			"faces": {
				"north": {"uv": [1, 4, 1.5, 4.5], "texture": "#15"},
				"east": {"uv": [4, 1, 4.5, 1.5], "texture": "#15"},
				"south": {"uv": [2, 4, 2.5, 4.5], "texture": "#15"},
				"west": {"uv": [4, 2, 4.5, 2.5], "texture": "#15"},
				"up": {"uv": [3.5, 4.5, 3, 4], "texture": "#15"},
				"down": {"uv": [4.5, 3, 4, 3.5], "texture": "#15"}
			}
		},
		{
			"from": [7.7, 1.6, 4.9],
			"to": [8, 1.8, 5.2],
			"faces": {
				"north": {"uv": [4, 4, 4.5, 4.5], "texture": "#15"},
				"east": {"uv": [0, 5, 0.5, 5.5], "texture": "#15"},
				"south": {"uv": [5, 0, 5.5, 0.5], "texture": "#15"},
				"west": {"uv": [1, 5, 1.5, 5.5], "texture": "#15"},
				"up": {"uv": [5.5, 1.5, 5, 1], "texture": "#15"},
				"down": {"uv": [2.5, 5, 2, 5.5], "texture": "#15"}
			}
		},
		{
			"from": [7.4, 1.6, 4.9],
			"to": [7.7, 1.8, 5.2],
			"faces": {
				"north": {"uv": [5, 2, 5.5, 2.5], "texture": "#15"},
				"east": {"uv": [3, 5, 3.5, 5.5], "texture": "#15"},
				"south": {"uv": [5, 3, 5.5, 3.5], "texture": "#15"},
				"west": {"uv": [4, 5, 4.5, 5.5], "texture": "#15"},
				"up": {"uv": [5.5, 4.5, 5, 4], "texture": "#15"},
				"down": {"uv": [5.5, 5, 5, 5.5], "texture": "#15"}
			}
		},
		{
			"from": [7.1, 1.6, 5.2],
			"to": [7.4, 1.8, 5.5],
			"faces": {
				"north": {"uv": [0, 6, 0.5, 6.5], "texture": "#15"},
				"east": {"uv": [6, 0, 6.5, 0.5], "texture": "#15"},
				"south": {"uv": [1, 6, 1.5, 6.5], "texture": "#15"},
				"west": {"uv": [6, 1, 6.5, 1.5], "texture": "#15"},
				"up": {"uv": [2.5, 6.5, 2, 6], "texture": "#15"},
				"down": {"uv": [6.5, 2, 6, 2.5], "texture": "#15"}
			}
		},
		{
			"from": [7.4, 1.6, 5.8],
			"to": [7.7, 1.8, 6.1],
			"faces": {
				"north": {"uv": [3, 6, 3.5, 6.5], "texture": "#15"},
				"east": {"uv": [6, 3, 6.5, 3.5], "texture": "#15"},
				"south": {"uv": [4, 6, 4.5, 6.5], "texture": "#15"},
				"west": {"uv": [6, 4, 6.5, 4.5], "texture": "#15"},
				"up": {"uv": [5.5, 6.5, 5, 6], "texture": "#15"},
				"down": {"uv": [6.5, 5, 6, 5.5], "texture": "#15"}
			}
		},
		{
			"from": [7.1, 1.6, 5.5],
			"to": [7.4, 1.8, 5.8],
			"faces": {
				"north": {"uv": [6, 6, 6.5, 6.5], "texture": "#15"},
				"east": {"uv": [0, 7, 0.5, 7.5], "texture": "#15"},
				"south": {"uv": [7, 0, 7.5, 0.5], "texture": "#15"},
				"west": {"uv": [1, 7, 1.5, 7.5], "texture": "#15"},
				"up": {"uv": [7.5, 1.5, 7, 1], "texture": "#15"},
				"down": {"uv": [2.5, 7, 2, 7.5], "texture": "#15"}
			}
		},
		{
			"from": [7.4, 1.6, 5.5],
			"to": [7.7, 1.8, 5.8],
			"faces": {
				"north": {"uv": [7, 2, 7.5, 2.5], "texture": "#15"},
				"east": {"uv": [3, 7, 3.5, 7.5], "texture": "#15"},
				"south": {"uv": [7, 3, 7.5, 3.5], "texture": "#15"},
				"west": {"uv": [4, 7, 4.5, 7.5], "texture": "#15"},
				"up": {"uv": [7.5, 4.5, 7, 4], "texture": "#15"},
				"down": {"uv": [5.5, 7, 5, 7.5], "texture": "#15"}
			}
		},
		{
			"from": [7.7, 1.6, 5.5],
			"to": [8, 1.8, 5.8],
			"faces": {
				"north": {"uv": [7, 5, 7.5, 5.5], "texture": "#15"},
				"east": {"uv": [6, 7, 6.5, 7.5], "texture": "#15"},
				"south": {"uv": [7, 6, 7.5, 6.5], "texture": "#15"},
				"west": {"uv": [7, 7, 7.5, 7.5], "texture": "#15"},
				"up": {"uv": [0.5, 8.5, 0, 8], "texture": "#15"},
				"down": {"uv": [8.5, 0, 8, 0.5], "texture": "#15"}
			}
		},
		{
			"from": [8, 1.6, 5.5],
			"to": [8.3, 1.8, 5.8],
			"faces": {
				"north": {"uv": [1, 8, 1.5, 8.5], "texture": "#15"},
				"east": {"uv": [8, 1, 8.5, 1.5], "texture": "#15"},
				"south": {"uv": [2, 8, 2.5, 8.5], "texture": "#15"},
				"west": {"uv": [8, 2, 8.5, 2.5], "texture": "#15"},
				"up": {"uv": [3.5, 8.5, 3, 8], "texture": "#15"},
				"down": {"uv": [8.5, 3, 8, 3.5], "texture": "#15"}
			}
		},
		{
			"from": [8, 1.6, 5.8],
			"to": [8.3, 1.8, 6.1],
			"faces": {
				"north": {"uv": [4, 8, 4.5, 8.5], "texture": "#15"},
				"east": {"uv": [8, 4, 8.5, 4.5], "texture": "#15"},
				"south": {"uv": [5, 8, 5.5, 8.5], "texture": "#15"},
				"west": {"uv": [8, 5, 8.5, 5.5], "texture": "#15"},
				"up": {"uv": [6.5, 8.5, 6, 8], "texture": "#15"},
				"down": {"uv": [8.5, 6, 8, 6.5], "texture": "#15"}
			}
		},
		{
			"from": [8.3, 1.6, 5.5],
			"to": [8.6, 1.8, 5.8],
			"faces": {
				"north": {"uv": [7, 8, 7.5, 8.5], "texture": "#15"},
				"east": {"uv": [8, 7, 8.5, 7.5], "texture": "#15"},
				"south": {"uv": [8, 8, 8.5, 8.5], "texture": "#15"},
				"west": {"uv": [0, 9, 0.5, 9.5], "texture": "#15"},
				"up": {"uv": [9.5, 0.5, 9, 0], "texture": "#15"},
				"down": {"uv": [1.5, 9, 1, 9.5], "texture": "#15"}
			}
		},
		{
			"from": [8, 1.6, 5.2],
			"to": [8.3, 1.8, 5.5],
			"faces": {
				"north": {"uv": [9, 1, 9.5, 1.5], "texture": "#15"},
				"east": {"uv": [2, 9, 2.5, 9.5], "texture": "#15"},
				"south": {"uv": [9, 2, 9.5, 2.5], "texture": "#15"},
				"west": {"uv": [3, 9, 3.5, 9.5], "texture": "#15"},
				"up": {"uv": [9.5, 3.5, 9, 3], "texture": "#15"},
				"down": {"uv": [4.5, 9, 4, 9.5], "texture": "#15"}
			}
		},
		{
			"from": [7.7, 1.6, 5.2],
			"to": [8, 1.8, 5.5],
			"faces": {
				"north": {"uv": [9, 4, 9.5, 4.5], "texture": "#15"},
				"east": {"uv": [5, 9, 5.5, 9.5], "texture": "#15"},
				"south": {"uv": [9, 5, 9.5, 5.5], "texture": "#15"},
				"west": {"uv": [6, 9, 6.5, 9.5], "texture": "#15"},
				"up": {"uv": [9.5, 6.5, 9, 6], "texture": "#15"},
				"down": {"uv": [7.5, 9, 7, 9.5], "texture": "#15"}
			}
		},
		{
			"from": [8.3, 1.6, 5.2],
			"to": [8.6, 1.8, 5.5],
			"faces": {
				"north": {"uv": [9, 7, 9.5, 7.5], "texture": "#15"},
				"east": {"uv": [8, 9, 8.5, 9.5], "texture": "#15"},
				"south": {"uv": [9, 8, 9.5, 8.5], "texture": "#15"},
				"west": {"uv": [9, 9, 9.5, 9.5], "texture": "#15"},
				"up": {"uv": [0.5, 10.5, 0, 10], "texture": "#15"},
				"down": {"uv": [10.5, 0, 10, 0.5], "texture": "#15"}
			}
		},
		{
			"from": [6.8, 1.6, 5.2],
			"to": [7.1, 1.7, 6.1],
			"faces": {
				"north": {"uv": [1, 10, 1.5, 10.5], "texture": "#15"},
				"east": {"uv": [0, 0, 1, 0.5], "texture": "#15"},
				"south": {"uv": [10, 1, 10.5, 1.5], "texture": "#15"},
				"west": {"uv": [0, 1, 1, 1.5], "texture": "#15"},
				"up": {"uv": [1.5, 1, 1, 0], "texture": "#15"},
				"down": {"uv": [1.5, 1, 1, 2], "texture": "#15"}
			}
		},
		{
			"from": [7.1, 1.6, 5.8],
			"to": [7.4, 1.7, 6.1],
			"faces": {
				"north": {"uv": [2, 10, 2.5, 10.5], "texture": "#15"},
				"east": {"uv": [10, 2, 10.5, 2.5], "texture": "#15"},
				"south": {"uv": [3, 10, 3.5, 10.5], "texture": "#15"},
				"west": {"uv": [10, 3, 10.5, 3.5], "texture": "#15"},
				"up": {"uv": [4.5, 10.5, 4, 10], "texture": "#15"},
				"down": {"uv": [10.5, 4, 10, 4.5], "texture": "#15"}
			}
		},
		{
			"from": [7.1, 1.6, 6.1],
			"to": [7.7, 1.7, 6.4],
			"faces": {
				"north": {"uv": [5, 10, 5.5, 10.5], "texture": "#15"},
				"east": {"uv": [10, 5, 10.5, 5.5], "texture": "#15"},
				"south": {"uv": [6, 10, 6.5, 10.5], "texture": "#15"},
				"west": {"uv": [10, 6, 10.5, 6.5], "texture": "#15"},
				"up": {"uv": [7.5, 10.5, 7, 10], "texture": "#15"},
				"down": {"uv": [10.5, 7, 10, 7.5], "texture": "#15"}
			}
		},
		{
			"from": [7.7, 1.6, 5.8],
			"to": [8, 1.7, 6.1],
			"faces": {
				"north": {"uv": [8, 10, 8.5, 10.5], "texture": "#15"},
				"east": {"uv": [10, 8, 10.5, 8.5], "texture": "#15"},
				"south": {"uv": [9, 10, 9.5, 10.5], "texture": "#15"},
				"west": {"uv": [10, 9, 10.5, 9.5], "texture": "#15"},
				"up": {"uv": [10.5, 10.5, 10, 10], "texture": "#15"},
				"down": {"uv": [0.5, 11, 0, 11.5], "texture": "#15"}
			}
		},
		{
			"from": [8, 1.6, 6.1],
			"to": [8.6, 1.7, 6.4],
			"faces": {
				"north": {"uv": [11, 0, 11.5, 0.5], "texture": "#15"},
				"east": {"uv": [1, 11, 1.5, 11.5], "texture": "#15"},
				"south": {"uv": [11, 1, 11.5, 1.5], "texture": "#15"},
				"west": {"uv": [2, 11, 2.5, 11.5], "texture": "#15"},
				"up": {"uv": [11.5, 2.5, 11, 2], "texture": "#15"},
				"down": {"uv": [3.5, 11, 3, 11.5], "texture": "#15"}
			}
		},
		{
			"from": [8.6, 1.6, 5.2],
			"to": [8.9, 1.7, 6.1],
			"faces": {
				"north": {"uv": [11, 3, 11.5, 3.5], "texture": "#15"},
				"east": {"uv": [0, 2, 1, 2.5], "texture": "#15"},
				"south": {"uv": [4, 11, 4.5, 11.5], "texture": "#15"},
				"west": {"uv": [2, 0, 3, 0.5], "texture": "#15"},
				"up": {"uv": [1.5, 3, 1, 2], "texture": "#15"},
				"down": {"uv": [2.5, 1, 2, 2], "texture": "#15"}
			}
		},
		{
			"from": [8.3, 1.6, 5.8],
			"to": [8.6, 1.7, 6.1],
			"faces": {
				"north": {"uv": [11, 4, 11.5, 4.5], "texture": "#15"},
				"east": {"uv": [5, 11, 5.5, 11.5], "texture": "#15"},
				"south": {"uv": [11, 5, 11.5, 5.5], "texture": "#15"},
				"west": {"uv": [6, 11, 6.5, 11.5], "texture": "#15"},
				"up": {"uv": [11.5, 6.5, 11, 6], "texture": "#15"},
				"down": {"uv": [7.5, 11, 7, 11.5], "texture": "#15"}
			}
		},
		{
			"from": [8.3, 1.6, 4.9],
			"to": [8.6, 1.7, 5.2],
			"faces": {
				"north": {"uv": [11, 7, 11.5, 7.5], "texture": "#15"},
				"east": {"uv": [8, 11, 8.5, 11.5], "texture": "#15"},
				"south": {"uv": [11, 8, 11.5, 8.5], "texture": "#15"},
				"west": {"uv": [9, 11, 9.5, 11.5], "texture": "#15"},
				"up": {"uv": [11.5, 9.5, 11, 9], "texture": "#15"},
				"down": {"uv": [10.5, 11, 10, 11.5], "texture": "#15"}
			}
		},
		{
			"from": [7.4, 1.6, 4.6],
			"to": [8.3, 1.7, 4.9],
			"faces": {
				"north": {"uv": [2, 2, 3, 2.5], "texture": "#15"},
				"east": {"uv": [11, 10, 11.5, 10.5], "texture": "#15"},
				"south": {"uv": [0, 3, 1, 3.5], "texture": "#15"},
				"west": {"uv": [11, 11, 11.5, 11.5], "texture": "#15"},
				"up": {"uv": [4, 0.5, 3, 0], "texture": "#15"},
				"down": {"uv": [2, 3, 1, 3.5], "texture": "#15"}
			}
		},
		{
			"from": [7.1, 1.6, 4.9],
			"to": [7.4, 1.7, 5.2],
			"faces": {
				"north": {"uv": [0, 12, 0.5, 12.5], "texture": "#15"},
				"east": {"uv": [12, 0, 12.5, 0.5], "texture": "#15"},
				"south": {"uv": [1, 12, 1.5, 12.5], "texture": "#15"},
				"west": {"uv": [12, 1, 12.5, 1.5], "texture": "#15"},
				"up": {"uv": [2.5, 12.5, 2, 12], "texture": "#15"},
				"down": {"uv": [12.5, 2, 12, 2.5], "texture": "#15"}
			}
		},
		{
			"name": "T",
			"from": [6.6, 1.5, 6.6],
			"to": [9.1, 1.7, 6.8],
			"faces": {
				"north": {"uv": [3, 0, 5.5, 0.5], "texture": "#14"},
				"east": {"uv": [2, 7, 2.5, 7.5], "texture": "#14"},
				"south": {"uv": [3, 1, 5.5, 1.5], "texture": "#14"},
				"west": {"uv": [4, 7, 4.5, 7.5], "texture": "#14"},
				"up": {"uv": [5.5, 2.5, 3, 2], "texture": "#14"},
				"down": {"uv": [5.5, 3, 3, 3.5], "texture": "#14"}
			}
		},
		{
			"name": "B",
			"from": [6.6, 1.5, 4.2],
			"to": [9.1, 1.7, 4.4],
			"faces": {
				"north": {"uv": [0, 4, 2.5, 4.5], "texture": "#14"},
				"east": {"uv": [5, 7, 5.5, 7.5], "texture": "#14"},
				"south": {"uv": [3, 4, 5.5, 4.5], "texture": "#14"},
				"west": {"uv": [6, 7, 6.5, 7.5], "texture": "#14"},
				"up": {"uv": [2.5, 5.5, 0, 5], "texture": "#14"},
				"down": {"uv": [5.5, 5, 3, 5.5], "texture": "#14"}
			}
		},
		{
			"name": "L",
			"from": [9.1, 1.5, 4.2],
			"to": [9.2, 1.7, 6.8],
			"faces": {
				"north": {"uv": [7, 6, 7.5, 6.5], "texture": "#14"},
				"east": {"uv": [0, 6, 2.5, 6.5], "texture": "#14"},
				"south": {"uv": [7, 7, 7.5, 7.5], "texture": "#14"},
				"west": {"uv": [6, 0, 8.5, 0.5], "texture": "#14"},
				"up": {"uv": [6.5, 3.5, 6, 1], "texture": "#14"},
				"down": {"uv": [3.5, 6, 3, 8.5], "texture": "#14"}
			}
		},
		{
			"name": "R",
			"from": [6.5, 1.5, 4.2],
			"to": [6.6, 1.7, 6.8],
			"faces": {
				"north": {"uv": [2, 8, 2.5, 8.5], "texture": "#14"},
				"east": {"uv": [4, 6, 6.5, 6.5], "texture": "#14"},
				"south": {"uv": [4, 8, 4.5, 8.5], "texture": "#14"},
				"west": {"uv": [6, 4, 8.5, 4.5], "texture": "#14"},
				"up": {"uv": [0.5, 9.5, 0, 7], "texture": "#14"},
				"down": {"uv": [1.5, 7, 1, 9.5], "texture": "#14"}
			}
		},
		{
			"name": "B",
			"from": [6.6, 1.5, 4.4],
			"to": [9.1, 1.6, 6.6],
			"faces": {
				"north": {"uv": [6, 5, 8.5, 5.5], "texture": "#14"},
				"east": {"uv": [7, 2, 9, 2.5], "texture": "#14"},
				"south": {"uv": [7, 1, 9.5, 1.5], "texture": "#14"},
				"west": {"uv": [7, 3, 9, 3.5], "texture": "#14"},
				"up": {"uv": [2.5, 2, 0, 0], "texture": "#14"},
				"down": {"uv": [2.5, 2, 0, 4], "texture": "#14"}
			}
		},
		{
			"name": "rack",
			"from": [6.3, 1.2, 4.1],
			"to": [6.4, 1.5, 7.5],
			"faces": {
				"north": {"uv": [4, 7, 4.25, 7.25], "texture": "#13"},
				"east": {"uv": [0, 0, 1.75, 0.25], "texture": "#13"},
				"south": {"uv": [4.5, 7, 4.75, 7.25], "texture": "#13"},
				"west": {"uv": [0, 0.5, 1.75, 0.75], "texture": "#13"},
				"up": {"uv": [0.25, 2.75, 0, 1], "texture": "#13"},
				"down": {"uv": [0.75, 1, 0.5, 2.75], "texture": "#13"}
			}
		},
		{
			"name": "rack",
			"from": [6.4, 1.2, 4],
			"to": [9.3, 1.5, 4.1],
			"faces": {
				"north": {"uv": [7, 5, 8.5, 5.25], "texture": "#13"},
				"east": {"uv": [7, 7, 7.25, 7.25], "texture": "#13"},
				"south": {"uv": [7, 5.5, 8.5, 5.75], "texture": "#13"},
				"west": {"uv": [4, 7.5, 4.25, 7.75], "texture": "#13"},
				"up": {"uv": [8.5, 6.25, 7, 6], "texture": "#13"},
				"down": {"uv": [8.5, 6.5, 7, 6.75], "texture": "#13"}
			}
		},
		{
			"name": "rack",
			"from": [9.3, 1.2, 4.1],
			"to": [9.4, 1.5, 7.5],
			"faces": {
				"north": {"uv": [4.5, 7.5, 4.75, 7.75], "texture": "#13"},
				"east": {"uv": [1, 1, 2.75, 1.25], "texture": "#13"},
				"south": {"uv": [7, 7.5, 7.25, 7.75], "texture": "#13"},
				"west": {"uv": [1, 1.5, 2.75, 1.75], "texture": "#13"},
				"up": {"uv": [1.25, 3.75, 1, 2], "texture": "#13"},
				"down": {"uv": [1.75, 2, 1.5, 3.75], "texture": "#13"}
			}
		},
		{
			"name": "rack",
			"from": [9.1, 1.2, 4.1],
			"to": [9.2, 1.5, 7.5],
			"faces": {
				"north": {"uv": [7.5, 7, 7.75, 7.25], "texture": "#13"},
				"east": {"uv": [2, 0, 3.75, 0.25], "texture": "#13"},
				"south": {"uv": [7.5, 7.5, 7.75, 7.75], "texture": "#13"},
				"west": {"uv": [2, 0.5, 3.75, 0.75], "texture": "#13"},
				"up": {"uv": [2.25, 3.75, 2, 2], "texture": "#13"},
				"down": {"uv": [2.75, 2, 2.5, 3.75], "texture": "#13"}
			}
		},
		{
			"name": "rack",
			"from": [8.9, 1.2, 4.1],
			"to": [9, 1.5, 7.5],
			"faces": {
				"north": {"uv": [8, 0, 8.25, 0.25], "texture": "#13"},
				"east": {"uv": [3, 1, 4.75, 1.25], "texture": "#13"},
				"south": {"uv": [8, 0.5, 8.25, 0.75], "texture": "#13"},
				"west": {"uv": [3, 1.5, 4.75, 1.75], "texture": "#13"},
				"up": {"uv": [0.25, 4.75, 0, 3], "texture": "#13"},
				"down": {"uv": [0.75, 3, 0.5, 4.75], "texture": "#13"}
			}
		},
		{
			"name": "rack",
			"from": [8.1, 1.2, 4.1],
			"to": [8.2, 1.5, 7.5],
			"faces": {
				"north": {"uv": [1, 8, 1.25, 8.25], "texture": "#13"},
				"east": {"uv": [3, 2, 4.75, 2.25], "texture": "#13"},
				"south": {"uv": [1.5, 8, 1.75, 8.25], "texture": "#13"},
				"west": {"uv": [3, 2.5, 4.75, 2.75], "texture": "#13"},
				"up": {"uv": [3.25, 4.75, 3, 3], "texture": "#13"},
				"down": {"uv": [3.75, 3, 3.5, 4.75], "texture": "#13"}
			}
		},
		{
			"name": "rack",
			"from": [8.3, 1.2, 4.1],
			"to": [8.4, 1.5, 7.5],
			"faces": {
				"north": {"uv": [2, 8, 2.25, 8.25], "texture": "#13"},
				"east": {"uv": [4, 0, 5.75, 0.25], "texture": "#13"},
				"south": {"uv": [2.5, 8, 2.75, 8.25], "texture": "#13"},
				"west": {"uv": [4, 0.5, 5.75, 0.75], "texture": "#13"},
				"up": {"uv": [1.25, 5.75, 1, 4], "texture": "#13"},
				"down": {"uv": [1.75, 4, 1.5, 5.75], "texture": "#13"}
			}
		},
		{
			"name": "rack",
			"from": [8.5, 1.2, 4.1],
			"to": [8.6, 1.5, 7.5],
			"faces": {
				"north": {"uv": [8, 3, 8.25, 3.25], "texture": "#13"},
				"east": {"uv": [4, 3, 5.75, 3.25], "texture": "#13"},
				"south": {"uv": [8, 3.5, 8.25, 3.75], "texture": "#13"},
				"west": {"uv": [4, 3.5, 5.75, 3.75], "texture": "#13"},
				"up": {"uv": [2.25, 5.75, 2, 4], "texture": "#13"},
				"down": {"uv": [2.75, 4, 2.5, 5.75], "texture": "#13"}
			}
		},
		{
			"name": "rack",
			"from": [8.7, 1.2, 4.1],
			"to": [8.8, 1.5, 7.5],
			"faces": {
				"north": {"uv": [4, 8, 4.25, 8.25], "texture": "#13"},
				"east": {"uv": [4, 4, 5.75, 4.25], "texture": "#13"},
				"south": {"uv": [8, 4, 8.25, 4.25], "texture": "#13"},
				"west": {"uv": [4, 4.5, 5.75, 4.75], "texture": "#13"},
				"up": {"uv": [0.25, 6.75, 0, 5], "texture": "#13"},
				"down": {"uv": [0.75, 5, 0.5, 6.75], "texture": "#13"}
			}
		},
		{
			"name": "rack",
			"from": [7.3, 1.2, 4.1],
			"to": [7.4, 1.5, 7.5],
			"faces": {
				"north": {"uv": [4.5, 8, 4.75, 8.25], "texture": "#13"},
				"east": {"uv": [5, 1, 6.75, 1.25], "texture": "#13"},
				"south": {"uv": [8, 4.5, 8.25, 4.75], "texture": "#13"},
				"west": {"uv": [5, 1.5, 6.75, 1.75], "texture": "#13"},
				"up": {"uv": [3.25, 6.75, 3, 5], "texture": "#13"},
				"down": {"uv": [3.75, 5, 3.5, 6.75], "texture": "#13"}
			}
		},
		{
			"name": "rack",
			"from": [7.5, 1.2, 4.1],
			"to": [7.6, 1.5, 7.5],
			"faces": {
				"north": {"uv": [5, 8, 5.25, 8.25], "texture": "#13"},
				"east": {"uv": [5, 2, 6.75, 2.25], "texture": "#13"},
				"south": {"uv": [5.5, 8, 5.75, 8.25], "texture": "#13"},
				"west": {"uv": [5, 2.5, 6.75, 2.75], "texture": "#13"},
				"up": {"uv": [4.25, 6.75, 4, 5], "texture": "#13"},
				"down": {"uv": [4.75, 5, 4.5, 6.75], "texture": "#13"}
			}
		},
		{
			"name": "rack",
			"from": [7.7, 1.2, 4.1],
			"to": [7.8, 1.5, 7.5],
			"faces": {
				"north": {"uv": [6, 8, 6.25, 8.25], "texture": "#13"},
				"east": {"uv": [5, 5, 6.75, 5.25], "texture": "#13"},
				"south": {"uv": [6.5, 8, 6.75, 8.25], "texture": "#13"},
				"west": {"uv": [5, 5.5, 6.75, 5.75], "texture": "#13"},
				"up": {"uv": [1.25, 7.75, 1, 6], "texture": "#13"},
				"down": {"uv": [1.75, 6, 1.5, 7.75], "texture": "#13"}
			}
		},
		{
			"name": "rack",
			"from": [7.9, 1.2, 4.1],
			"to": [8, 1.5, 7.5],
			"faces": {
				"north": {"uv": [7, 8, 7.25, 8.25], "texture": "#13"},
				"east": {"uv": [6, 0, 7.75, 0.25], "texture": "#13"},
				"south": {"uv": [8, 7, 8.25, 7.25], "texture": "#13"},
				"west": {"uv": [6, 0.5, 7.75, 0.75], "texture": "#13"},
				"up": {"uv": [2.25, 7.75, 2, 6], "texture": "#13"},
				"down": {"uv": [2.75, 6, 2.5, 7.75], "texture": "#13"}
			}
		},
		{
			"name": "rack",
			"from": [6.5, 1.2, 4.1],
			"to": [6.6, 1.5, 7.5],
			"faces": {
				"north": {"uv": [7.5, 8, 7.75, 8.25], "texture": "#13"},
				"east": {"uv": [6, 3, 7.75, 3.25], "texture": "#13"},
				"south": {"uv": [8, 7.5, 8.25, 7.75], "texture": "#13"},
				"west": {"uv": [6, 3.5, 7.75, 3.75], "texture": "#13"},
				"up": {"uv": [5.25, 7.75, 5, 6], "texture": "#13"},
				"down": {"uv": [5.75, 6, 5.5, 7.75], "texture": "#13"}
			}
		},
		{
			"name": "rack",
			"from": [6.7, 1.2, 4.1],
			"to": [6.8, 1.5, 7.5],
			"faces": {
				"north": {"uv": [8, 8, 8.25, 8.25], "texture": "#13"},
				"east": {"uv": [6, 4, 7.75, 4.25], "texture": "#13"},
				"south": {"uv": [8.5, 0, 8.75, 0.25], "texture": "#13"},
				"west": {"uv": [6, 4.5, 7.75, 4.75], "texture": "#13"},
				"up": {"uv": [6.25, 7.75, 6, 6], "texture": "#13"},
				"down": {"uv": [6.75, 6, 6.5, 7.75], "texture": "#13"}
			}
		},
		{
			"name": "rack",
			"from": [6.9, 1.2, 4.1],
			"to": [7, 1.5, 7.5],
			"faces": {
				"north": {"uv": [8.5, 0.5, 8.75, 0.75], "texture": "#13"},
				"east": {"uv": [7, 1, 8.75, 1.25], "texture": "#13"},
				"south": {"uv": [1, 8.5, 1.25, 8.75], "texture": "#13"},
				"west": {"uv": [7, 1.5, 8.75, 1.75], "texture": "#13"},
				"up": {"uv": [0.25, 8.75, 0, 7], "texture": "#13"},
				"down": {"uv": [0.75, 7, 0.5, 8.75], "texture": "#13"}
			}
		},
		{
			"name": "rack",
			"from": [7.1, 1.2, 4.1],
			"to": [7.2, 1.5, 7.5],
			"faces": {
				"north": {"uv": [1.5, 8.5, 1.75, 8.75], "texture": "#13"},
				"east": {"uv": [7, 2, 8.75, 2.25], "texture": "#13"},
				"south": {"uv": [2, 8.5, 2.25, 8.75], "texture": "#13"},
				"west": {"uv": [7, 2.5, 8.75, 2.75], "texture": "#13"},
				"up": {"uv": [3.25, 8.75, 3, 7], "texture": "#13"},
				"down": {"uv": [3.75, 7, 3.5, 8.75], "texture": "#13"}
			}
		}
	],
	"display": {
		"thirdperson_righthand": {
			"rotation": [70, 0, 0],
			"translation": [0, 4, 0.25],
			"scale": [0.59, 0.59, 0.59]
		},
		"thirdperson_lefthand": {
			"rotation": [70, 0, 0],
			"translation": [0, 4, 0.25],
			"scale": [0.59, 0.59, 0.59]
		},
		"ground": {
			"translation": [0, 6.25, 0]
		},
		"gui": {
			"rotation": [0, -145, 0],
			"translation": [1.75, 1, 0]
		},
		"head": {
			"translation": [0, 0, -6.5],
			"scale": [2, 2, 2]
		}
	},
	"groups": [
		0,
		1,
		2,
		3,
		4,
		5,
		6,
		7,
		8,
		{
			"name": "front",
			"origin": [0, 0, 0],
			"color": 0,
			"children": [
				{
					"name": "panel",
					"origin": [0, 0, 0],
					"color": 0,
					"children": [9, 10, 11, 12, 13, 14, 15, 16, 17]
				},
				{
					"name": "inner panel",
					"origin": [0, 0, 0],
					"color": 0,
					"children": [18, 19, 20, 21]
				},
				22,
				23,
				24,
				25,
				26
			]
		},
		{
			"name": "handle",
			"origin": [0, 0, 0],
			"color": 0,
			"children": [27, 28, 29, 30, 31, 32, 33, 34, 35, 36, 37, 38, 39, 40, 41]
		},
		{
			"name": "rack",
			"origin": [0, 0, 0],
			"color": 0,
			"children": [42, 43, 44, 45, 46, 47, 48, 49, 50, 51, 52]
		},
		{
			"name": "wheels",
			"origin": [0, 0, 0],
			"color": 0,
			"children": [53, 54]
		},
		{
			"name": "eye dials",
			"origin": [0, 0, 0],
			"color": 0,
			"children": [55, 56, 57, 58, 59, 60, 61, 62]
		},
		{
			"name": "hat",
			"origin": [0, 0, 0],
			"color": 0,
			"children": [63, 64]
		},
		{
			"name": "tongue",
			"origin": [0, 0, 0],
			"color": 0,
			"children": [
				{
					"name": "cookie",
					"origin": [0, 0, 0],
					"color": 0,
					"children": [65, 66, 67, 68, 69, 70, 71, 72, 73, 74, 75, 76, 77, 78, 79, 80, 81, 82, 83, 84, 85, 86, 87, 88, 89]
				},
				{
					"name": "tray",
					"origin": [0, 0, 0],
					"color": 0,
					"children": [90, 91, 92, 93, 94]
				},
				95,
				96,
				97,
				98,
				99,
				100,
				101,
				102,
				103,
				104,
				105,
				106,
				107,
				108,
				109,
				110,
				111
			]
		}
	]
}