{
  "notification": {
    "sounds": [
      "mctc:notification"
    ]
  },
  "suspense": {
    "sounds": [
      "mctc:suspenseshort"
    ]
  },
  "vine": {
    "sounds": [
      "mctc:vine"
    ]
  },
  "steve.getuphere.1": {
    "sounds": [
      {
        "name": "mctc:steve/feb2023/getuphere.1",
        "stream": true
      }
    ]
  },
  "steve.getuphere.2": {
    "sounds": [
      {
        "name": "mctc:steve/feb2023/getuphere.2",
        "stream": true
      }
    ]
  },
  "steve.getuphere.3": {
    "sounds": [
      {
        "name": "mctc:steve/feb2023/getuphere.3",
        "stream": true
      }
    ]
  },
  "steve.hmm": {
    "sounds": [
      {
        "name": "mctc:steve/hmm",
        "stream": true
      }
    ]
  },
  "steve.wait": {
    "sounds": [
      {
        "name": "mctc:steve/wait",
        "stream": true
      }
    ]
  },
  "steve.yes": {
    "sounds": [
      {
        "name": "mctc:steve/yes",
        "stream": true
      }
    ]
  }
}
