{
  "notification": {
    "sounds": [
      "mctc:notification"
    ]
  },
  "suspense": {
    "sounds": [
      "mctc:suspenseshort"
    ]
  },
  "vine": {
    "sounds": [
      "mctc:vine"
    ]
  },
  "steve.get_up_here.1": {
    "sounds": [
      {
        "name": "mctc:steve/feb2023/get_up_here.1",
        "stream": true
      }
    ]
  },
  "steve.get_up_here.2": {
    "sounds": [
      {
        "name": "mctc:steve/feb2023/get_up_here.2",
        "stream": true
      }
    ]
  },
  "steve.get_up_here.3": {
    "sounds": [
      {
        "name": "mctc:steve/feb2023/get_up_here.3",
        "stream": true
      }
    ]
  },
  "steve.not_time_yet": {
    "sounds": [
      {
        "name": "mctc:steve/feb2023/not_time_yet",
        "stream": true
      }
    ]
  },
  "steve.little_cheater": {
    "sounds": [
      {
        "name": "mctc:steve/feb2023/little_cheater",
        "stream": true
      }
    ]
  },
  "steve.how_dare_you": {
    "sounds": [
      {
        "name": "mctc:steve/feb2023/how_dare_you",
        "stream": true
      }
    ]
  },
  "steve.door_not_open": {
    "sounds": [
      {
        "name": "mctc:steve/feb2023/door_not_open",
        "stream": true
      }
    ]
  },
  "steve.cant_get_down": {
    "sounds": [
      {
        "name": "mctc:steve/feb2023/cant_get_down",
        "stream": true
      }
    ]
  },
  "steve.old_bones": {
    "sounds": [
      {
        "name": "mctc:steve/feb2023/old_bones",
        "stream": true
      }
    ]
  },
  "steve.hmm": {
    "sounds": [
      {
        "name": "mctc:steve/hmm",
        "stream": true
      }
    ]
  },
  "steve.wait": {
    "sounds": [
      {
        "name": "mctc:steve/wait",
        "stream": true
      }
    ]
  },
  "steve.yes": {
    "sounds": [
      {
        "name": "mctc:steve/yes",
        "stream": true
      }
    ]
  }
}
