{
  "notification": {
    "sounds": [
      "mctc:notification"
    ]
  },
  "suspense": {
    "sounds": [
      "mctc:suspenseshort"
    ]
  },
  "vine": {
    "sounds": [
      "mctc:vine"
    ]
  },
  "steve.get_up_here.1": {
    "sounds": [
      {
        "name": "mctc:steve/feb2023/get_up_here.1",
        "stream": true
      }
    ]
  },
  "steve.get_up_here.2": {
    "sounds": [
      {
        "name": "mctc:steve/feb2023/get_up_here.2",
        "stream": true
      }
    ]
  },
  "steve.get_up_here.3": {
    "sounds": [
      {
        "name": "mctc:steve/feb2023/get_up_here.3",
        "stream": true
      }
    ]
  },
  "steve.not_time_yet": {
    "sounds": [
      {
        "name": "mctc:steve/feb2023/not_time_yet",
        "stream": true
      }
    ]
  },
  "steve.little_cheater": {
    "sounds": [
      {
        "name": "mctc:steve/feb2023/little_cheater",
        "stream": true
      }
    ]
  },
  "steve.how_dare_you": {
    "sounds": [
      {
        "name": "mctc:steve/feb2023/how_dare_you",
        "stream": true
      }
    ]
  },
  "steve.door_not_open": {
    "sounds": [
      {
        "name": "mctc:steve/feb2023/door_not_open",
        "stream": true
      }
    ]
  },
  "steve.cant_get_down": {
    "sounds": [
      {
        "name": "mctc:steve/feb2023/cant_get_down",
        "stream": true
      }
    ]
  },
  "steve.old_bones": {
    "sounds": [
      {
        "name": "mctc:steve/feb2023/old_bones",
        "stream": true
      }
    ]
  },
  "steve.saving_me": {
    "sounds": [
      {
        "name": "mctc:steve/feb2023/saving_me",
        "stream": true
      }
    ]
  },
  "steve.sea_pickle": {
    "sounds": [
      {
        "name": "mctc:steve/feb2023/sea_pickle",
        "stream": true
      }
    ]
  },
  "steve.open_door_for_months": {
    "sounds": [
      {
        "name": "mctc:steve/feb2023/open_door_for_months",
        "stream": true
      }
    ]
  },
  "steve.almost_forgor": {
    "sounds": [
      {
        "name": "mctc:steve/feb2023/almost_forgor",
        "stream": true
      }
    ]
  },
  "steve.horseshoe": {
    "sounds": [
      {
        "name": "mctc:steve/feb2023/horseshoe",
        "stream": true
      }
    ]
  },
  "steve.shiny_state": {
    "sounds": [
      {
        "name": "mctc:steve/feb2023/shiny_state",
        "stream": true
      }
    ]
  },
  "steve.boney_fingers": {
    "sounds": [
      {
        "name": "mctc:steve/feb2023/boney_fingers",
        "stream": true
      }
    ]
  },
  "steve.back_to_buttstallion": {
    "sounds": [
      {
        "name": "mctc:steve/feb2023/back_to_buttstallion",
        "stream": true
      }
    ]
  },
  "steve.on_my_own": {
    "sounds": [
      {
        "name": "mctc:steve/feb2023/on_my_own",
        "stream": true
      }
    ]
  },
  "steve.hmm": {
    "sounds": [
      {
        "name": "mctc:steve/hmm",
        "stream": true
      }
    ]
  },
  "steve.wait": {
    "sounds": [
      {
        "name": "mctc:steve/wait",
        "stream": true
      }
    ]
  },
  "steve.yes": {
    "sounds": [
      {
        "name": "mctc:steve/yes",
        "stream": true
      }
    ]
  }
}
