{
  "providers": [
    {
      "type": "bitmap",
      "file": "mctc:emotes/eyes.png",
      "height": 8,
      "ascent": 8,
      "chars": [
        "\uE104"
      ]
    },
    {
      "type": "bitmap",
      "file": "mctc:emotes/lafond2laflameda.png",
      "height": 8,
      "ascent": 8,
      "chars": [
        "\uE103"
      ]
    },
    {
      "type": "bitmap",
      "file": "mctc:emotes/lafond2lovefonda.png",
      "height": 8,
      "ascent": 8,
      "chars": [
        "\uE102"
      ]
    },
    {
      "type": "bitmap",
      "file": "mctc:emotes/benbyypog.png",
      "height": 8,
      "ascent": 8,
      "chars": [
        "\uE101"
      ]
    },
    {
      "type": "bitmap",
      "file": "mctc:emotes/benbyyfire.png",
      "height": 8,
      "ascent": 8,
      "chars": [
        "\uE100"
      ]
    },
    {
      "type": "bitmap",
      "file": "mctc:gui/questgui_v3.png",
      "height": 228,
      "ascent": 19,
      "chars": [
        "\uE003"
      ]
    },
    {
      "type": "bitmap",
      "file": "mctc:gui/questgui.png",
      "height": 256,
      "ascent": 13,
      "chars": [
        "\uE002"
      ]
    },
    {
      "type": "bitmap",
      "file": "mctc:gui/chestoverlay.png",
      "height": 256,
      "ascent": 13,
      "chars": [
        "\uE001"
      ]
    },
    {
      "type": "bitmap",
      "file": "mctc:font/title.png",
      "height": 256,
      "ascent": 72,
      "chars": [
        "\uE000"
      ]
    },
    {
      "type": "space",
      "advances": {
        "\ue500": 4,
        "\ue4a0": 4,
        "\ue440": 4,
        "\ue3e0": 4,
        "\ue380": 4,
        "\ue320": 4,
        "\ue2c0": 4,
        "\ue260": 4,
        "\ue200": 4,
        " ": 4,
        "\u200c": 0
      }
    },
    {
      "type": "bitmap",
      "file": "minecraft:font/ascii.png",
      "ascent": -10,
      "chars": [
        "\u0000\u0000\u0000\u0000\u0000\u0000\u0000\u0000\u0000\u0000\u0000\u0000\u0000\u0000\u0000\u0000",
        "\u0000\u0000\u0000\u0000\u0000\u0000\u0000\u0000\u0000\u0000\u0000\u0000\u0000\u0000\u0000\u0000",
        "\ue200\ue201\ue202\ue203\ue204\ue205\ue206\ue207\ue208\ue209\ue20a\ue20b\ue20c\ue20d\ue20e\ue20f",
        "\ue210\ue211\ue212\ue213\ue214\ue215\ue216\ue217\ue218\ue219\ue21a\ue21b\ue21c\ue21d\ue21e\ue21f",
        "\ue220\ue221\ue222\ue223\ue224\ue225\ue226\ue227\ue228\ue229\ue22a\ue22b\ue22c\ue22d\ue22e\ue22f",
        "\ue230\ue231\ue232\ue233\ue234\ue235\ue236\ue237\ue238\ue239\ue23a\ue23b\ue23c\ue23d\ue23e\ue23f",
        "\ue240\ue241\ue242\ue243\ue244\ue245\ue246\ue247\ue248\ue249\ue24a\ue24b\ue24c\ue24d\ue24e\ue24f",
        "\ue250\ue251\ue252\ue253\ue254\ue255\ue256\ue257\ue258\ue259\ue25a\ue25b\ue25c\ue25d\ue25e\u0000",
        "\u0000\u0000\u0000\u0000\u0000\u0000\u0000\u0000\u0000\u0000\u0000\u0000\u0000\u0000\u0000\u0000",
        "\u0000\u0000\u0000\u0000\u0000\u0000\u0000\u0000\u0000\u0000\u0000\u0000\u0000\u0000\u0000\u0000",
        "\u0000\u0000\u0000\u0000\u0000\u0000\u0000\u0000\u0000\u0000\u0000\u0000\u0000\u0000\u0000\u0000",
        "\u0000\u0000\u0000\u0000\u0000\u0000\u0000\u0000\u0000\u0000\u0000\u0000\u0000\u0000\u0000\u0000",
        "\u0000\u0000\u0000\u0000\u0000\u0000\u0000\u0000\u0000\u0000\u0000\u0000\u0000\u0000\u0000\u0000",
        "\u0000\u0000\u0000\u0000\u0000\u0000\u0000\u0000\u0000\u0000\u0000\u0000\u0000\u0000\u0000\u0000",
        "\u0000\u0000\u0000\u0000\u0000\u0000\u0000\u0000\u0000\u0000\u0000\u0000\u0000\u0000\u0000\u0000",
        "\u0000\u0000\u0000\u0000\u0000\u0000\u0000\u0000\u0000\u0000\u0000\u0000\u0000\u0000\u0000\u0000"
      ]
    },
    {
      "type": "bitmap",
      "file": "minecraft:font/ascii.png",
      "ascent": -19,
      "chars": [
        "\u0000\u0000\u0000\u0000\u0000\u0000\u0000\u0000\u0000\u0000\u0000\u0000\u0000\u0000\u0000\u0000",
        "\u0000\u0000\u0000\u0000\u0000\u0000\u0000\u0000\u0000\u0000\u0000\u0000\u0000\u0000\u0000\u0000",
        "\ue260\ue261\ue262\ue263\ue264\ue265\ue266\ue267\ue268\ue269\ue26a\ue26b\ue26c\ue26d\ue26e\ue26f",
        "\ue270\ue271\ue272\ue273\ue274\ue275\ue276\ue277\ue278\ue279\ue27a\ue27b\ue27c\ue27d\ue27e\ue27f",
        "\ue280\ue281\ue282\ue283\ue284\ue285\ue286\ue287\ue288\ue289\ue28a\ue28b\ue28c\ue28d\ue28e\ue28f",
        "\ue290\ue291\ue292\ue293\ue294\ue295\ue296\ue297\ue298\ue299\ue29a\ue29b\ue29c\ue29d\ue29e\ue29f",
        "\ue2a0\ue2a1\ue2a2\ue2a3\ue2a4\ue2a5\ue2a6\ue2a7\ue2a8\ue2a9\ue2aa\ue2ab\ue2ac\ue2ad\ue2ae\ue2af",
        "\ue2b0\ue2b1\ue2b2\ue2b3\ue2b4\ue2b5\ue2b6\ue2b7\ue2b8\ue2b9\ue2ba\ue2bb\ue2bc\ue2bd\ue2be\u0000",
        "\u0000\u0000\u0000\u0000\u0000\u0000\u0000\u0000\u0000\u0000\u0000\u0000\u0000\u0000\u0000\u0000",
        "\u0000\u0000\u0000\u0000\u0000\u0000\u0000\u0000\u0000\u0000\u0000\u0000\u0000\u0000\u0000\u0000",
        "\u0000\u0000\u0000\u0000\u0000\u0000\u0000\u0000\u0000\u0000\u0000\u0000\u0000\u0000\u0000\u0000",
        "\u0000\u0000\u0000\u0000\u0000\u0000\u0000\u0000\u0000\u0000\u0000\u0000\u0000\u0000\u0000\u0000",
        "\u0000\u0000\u0000\u0000\u0000\u0000\u0000\u0000\u0000\u0000\u0000\u0000\u0000\u0000\u0000\u0000",
        "\u0000\u0000\u0000\u0000\u0000\u0000\u0000\u0000\u0000\u0000\u0000\u0000\u0000\u0000\u0000\u0000",
        "\u0000\u0000\u0000\u0000\u0000\u0000\u0000\u0000\u0000\u0000\u0000\u0000\u0000\u0000\u0000\u0000",
        "\u0000\u0000\u0000\u0000\u0000\u0000\u0000\u0000\u0000\u0000\u0000\u0000\u0000\u0000\u0000\u0000"
      ]
    },
    {
      "type": "bitmap",
      "file": "minecraft:font/ascii.png",
      "ascent": -28,
      "chars": [
        "\u0000\u0000\u0000\u0000\u0000\u0000\u0000\u0000\u0000\u0000\u0000\u0000\u0000\u0000\u0000\u0000",
        "\u0000\u0000\u0000\u0000\u0000\u0000\u0000\u0000\u0000\u0000\u0000\u0000\u0000\u0000\u0000\u0000",
        "\ue2c0\ue2c1\ue2c2\ue2c3\ue2c4\ue2c5\ue2c6\ue2c7\ue2c8\ue2c9\ue2ca\ue2cb\ue2cc\ue2cd\ue2ce\ue2cf",
        "\ue2d0\ue2d1\ue2d2\ue2d3\ue2d4\ue2d5\ue2d6\ue2d7\ue2d8\ue2d9\ue2da\ue2db\ue2dc\ue2dd\ue2de\ue2df",
        "\ue2e0\ue2e1\ue2e2\ue2e3\ue2e4\ue2e5\ue2e6\ue2e7\ue2e8\ue2e9\ue2ea\ue2eb\ue2ec\ue2ed\ue2ee\ue2ef",
        "\ue2f0\ue2f1\ue2f2\ue2f3\ue2f4\ue2f5\ue2f6\ue2f7\ue2f8\ue2f9\ue2fa\ue2fb\ue2fc\ue2fd\ue2fe\ue2ff",
        "\ue300\ue301\ue302\ue303\ue304\ue305\ue306\ue307\ue308\ue309\ue30a\ue30b\ue30c\ue30d\ue30e\ue30f",
        "\ue310\ue311\ue312\ue313\ue314\ue315\ue316\ue317\ue318\ue319\ue31a\ue31b\ue31c\ue31d\ue31e\u0000",
        "\u0000\u0000\u0000\u0000\u0000\u0000\u0000\u0000\u0000\u0000\u0000\u0000\u0000\u0000\u0000\u0000",
        "\u0000\u0000\u0000\u0000\u0000\u0000\u0000\u0000\u0000\u0000\u0000\u0000\u0000\u0000\u0000\u0000",
        "\u0000\u0000\u0000\u0000\u0000\u0000\u0000\u0000\u0000\u0000\u0000\u0000\u0000\u0000\u0000\u0000",
        "\u0000\u0000\u0000\u0000\u0000\u0000\u0000\u0000\u0000\u0000\u0000\u0000\u0000\u0000\u0000\u0000",
        "\u0000\u0000\u0000\u0000\u0000\u0000\u0000\u0000\u0000\u0000\u0000\u0000\u0000\u0000\u0000\u0000",
        "\u0000\u0000\u0000\u0000\u0000\u0000\u0000\u0000\u0000\u0000\u0000\u0000\u0000\u0000\u0000\u0000",
        "\u0000\u0000\u0000\u0000\u0000\u0000\u0000\u0000\u0000\u0000\u0000\u0000\u0000\u0000\u0000\u0000",
        "\u0000\u0000\u0000\u0000\u0000\u0000\u0000\u0000\u0000\u0000\u0000\u0000\u0000\u0000\u0000\u0000"
      ]
    },
    {
      "type": "bitmap",
      "file": "minecraft:font/ascii.png",
      "ascent": -37,
      "chars": [
        "\u0000\u0000\u0000\u0000\u0000\u0000\u0000\u0000\u0000\u0000\u0000\u0000\u0000\u0000\u0000\u0000",
        "\u0000\u0000\u0000\u0000\u0000\u0000\u0000\u0000\u0000\u0000\u0000\u0000\u0000\u0000\u0000\u0000",
        "\ue320\ue321\ue322\ue323\ue324\ue325\ue326\ue327\ue328\ue329\ue32a\ue32b\ue32c\ue32d\ue32e\ue32f",
        "\ue330\ue331\ue332\ue333\ue334\ue335\ue336\ue337\ue338\ue339\ue33a\ue33b\ue33c\ue33d\ue33e\ue33f",
        "\ue340\ue341\ue342\ue343\ue344\ue345\ue346\ue347\ue348\ue349\ue34a\ue34b\ue34c\ue34d\ue34e\ue34f",
        "\ue350\ue351\ue352\ue353\ue354\ue355\ue356\ue357\ue358\ue359\ue35a\ue35b\ue35c\ue35d\ue35e\ue35f",
        "\ue360\ue361\ue362\ue363\ue364\ue365\ue366\ue367\ue368\ue369\ue36a\ue36b\ue36c\ue36d\ue36e\ue36f",
        "\ue370\ue371\ue372\ue373\ue374\ue375\ue376\ue377\ue378\ue379\ue37a\ue37b\ue37c\ue37d\ue37e\u0000",
        "\u0000\u0000\u0000\u0000\u0000\u0000\u0000\u0000\u0000\u0000\u0000\u0000\u0000\u0000\u0000\u0000",
        "\u0000\u0000\u0000\u0000\u0000\u0000\u0000\u0000\u0000\u0000\u0000\u0000\u0000\u0000\u0000\u0000",
        "\u0000\u0000\u0000\u0000\u0000\u0000\u0000\u0000\u0000\u0000\u0000\u0000\u0000\u0000\u0000\u0000",
        "\u0000\u0000\u0000\u0000\u0000\u0000\u0000\u0000\u0000\u0000\u0000\u0000\u0000\u0000\u0000\u0000",
        "\u0000\u0000\u0000\u0000\u0000\u0000\u0000\u0000\u0000\u0000\u0000\u0000\u0000\u0000\u0000\u0000",
        "\u0000\u0000\u0000\u0000\u0000\u0000\u0000\u0000\u0000\u0000\u0000\u0000\u0000\u0000\u0000\u0000",
        "\u0000\u0000\u0000\u0000\u0000\u0000\u0000\u0000\u0000\u0000\u0000\u0000\u0000\u0000\u0000\u0000",
        "\u0000\u0000\u0000\u0000\u0000\u0000\u0000\u0000\u0000\u0000\u0000\u0000\u0000\u0000\u0000\u0000"
      ]
    },
    {
      "type": "bitmap",
      "file": "minecraft:font/ascii.png",
      "ascent": -46,
      "chars": [
        "\u0000\u0000\u0000\u0000\u0000\u0000\u0000\u0000\u0000\u0000\u0000\u0000\u0000\u0000\u0000\u0000",
        "\u0000\u0000\u0000\u0000\u0000\u0000\u0000\u0000\u0000\u0000\u0000\u0000\u0000\u0000\u0000\u0000",
        "\ue380\ue381\ue382\ue383\ue384\ue385\ue386\ue387\ue388\ue389\ue38a\ue38b\ue38c\ue38d\ue38e\ue38f",
        "\ue390\ue391\ue392\ue393\ue394\ue395\ue396\ue397\ue398\ue399\ue39a\ue39b\ue39c\ue39d\ue39e\ue39f",
        "\ue3a0\ue3a1\ue3a2\ue3a3\ue3a4\ue3a5\ue3a6\ue3a7\ue3a8\ue3a9\ue3aa\ue3ab\ue3ac\ue3ad\ue3ae\ue3af",
        "\ue3b0\ue3b1\ue3b2\ue3b3\ue3b4\ue3b5\ue3b6\ue3b7\ue3b8\ue3b9\ue3ba\ue3bb\ue3bc\ue3bd\ue3be\ue3bf",
        "\ue3c0\ue3c1\ue3c2\ue3c3\ue3c4\ue3c5\ue3c6\ue3c7\ue3c8\ue3c9\ue3ca\ue3cb\ue3cc\ue3cd\ue3ce\ue3cf",
        "\ue3d0\ue3d1\ue3d2\ue3d3\ue3d4\ue3d5\ue3d6\ue3d7\ue3d8\ue3d9\ue3da\ue3db\ue3dc\ue3dd\ue3de\u0000",
        "\u0000\u0000\u0000\u0000\u0000\u0000\u0000\u0000\u0000\u0000\u0000\u0000\u0000\u0000\u0000\u0000",
        "\u0000\u0000\u0000\u0000\u0000\u0000\u0000\u0000\u0000\u0000\u0000\u0000\u0000\u0000\u0000\u0000",
        "\u0000\u0000\u0000\u0000\u0000\u0000\u0000\u0000\u0000\u0000\u0000\u0000\u0000\u0000\u0000\u0000",
        "\u0000\u0000\u0000\u0000\u0000\u0000\u0000\u0000\u0000\u0000\u0000\u0000\u0000\u0000\u0000\u0000",
        "\u0000\u0000\u0000\u0000\u0000\u0000\u0000\u0000\u0000\u0000\u0000\u0000\u0000\u0000\u0000\u0000",
        "\u0000\u0000\u0000\u0000\u0000\u0000\u0000\u0000\u0000\u0000\u0000\u0000\u0000\u0000\u0000\u0000",
        "\u0000\u0000\u0000\u0000\u0000\u0000\u0000\u0000\u0000\u0000\u0000\u0000\u0000\u0000\u0000\u0000",
        "\u0000\u0000\u0000\u0000\u0000\u0000\u0000\u0000\u0000\u0000\u0000\u0000\u0000\u0000\u0000\u0000"
      ]
    },
    {
      "type": "bitmap",
      "file": "minecraft:font/ascii.png",
      "ascent": -55,
      "chars": [
        "\u0000\u0000\u0000\u0000\u0000\u0000\u0000\u0000\u0000\u0000\u0000\u0000\u0000\u0000\u0000\u0000",
        "\u0000\u0000\u0000\u0000\u0000\u0000\u0000\u0000\u0000\u0000\u0000\u0000\u0000\u0000\u0000\u0000",
        "\ue3e0\ue3e1\ue3e2\ue3e3\ue3e4\ue3e5\ue3e6\ue3e7\ue3e8\ue3e9\ue3ea\ue3eb\ue3ec\ue3ed\ue3ee\ue3ef",
        "\ue3f0\ue3f1\ue3f2\ue3f3\ue3f4\ue3f5\ue3f6\ue3f7\ue3f8\ue3f9\ue3fa\ue3fb\ue3fc\ue3fd\ue3fe\ue3ff",
        "\ue400\ue401\ue402\ue403\ue404\ue405\ue406\ue407\ue408\ue409\ue40a\ue40b\ue40c\ue40d\ue40e\ue40f",
        "\ue410\ue411\ue412\ue413\ue414\ue415\ue416\ue417\ue418\ue419\ue41a\ue41b\ue41c\ue41d\ue41e\ue41f",
        "\ue420\ue421\ue422\ue423\ue424\ue425\ue426\ue427\ue428\ue429\ue42a\ue42b\ue42c\ue42d\ue42e\ue42f",
        "\ue430\ue431\ue432\ue433\ue434\ue435\ue436\ue437\ue438\ue439\ue43a\ue43b\ue43c\ue43d\ue43e\u0000",
        "\u0000\u0000\u0000\u0000\u0000\u0000\u0000\u0000\u0000\u0000\u0000\u0000\u0000\u0000\u0000\u0000",
        "\u0000\u0000\u0000\u0000\u0000\u0000\u0000\u0000\u0000\u0000\u0000\u0000\u0000\u0000\u0000\u0000",
        "\u0000\u0000\u0000\u0000\u0000\u0000\u0000\u0000\u0000\u0000\u0000\u0000\u0000\u0000\u0000\u0000",
        "\u0000\u0000\u0000\u0000\u0000\u0000\u0000\u0000\u0000\u0000\u0000\u0000\u0000\u0000\u0000\u0000",
        "\u0000\u0000\u0000\u0000\u0000\u0000\u0000\u0000\u0000\u0000\u0000\u0000\u0000\u0000\u0000\u0000",
        "\u0000\u0000\u0000\u0000\u0000\u0000\u0000\u0000\u0000\u0000\u0000\u0000\u0000\u0000\u0000\u0000",
        "\u0000\u0000\u0000\u0000\u0000\u0000\u0000\u0000\u0000\u0000\u0000\u0000\u0000\u0000\u0000\u0000",
        "\u0000\u0000\u0000\u0000\u0000\u0000\u0000\u0000\u0000\u0000\u0000\u0000\u0000\u0000\u0000\u0000"
      ]
    },
    {
      "type": "bitmap",
      "file": "minecraft:font/ascii.png",
      "ascent": -64,
      "chars": [
        "\u0000\u0000\u0000\u0000\u0000\u0000\u0000\u0000\u0000\u0000\u0000\u0000\u0000\u0000\u0000\u0000",
        "\u0000\u0000\u0000\u0000\u0000\u0000\u0000\u0000\u0000\u0000\u0000\u0000\u0000\u0000\u0000\u0000",
        "\ue440\ue441\ue442\ue443\ue444\ue445\ue446\ue447\ue448\ue449\ue44a\ue44b\ue44c\ue44d\ue44e\ue44f",
        "\ue450\ue451\ue452\ue453\ue454\ue455\ue456\ue457\ue458\ue459\ue45a\ue45b\ue45c\ue45d\ue45e\ue45f",
        "\ue460\ue461\ue462\ue463\ue464\ue465\ue466\ue467\ue468\ue469\ue46a\ue46b\ue46c\ue46d\ue46e\ue46f",
        "\ue470\ue471\ue472\ue473\ue474\ue475\ue476\ue477\ue478\ue479\ue47a\ue47b\ue47c\ue47d\ue47e\ue47f",
        "\ue480\ue481\ue482\ue483\ue484\ue485\ue486\ue487\ue488\ue489\ue48a\ue48b\ue48c\ue48d\ue48e\ue48f",
        "\ue490\ue491\ue492\ue493\ue494\ue495\ue496\ue497\ue498\ue499\ue49a\ue49b\ue49c\ue49d\ue49e\u0000",
        "\u0000\u0000\u0000\u0000\u0000\u0000\u0000\u0000\u0000\u0000\u0000\u0000\u0000\u0000\u0000\u0000",
        "\u0000\u0000\u0000\u0000\u0000\u0000\u0000\u0000\u0000\u0000\u0000\u0000\u0000\u0000\u0000\u0000",
        "\u0000\u0000\u0000\u0000\u0000\u0000\u0000\u0000\u0000\u0000\u0000\u0000\u0000\u0000\u0000\u0000",
        "\u0000\u0000\u0000\u0000\u0000\u0000\u0000\u0000\u0000\u0000\u0000\u0000\u0000\u0000\u0000\u0000",
        "\u0000\u0000\u0000\u0000\u0000\u0000\u0000\u0000\u0000\u0000\u0000\u0000\u0000\u0000\u0000\u0000",
        "\u0000\u0000\u0000\u0000\u0000\u0000\u0000\u0000\u0000\u0000\u0000\u0000\u0000\u0000\u0000\u0000",
        "\u0000\u0000\u0000\u0000\u0000\u0000\u0000\u0000\u0000\u0000\u0000\u0000\u0000\u0000\u0000\u0000",
        "\u0000\u0000\u0000\u0000\u0000\u0000\u0000\u0000\u0000\u0000\u0000\u0000\u0000\u0000\u0000\u0000"
      ]
    },
    {
      "type": "bitmap",
      "file": "minecraft:font/ascii.png",
      "ascent": -73,
      "chars": [
        "\u0000\u0000\u0000\u0000\u0000\u0000\u0000\u0000\u0000\u0000\u0000\u0000\u0000\u0000\u0000\u0000",
        "\u0000\u0000\u0000\u0000\u0000\u0000\u0000\u0000\u0000\u0000\u0000\u0000\u0000\u0000\u0000\u0000",
        "\ue4a0\ue4a1\ue4a2\ue4a3\ue4a4\ue4a5\ue4a6\ue4a7\ue4a8\ue4a9\ue4aa\ue4ab\ue4ac\ue4ad\ue4ae\ue4af",
        "\ue4b0\ue4b1\ue4b2\ue4b3\ue4b4\ue4b5\ue4b6\ue4b7\ue4b8\ue4b9\ue4ba\ue4bb\ue4bc\ue4bd\ue4be\ue4bf",
        "\ue4c0\ue4c1\ue4c2\ue4c3\ue4c4\ue4c5\ue4c6\ue4c7\ue4c8\ue4c9\ue4ca\ue4cb\ue4cc\ue4cd\ue4ce\ue4cf",
        "\ue4d0\ue4d1\ue4d2\ue4d3\ue4d4\ue4d5\ue4d6\ue4d7\ue4d8\ue4d9\ue4da\ue4db\ue4dc\ue4dd\ue4de\ue4df",
        "\ue4e0\ue4e1\ue4e2\ue4e3\ue4e4\ue4e5\ue4e6\ue4e7\ue4e8\ue4e9\ue4ea\ue4eb\ue4ec\ue4ed\ue4ee\ue4ef",
        "\ue4f0\ue4f1\ue4f2\ue4f3\ue4f4\ue4f5\ue4f6\ue4f7\ue4f8\ue4f9\ue4fa\ue4fb\ue4fc\ue4fd\ue4fe\u0000",
        "\u0000\u0000\u0000\u0000\u0000\u0000\u0000\u0000\u0000\u0000\u0000\u0000\u0000\u0000\u0000\u0000",
        "\u0000\u0000\u0000\u0000\u0000\u0000\u0000\u0000\u0000\u0000\u0000\u0000\u0000\u0000\u0000\u0000",
        "\u0000\u0000\u0000\u0000\u0000\u0000\u0000\u0000\u0000\u0000\u0000\u0000\u0000\u0000\u0000\u0000",
        "\u0000\u0000\u0000\u0000\u0000\u0000\u0000\u0000\u0000\u0000\u0000\u0000\u0000\u0000\u0000\u0000",
        "\u0000\u0000\u0000\u0000\u0000\u0000\u0000\u0000\u0000\u0000\u0000\u0000\u0000\u0000\u0000\u0000",
        "\u0000\u0000\u0000\u0000\u0000\u0000\u0000\u0000\u0000\u0000\u0000\u0000\u0000\u0000\u0000\u0000",
        "\u0000\u0000\u0000\u0000\u0000\u0000\u0000\u0000\u0000\u0000\u0000\u0000\u0000\u0000\u0000\u0000",
        "\u0000\u0000\u0000\u0000\u0000\u0000\u0000\u0000\u0000\u0000\u0000\u0000\u0000\u0000\u0000\u0000"
      ]
    },
    {
      "type": "bitmap",
      "file": "minecraft:font/ascii.png",
      "ascent": -82,
      "chars": [
        "\u0000\u0000\u0000\u0000\u0000\u0000\u0000\u0000\u0000\u0000\u0000\u0000\u0000\u0000\u0000\u0000",
        "\u0000\u0000\u0000\u0000\u0000\u0000\u0000\u0000\u0000\u0000\u0000\u0000\u0000\u0000\u0000\u0000",
        "\ue500\ue501\ue502\ue503\ue504\ue505\ue506\ue507\ue508\ue509\ue50a\ue50b\ue50c\ue50d\ue50e\ue50f",
        "\ue510\ue511\ue512\ue513\ue514\ue515\ue516\ue517\ue518\ue519\ue51a\ue51b\ue51c\ue51d\ue51e\ue51f",
        "\ue520\ue521\ue522\ue523\ue524\ue525\ue526\ue527\ue528\ue529\ue52a\ue52b\ue52c\ue52d\ue52e\ue52f",
        "\ue530\ue531\ue532\ue533\ue534\ue535\ue536\ue537\ue538\ue539\ue53a\ue53b\ue53c\ue53d\ue53e\ue53f",
        "\ue540\ue541\ue542\ue543\ue544\ue545\ue546\ue547\ue548\ue549\ue54a\ue54b\ue54c\ue54d\ue54e\ue54f",
        "\ue550\ue551\ue552\ue553\ue554\ue555\ue556\ue557\ue558\ue559\ue55a\ue55b\ue55c\ue55d\ue55e\u0000",
        "\u0000\u0000\u0000\u0000\u0000\u0000\u0000\u0000\u0000\u0000\u0000\u0000\u0000\u0000\u0000\u0000",
        "\u0000\u0000\u0000\u0000\u0000\u0000\u0000\u0000\u0000\u0000\u0000\u0000\u0000\u0000\u0000\u0000",
        "\u0000\u0000\u0000\u0000\u0000\u0000\u0000\u0000\u0000\u0000\u0000\u0000\u0000\u0000\u0000\u0000",
        "\u0000\u0000\u0000\u0000\u0000\u0000\u0000\u0000\u0000\u0000\u0000\u0000\u0000\u0000\u0000\u0000",
        "\u0000\u0000\u0000\u0000\u0000\u0000\u0000\u0000\u0000\u0000\u0000\u0000\u0000\u0000\u0000\u0000",
        "\u0000\u0000\u0000\u0000\u0000\u0000\u0000\u0000\u0000\u0000\u0000\u0000\u0000\u0000\u0000\u0000",
        "\u0000\u0000\u0000\u0000\u0000\u0000\u0000\u0000\u0000\u0000\u0000\u0000\u0000\u0000\u0000\u0000",
        "\u0000\u0000\u0000\u0000\u0000\u0000\u0000\u0000\u0000\u0000\u0000\u0000\u0000\u0000\u0000\u0000"
      ]
    },
    {
      "type": "bitmap",
      "file": "space:font/space_split.png",
      "ascent": -32768,
      "height": -3,
      "chars": [
        "\uF801"
      ]
    },
    {
      "type": "bitmap",
      "file": "space:font/space_split.png",
      "ascent": -32768,
      "height": -4,
      "chars": [
        "\uF802"
      ]
    },
    {
      "type": "bitmap",
      "file": "space:font/space_split.png",
      "ascent": -32768,
      "height": -5,
      "chars": [
        "\uF803"
      ]
    },
    {
      "type": "bitmap",
      "file": "space:font/space_split.png",
      "ascent": -32768,
      "height": -6,
      "chars": [
        "\uF804"
      ]
    },
    {
      "type": "bitmap",
      "file": "space:font/space_split.png",
      "ascent": -32768,
      "height": -7,
      "chars": [
        "\uF805"
      ]
    },
    {
      "type": "bitmap",
      "file": "space:font/space_split.png",
      "ascent": -32768,
      "height": -8,
      "chars": [
        "\uF806"
      ]
    },
    {
      "type": "bitmap",
      "file": "space:font/space_split.png",
      "ascent": -32768,
      "height": -9,
      "chars": [
        "\uF807"
      ]
    },
    {
      "type": "bitmap",
      "file": "space:font/space_split.png",
      "ascent": -32768,
      "height": -10,
      "chars": [
        "\uF808"
      ]
    },
    {
      "type": "bitmap",
      "file": "space:font/space_split.png",
      "ascent": -32768,
      "height": -18,
      "chars": [
        "\uF809"
      ]
    },
    {
      "type": "bitmap",
      "file": "space:font/space_split.png",
      "ascent": -32768,
      "height": -34,
      "chars": [
        "\uF80A"
      ]
    },
    {
      "type": "bitmap",
      "file": "space:font/space_split.png",
      "ascent": -32768,
      "height": -66,
      "chars": [
        "\uF80B"
      ]
    },
    {
      "type": "bitmap",
      "file": "space:font/space_split.png",
      "ascent": -32768,
      "height": -130,
      "chars": [
        "\uF80C"
      ]
    },
    {
      "type": "bitmap",
      "file": "space:font/space_split.png",
      "ascent": -32768,
      "height": -258,
      "chars": [
        "\uF80D"
      ]
    },
    {
      "type": "bitmap",
      "file": "space:font/space_split.png",
      "ascent": -32768,
      "height": -514,
      "chars": [
        "\uF80E"
      ]
    },
    {
      "type": "bitmap",
      "file": "space:font/space_split.png",
      "ascent": -32768,
      "height": -1026,
      "chars": [
        "\uF80F"
      ]
    },
    {
      "type": "bitmap",
      "file": "space:font/space_split.png",
      "ascent": -65536,
      "height": -32770,
      "chars": [
        "\uF800"
      ]
    },
    {
      "type": "bitmap",
      "file": "space:font/space_split.png",
      "ascent": -32768,
      "height": 0,
      "chars": [
        "\uF821"
      ]
    },
    {
      "type": "bitmap",
      "file": "space:font/space_split.png",
      "ascent": -32768,
      "height": 1,
      "chars": [
        "\uF822"
      ]
    },
    {
      "type": "bitmap",
      "file": "space:font/space_split.png",
      "ascent": -32768,
      "height": 2,
      "chars": [
        "\uF823"
      ]
    },
    {
      "type": "bitmap",
      "file": "space:font/space_split.png",
      "ascent": -32768,
      "height": 3,
      "chars": [
        "\uF824"
      ]
    },
    {
      "type": "bitmap",
      "file": "space:font/space_split.png",
      "ascent": -32768,
      "height": 4,
      "chars": [
        "\uF825"
      ]
    },
    {
      "type": "bitmap",
      "file": "space:font/space_split.png",
      "ascent": -32768,
      "height": 5,
      "chars": [
        "\uF826"
      ]
    },
    {
      "type": "bitmap",
      "file": "space:font/space_split.png",
      "ascent": -32768,
      "height": 6,
      "chars": [
        "\uF827"
      ]
    },
    {
      "type": "bitmap",
      "file": "space:font/space_split.png",
      "ascent": -32768,
      "height": 7,
      "chars": [
        "\uF828"
      ]
    },
    {
      "type": "bitmap",
      "file": "space:font/space_split.png",
      "ascent": -32768,
      "height": 15,
      "chars": [
        "\uF829"
      ]
    },
    {
      "type": "bitmap",
      "file": "space:font/space_split.png",
      "ascent": -32768,
      "height": 31,
      "chars": [
        "\uF82A"
      ]
    },
    {
      "type": "bitmap",
      "file": "space:font/space_split.png",
      "ascent": -32768,
      "height": 63,
      "chars": [
        "\uF82B"
      ]
    },
    {
      "type": "bitmap",
      "file": "space:font/space_split.png",
      "ascent": -32768,
      "height": 127,
      "chars": [
        "\uF82C"
      ]
    },
    {
      "type": "bitmap",
      "file": "space:font/space_split.png",
      "ascent": -32768,
      "height": 255,
      "chars": [
        "\uF82D"
      ]
    },
    {
      "type": "bitmap",
      "file": "space:font/space_split.png",
      "ascent": -32768,
      "height": 511,
      "chars": [
        "\uF82E"
      ]
    },
    {
      "type": "bitmap",
      "file": "space:font/space_split.png",
      "ascent": -32768,
      "height": 1023,
      "chars": [
        "\uF82F"
      ]
    },
    {
      "type": "bitmap",
      "file": "space:font/space_split.png",
      "ascent": -65536,
      "height": 32767,
      "chars": [
        "\uF820"
      ]
    },
    {
      "type": "bitmap",
      "file": "space:font/space_nosplit.png",
      "ascent": -32768,
      "height": -3,
      "chars": [
        "\uF811"
      ]
    },
    {
      "type": "bitmap",
      "file": "space:font/space_nosplit.png",
      "ascent": -32768,
      "height": -4,
      "chars": [
        "\uF812"
      ]
    },
    {
      "type": "bitmap",
      "file": "space:font/space_nosplit.png",
      "ascent": -32768,
      "height": -5,
      "chars": [
        "\uF813"
      ]
    },
    {
      "type": "bitmap",
      "file": "space:font/space_nosplit.png",
      "ascent": -32768,
      "height": -6,
      "chars": [
        "\uF814"
      ]
    },
    {
      "type": "bitmap",
      "file": "space:font/space_nosplit.png",
      "ascent": -32768,
      "height": -7,
      "chars": [
        "\uF815"
      ]
    },
    {
      "type": "bitmap",
      "file": "space:font/space_nosplit.png",
      "ascent": -32768,
      "height": -8,
      "chars": [
        "\uF816"
      ]
    },
    {
      "type": "bitmap",
      "file": "space:font/space_nosplit.png",
      "ascent": -32768,
      "height": -9,
      "chars": [
        "\uF817"
      ]
    },
    {
      "type": "bitmap",
      "file": "space:font/space_nosplit.png",
      "ascent": -32768,
      "height": -10,
      "chars": [
        "\uF818"
      ]
    },
    {
      "type": "bitmap",
      "file": "space:font/space_nosplit.png",
      "ascent": -32768,
      "height": -18,
      "chars": [
        "\uF819"
      ]
    },
    {
      "type": "bitmap",
      "file": "space:font/space_nosplit.png",
      "ascent": -32768,
      "height": -34,
      "chars": [
        "\uF81A"
      ]
    },
    {
      "type": "bitmap",
      "file": "space:font/space_nosplit.png",
      "ascent": -32768,
      "height": -66,
      "chars": [
        "\uF81B"
      ]
    },
    {
      "type": "bitmap",
      "file": "space:font/space_nosplit.png",
      "ascent": -32768,
      "height": -130,
      "chars": [
        "\uF81C"
      ]
    },
    {
      "type": "bitmap",
      "file": "space:font/space_nosplit.png",
      "ascent": -32768,
      "height": -258,
      "chars": [
        "\uF81D"
      ]
    },
    {
      "type": "bitmap",
      "file": "space:font/space_nosplit.png",
      "ascent": -32768,
      "height": -514,
      "chars": [
        "\uF81E"
      ]
    },
    {
      "type": "bitmap",
      "file": "space:font/space_nosplit.png",
      "ascent": -32768,
      "height": -1026,
      "chars": [
        "\uF81F"
      ]
    },
    {
      "type": "bitmap",
      "file": "space:font/space_nosplit.png",
      "ascent": -65536,
      "height": -32770,
      "chars": [
        "\uF810"
      ]
    },
    {
      "type": "bitmap",
      "file": "space:font/space_nosplit.png",
      "ascent": -32768,
      "height": 0,
      "chars": [
        "\uF831"
      ]
    },
    {
      "type": "bitmap",
      "file": "space:font/space_nosplit.png",
      "ascent": -32768,
      "height": 1,
      "chars": [
        "\uF832"
      ]
    },
    {
      "type": "bitmap",
      "file": "space:font/space_nosplit.png",
      "ascent": -32768,
      "height": 2,
      "chars": [
        "\uF833"
      ]
    },
    {
      "type": "bitmap",
      "file": "space:font/space_nosplit.png",
      "ascent": -32768,
      "height": 3,
      "chars": [
        "\uF834"
      ]
    },
    {
      "type": "bitmap",
      "file": "space:font/space_nosplit.png",
      "ascent": -32768,
      "height": 4,
      "chars": [
        "\uF835"
      ]
    },
    {
      "type": "bitmap",
      "file": "space:font/space_nosplit.png",
      "ascent": -32768,
      "height": 5,
      "chars": [
        "\uF836"
      ]
    },
    {
      "type": "bitmap",
      "file": "space:font/space_nosplit.png",
      "ascent": -32768,
      "height": 6,
      "chars": [
        "\uF837"
      ]
    },
    {
      "type": "bitmap",
      "file": "space:font/space_nosplit.png",
      "ascent": -32768,
      "height": 7,
      "chars": [
        "\uF838"
      ]
    },
    {
      "type": "bitmap",
      "file": "space:font/space_nosplit.png",
      "ascent": -32768,
      "height": 15,
      "chars": [
        "\uF839"
      ]
    },
    {
      "type": "bitmap",
      "file": "space:font/space_nosplit.png",
      "ascent": -32768,
      "height": 31,
      "chars": [
        "\uF83A"
      ]
    },
    {
      "type": "bitmap",
      "file": "space:font/space_nosplit.png",
      "ascent": -32768,
      "height": 63,
      "chars": [
        "\uF83B"
      ]
    },
    {
      "type": "bitmap",
      "file": "space:font/space_nosplit.png",
      "ascent": -32768,
      "height": 127,
      "chars": [
        "\uF83C"
      ]
    },
    {
      "type": "bitmap",
      "file": "space:font/space_nosplit.png",
      "ascent": -32768,
      "height": 255,
      "chars": [
        "\uF83D"
      ]
    },
    {
      "type": "bitmap",
      "file": "space:font/space_nosplit.png",
      "ascent": -32768,
      "height": 511,
      "chars": [
        "\uF83E"
      ]
    },
    {
      "type": "bitmap",
      "file": "space:font/space_nosplit.png",
      "ascent": -32768,
      "height": 1023,
      "chars": [
        "\uF83F"
      ]
    },
    {
      "type": "bitmap",
      "file": "space:font/space_nosplit.png",
      "ascent": -65536,
      "height": 32767,
      "chars": [
        "\uF830"
      ]
    }
  ]
}