{
	"credit": "Made with Blockbench",
	"textures": {
		"0": "mctc:hats/antlers",
		"1": "mctc:hats/band",
		"2": "mctc:hats/ribbons",
		"3": "mctc:hats/bells",
		"particle": "mctc:hats/antlers"
	},
	"elements": [
		{
			"from": [15.8, 3, 4.2],
			"to": [16.8, 4, 4.2],
			"rotation": {"angle": -22.5, "axis": "y", "origin": [0, 0, 0]},
			"faces": {
				"north": {"uv": [0, 4, 1, 5], "texture": "#0"},
				"east": {"uv": [0, 0, 0, 1], "texture": "#0"},
				"south": {"uv": [4, 0, 5, 1], "texture": "#0"},
				"west": {"uv": [0, 0, 0, 1], "texture": "#0"},
				"up": {"uv": [1, 0, 0, 0], "texture": "#0"},
				"down": {"uv": [1, 0, 0, 0], "texture": "#0"}
			}
		},
		{
			"from": [16.5, 5.1, 4.2],
			"to": [17.1, 5.7, 4.2],
			"rotation": {"angle": -22.5, "axis": "y", "origin": [0, 0, 0]},
			"faces": {
				"north": {"uv": [1, 4, 2, 5], "texture": "#0"},
				"east": {"uv": [0, 0, 0, 1], "texture": "#0"},
				"south": {"uv": [4, 1, 5, 2], "texture": "#0"},
				"west": {"uv": [0, 0, 0, 1], "texture": "#0"},
				"up": {"uv": [1, 0, 0, 0], "texture": "#0"},
				"down": {"uv": [1, 0, 0, 0], "texture": "#0"}
			}
		},
		{
			"from": [16.8, 4.7, 4.2],
			"to": [17.5, 5.1, 4.2],
			"rotation": {"angle": -22.5, "axis": "y", "origin": [0, 0, 0]},
			"faces": {
				"north": {"uv": [2, 4, 3, 5], "texture": "#0"},
				"east": {"uv": [0, 0, 0, 1], "texture": "#0"},
				"south": {"uv": [4, 2, 5, 3], "texture": "#0"},
				"west": {"uv": [0, 0, 0, 1], "texture": "#0"},
				"up": {"uv": [1, 0, 0, 0], "texture": "#0"},
				"down": {"uv": [1, 0, 0, 0], "texture": "#0"}
			}
		},
		{
			"from": [17.1, 5.1, 4.2],
			"to": [17.5, 5.5, 4.2],
			"rotation": {"angle": -22.5, "axis": "y", "origin": [0, 0, 0]},
			"faces": {
				"north": {"uv": [3, 4, 4, 5], "texture": "#0"},
				"east": {"uv": [0, 0, 0, 1], "texture": "#0"},
				"south": {"uv": [4, 3, 5, 4], "texture": "#0"},
				"west": {"uv": [0, 0, 0, 1], "texture": "#0"},
				"up": {"uv": [1, 0, 0, 0], "texture": "#0"},
				"down": {"uv": [1, 0, 0, 0], "texture": "#0"}
			}
		},
		{
			"from": [21, 5.2, 4.2],
			"to": [21.5, 5.9, 4.2],
			"rotation": {"angle": -22.5, "axis": "y", "origin": [0, 0, 0]},
			"faces": {
				"north": {"uv": [4, 4, 5, 5], "texture": "#0"},
				"east": {"uv": [0, 0, 0, 1], "texture": "#0"},
				"south": {"uv": [0, 5, 1, 6], "texture": "#0"},
				"west": {"uv": [0, 0, 0, 1], "texture": "#0"},
				"up": {"uv": [1, 0, 0, 0], "texture": "#0"},
				"down": {"uv": [1, 0, 0, 0], "texture": "#0"}
			}
		},
		{
			"from": [20, 5.4, 4.2],
			"to": [20.5, 6.4, 4.2],
			"rotation": {"angle": -22.5, "axis": "y", "origin": [0, 0, 0]},
			"faces": {
				"north": {"uv": [5, 0, 6, 1], "texture": "#0"},
				"east": {"uv": [0, 0, 0, 1], "texture": "#0"},
				"south": {"uv": [1, 5, 2, 6], "texture": "#0"},
				"west": {"uv": [0, 0, 0, 1], "texture": "#0"},
				"up": {"uv": [1, 0, 0, 0], "texture": "#0"},
				"down": {"uv": [1, 0, 0, 0], "texture": "#0"}
			}
		},
		{
			"from": [19.3, 4.2, 4.2],
			"to": [19.8, 4.7, 4.2],
			"rotation": {"angle": -22.5, "axis": "y", "origin": [0, 0, 0]},
			"faces": {
				"north": {"uv": [5, 1, 6, 2], "texture": "#0"},
				"east": {"uv": [0, 0, 0, 1], "texture": "#0"},
				"south": {"uv": [2, 5, 3, 6], "texture": "#0"},
				"west": {"uv": [0, 0, 0, 1], "texture": "#0"},
				"up": {"uv": [1, 0, 0, 0], "texture": "#0"},
				"down": {"uv": [1, 0, 0, 0], "texture": "#0"}
			}
		},
		{
			"from": [17.5, 4.7, 4.2],
			"to": [18.5, 5.2, 4.2],
			"rotation": {"angle": -22.5, "axis": "y", "origin": [0, 0, 0]},
			"faces": {
				"north": {"uv": [5, 2, 6, 3], "texture": "#0"},
				"east": {"uv": [0, 0, 0, 1], "texture": "#0"},
				"south": {"uv": [3, 5, 4, 6], "texture": "#0"},
				"west": {"uv": [0, 0, 0, 1], "texture": "#0"},
				"up": {"uv": [1, 0, 0, 0], "texture": "#0"},
				"down": {"uv": [1, 0, 0, 0], "texture": "#0"}
			}
		},
		{
			"from": [19.5, 5.4, 4.2],
			"to": [20, 5.9, 4.2],
			"rotation": {"angle": -22.5, "axis": "y", "origin": [0, 0, 0]},
			"faces": {
				"north": {"uv": [5, 3, 6, 4], "texture": "#0"},
				"east": {"uv": [0, 0, 0, 1], "texture": "#0"},
				"south": {"uv": [4, 5, 5, 6], "texture": "#0"},
				"west": {"uv": [0, 0, 0, 1], "texture": "#0"},
				"up": {"uv": [1, 0, 0, 0], "texture": "#0"},
				"down": {"uv": [1, 0, 0, 0], "texture": "#0"}
			}
		},
		{
			"from": [19.7, 6.4, 4.2],
			"to": [20.2, 6.9, 4.2],
			"rotation": {"angle": -22.5, "axis": "y", "origin": [0, 0, 0]},
			"faces": {
				"north": {"uv": [5, 4, 6, 5], "texture": "#0"},
				"east": {"uv": [0, 0, 0, 1], "texture": "#0"},
				"south": {"uv": [5, 5, 6, 6], "texture": "#0"},
				"west": {"uv": [0, 0, 0, 1], "texture": "#0"},
				"up": {"uv": [1, 0, 0, 0], "texture": "#0"},
				"down": {"uv": [1, 0, 0, 0], "texture": "#0"}
			}
		},
		{
			"from": [16.8, 3.3, 4.2],
			"to": [17.3, 4, 4.2],
			"rotation": {"angle": -22.5, "axis": "y", "origin": [0, 0, 0]},
			"faces": {
				"north": {"uv": [0, 6, 1, 7], "texture": "#0"},
				"east": {"uv": [0, 0, 0, 1], "texture": "#0"},
				"south": {"uv": [6, 0, 7, 1], "texture": "#0"},
				"west": {"uv": [0, 0, 0, 1], "texture": "#0"},
				"up": {"uv": [1, 0, 0, 0], "texture": "#0"},
				"down": {"uv": [1, 0, 0, 0], "texture": "#0"}
			}
		},
		{
			"from": [18.5, 4.7, 4.2],
			"to": [19, 5.4, 4.2],
			"rotation": {"angle": -22.5, "axis": "y", "origin": [0, 0, 0]},
			"faces": {
				"north": {"uv": [1, 6, 2, 7], "texture": "#0"},
				"east": {"uv": [0, 0, 0, 1], "texture": "#0"},
				"south": {"uv": [6, 1, 7, 2], "texture": "#0"},
				"west": {"uv": [0, 0, 0, 1], "texture": "#0"},
				"up": {"uv": [1, 0, 0, 0], "texture": "#0"},
				"down": {"uv": [1, 0, 0, 0], "texture": "#0"}
			}
		},
		{
			"from": [17.3, 3.5, 4.2],
			"to": [17.8, 4, 4.2],
			"rotation": {"angle": -22.5, "axis": "y", "origin": [0, 0, 0]},
			"faces": {
				"north": {"uv": [2, 6, 3, 7], "texture": "#0"},
				"east": {"uv": [0, 0, 0, 1], "texture": "#0"},
				"south": {"uv": [6, 2, 7, 3], "texture": "#0"},
				"west": {"uv": [0, 0, 0, 1], "texture": "#0"},
				"up": {"uv": [1, 0, 0, 0], "texture": "#0"},
				"down": {"uv": [1, 0, 0, 0], "texture": "#0"}
			}
		},
		{
			"from": [19, 4.7, 4.2],
			"to": [21, 5.4, 4.2],
			"rotation": {"angle": -22.5, "axis": "y", "origin": [0, 0, 0]},
			"faces": {
				"north": {"uv": [0, 0, 2, 1], "texture": "#0"},
				"east": {"uv": [0, 0, 0, 1], "texture": "#0"},
				"south": {"uv": [0, 1, 2, 2], "texture": "#0"},
				"west": {"uv": [0, 0, 0, 1], "texture": "#0"},
				"up": {"uv": [2, 0, 0, 0], "texture": "#0"},
				"down": {"uv": [2, 0, 0, 0], "texture": "#0"}
			}
		},
		{
			"from": [17, 4, 4.2],
			"to": [19.3, 4.7, 4.2],
			"rotation": {"angle": -22.5, "axis": "y", "origin": [0, 0, 0]},
			"faces": {
				"north": {"uv": [0, 2, 2, 3], "texture": "#0"},
				"east": {"uv": [0, 0, 0, 1], "texture": "#0"},
				"south": {"uv": [2, 0, 4, 1], "texture": "#0"},
				"west": {"uv": [0, 0, 0, 1], "texture": "#0"},
				"up": {"uv": [2, 0, 0, 0], "texture": "#0"},
				"down": {"uv": [2, 0, 0, 0], "texture": "#0"}
			}
		},
		{
			"from": [-2.9, 3, 9.9],
			"to": [-1.9, 4, 9.9],
			"rotation": {"angle": 22.5, "axis": "y", "origin": [0, 0, 0]},
			"faces": {
				"north": {"uv": [3, 6, 4, 7], "texture": "#0"},
				"east": {"uv": [0, 0, 0, 1], "texture": "#0"},
				"south": {"uv": [6, 3, 7, 4], "texture": "#0"},
				"west": {"uv": [0, 0, 0, 1], "texture": "#0"},
				"up": {"uv": [1, 0, 0, 0], "texture": "#0"},
				"down": {"uv": [1, 0, 0, 0], "texture": "#0"}
			}
		},
		{
			"from": [-3.2, 5.1, 9.9],
			"to": [-2.6, 5.7, 9.9],
			"rotation": {"angle": 22.5, "axis": "y", "origin": [0, 0, 0]},
			"faces": {
				"north": {"uv": [4, 6, 5, 7], "texture": "#0"},
				"east": {"uv": [0, 0, 0, 1], "texture": "#0"},
				"south": {"uv": [6, 4, 7, 5], "texture": "#0"},
				"west": {"uv": [0, 0, 0, 1], "texture": "#0"},
				"up": {"uv": [1, 0, 0, 0], "texture": "#0"},
				"down": {"uv": [1, 0, 0, 0], "texture": "#0"}
			}
		},
		{
			"from": [-7.6, 5.2, 9.9],
			"to": [-7.1, 5.9, 9.9],
			"rotation": {"angle": 22.5, "axis": "y", "origin": [0, 0, 0]},
			"faces": {
				"north": {"uv": [5, 6, 6, 7], "texture": "#0"},
				"east": {"uv": [0, 0, 0, 1], "texture": "#0"},
				"south": {"uv": [6, 5, 7, 6], "texture": "#0"},
				"west": {"uv": [0, 0, 0, 1], "texture": "#0"},
				"up": {"uv": [1, 0, 0, 0], "texture": "#0"},
				"down": {"uv": [1, 0, 0, 0], "texture": "#0"}
			}
		},
		{
			"from": [-6.6, 5.4, 9.9],
			"to": [-6.1, 6.4, 9.9],
			"rotation": {"angle": 22.5, "axis": "y", "origin": [0, 0, 0]},
			"faces": {
				"north": {"uv": [6, 6, 7, 7], "texture": "#0"},
				"east": {"uv": [0, 0, 0, 1], "texture": "#0"},
				"south": {"uv": [0, 7, 1, 8], "texture": "#0"},
				"west": {"uv": [0, 0, 0, 1], "texture": "#0"},
				"up": {"uv": [1, 0, 0, 0], "texture": "#0"},
				"down": {"uv": [1, 0, 0, 0], "texture": "#0"}
			}
		},
		{
			"from": [-5.9, 4.2, 9.9],
			"to": [-5.4, 4.7, 9.9],
			"rotation": {"angle": 22.5, "axis": "y", "origin": [0, 0, 0]},
			"faces": {
				"north": {"uv": [7, 0, 8, 1], "texture": "#0"},
				"east": {"uv": [0, 0, 0, 1], "texture": "#0"},
				"south": {"uv": [1, 7, 2, 8], "texture": "#0"},
				"west": {"uv": [0, 0, 0, 1], "texture": "#0"},
				"up": {"uv": [1, 0, 0, 0], "texture": "#0"},
				"down": {"uv": [1, 0, 0, 0], "texture": "#0"}
			}
		},
		{
			"from": [-4.6, 4.7, 9.9],
			"to": [-3.6, 5.2, 9.9],
			"rotation": {"angle": 22.5, "axis": "y", "origin": [0, 0, 0]},
			"faces": {
				"north": {"uv": [7, 1, 8, 2], "texture": "#0"},
				"east": {"uv": [0, 0, 0, 1], "texture": "#0"},
				"south": {"uv": [2, 7, 3, 8], "texture": "#0"},
				"west": {"uv": [0, 0, 0, 1], "texture": "#0"},
				"up": {"uv": [1, 0, 0, 0], "texture": "#0"},
				"down": {"uv": [1, 0, 0, 0], "texture": "#0"}
			}
		},
		{
			"from": [-6.1, 5.4, 9.9],
			"to": [-5.6, 5.9, 9.9],
			"rotation": {"angle": 22.5, "axis": "y", "origin": [0, 0, 0]},
			"faces": {
				"north": {"uv": [7, 2, 8, 3], "texture": "#0"},
				"east": {"uv": [0, 0, 0, 1], "texture": "#0"},
				"south": {"uv": [3, 7, 4, 8], "texture": "#0"},
				"west": {"uv": [0, 0, 0, 1], "texture": "#0"},
				"up": {"uv": [1, 0, 0, 0], "texture": "#0"},
				"down": {"uv": [1, 0, 0, 0], "texture": "#0"}
			}
		},
		{
			"from": [-6.3, 6.4, 9.9],
			"to": [-5.8, 6.9, 9.9],
			"rotation": {"angle": 22.5, "axis": "y", "origin": [0, 0, 0]},
			"faces": {
				"north": {"uv": [7, 3, 8, 4], "texture": "#0"},
				"east": {"uv": [0, 0, 0, 1], "texture": "#0"},
				"south": {"uv": [4, 7, 5, 8], "texture": "#0"},
				"west": {"uv": [0, 0, 0, 1], "texture": "#0"},
				"up": {"uv": [1, 0, 0, 0], "texture": "#0"},
				"down": {"uv": [1, 0, 0, 0], "texture": "#0"}
			}
		},
		{
			"from": [-3.4, 3.3, 9.9],
			"to": [-2.9, 4, 9.9],
			"rotation": {"angle": 22.5, "axis": "y", "origin": [0, 0, 0]},
			"faces": {
				"north": {"uv": [7, 4, 8, 5], "texture": "#0"},
				"east": {"uv": [0, 0, 0, 1], "texture": "#0"},
				"south": {"uv": [5, 7, 6, 8], "texture": "#0"},
				"west": {"uv": [0, 0, 0, 1], "texture": "#0"},
				"up": {"uv": [1, 0, 0, 0], "texture": "#0"},
				"down": {"uv": [1, 0, 0, 0], "texture": "#0"}
			}
		},
		{
			"from": [-5.1, 4.7, 9.9],
			"to": [-4.6, 5.4, 9.9],
			"rotation": {"angle": 22.5, "axis": "y", "origin": [0, 0, 0]},
			"faces": {
				"north": {"uv": [7, 5, 8, 6], "texture": "#0"},
				"east": {"uv": [0, 0, 0, 1], "texture": "#0"},
				"south": {"uv": [6, 7, 7, 8], "texture": "#0"},
				"west": {"uv": [0, 0, 0, 1], "texture": "#0"},
				"up": {"uv": [1, 0, 0, 0], "texture": "#0"},
				"down": {"uv": [1, 0, 0, 0], "texture": "#0"}
			}
		},
		{
			"from": [-3.9, 3.5, 9.9],
			"to": [-3.4, 4, 9.9],
			"rotation": {"angle": 22.5, "axis": "y", "origin": [0, 0, 0]},
			"faces": {
				"north": {"uv": [7, 6, 8, 7], "texture": "#0"},
				"east": {"uv": [0, 0, 0, 1], "texture": "#0"},
				"south": {"uv": [7, 7, 8, 8], "texture": "#0"},
				"west": {"uv": [0, 0, 0, 1], "texture": "#0"},
				"up": {"uv": [1, 0, 0, 0], "texture": "#0"},
				"down": {"uv": [1, 0, 0, 0], "texture": "#0"}
			}
		},
		{
			"from": [-7.1, 4.7, 9.9],
			"to": [-5.1, 5.4, 9.9],
			"rotation": {"angle": 22.5, "axis": "y", "origin": [0, 0, 0]},
			"faces": {
				"north": {"uv": [2, 1, 4, 2], "texture": "#0"},
				"east": {"uv": [0, 0, 0, 1], "texture": "#0"},
				"south": {"uv": [2, 2, 4, 3], "texture": "#0"},
				"west": {"uv": [0, 0, 0, 1], "texture": "#0"},
				"up": {"uv": [2, 0, 0, 0], "texture": "#0"},
				"down": {"uv": [2, 0, 0, 0], "texture": "#0"}
			}
		},
		{
			"from": [-5.4, 4, 9.9],
			"to": [-3.1, 4.7, 9.9],
			"rotation": {"angle": 22.5, "axis": "y", "origin": [0, 0, 0]},
			"faces": {
				"north": {"uv": [0, 3, 2, 4], "texture": "#0"},
				"east": {"uv": [0, 0, 0, 1], "texture": "#0"},
				"south": {"uv": [2, 3, 4, 4], "texture": "#0"},
				"west": {"uv": [0, 0, 0, 1], "texture": "#0"},
				"up": {"uv": [2, 0, 0, 0], "texture": "#0"},
				"down": {"uv": [2, 0, 0, 0], "texture": "#0"}
			}
		},
		{
			"from": [-3.6, 4.7, 9.9],
			"to": [-2.9, 5.1, 9.9],
			"rotation": {"angle": 22.5, "axis": "y", "origin": [0, 0, 0]},
			"faces": {
				"north": {"uv": [0, 8, 1, 9], "texture": "#0"},
				"east": {"uv": [0, 0, 0, 1], "texture": "#0"},
				"south": {"uv": [8, 0, 9, 1], "texture": "#0"},
				"west": {"uv": [0, 0, 0, 1], "texture": "#0"},
				"up": {"uv": [1, 0, 0, 0], "texture": "#0"},
				"down": {"uv": [1, 0, 0, 0], "texture": "#0"}
			}
		},
		{
			"from": [-3.6, 5.1, 9.9],
			"to": [-3.2, 5.5, 9.9],
			"rotation": {"angle": 22.5, "axis": "y", "origin": [0, 0, 0]},
			"faces": {
				"north": {"uv": [1, 8, 2, 9], "texture": "#0"},
				"east": {"uv": [0, 0, 0, 1], "texture": "#0"},
				"south": {"uv": [8, 1, 9, 2], "texture": "#0"},
				"west": {"uv": [0, 0, 0, 1], "texture": "#0"},
				"up": {"uv": [1, 0, 0, 0], "texture": "#0"},
				"down": {"uv": [1, 0, 0, 0], "texture": "#0"}
			}
		},
		{
			"from": [2, 5, 9],
			"to": [5, 5, 10],
			"rotation": {"angle": 0, "axis": "x", "origin": [-1, 0, 0]},
			"faces": {
				"north": {"uv": [0, 0, 3, 0], "texture": "#1", "tintindex": 0},
				"east": {"uv": [0, 0, 1, 0], "texture": "#1", "tintindex": 0},
				"south": {"uv": [0, 0, 3, 0], "texture": "#1", "tintindex": 0},
				"west": {"uv": [0, 0, 1, 0], "texture": "#1", "tintindex": 0},
				"up": {"uv": [3, 1, 0, 0], "texture": "#1", "tintindex": 0},
				"down": {"uv": [3, 1, 0, 2], "texture": "#1", "tintindex": 0}
			}
		},
		{
			"from": [5, 5, 9],
			"to": [6, 5, 10],
			"rotation": {"angle": 0, "axis": "x", "origin": [-1, 0, 0]},
			"faces": {
				"north": {"uv": [0, 0, 1, 0], "texture": "#1", "tintindex": 0},
				"east": {"uv": [0, 0, 1, 0], "texture": "#1", "tintindex": 0},
				"south": {"uv": [0, 0, 1, 0], "texture": "#1", "tintindex": 0},
				"west": {"uv": [0, 0, 1, 0], "texture": "#1", "tintindex": 0},
				"up": {"uv": [5, 3, 4, 2], "texture": "#1", "tintindex": 0},
				"down": {"uv": [4, 4, 3, 5], "texture": "#1", "tintindex": 0}
			}
		},
		{
			"from": [6, 5, 9],
			"to": [7, 5, 10],
			"rotation": {"angle": 0, "axis": "x", "origin": [-1, 0, 0]},
			"faces": {
				"north": {"uv": [0, 0, 1, 0], "texture": "#1", "tintindex": 0},
				"east": {"uv": [0, 0, 1, 0], "texture": "#1", "tintindex": 0},
				"south": {"uv": [0, 0, 1, 0], "texture": "#1", "tintindex": 0},
				"west": {"uv": [0, 0, 1, 0], "texture": "#1", "tintindex": 0},
				"up": {"uv": [5, 4, 4, 3], "texture": "#1", "tintindex": 0},
				"down": {"uv": [5, 4, 4, 5], "texture": "#1", "tintindex": 0}
			}
		},
		{
			"from": [10, 5, 9],
			"to": [13, 5, 10],
			"rotation": {"angle": 0, "axis": "x", "origin": [-1, 0, 0]},
			"faces": {
				"north": {"uv": [0, 0, 3, 0], "texture": "#1", "tintindex": 0},
				"east": {"uv": [0, 0, 1, 0], "texture": "#1", "tintindex": 0},
				"south": {"uv": [0, 0, 3, 0], "texture": "#1", "tintindex": 0},
				"west": {"uv": [0, 0, 1, 0], "texture": "#1", "tintindex": 0},
				"up": {"uv": [3, 3, 0, 2], "texture": "#1", "tintindex": 0},
				"down": {"uv": [3, 3, 0, 4], "texture": "#1", "tintindex": 0}
			}
		},
		{
			"from": [9, 5, 9],
			"to": [10, 5, 10],
			"rotation": {"angle": 0, "axis": "x", "origin": [-1, 0, 0]},
			"faces": {
				"north": {"uv": [0, 0, 1, 0], "texture": "#1", "tintindex": 0},
				"east": {"uv": [0, 0, 1, 0], "texture": "#1", "tintindex": 0},
				"south": {"uv": [0, 0, 1, 0], "texture": "#1", "tintindex": 0},
				"west": {"uv": [0, 0, 1, 0], "texture": "#1", "tintindex": 0},
				"up": {"uv": [6, 1, 5, 0], "texture": "#1", "tintindex": 0},
				"down": {"uv": [6, 1, 5, 2], "texture": "#1", "tintindex": 0}
			}
		},
		{
			"from": [7, 5, 9],
			"to": [9, 5, 10],
			"rotation": {"angle": 0, "axis": "x", "origin": [-1, 0, 0]},
			"faces": {
				"north": {"uv": [0, 0, 2, 0], "texture": "#1", "tintindex": 0},
				"east": {"uv": [0, 0, 1, 0], "texture": "#1", "tintindex": 0},
				"south": {"uv": [0, 0, 2, 0], "texture": "#1", "tintindex": 0},
				"west": {"uv": [0, 0, 1, 0], "texture": "#1", "tintindex": 0},
				"up": {"uv": [5, 1, 3, 0], "texture": "#1", "tintindex": 0},
				"down": {"uv": [5, 1, 3, 2], "texture": "#1", "tintindex": 0}
			}
		},
		{
			"from": [13, 3, 9],
			"to": [13, 5, 10],
			"faces": {
				"north": {"uv": [0, 0, 0, 2], "texture": "#1", "tintindex": 0},
				"east": {"uv": [3, 2, 4, 4], "texture": "#1", "tintindex": 0},
				"south": {"uv": [0, 0, 0, 2], "texture": "#1", "tintindex": 0},
				"west": {"uv": [0, 4, 1, 6], "texture": "#1", "tintindex": 0},
				"up": {"uv": [0, 1, 0, 0], "texture": "#1", "tintindex": 0},
				"down": {"uv": [0, 0, 0, 1], "texture": "#1", "tintindex": 0}
			}
		},
		{
			"from": [2, 3, 9],
			"to": [2, 5, 10],
			"faces": {
				"north": {"uv": [0, 0, 0, 2], "texture": "#1", "tintindex": 0},
				"east": {"uv": [1, 4, 2, 6], "texture": "#1", "tintindex": 0},
				"south": {"uv": [0, 0, 0, 2], "texture": "#1", "tintindex": 0},
				"west": {"uv": [2, 4, 3, 6], "texture": "#1", "tintindex": 0},
				"up": {"uv": [0, 1, 0, 0], "texture": "#1", "tintindex": 0},
				"down": {"uv": [0, 0, 0, 1], "texture": "#1", "tintindex": 0}
			}
		},
		{
			"from": [16.5, 4, 4.1],
			"to": [16.7, 4.3, 4.3],
			"rotation": {"angle": -22.5, "axis": "y", "origin": [0, 0, 0]},
			"faces": {
				"north": {"uv": [0, 0, 1, 1], "texture": "#2", "tintindex": 0},
				"east": {"uv": [0, 1, 1, 2], "texture": "#2", "tintindex": 0},
				"south": {"uv": [1, 0, 2, 1], "texture": "#2", "tintindex": 0},
				"west": {"uv": [1, 1, 2, 2], "texture": "#2", "tintindex": 0},
				"up": {"uv": [1, 3, 0, 2], "texture": "#2", "tintindex": 0},
				"down": {"uv": [3, 0, 2, 1], "texture": "#2", "tintindex": 0}
			}
		},
		{
			"from": [16.7, 3.8, 4.1],
			"to": [17.2, 4.3, 4.3],
			"rotation": {"angle": -22.5, "axis": "y", "origin": [0, 0, 0]},
			"faces": {
				"north": {"uv": [1, 2, 2, 3], "texture": "#2", "tintindex": 0},
				"east": {"uv": [2, 1, 3, 2], "texture": "#2", "tintindex": 0},
				"south": {"uv": [2, 2, 3, 3], "texture": "#2", "tintindex": 0},
				"west": {"uv": [0, 3, 1, 4], "texture": "#2", "tintindex": 0},
				"up": {"uv": [4, 1, 3, 0], "texture": "#2", "tintindex": 0},
				"down": {"uv": [2, 3, 1, 4], "texture": "#2", "tintindex": 0}
			}
		},
		{
			"from": [16.9, 3.6, 4.1],
			"to": [17.4, 3.8, 4.3],
			"rotation": {"angle": -22.5, "axis": "y", "origin": [0, 0, 0]},
			"faces": {
				"north": {"uv": [3, 1, 4, 2], "texture": "#2", "tintindex": 0},
				"east": {"uv": [2, 3, 3, 4], "texture": "#2", "tintindex": 0},
				"south": {"uv": [3, 2, 4, 3], "texture": "#2", "tintindex": 0},
				"west": {"uv": [3, 3, 4, 4], "texture": "#2", "tintindex": 0},
				"up": {"uv": [1, 5, 0, 4], "texture": "#2", "tintindex": 0},
				"down": {"uv": [5, 0, 4, 1], "texture": "#2", "tintindex": 0}
			}
		},
		{
			"from": [17.2, 3.8, 4.1],
			"to": [17.4, 4, 4.3],
			"rotation": {"angle": -22.5, "axis": "y", "origin": [0, 0, 0]},
			"faces": {
				"north": {"uv": [3, 1, 4, 2], "texture": "#2", "tintindex": 0},
				"east": {"uv": [2, 3, 3, 4], "texture": "#2", "tintindex": 0},
				"south": {"uv": [3, 2, 4, 3], "texture": "#2", "tintindex": 0},
				"west": {"uv": [3, 3, 4, 4], "texture": "#2", "tintindex": 0},
				"up": {"uv": [1, 5, 0, 4], "texture": "#2", "tintindex": 0},
				"down": {"uv": [5, 0, 4, 1], "texture": "#2", "tintindex": 0}
			}
		},
		{
			"from": [17.1, 3.3, 4.1],
			"to": [17.6, 3.6, 4.3],
			"rotation": {"angle": -22.5, "axis": "y", "origin": [0, 0, 0]},
			"faces": {
				"north": {"uv": [1, 4, 2, 5], "texture": "#2", "tintindex": 0},
				"east": {"uv": [4, 1, 5, 2], "texture": "#2", "tintindex": 0},
				"south": {"uv": [2, 4, 3, 5], "texture": "#2", "tintindex": 0},
				"west": {"uv": [4, 2, 5, 3], "texture": "#2", "tintindex": 0},
				"up": {"uv": [4, 5, 3, 4], "texture": "#2", "tintindex": 0},
				"down": {"uv": [5, 3, 4, 4], "texture": "#2", "tintindex": 0}
			}
		},
		{
			"from": [17.3, 3.1, 4.3],
			"to": [17.6, 3.3, 4.3],
			"rotation": {"angle": -22.5, "axis": "y", "origin": [0, 0, 0]},
			"faces": {
				"north": {"uv": [1, 4, 2, 5], "texture": "#2", "tintindex": 0},
				"east": {"uv": [4, 1, 5, 2], "texture": "#2", "tintindex": 0},
				"south": {"uv": [2, 4, 3, 5], "texture": "#2", "tintindex": 0},
				"west": {"uv": [4, 2, 5, 3], "texture": "#2", "tintindex": 0},
				"up": {"uv": [4, 5, 3, 4], "texture": "#2", "tintindex": 0},
				"down": {"uv": [5, 3, 4, 4], "texture": "#2", "tintindex": 0}
			}
		},
		{
			"from": [17.1, 3.1, 4.1],
			"to": [17.4, 3.3, 4.1],
			"rotation": {"angle": -22.5, "axis": "y", "origin": [0, 0, 0]},
			"faces": {
				"north": {"uv": [1, 4, 2, 5], "texture": "#2", "tintindex": 0},
				"east": {"uv": [4, 1, 5, 2], "texture": "#2", "tintindex": 0},
				"south": {"uv": [2, 4, 3, 5], "texture": "#2", "tintindex": 0},
				"west": {"uv": [4, 2, 5, 3], "texture": "#2", "tintindex": 0},
				"up": {"uv": [4, 5, 3, 4], "texture": "#2", "tintindex": 0},
				"down": {"uv": [5, 3, 4, 4], "texture": "#2", "tintindex": 0}
			}
		},
		{
			"from": [17.4, 2.1, 4.3],
			"to": [17.7, 3.2, 4.3],
			"rotation": {"angle": -22.5, "axis": "y", "origin": [0, 0, 0]},
			"faces": {
				"north": {"uv": [4, 4, 5, 5], "texture": "#2", "tintindex": 0},
				"east": {"uv": [0, 0, 0, 1], "texture": "#2", "tintindex": 0},
				"south": {"uv": [0, 5, 1, 6], "texture": "#2", "tintindex": 0},
				"west": {"uv": [0, 0, 0, 1], "texture": "#2", "tintindex": 0},
				"up": {"uv": [1, 0, 0, 0], "texture": "#2", "tintindex": 0},
				"down": {"uv": [1, 0, 0, 0], "texture": "#2", "tintindex": 0}
			}
		},
		{
			"from": [17.4, 1.5, 4.3],
			"to": [17.6, 2.1, 4.3],
			"rotation": {"angle": -22.5, "axis": "y", "origin": [0, 0, 0]},
			"faces": {
				"north": {"uv": [5, 0, 6, 1], "texture": "#2", "tintindex": 0},
				"east": {"uv": [0, 0, 0, 1], "texture": "#2", "tintindex": 0},
				"south": {"uv": [1, 5, 2, 6], "texture": "#2", "tintindex": 0},
				"west": {"uv": [0, 0, 0, 1], "texture": "#2", "tintindex": 0},
				"up": {"uv": [1, 0, 0, 0], "texture": "#2", "tintindex": 0},
				"down": {"uv": [1, 0, 0, 0], "texture": "#2", "tintindex": 0}
			}
		},
		{
			"from": [16.9, 1.8, 4.1],
			"to": [17.2, 3.1, 4.1],
			"rotation": {"angle": -22.5, "axis": "y", "origin": [0, 0, 0]},
			"faces": {
				"north": {"uv": [5, 1, 6, 2], "texture": "#2", "tintindex": 0},
				"east": {"uv": [0, 0, 0, 1], "texture": "#2", "tintindex": 0},
				"south": {"uv": [2, 5, 3, 6], "texture": "#2", "tintindex": 0},
				"west": {"uv": [0, 0, 0, 1], "texture": "#2", "tintindex": 0},
				"up": {"uv": [1, 0, 0, 0], "texture": "#2", "tintindex": 0},
				"down": {"uv": [1, 0, 0, 0], "texture": "#2", "tintindex": 0}
			}
		},
		{
			"from": [17, 1.1, 4.1],
			"to": [17.2, 1.8, 4.1],
			"rotation": {"angle": -22.5, "axis": "y", "origin": [0, 0, 0]},
			"faces": {
				"north": {"uv": [5, 2, 6, 3], "texture": "#2", "tintindex": 0},
				"east": {"uv": [0, 0, 0, 1], "texture": "#2", "tintindex": 0},
				"south": {"uv": [3, 5, 4, 6], "texture": "#2", "tintindex": 0},
				"west": {"uv": [0, 0, 0, 1], "texture": "#2", "tintindex": 0},
				"up": {"uv": [1, 0, 0, 0], "texture": "#2", "tintindex": 0},
				"down": {"uv": [1, 0, 0, 0], "texture": "#2", "tintindex": 0}
			}
		},
		{
			"from": [17, 3, 4.1],
			"to": [17.2, 3.2, 4.1],
			"rotation": {"angle": -22.5, "axis": "y", "origin": [0, 0, 0]},
			"faces": {
				"north": {"uv": [5, 3, 6, 4], "texture": "#2", "tintindex": 0},
				"east": {"uv": [0, 0, 0, 1], "texture": "#2", "tintindex": 0},
				"south": {"uv": [4, 5, 5, 6], "texture": "#2", "tintindex": 0},
				"west": {"uv": [0, 0, 0, 1], "texture": "#2", "tintindex": 0},
				"up": {"uv": [1, 0, 0, 0], "texture": "#2", "tintindex": 0},
				"down": {"uv": [1, 0, 0, 0], "texture": "#2", "tintindex": 0}
			}
		},
		{
			"from": [17.4, 3.6, 4.1],
			"to": [17.6, 3.8, 4.3],
			"rotation": {"angle": -22.5, "axis": "y", "origin": [0, 0, 0]},
			"faces": {
				"north": {"uv": [5, 4, 6, 5], "texture": "#2", "tintindex": 0},
				"east": {"uv": [4.6, 1.5, 4.6, 2.5], "texture": "#2", "tintindex": 0},
				"south": {"uv": [5, 5, 6, 6], "texture": "#2", "tintindex": 0},
				"west": {"uv": [0, 0, 0, 1], "texture": "#2", "tintindex": 0},
				"up": {"uv": [3.3, 4.4, 2.3, 4.4], "texture": "#2", "tintindex": 0},
				"down": {"uv": [1, 0, 0, 0], "texture": "#2", "tintindex": 0}
			}
		},
		{
			"from": [-2.5, 3.6, 3.7],
			"to": [-2.3, 3.8, 3.9],
			"rotation": {"angle": 22.5, "axis": "y", "origin": [16, 0, 0]},
			"faces": {
				"north": {"uv": [0, 6, 1, 7], "texture": "#2", "tintindex": 0},
				"east": {"uv": [0, 0, 0, 1], "texture": "#2", "tintindex": 0},
				"south": {"uv": [6, 0, 7, 1], "texture": "#2", "tintindex": 0},
				"west": {"uv": [4.7, 1.8, 4.7, 2.8], "texture": "#2", "tintindex": 0},
				"up": {"uv": [3.1, 4.6, 2.1, 4.6], "texture": "#2", "tintindex": 0},
				"down": {"uv": [1, 0, 0, 0], "texture": "#2", "tintindex": 0}
			}
		},
		{
			"from": [-2.1, 3.8, 3.7],
			"to": [-1.6, 4.3, 3.9],
			"rotation": {"angle": 22.5, "axis": "y", "origin": [16, 0, 0]},
			"faces": {
				"north": {"uv": [1, 6, 2, 7], "texture": "#2", "tintindex": 0},
				"east": {"uv": [6, 1, 7, 2], "texture": "#2", "tintindex": 0},
				"south": {"uv": [2, 6, 3, 7], "texture": "#2", "tintindex": 0},
				"west": {"uv": [6, 2, 7, 3], "texture": "#2", "tintindex": 0},
				"up": {"uv": [4, 7, 3, 6], "texture": "#2", "tintindex": 0},
				"down": {"uv": [7, 3, 6, 4], "texture": "#2", "tintindex": 0}
			}
		},
		{
			"from": [-1.6, 4, 3.7],
			"to": [-1.4, 4.3, 3.9],
			"rotation": {"angle": 22.5, "axis": "y", "origin": [16, 0, 0]},
			"faces": {
				"north": {"uv": [4, 6, 5, 7], "texture": "#2", "tintindex": 0},
				"east": {"uv": [6, 4, 7, 5], "texture": "#2", "tintindex": 0},
				"south": {"uv": [5, 6, 6, 7], "texture": "#2", "tintindex": 0},
				"west": {"uv": [6, 5, 7, 6], "texture": "#2", "tintindex": 0},
				"up": {"uv": [7, 7, 6, 6], "texture": "#2", "tintindex": 0},
				"down": {"uv": [1, 7, 0, 8], "texture": "#2", "tintindex": 0}
			}
		},
		{
			"from": [-2.1, 1.8, 3.7],
			"to": [-1.8, 3.1, 3.7],
			"rotation": {"angle": 22.5, "axis": "y", "origin": [16, 0, 0]},
			"faces": {
				"north": {"uv": [7, 0, 8, 1], "texture": "#2", "tintindex": 0},
				"east": {"uv": [0, 0, 0, 1], "texture": "#2", "tintindex": 0},
				"south": {"uv": [1, 7, 2, 8], "texture": "#2", "tintindex": 0},
				"west": {"uv": [0, 0, 0, 1], "texture": "#2", "tintindex": 0},
				"up": {"uv": [1, 0, 0, 0], "texture": "#2", "tintindex": 0},
				"down": {"uv": [1, 0, 0, 0], "texture": "#2", "tintindex": 0}
			}
		},
		{
			"from": [-2.1, 1.1, 3.7],
			"to": [-1.9, 1.8, 3.7],
			"rotation": {"angle": 22.5, "axis": "y", "origin": [16, 0, 0]},
			"faces": {
				"north": {"uv": [7, 1, 8, 2], "texture": "#2", "tintindex": 0},
				"east": {"uv": [0, 0, 0, 1], "texture": "#2", "tintindex": 0},
				"south": {"uv": [2, 7, 3, 8], "texture": "#2", "tintindex": 0},
				"west": {"uv": [0, 0, 0, 1], "texture": "#2", "tintindex": 0},
				"up": {"uv": [1, 0, 0, 0], "texture": "#2", "tintindex": 0},
				"down": {"uv": [1, 0, 0, 0], "texture": "#2", "tintindex": 0}
			}
		},
		{
			"from": [-2.1, 3, 3.7],
			"to": [-1.9, 3.2, 3.7],
			"rotation": {"angle": 22.5, "axis": "y", "origin": [16, 0, 0]},
			"faces": {
				"north": {"uv": [7, 2, 8, 3], "texture": "#2", "tintindex": 0},
				"east": {"uv": [0, 0, 0, 1], "texture": "#2", "tintindex": 0},
				"south": {"uv": [3, 7, 4, 8], "texture": "#2", "tintindex": 0},
				"west": {"uv": [0, 0, 0, 1], "texture": "#2", "tintindex": 0},
				"up": {"uv": [1, 0, 0, 0], "texture": "#2", "tintindex": 0},
				"down": {"uv": [1, 0, 0, 0], "texture": "#2", "tintindex": 0}
			}
		},
		{
			"from": [-2.5, 1.5, 3.9],
			"to": [-2.3, 2.1, 3.9],
			"rotation": {"angle": 22.5, "axis": "y", "origin": [16, 0, 0]},
			"faces": {
				"north": {"uv": [7, 3, 8, 4], "texture": "#2", "tintindex": 0},
				"east": {"uv": [0, 0, 0, 1], "texture": "#2", "tintindex": 0},
				"south": {"uv": [4, 7, 5, 8], "texture": "#2", "tintindex": 0},
				"west": {"uv": [0, 0, 0, 1], "texture": "#2", "tintindex": 0},
				"up": {"uv": [1, 0, 0, 0], "texture": "#2", "tintindex": 0},
				"down": {"uv": [1, 0, 0, 0], "texture": "#2", "tintindex": 0}
			}
		},
		{
			"from": [-2.6, 2.1, 3.9],
			"to": [-2.3, 3.2, 3.9],
			"rotation": {"angle": 22.5, "axis": "y", "origin": [16, 0, 0]},
			"faces": {
				"north": {"uv": [7, 4, 8, 5], "texture": "#2", "tintindex": 0},
				"east": {"uv": [0, 0, 0, 1], "texture": "#2", "tintindex": 0},
				"south": {"uv": [5, 7, 6, 8], "texture": "#2", "tintindex": 0},
				"west": {"uv": [0, 0, 0, 1], "texture": "#2", "tintindex": 0},
				"up": {"uv": [1, 0, 0, 0], "texture": "#2", "tintindex": 0},
				"down": {"uv": [1, 0, 0, 0], "texture": "#2", "tintindex": 0}
			}
		},
		{
			"from": [-2.5, 3.35, 3.7],
			"to": [-2, 3.6, 3.9],
			"rotation": {"angle": 22.5, "axis": "y", "origin": [16, 0, 0]},
			"faces": {
				"north": {"uv": [7, 5, 8, 6], "texture": "#2", "tintindex": 0},
				"east": {"uv": [6, 7, 7, 8], "texture": "#2", "tintindex": 0},
				"south": {"uv": [7, 6, 8, 7], "texture": "#2", "tintindex": 0},
				"west": {"uv": [7, 7, 8, 8], "texture": "#2", "tintindex": 0},
				"up": {"uv": [1, 9, 0, 8], "texture": "#2", "tintindex": 0},
				"down": {"uv": [9, 0, 8, 1], "texture": "#2", "tintindex": 0}
			}
		},
		{
			"from": [-2.3, 3.15, 3.7],
			"to": [-2, 3.4, 3.7],
			"rotation": {"angle": 22.5, "axis": "y", "origin": [16, 0, 0]},
			"faces": {
				"north": {"uv": [4, 8, 5, 9], "texture": "#2", "tintindex": 0},
				"east": {"uv": [0, 0, 0, 1], "texture": "#2", "tintindex": 0},
				"south": {"uv": [8, 4, 9, 5], "texture": "#2", "tintindex": 0},
				"west": {"uv": [0, 0, 0, 1], "texture": "#2", "tintindex": 0},
				"up": {"uv": [1, 0, 0, 0], "texture": "#2", "tintindex": 0},
				"down": {"uv": [1, 0, 0, 0], "texture": "#2", "tintindex": 0}
			}
		},
		{
			"from": [-2.5, 3.15, 3.9],
			"to": [-2.2, 3.4, 3.9],
			"rotation": {"angle": 22.5, "axis": "y", "origin": [16, 0, 0]},
			"faces": {
				"north": {"uv": [5, 8, 6, 9], "texture": "#2", "tintindex": 0},
				"east": {"uv": [0, 0, 0, 1], "texture": "#2", "tintindex": 0},
				"south": {"uv": [8, 5, 9, 6], "texture": "#2", "tintindex": 0},
				"west": {"uv": [0, 0, 0, 1], "texture": "#2", "tintindex": 0},
				"up": {"uv": [1, 0, 0, 0], "texture": "#2", "tintindex": 0},
				"down": {"uv": [1, 0, 0, 0], "texture": "#2", "tintindex": 0}
			}
		},
		{
			"from": [-2.3, 3.6, 3.7],
			"to": [-1.8, 3.8, 3.9],
			"rotation": {"angle": 22.5, "axis": "y", "origin": [16, 0, 0]},
			"faces": {
				"north": {"uv": [1, 8, 2, 9], "texture": "#2", "tintindex": 0},
				"east": {"uv": [8, 1, 9, 2], "texture": "#2", "tintindex": 0},
				"south": {"uv": [2, 8, 3, 9], "texture": "#2", "tintindex": 0},
				"west": {"uv": [8, 2, 9, 3], "texture": "#2", "tintindex": 0},
				"up": {"uv": [4, 9, 3, 8], "texture": "#2", "tintindex": 0},
				"down": {"uv": [9, 3, 8, 4], "texture": "#2", "tintindex": 0}
			}
		},
		{
			"from": [-2.3, 3.8, 3.7],
			"to": [-2.1, 4.2, 3.9],
			"rotation": {"angle": 22.5, "axis": "y", "origin": [16, 0, 0]},
			"faces": {
				"north": {"uv": [1, 8, 2, 9], "texture": "#2", "tintindex": 0},
				"east": {"uv": [8, 1, 9, 2], "texture": "#2", "tintindex": 0},
				"south": {"uv": [2, 8, 3, 9], "texture": "#2", "tintindex": 0},
				"west": {"uv": [8, 2, 9, 3], "texture": "#2", "tintindex": 0},
				"up": {"uv": [4, 9, 3, 8], "texture": "#2", "tintindex": 0},
				"down": {"uv": [9, 3, 8, 4], "texture": "#2", "tintindex": 0}
			}
		},
		{
			"from": [-2.7, 2.75, 3.4],
			"to": [-2.3, 3.25, 3.7],
			"rotation": {"angle": 22.5, "axis": "y", "origin": [16, -0.25, 0]},
			"faces": {
				"north": {"uv": [0, 0, 1, 1], "texture": "#3"},
				"east": {"uv": [0, 1, 1, 2], "texture": "#3"},
				"south": {"uv": [1, 0, 2, 1], "texture": "#3"},
				"west": {"uv": [1, 1, 2, 2], "texture": "#3"},
				"up": {"uv": [1, 3, 0, 2], "texture": "#3"},
				"down": {"uv": [3, 0, 2, 1], "texture": "#3"}
			}
		},
		{
			"from": [-2.8, 2.65, 3.3],
			"to": [-2.2, 2.75, 3.8],
			"rotation": {"angle": 22.5, "axis": "y", "origin": [16, -0.25, 0]},
			"faces": {
				"north": {"uv": [1, 2, 2, 3], "texture": "#3"},
				"east": {"uv": [2, 1, 3, 2], "texture": "#3"},
				"south": {"uv": [2, 2, 3, 3], "texture": "#3"},
				"west": {"uv": [0, 3, 1, 4], "texture": "#3"},
				"up": {"uv": [4, 1, 3, 0], "texture": "#3"},
				"down": {"uv": [2, 3, 1, 4], "texture": "#3"}
			}
		},
		{
			"from": [-2.6, 3.25, 3.5],
			"to": [-2.4, 3.35, 3.6],
			"rotation": {"angle": 22.5, "axis": "y", "origin": [16, -0.25, 0]},
			"faces": {
				"north": {"uv": [3, 1, 4, 2], "texture": "#3"},
				"east": {"uv": [2, 3, 3, 4], "texture": "#3"},
				"south": {"uv": [3, 2, 4, 3], "texture": "#3"},
				"west": {"uv": [3, 3, 4, 4], "texture": "#3"},
				"up": {"uv": [1, 5, 0, 4], "texture": "#3"},
				"down": {"uv": [5, 0, 4, 1], "texture": "#3"}
			}
		},
		{
			"from": [-2.5, 3.35, 3.6],
			"to": [-2.4, 3.45, 3.7],
			"rotation": {"angle": 22.5, "axis": "y", "origin": [16, -0.25, 0]},
			"faces": {
				"north": {"uv": [6, 0, 7, 1], "texture": "#3"},
				"east": {"uv": [6, 0, 7, 1], "texture": "#3"},
				"south": {"uv": [6, 0, 7, 1], "texture": "#3"},
				"west": {"uv": [6, 0, 7, 1], "texture": "#3"},
				"up": {"uv": [7, 1, 6, 0], "texture": "#3"},
				"down": {"uv": [7, 0, 6, 1], "texture": "#3"}
			}
		},
		{
			"from": [17.5, 3.15, 3.9],
			"to": [17.7, 3.25, 4],
			"rotation": {"angle": -22.5, "axis": "y", "origin": [0, -0.25, 0]},
			"faces": {
				"north": {"uv": [1, 4, 2, 5], "texture": "#3"},
				"east": {"uv": [4, 1, 5, 2], "texture": "#3"},
				"south": {"uv": [2, 4, 3, 5], "texture": "#3"},
				"west": {"uv": [4, 2, 5, 3], "texture": "#3"},
				"up": {"uv": [4, 5, 3, 4], "texture": "#3"},
				"down": {"uv": [5, 3, 4, 4], "texture": "#3"}
			}
		},
		{
			"from": [17.5, 3.25, 4],
			"to": [17.6, 3.35, 4.1],
			"rotation": {"angle": -22.5, "axis": "y", "origin": [0, -0.25, 0]},
			"faces": {
				"north": {"uv": [6, 0, 7, 1], "texture": "#3"},
				"east": {"uv": [6, 0, 7, 1], "texture": "#3"},
				"south": {"uv": [6, 0, 7, 1], "texture": "#3"},
				"west": {"uv": [6, 0, 7, 1], "texture": "#3"},
				"up": {"uv": [7, 1, 6, 0], "texture": "#3"},
				"down": {"uv": [7, 0, 6, 1], "texture": "#3"}
			}
		},
		{
			"from": [17.4, 2.65, 3.8],
			"to": [17.8, 3.15, 4.1],
			"rotation": {"angle": -22.5, "axis": "y", "origin": [0, -0.25, 0]},
			"faces": {
				"north": {"uv": [4, 4, 5, 5], "texture": "#3"},
				"east": {"uv": [0, 5, 1, 6], "texture": "#3"},
				"south": {"uv": [5, 0, 6, 1], "texture": "#3"},
				"west": {"uv": [1, 5, 2, 6], "texture": "#3"},
				"up": {"uv": [6, 2, 5, 1], "texture": "#3"},
				"down": {"uv": [3, 5, 2, 6], "texture": "#3"}
			}
		},
		{
			"from": [17.35, 2.55, 3.7],
			"to": [17.85, 2.65, 4.2],
			"rotation": {"angle": -22.5, "axis": "y", "origin": [0, -0.25, 0]},
			"faces": {
				"north": {"uv": [5, 2, 6, 3], "texture": "#3"},
				"east": {"uv": [3, 5, 4, 6], "texture": "#3"},
				"south": {"uv": [5, 3, 6, 4], "texture": "#3"},
				"west": {"uv": [4, 5, 5, 6], "texture": "#3"},
				"up": {"uv": [6, 5, 5, 4], "texture": "#3"},
				"down": {"uv": [6, 5, 5, 6], "texture": "#3"}
			}
		}
	],
	"display": {
		"thirdperson_righthand": {
			"rotation": [90, 0, 0],
			"translation": [0, 1.5, 3],
			"scale": [0.5, 0.5, 0.5]
		},
		"thirdperson_lefthand": {
			"rotation": [90, 0, 0],
			"translation": [0, 1.5, 3],
			"scale": [0.5, 0.5, 0.5]
		},
		"ground": {
			"translation": [0, 5.75, 0],
			"scale": [0.8, 0.8, 0.8]
		},
		"gui": {
			"rotation": [-15, -169, 0],
			"translation": [0, 3, 0],
			"scale": [0.67, 0.67, 0.67]
		},
		"head": {
			"translation": [0.75, 10.5, -0.5],
			"scale": [1.3, 1.1543, 1.1543]
		}
	},
	"groups": [
		{
			"name": "antlers",
			"origin": [0, 0, 0],
			"color": 0,
			"children": [0, 1, 2, 3, 4, 5, 6, 7, 8, 9, 10, 11, 12, 13, 14, 15, 16, 17, 18, 19, 20, 21, 22, 23, 24, 25, 26, 27, 28, 29]
		},
		{
			"name": "band",
			"origin": [0, 0, 0],
			"color": 0,
			"children": [30, 31, 32, 33, 34, 35, 36, 37]
		},
		{
			"name": "ribbons",
			"origin": [0, -1.9, -0.3],
			"color": 0,
			"children": [38, 39, 40, 41, 42, 43, 44, 45, 46, 47, 48, 49, 50, 51, 52, 53, 54, 55, 56, 57, 58, 59, 60, 61, 62, 63]
		},
		{
			"name": "bells",
			"origin": [0, 0, 0],
			"color": 0,
			"children": [64, 65, 66, 67, 68, 69, 70, 71]
		}
	]
}