{
	"credit": "Made with Blockbench",
	"textures": {
		"0": "mctc:hats/w_base",
		"2": "mctc:hats/aa_chains",
		"3": "mctc:hats/w_flowers",
		"5": "mctc:hats/agod_antlers",
		"particle": "mctc:hats/w_base"
	},
	"elements": [
		{
			"from": [3, 2, 2],
			"to": [5, 3, 2],
			"rotation": {"angle": 0, "axis": "y", "origin": [-1, 0, 0]},
			"faces": {
				"north": {"uv": [3, 4, 5, 5], "texture": "#0"},
				"east": {"uv": [0, 0, 0, 1], "texture": "#0"},
				"south": {"uv": [4, 3, 6, 4], "texture": "#0"},
				"west": {"uv": [0, 0, 0, 1], "texture": "#0"},
				"up": {"uv": [2, 0, 0, 0], "texture": "#0"},
				"down": {"uv": [2, 0, 0, 0], "texture": "#0"}
			}
		},
		{
			"from": [5, 2, 2],
			"to": [6, 3, 2],
			"rotation": {"angle": 0, "axis": "y", "origin": [-1, 0, 0]},
			"faces": {
				"north": {"uv": [0, 6, 1, 7], "texture": "#0"},
				"east": {"uv": [0, 0, 0, 1], "texture": "#0"},
				"south": {"uv": [1, 6, 2, 7], "texture": "#0"},
				"west": {"uv": [0, 0, 0, 1], "texture": "#0"},
				"up": {"uv": [1, 0, 0, 0], "texture": "#0"},
				"down": {"uv": [1, 0, 0, 0], "texture": "#0"}
			}
		},
		{
			"from": [6, 2, 2],
			"to": [7, 3, 2],
			"faces": {
				"north": {"uv": [2, 6, 3, 7], "texture": "#0"},
				"east": {"uv": [0, 0, 0, 1], "texture": "#0"},
				"south": {"uv": [3, 6, 4, 7], "texture": "#0"},
				"west": {"uv": [0, 0, 0, 1], "texture": "#0"},
				"up": {"uv": [1, 0, 0, 0], "texture": "#0"},
				"down": {"uv": [1, 0, 0, 0], "texture": "#0"}
			}
		},
		{
			"from": [10, 2, 2],
			"to": [12, 3, 2],
			"faces": {
				"north": {"uv": [0, 5, 2, 6], "texture": "#0"},
				"east": {"uv": [0, 0, 0, 1], "texture": "#0"},
				"south": {"uv": [2, 5, 4, 6], "texture": "#0"},
				"west": {"uv": [0, 0, 0, 1], "texture": "#0"},
				"up": {"uv": [2, 0, 0, 0], "texture": "#0"},
				"down": {"uv": [2, 0, 0, 0], "texture": "#0"}
			}
		},
		{
			"from": [9, 2, 2],
			"to": [10, 3, 2],
			"faces": {
				"north": {"uv": [6, 3, 7, 4], "texture": "#0"},
				"east": {"uv": [0, 0, 0, 1], "texture": "#0"},
				"south": {"uv": [4, 6, 5, 7], "texture": "#0"},
				"west": {"uv": [0, 0, 0, 1], "texture": "#0"},
				"up": {"uv": [1, 0, 0, 0], "texture": "#0"},
				"down": {"uv": [1, 0, 0, 0], "texture": "#0"}
			}
		},
		{
			"from": [7, 2, 2],
			"to": [9, 3, 2],
			"rotation": {"angle": 0, "axis": "y", "origin": [-1, 0, 0]},
			"faces": {
				"north": {"uv": [4, 5, 6, 6], "texture": "#0"},
				"east": {"uv": [0, 0, 0, 1], "texture": "#0"},
				"south": {"uv": [5, 4, 7, 5], "texture": "#0"},
				"west": {"uv": [0, 0, 0, 1], "texture": "#0"},
				"up": {"uv": [2, 0, 0, 0], "texture": "#0"},
				"down": {"uv": [2, 0, 0, 0], "texture": "#0"}
			}
		},
		{
			"from": [2, 3, 2],
			"to": [3, 4, 2],
			"faces": {
				"north": {"uv": [5, 6, 6, 7], "texture": "#0"},
				"east": {"uv": [0, 0, 0, 1], "texture": "#0"},
				"south": {"uv": [6, 5, 7, 6], "texture": "#0"},
				"west": {"uv": [0, 0, 0, 1], "texture": "#0"},
				"up": {"uv": [1, 0, 0, 0], "texture": "#0"},
				"down": {"uv": [1, 0, 0, 0], "texture": "#0"}
			}
		},
		{
			"from": [12, 3, 2],
			"to": [13, 4, 2],
			"faces": {
				"north": {"uv": [6, 6, 7, 7], "texture": "#0"},
				"east": {"uv": [0, 0, 0, 1], "texture": "#0"},
				"south": {"uv": [0, 7, 1, 8], "texture": "#0"},
				"west": {"uv": [0, 0, 0, 1], "texture": "#0"},
				"up": {"uv": [1, 0, 0, 0], "texture": "#0"},
				"down": {"uv": [1, 0, 0, 0], "texture": "#0"}
			}
		},
		{
			"from": [13, 3, 2],
			"to": [13, 4, 6],
			"faces": {
				"north": {"uv": [0, 0, 0, 1], "texture": "#0"},
				"east": {"uv": [0, 0, 4, 1], "texture": "#0"},
				"south": {"uv": [0, 0, 0, 1], "texture": "#0"},
				"west": {"uv": [0, 1, 4, 2], "texture": "#0"},
				"up": {"uv": [0, 4, 0, 0], "texture": "#0"},
				"down": {"uv": [0, 0, 0, 4], "texture": "#0"}
			}
		},
		{
			"from": [13, 2, 6],
			"to": [13, 3, 9],
			"faces": {
				"north": {"uv": [0, 0, 0, 1], "texture": "#0"},
				"east": {"uv": [0, 4, 3, 5], "texture": "#0"},
				"south": {"uv": [0, 0, 0, 1], "texture": "#0"},
				"west": {"uv": [4, 0, 7, 1], "texture": "#0"},
				"up": {"uv": [0, 3, 0, 0], "texture": "#0"},
				"down": {"uv": [0, 0, 0, 3], "texture": "#0"}
			}
		},
		{
			"from": [13, 3, 9],
			"to": [13, 4, 10],
			"faces": {
				"north": {"uv": [0, 0, 0, 1], "texture": "#0"},
				"east": {"uv": [7, 0, 8, 1], "texture": "#0"},
				"south": {"uv": [0, 0, 0, 1], "texture": "#0"},
				"west": {"uv": [1, 7, 2, 8], "texture": "#0"},
				"up": {"uv": [0, 1, 0, 0], "texture": "#0"},
				"down": {"uv": [0, 0, 0, 1], "texture": "#0"}
			}
		},
		{
			"from": [2, 3, 2],
			"to": [2, 4, 6],
			"faces": {
				"north": {"uv": [0, 0, 0, 1], "texture": "#0"},
				"east": {"uv": [0, 2, 4, 3], "texture": "#0"},
				"south": {"uv": [0, 0, 0, 1], "texture": "#0"},
				"west": {"uv": [0, 3, 4, 4], "texture": "#0"},
				"up": {"uv": [0, 4, 0, 0], "texture": "#0"},
				"down": {"uv": [0, 0, 0, 4], "texture": "#0"}
			}
		},
		{
			"from": [2, 2, 6],
			"to": [2, 3, 9],
			"faces": {
				"north": {"uv": [0, 0, 0, 1], "texture": "#0"},
				"east": {"uv": [4, 1, 7, 2], "texture": "#0"},
				"south": {"uv": [0, 0, 0, 1], "texture": "#0"},
				"west": {"uv": [4, 2, 7, 3], "texture": "#0"},
				"up": {"uv": [0, 3, 0, 0], "texture": "#0"},
				"down": {"uv": [0, 0, 0, 3], "texture": "#0"}
			}
		},
		{
			"from": [2, 3, 9],
			"to": [2, 4, 10],
			"faces": {
				"north": {"uv": [0, 0, 0, 1], "texture": "#0"},
				"east": {"uv": [7, 1, 8, 2], "texture": "#0"},
				"south": {"uv": [0, 0, 0, 1], "texture": "#0"},
				"west": {"uv": [2, 7, 3, 8], "texture": "#0"},
				"up": {"uv": [0, 1, 0, 0], "texture": "#0"},
				"down": {"uv": [0, 0, 0, 1], "texture": "#0"}
			}
		},
		{
			"from": [15.8, 3, 4.2],
			"to": [16.8, 4, 4.2],
			"rotation": {"angle": -22.5, "axis": "y", "origin": [0, 0, 0]},
			"faces": {
				"north": {"uv": [11, 15, 12, 16], "texture": "#5"},
				"east": {"uv": [0, 0, 0, 1], "texture": "#5", "tintindex": 0},
				"south": {"uv": [11, 15, 12, 16], "texture": "#5", "tintindex": 0},
				"west": {"uv": [0, 0, 0, 1], "texture": "#5", "tintindex": 0},
				"up": {"uv": [1, 0, 0, 0], "texture": "#5", "tintindex": 0},
				"down": {"uv": [1, 0, 0, 0], "texture": "#5", "tintindex": 0}
			}
		},
		{
			"from": [18.7, 6, 4.2],
			"to": [20, 7, 4.2],
			"rotation": {"angle": -22.5, "axis": "y", "origin": [0, 0, 0]},
			"faces": {
				"north": {"uv": [8, 12, 9.3, 13], "texture": "#5"},
				"east": {"uv": [0, 0, 0, 1], "texture": "#5", "tintindex": 0},
				"south": {"uv": [8, 12, 9.3, 13], "texture": "#5", "tintindex": 0},
				"west": {"uv": [0, 0, 0, 1], "texture": "#5", "tintindex": 0},
				"up": {"uv": [1, 0, 0, 0], "texture": "#5", "tintindex": 0},
				"down": {"uv": [1, 0, 0, 0], "texture": "#5", "tintindex": 0}
			}
		},
		{
			"from": [16.5, 5.4, 4.2],
			"to": [17.1, 6, 4.2],
			"rotation": {"angle": -22.5, "axis": "y", "origin": [0, 0, 0]},
			"faces": {
				"north": {"uv": [12, 13, 12.6, 13.6], "texture": "#5"},
				"east": {"uv": [0, 0, 0, 1], "texture": "#5", "tintindex": 0},
				"south": {"uv": [12, 13, 12.6, 13.6], "texture": "#5", "tintindex": 0},
				"west": {"uv": [0, 0, 0, 1], "texture": "#5", "tintindex": 0},
				"up": {"uv": [1, 0, 0, 0], "texture": "#5", "tintindex": 0},
				"down": {"uv": [1, 0, 0, 0], "texture": "#5", "tintindex": 0}
			}
		},
		{
			"from": [16.8, 5, 4.2],
			"to": [17.5, 5.4, 4.2],
			"rotation": {"angle": -22.5, "axis": "y", "origin": [0, 0, 0]},
			"faces": {
				"north": {"uv": [11, 14, 11.7, 14.4], "texture": "#5"},
				"east": {"uv": [0, 0, 0, 1], "texture": "#5", "tintindex": 0},
				"south": {"uv": [11, 14, 11.7, 14.4], "texture": "#5", "tintindex": 0},
				"west": {"uv": [0, 0, 0, 1], "texture": "#5", "tintindex": 0},
				"up": {"uv": [1, 0, 0, 0], "texture": "#5", "tintindex": 0},
				"down": {"uv": [1, 0, 0, 0], "texture": "#5", "tintindex": 0}
			}
		},
		{
			"from": [17.1, 5.4, 4.2],
			"to": [17.5, 5.8, 4.2],
			"rotation": {"angle": -22.5, "axis": "y", "origin": [0, 0, 0]},
			"faces": {
				"north": {"uv": [11, 13, 11.4, 13.4], "texture": "#5"},
				"east": {"uv": [0, 0, 0, 1], "texture": "#5", "tintindex": 0},
				"south": {"uv": [11, 13, 11.4, 13.4], "texture": "#5", "tintindex": 0},
				"west": {"uv": [0, 0, 0, 1], "texture": "#5", "tintindex": 0},
				"up": {"uv": [1, 0, 0, 0], "texture": "#5", "tintindex": 0},
				"down": {"uv": [1, 0, 0, 0], "texture": "#5", "tintindex": 0}
			}
		},
		{
			"from": [19.5, 7, 4.2],
			"to": [20.5, 8, 4.2],
			"rotation": {"angle": -22.5, "axis": "y", "origin": [0, 0, 0]},
			"faces": {
				"north": {"uv": [7, 11, 8, 12], "texture": "#5"},
				"east": {"uv": [0, 0, 0, 1], "texture": "#5", "tintindex": 0},
				"south": {"uv": [7, 11, 8, 12], "texture": "#5", "tintindex": 0},
				"west": {"uv": [0, 0, 0, 1], "texture": "#5", "tintindex": 0},
				"up": {"uv": [1, 0, 0, 0], "texture": "#5", "tintindex": 0},
				"down": {"uv": [1, 0, 0, 0], "texture": "#5", "tintindex": 0}
			}
		},
		{
			"from": [20.5, 7.3, 4.2],
			"to": [21, 8, 4.2],
			"rotation": {"angle": -22.5, "axis": "y", "origin": [0, 0, 0]},
			"faces": {
				"north": {"uv": [6, 11, 6.5, 11.7], "texture": "#5"},
				"east": {"uv": [0, 0, 0, 1], "texture": "#5", "tintindex": 0},
				"south": {"uv": [6, 11, 6.5, 11.7], "texture": "#5", "tintindex": 0},
				"west": {"uv": [0, 0, 0, 1], "texture": "#5", "tintindex": 0},
				"up": {"uv": [1, 0, 0, 0], "texture": "#5", "tintindex": 0},
				"down": {"uv": [1, 0, 0, 0], "texture": "#5", "tintindex": 0}
			}
		},
		{
			"from": [21, 7.8, 4.2],
			"to": [21.5, 8.3, 4.2],
			"rotation": {"angle": -22.5, "axis": "y", "origin": [0, 0, 0]},
			"faces": {
				"north": {"uv": [5, 10, 5.5, 10.5], "texture": "#5"},
				"east": {"uv": [0, 0, 0, 1], "texture": "#5", "tintindex": 0},
				"south": {"uv": [5, 10, 5.5, 10.5], "texture": "#5", "tintindex": 0},
				"west": {"uv": [0, 0, 0, 1], "texture": "#5", "tintindex": 0},
				"up": {"uv": [1, 0, 0, 0], "texture": "#5", "tintindex": 0},
				"down": {"uv": [1, 0, 0, 0], "texture": "#5", "tintindex": 0}
			}
		},
		{
			"from": [21.5, 6, 4.2],
			"to": [22, 6.5, 4.2],
			"rotation": {"angle": -22.5, "axis": "y", "origin": [0, 0, 0]},
			"faces": {
				"north": {"uv": [5, 12, 5.5, 12.5], "texture": "#5"},
				"east": {"uv": [0, 0, 0, 1], "texture": "#5", "tintindex": 0},
				"south": {"uv": [5, 12, 5.5, 12.5], "texture": "#5", "tintindex": 0},
				"west": {"uv": [0, 0, 0, 1], "texture": "#5", "tintindex": 0},
				"up": {"uv": [1, 0, 0, 0], "texture": "#5", "tintindex": 0},
				"down": {"uv": [1, 0, 0, 0], "texture": "#5", "tintindex": 0}
			}
		},
		{
			"from": [21, 5.5, 4.2],
			"to": [21.5, 6.2, 4.2],
			"rotation": {"angle": -22.5, "axis": "y", "origin": [0, 0, 0]},
			"faces": {
				"north": {"uv": [6, 13, 6.5, 13.7], "texture": "#5"},
				"east": {"uv": [0, 0, 0, 1], "texture": "#5", "tintindex": 0},
				"south": {"uv": [6, 13, 6.5, 13.7], "texture": "#5", "tintindex": 0},
				"west": {"uv": [0, 0, 0, 1], "texture": "#5", "tintindex": 0},
				"up": {"uv": [1, 0, 0, 0], "texture": "#5", "tintindex": 0},
				"down": {"uv": [1, 0, 0, 0], "texture": "#5", "tintindex": 0}
			}
		},
		{
			"from": [20, 8, 4.2],
			"to": [20.5, 9, 4.2],
			"rotation": {"angle": -22.5, "axis": "y", "origin": [0, 0, 0]},
			"faces": {
				"north": {"uv": [7, 9, 7.5, 10], "texture": "#5"},
				"east": {"uv": [0, 0, 0, 1], "texture": "#5", "tintindex": 0},
				"south": {"uv": [7, 9, 7.5, 10], "texture": "#5", "tintindex": 0},
				"west": {"uv": [0, 0, 0, 1], "texture": "#5", "tintindex": 0},
				"up": {"uv": [1, 0, 0, 0], "texture": "#5", "tintindex": 0},
				"down": {"uv": [1, 0, 0, 0], "texture": "#5", "tintindex": 0}
			}
		},
		{
			"from": [20, 6.5, 4.2],
			"to": [20.5, 7, 4.2],
			"rotation": {"angle": -22.5, "axis": "y", "origin": [0, 0, 0]},
			"faces": {
				"north": {"uv": [7, 12, 7.5, 12.5], "texture": "#5"},
				"east": {"uv": [0, 0, 0, 1], "texture": "#5", "tintindex": 0},
				"south": {"uv": [7, 12, 7.5, 12.5], "texture": "#5", "tintindex": 0},
				"west": {"uv": [0, 0, 0, 1], "texture": "#5", "tintindex": 0},
				"up": {"uv": [1, 0, 0, 0], "texture": "#5", "tintindex": 0},
				"down": {"uv": [1, 0, 0, 0], "texture": "#5", "tintindex": 0}
			}
		},
		{
			"from": [19.3, 4.5, 4.2],
			"to": [19.8, 5, 4.2],
			"rotation": {"angle": -22.5, "axis": "y", "origin": [0, 0, 0]},
			"faces": {
				"north": {"uv": [7, 14, 7.5, 14.5], "texture": "#5"},
				"east": {"uv": [0, 0, 0, 1], "texture": "#5", "tintindex": 0},
				"south": {"uv": [7, 14, 7.5, 14.5], "texture": "#5", "tintindex": 0},
				"west": {"uv": [0, 0, 0, 1], "texture": "#5", "tintindex": 0},
				"up": {"uv": [1, 0, 0, 0], "texture": "#5", "tintindex": 0},
				"down": {"uv": [1, 0, 0, 0], "texture": "#5", "tintindex": 0}
			}
		},
		{
			"from": [18, 5, 4.2],
			"to": [19, 5.5, 4.2],
			"rotation": {"angle": -22.5, "axis": "y", "origin": [0, 0, 0]},
			"faces": {
				"north": {"uv": [9, 13, 10, 13.5], "texture": "#5"},
				"east": {"uv": [0, 0, 0, 1], "texture": "#5", "tintindex": 0},
				"south": {"uv": [9, 13, 10, 13.5], "texture": "#5", "tintindex": 0},
				"west": {"uv": [0, 0, 0, 1], "texture": "#5", "tintindex": 0},
				"up": {"uv": [1, 0, 0, 0], "texture": "#5", "tintindex": 0},
				"down": {"uv": [1, 0, 0, 0], "texture": "#5", "tintindex": 0}
			}
		},
		{
			"from": [17.5, 5, 4.2],
			"to": [18, 5.8, 4.2],
			"rotation": {"angle": -22.5, "axis": "y", "origin": [0, 0, 0]},
			"faces": {
				"north": {"uv": [10, 13, 10.5, 13.8], "texture": "#5"},
				"east": {"uv": [0, 0, 0, 1], "texture": "#5", "tintindex": 0},
				"south": {"uv": [10, 13, 10.5, 13.8], "texture": "#5", "tintindex": 0},
				"west": {"uv": [0, 0, 0, 1], "texture": "#5", "tintindex": 0},
				"up": {"uv": [1, 0, 0, 0], "texture": "#5", "tintindex": 0},
				"down": {"uv": [1, 0, 0, 0], "texture": "#5", "tintindex": 0}
			}
		},
		{
			"from": [16.3, 6, 4.2],
			"to": [16.8, 6.5, 4.2],
			"rotation": {"angle": -22.5, "axis": "y", "origin": [0, 0, 0]},
			"faces": {
				"north": {"uv": [12, 12, 12.5, 12.5], "texture": "#5"},
				"east": {"uv": [0, 0, 0, 1], "texture": "#5", "tintindex": 0},
				"south": {"uv": [12, 12, 12.5, 12.5], "texture": "#5", "tintindex": 0},
				"west": {"uv": [0, 0, 0, 1], "texture": "#5", "tintindex": 0},
				"up": {"uv": [1, 0, 0, 0], "texture": "#5", "tintindex": 0},
				"down": {"uv": [1, 0, 0, 0], "texture": "#5", "tintindex": 0}
			}
		},
		{
			"from": [19.5, 8, 4.2],
			"to": [20, 8.5, 4.2],
			"rotation": {"angle": -22.5, "axis": "y", "origin": [0, 0, 0]},
			"faces": {
				"north": {"uv": [7, 10, 7.5, 10.5], "texture": "#5"},
				"east": {"uv": [0, 0, 0, 1], "texture": "#5", "tintindex": 0},
				"south": {"uv": [7, 10, 7.5, 10.5], "texture": "#5", "tintindex": 0},
				"west": {"uv": [0, 0, 0, 1], "texture": "#5", "tintindex": 0},
				"up": {"uv": [1, 0, 0, 0], "texture": "#5", "tintindex": 0},
				"down": {"uv": [1, 0, 0, 0], "texture": "#5", "tintindex": 0}
			}
		},
		{
			"from": [19.7, 9, 4.2],
			"to": [20.2, 9.5, 4.2],
			"rotation": {"angle": -22.5, "axis": "y", "origin": [0, 0, 0]},
			"faces": {
				"north": {"uv": [8, 8, 8.5, 8.5], "texture": "#5"},
				"east": {"uv": [0, 0, 0, 1], "texture": "#5", "tintindex": 0},
				"south": {"uv": [8, 8, 8.5, 8.5], "texture": "#5", "tintindex": 0},
				"west": {"uv": [0, 0, 0, 1], "texture": "#5", "tintindex": 0},
				"up": {"uv": [1, 0, 0, 0], "texture": "#5", "tintindex": 0},
				"down": {"uv": [1, 0, 0, 0], "texture": "#5", "tintindex": 0}
			}
		},
		{
			"from": [16.8, 3.3, 4.2],
			"to": [17.3, 4, 4.2],
			"rotation": {"angle": -22.5, "axis": "y", "origin": [0, 0, 0]},
			"faces": {
				"north": {"uv": [10, 15, 10.5, 15.7], "texture": "#5"},
				"east": {"uv": [0, 0, 0, 1], "texture": "#5", "tintindex": 0},
				"south": {"uv": [10, 15, 10.5, 15.7], "texture": "#5", "tintindex": 0},
				"west": {"uv": [0, 0, 0, 1], "texture": "#5", "tintindex": 0},
				"up": {"uv": [1, 0, 0, 0], "texture": "#5", "tintindex": 0},
				"down": {"uv": [1, 0, 0, 0], "texture": "#5", "tintindex": 0}
			}
		},
		{
			"from": [18.2, 6.5, 4.2],
			"to": [18.7, 7.2, 4.2],
			"rotation": {"angle": -22.5, "axis": "y", "origin": [0, 0, 0]},
			"faces": {
				"north": {"uv": [10, 11, 10.5, 11.7], "texture": "#5"},
				"east": {"uv": [0, 0, 0, 1], "texture": "#5", "tintindex": 0},
				"south": {"uv": [10, 11, 10.5, 11.7], "texture": "#5", "tintindex": 0},
				"west": {"uv": [0, 0, 0, 1], "texture": "#5", "tintindex": 0},
				"up": {"uv": [1, 0, 0, 0], "texture": "#5", "tintindex": 0},
				"down": {"uv": [1, 0, 0, 0], "texture": "#5", "tintindex": 0}
			}
		},
		{
			"from": [17.3, 3.5, 4.2],
			"to": [17.8, 4, 4.2],
			"rotation": {"angle": -22.5, "axis": "y", "origin": [0, 0, 0]},
			"faces": {
				"north": {"uv": [9, 15, 9.5, 15.5], "texture": "#5"},
				"east": {"uv": [0, 0, 0, 1], "texture": "#5", "tintindex": 0},
				"south": {"uv": [9, 15, 9.5, 15.5], "texture": "#5", "tintindex": 0},
				"west": {"uv": [0, 0, 0, 1], "texture": "#5", "tintindex": 0},
				"up": {"uv": [1, 0, 0, 0], "texture": "#5", "tintindex": 0},
				"down": {"uv": [1, 0, 0, 0], "texture": "#5", "tintindex": 0}
			}
		},
		{
			"from": [17.7, 7, 4.2],
			"to": [18.2, 7.9, 4.2],
			"rotation": {"angle": -22.5, "axis": "y", "origin": [0, 0, 0]},
			"faces": {
				"north": {"uv": [11, 10, 11.5, 10.9], "texture": "#5"},
				"east": {"uv": [0, 0, 0, 1], "texture": "#5", "tintindex": 0},
				"south": {"uv": [11, 10, 11.5, 10.9], "texture": "#5", "tintindex": 0},
				"west": {"uv": [0, 0, 0, 1], "texture": "#5", "tintindex": 0},
				"up": {"uv": [1, 0, 0, 0], "texture": "#5", "tintindex": 0},
				"down": {"uv": [1, 0, 0, 0], "texture": "#5", "tintindex": 0}
			}
		},
		{
			"from": [19, 5, 4.2],
			"to": [21, 6, 4.2],
			"rotation": {"angle": -22.5, "axis": "y", "origin": [0, 0, 0]},
			"faces": {
				"north": {"uv": [7, 13, 9, 14], "texture": "#5"},
				"east": {"uv": [0, 0, 0, 1], "texture": "#5", "tintindex": 0},
				"south": {"uv": [7, 13, 9, 14], "texture": "#5", "tintindex": 0},
				"west": {"uv": [0, 0, 0, 1], "texture": "#5", "tintindex": 0},
				"up": {"uv": [2, 0, 0, 0], "texture": "#5", "tintindex": 0},
				"down": {"uv": [2, 0, 0, 0], "texture": "#5", "tintindex": 0}
			}
		},
		{
			"from": [17, 4, 4.2],
			"to": [19.3, 5, 4.2],
			"rotation": {"angle": -22.5, "axis": "y", "origin": [0, 0, 0]},
			"faces": {
				"north": {"uv": [8, 14, 10.3, 15], "texture": "#5"},
				"east": {"uv": [0, 0, 0, 1], "texture": "#5", "tintindex": 0},
				"south": {"uv": [8, 14, 10.3, 15], "texture": "#5", "tintindex": 0},
				"west": {"uv": [0, 0, 0, 1], "texture": "#5", "tintindex": 0},
				"up": {"uv": [2, 0, 0, 0], "texture": "#5", "tintindex": 0},
				"down": {"uv": [2, 0, 0, 0], "texture": "#5", "tintindex": 0}
			}
		},
		{
			"from": [-3, 3, 10],
			"to": [-2, 4, 10],
			"rotation": {"angle": 22.5, "axis": "y", "origin": [0, 0, 0]},
			"faces": {
				"north": {"uv": [9, 6, 10, 7], "texture": "#5"},
				"east": {"uv": [0, 0, 0, 1], "texture": "#5", "tintindex": 0},
				"south": {"uv": [9, 6, 10, 7], "texture": "#5"},
				"west": {"uv": [0, 0, 0, 1], "texture": "#5", "tintindex": 0},
				"up": {"uv": [1, 0, 0, 0], "rotation": 180, "texture": "#5", "tintindex": 0},
				"down": {"uv": [1, 0, 0, 0], "rotation": 180, "texture": "#5", "tintindex": 0}
			}
		},
		{
			"from": [-3.5, 3.3, 10],
			"to": [-3, 4, 10],
			"rotation": {"angle": 22.5, "axis": "y", "origin": [0, 0, 0]},
			"faces": {
				"north": {"uv": [10, 6, 10.5, 6.7], "texture": "#5"},
				"east": {"uv": [0, 0, 0, 1], "texture": "#5", "tintindex": 0},
				"south": {"uv": [10, 6, 10.5, 6.7], "texture": "#5"},
				"west": {"uv": [0, 0, 0, 1], "texture": "#5", "tintindex": 0},
				"up": {"uv": [1, 0, 0, 0], "rotation": 180, "texture": "#5", "tintindex": 0},
				"down": {"uv": [1, 0, 0, 0], "rotation": 180, "texture": "#5", "tintindex": 0}
			}
		},
		{
			"from": [-4, 3.5, 10],
			"to": [-3.5, 4, 10],
			"rotation": {"angle": 22.5, "axis": "y", "origin": [0, 0, 0]},
			"faces": {
				"north": {"uv": [11, 6, 11.5, 6.5], "texture": "#5"},
				"east": {"uv": [0, 0, 0, 1], "texture": "#5", "tintindex": 0},
				"south": {"uv": [11, 6, 11.5, 6.5], "texture": "#5"},
				"west": {"uv": [0, 0, 0, 1], "texture": "#5", "tintindex": 0},
				"up": {"uv": [1, 0, 0, 0], "rotation": 180, "texture": "#5", "tintindex": 0},
				"down": {"uv": [1, 0, 0, 0], "rotation": 180, "texture": "#5", "tintindex": 0}
			}
		},
		{
			"from": [-5.5, 4, 10],
			"to": [-3.2, 5, 10],
			"rotation": {"angle": 22.5, "axis": "y", "origin": [0, 0, 0]},
			"faces": {
				"north": {"uv": [9, 5, 11.3, 6], "texture": "#5"},
				"east": {"uv": [0, 0, 0, 1], "texture": "#5", "tintindex": 0},
				"south": {"uv": [9, 5, 11.3, 6], "texture": "#5"},
				"west": {"uv": [0, 0, 0, 1], "texture": "#5", "tintindex": 0},
				"up": {"uv": [2, 0, 0, 0], "rotation": 180, "texture": "#5", "tintindex": 0},
				"down": {"uv": [2, 0, 0, 0], "rotation": 180, "texture": "#5", "tintindex": 0}
			}
		},
		{
			"from": [-5.2, 5, 10],
			"to": [-4.2, 5.5, 10],
			"rotation": {"angle": 22.5, "axis": "y", "origin": [0, 0, 0]},
			"faces": {
				"north": {"uv": [6, 3, 7, 4], "texture": "#5"},
				"east": {"uv": [0, 0, 0, 1], "texture": "#5", "tintindex": 0},
				"south": {"uv": [3, 6, 4, 7], "texture": "#5"},
				"west": {"uv": [0, 0, 0, 1], "texture": "#5", "tintindex": 0},
				"up": {"uv": [1, 0, 0, 0], "rotation": 180, "texture": "#5", "tintindex": 0},
				"down": {"uv": [1, 0, 0, 0], "rotation": 180, "texture": "#5", "tintindex": 0}
			}
		},
		{
			"from": [-4.2, 5, 10],
			"to": [-3.7, 5.8, 10],
			"rotation": {"angle": 22.5, "axis": "y", "origin": [0, 0, 0]},
			"faces": {
				"north": {"uv": [6, 4, 7, 5], "texture": "#5"},
				"east": {"uv": [0, 0, 0, 1], "texture": "#5", "tintindex": 0},
				"south": {"uv": [4, 6, 5, 7], "texture": "#5"},
				"west": {"uv": [0, 0, 0, 1], "texture": "#5", "tintindex": 0},
				"up": {"uv": [1, 0, 0, 0], "rotation": 180, "texture": "#5", "tintindex": 0},
				"down": {"uv": [1, 0, 0, 0], "rotation": 180, "texture": "#5", "tintindex": 0}
			}
		},
		{
			"from": [-3.3, 5.4, 10],
			"to": [-2.7, 6, 10],
			"rotation": {"angle": 22.5, "axis": "y", "origin": [0, 0, 0]},
			"faces": {
				"north": {"uv": [4, 2, 5, 3], "texture": "#5"},
				"east": {"uv": [0, 0, 0, 1], "texture": "#5", "tintindex": 0},
				"south": {"uv": [2, 4, 3, 5], "texture": "#5"},
				"west": {"uv": [0, 0, 0, 1], "texture": "#5", "tintindex": 0},
				"up": {"uv": [1, 0, 0, 0], "rotation": 180, "texture": "#5", "tintindex": 0},
				"down": {"uv": [1, 0, 0, 0], "rotation": 180, "texture": "#5", "tintindex": 0}
			}
		},
		{
			"from": [-3, 6, 10],
			"to": [-2.5, 6.5, 10],
			"rotation": {"angle": 22.5, "axis": "y", "origin": [0, 0, 0]},
			"faces": {
				"north": {"uv": [6, 5, 7, 6], "texture": "#5"},
				"east": {"uv": [0, 0, 0, 1], "texture": "#5", "tintindex": 0},
				"south": {"uv": [5, 6, 6, 7], "texture": "#5"},
				"west": {"uv": [0, 0, 0, 1], "texture": "#5", "tintindex": 0},
				"up": {"uv": [1, 0, 0, 0], "rotation": 180, "texture": "#5", "tintindex": 0},
				"down": {"uv": [1, 0, 0, 0], "rotation": 180, "texture": "#5", "tintindex": 0}
			}
		},
		{
			"from": [-3.7, 5, 10],
			"to": [-3, 5.4, 10],
			"rotation": {"angle": 22.5, "axis": "y", "origin": [0, 0, 0]},
			"faces": {
				"north": {"uv": [4, 3, 5, 4], "texture": "#5"},
				"east": {"uv": [0, 0, 0, 1], "texture": "#5", "tintindex": 0},
				"south": {"uv": [3, 4, 4, 5], "texture": "#5"},
				"west": {"uv": [0, 0, 0, 1], "texture": "#5", "tintindex": 0},
				"up": {"uv": [1, 0, 0, 0], "rotation": 180, "texture": "#5", "tintindex": 0},
				"down": {"uv": [1, 0, 0, 0], "rotation": 180, "texture": "#5", "tintindex": 0}
			}
		},
		{
			"from": [-3.7, 5.4, 10],
			"to": [-3.3, 5.8, 10],
			"rotation": {"angle": 22.5, "axis": "y", "origin": [0, 0, 0]},
			"faces": {
				"north": {"uv": [0, 5, 1, 6], "texture": "#5"},
				"east": {"uv": [0, 0, 0, 1], "texture": "#5", "tintindex": 0},
				"south": {"uv": [4, 4, 5, 5], "texture": "#5"},
				"west": {"uv": [0, 0, 0, 1], "texture": "#5", "tintindex": 0},
				"up": {"uv": [1, 0, 0, 0], "rotation": 180, "texture": "#5", "tintindex": 0},
				"down": {"uv": [1, 0, 0, 0], "rotation": 180, "texture": "#5", "tintindex": 0}
			}
		},
		{
			"from": [-7.2, 5, 10],
			"to": [-5.2, 6, 10],
			"rotation": {"angle": 22.5, "axis": "y", "origin": [0, 0, 0]},
			"faces": {
				"north": {"uv": [0, 1, 2, 2], "texture": "#5"},
				"east": {"uv": [0, 0, 0, 1], "texture": "#5", "tintindex": 0},
				"south": {"uv": [0, 0, 2, 1], "texture": "#5"},
				"west": {"uv": [0, 0, 0, 1], "texture": "#5", "tintindex": 0},
				"up": {"uv": [2, 0, 0, 0], "rotation": 180, "texture": "#5", "tintindex": 0},
				"down": {"uv": [2, 0, 0, 0], "rotation": 180, "texture": "#5", "tintindex": 0}
			}
		},
		{
			"from": [-6, 4.5, 10],
			"to": [-5.5, 5, 10],
			"rotation": {"angle": 22.5, "axis": "y", "origin": [0, 0, 0]},
			"faces": {
				"north": {"uv": [6, 2, 7, 3], "texture": "#5"},
				"east": {"uv": [0, 0, 0, 1], "texture": "#5", "tintindex": 0},
				"south": {"uv": [2, 6, 3, 7], "texture": "#5"},
				"west": {"uv": [0, 0, 0, 1], "texture": "#5", "tintindex": 0},
				"up": {"uv": [1, 0, 0, 0], "rotation": 180, "texture": "#5", "tintindex": 0},
				"down": {"uv": [1, 0, 0, 0], "rotation": 180, "texture": "#5", "tintindex": 0}
			}
		},
		{
			"from": [-8.2, 6, 10],
			"to": [-7.7, 6.5, 10],
			"rotation": {"angle": 22.5, "axis": "y", "origin": [0, 0, 0]},
			"faces": {
				"north": {"uv": [4, 5, 5, 6], "texture": "#5"},
				"east": {"uv": [0, 0, 0, 1], "texture": "#5", "tintindex": 0},
				"south": {"uv": [5, 3, 6, 4], "texture": "#5"},
				"west": {"uv": [0, 0, 0, 1], "texture": "#5", "tintindex": 0},
				"up": {"uv": [1, 0, 0, 0], "rotation": 180, "texture": "#5", "tintindex": 0},
				"down": {"uv": [1, 0, 0, 0], "rotation": 180, "texture": "#5", "tintindex": 0}
			}
		},
		{
			"from": [-7.7, 5.5, 10],
			"to": [-7.2, 6.2, 10],
			"rotation": {"angle": 22.5, "axis": "y", "origin": [0, 0, 0]},
			"faces": {
				"north": {"uv": [5, 5, 6, 6], "texture": "#5"},
				"east": {"uv": [0, 0, 0, 1], "texture": "#5", "tintindex": 0},
				"south": {"uv": [5, 4, 6, 5], "texture": "#5"},
				"west": {"uv": [0, 0, 0, 1], "texture": "#5", "tintindex": 0},
				"up": {"uv": [1, 0, 0, 0], "rotation": 180, "texture": "#5", "tintindex": 0},
				"down": {"uv": [1, 0, 0, 0], "rotation": 180, "texture": "#5", "tintindex": 0}
			}
		},
		{
			"from": [-6.2, 6, 10],
			"to": [-4.9, 7, 10],
			"rotation": {"angle": 22.5, "axis": "y", "origin": [0, 0, 0]},
			"faces": {
				"north": {"uv": [4, 1, 5, 2], "texture": "#5"},
				"east": {"uv": [0, 0, 0, 1], "texture": "#5", "tintindex": 0},
				"south": {"uv": [1, 4, 2, 5], "texture": "#5"},
				"west": {"uv": [0, 0, 0, 1], "texture": "#5", "tintindex": 0},
				"up": {"uv": [1, 0, 0, 0], "rotation": 180, "texture": "#5", "tintindex": 0},
				"down": {"uv": [1, 0, 0, 0], "rotation": 180, "texture": "#5", "tintindex": 0}
			}
		},
		{
			"from": [-6.7, 6.5, 10],
			"to": [-6.2, 7, 10],
			"rotation": {"angle": 22.5, "axis": "y", "origin": [0, 0, 0]},
			"faces": {
				"north": {"uv": [6, 1, 7, 2], "texture": "#5"},
				"east": {"uv": [0, 0, 0, 1], "texture": "#5", "tintindex": 0},
				"south": {"uv": [1, 6, 2, 7], "texture": "#5"},
				"west": {"uv": [0, 0, 0, 1], "texture": "#5", "tintindex": 0},
				"up": {"uv": [1, 0, 0, 0], "rotation": 180, "texture": "#5", "tintindex": 0},
				"down": {"uv": [1, 0, 0, 0], "rotation": 180, "texture": "#5", "tintindex": 0}
			}
		},
		{
			"from": [-6.7, 7, 10],
			"to": [-5.7, 8, 10],
			"rotation": {"angle": 22.5, "axis": "y", "origin": [0, 0, 0]},
			"faces": {
				"north": {"uv": [1, 5, 2, 6], "texture": "#5"},
				"east": {"uv": [0, 0, 0, 1], "texture": "#5", "tintindex": 0},
				"south": {"uv": [5, 0, 6, 1], "texture": "#5"},
				"west": {"uv": [0, 0, 0, 1], "texture": "#5", "tintindex": 0},
				"up": {"uv": [1, 0, 0, 0], "rotation": 180, "texture": "#5", "tintindex": 0},
				"down": {"uv": [1, 0, 0, 0], "rotation": 180, "texture": "#5", "tintindex": 0}
			}
		},
		{
			"from": [-7.2, 7.3, 10],
			"to": [-6.7, 8, 10],
			"rotation": {"angle": 22.5, "axis": "y", "origin": [0, 0, 0]},
			"faces": {
				"north": {"uv": [2, 5, 3, 6], "texture": "#5"},
				"east": {"uv": [0, 0, 0, 1], "texture": "#5", "tintindex": 0},
				"south": {"uv": [5, 1, 6, 2], "texture": "#5"},
				"west": {"uv": [0, 0, 0, 1], "texture": "#5", "tintindex": 0},
				"up": {"uv": [1, 0, 0, 0], "rotation": 180, "texture": "#5", "tintindex": 0},
				"down": {"uv": [1, 0, 0, 0], "rotation": 180, "texture": "#5", "tintindex": 0}
			}
		},
		{
			"from": [-7.7, 7.8, 10],
			"to": [-7.2, 8.3, 10],
			"rotation": {"angle": 22.5, "axis": "y", "origin": [0, 0, 0]},
			"faces": {
				"north": {"uv": [3, 5, 4, 6], "texture": "#5"},
				"east": {"uv": [0, 0, 0, 1], "texture": "#5", "tintindex": 0},
				"south": {"uv": [5, 2, 6, 3], "texture": "#5"},
				"west": {"uv": [0, 0, 0, 1], "texture": "#5", "tintindex": 0},
				"up": {"uv": [1, 0, 0, 0], "rotation": 180, "texture": "#5", "tintindex": 0},
				"down": {"uv": [1, 0, 0, 0], "rotation": 180, "texture": "#5", "tintindex": 0}
			}
		},
		{
			"from": [-6.7, 8, 10],
			"to": [-6.2, 9, 10],
			"rotation": {"angle": 22.5, "axis": "y", "origin": [0, 0, 0]},
			"faces": {
				"north": {"uv": [6, 0, 7, 1], "texture": "#5"},
				"east": {"uv": [0, 0, 0, 1], "texture": "#5", "tintindex": 0},
				"south": {"uv": [0, 6, 1, 7], "texture": "#5"},
				"west": {"uv": [0, 0, 0, 1], "texture": "#5", "tintindex": 0},
				"up": {"uv": [1, 0, 0, 0], "rotation": 180, "texture": "#5", "tintindex": 0},
				"down": {"uv": [1, 0, 0, 0], "rotation": 180, "texture": "#5", "tintindex": 0}
			}
		},
		{
			"from": [-6.2, 8, 10],
			"to": [-5.7, 8.5, 10],
			"rotation": {"angle": 22.5, "axis": "y", "origin": [0, 0, 0]},
			"faces": {
				"north": {"uv": [0, 7, 1, 8], "texture": "#5"},
				"east": {"uv": [0, 0, 0, 1], "texture": "#5", "tintindex": 0},
				"south": {"uv": [6, 6, 7, 7], "texture": "#5"},
				"west": {"uv": [0, 0, 0, 1], "texture": "#5", "tintindex": 0},
				"up": {"uv": [1, 0, 0, 0], "rotation": 180, "texture": "#5", "tintindex": 0},
				"down": {"uv": [1, 0, 0, 0], "rotation": 180, "texture": "#5", "tintindex": 0}
			}
		},
		{
			"from": [-6.4, 9, 10],
			"to": [-5.9, 9.5, 10],
			"rotation": {"angle": 22.5, "axis": "y", "origin": [0, 0, 0]},
			"faces": {
				"north": {"uv": [1, 7, 2, 8], "texture": "#5"},
				"east": {"uv": [0, 0, 0, 1], "texture": "#5", "tintindex": 0},
				"south": {"uv": [7, 0, 8, 1], "texture": "#5"},
				"west": {"uv": [0, 0, 0, 1], "texture": "#5", "tintindex": 0},
				"up": {"uv": [1, 0, 0, 0], "rotation": 180, "texture": "#5", "tintindex": 0},
				"down": {"uv": [1, 0, 0, 0], "rotation": 180, "texture": "#5", "tintindex": 0}
			}
		},
		{
			"from": [-4.9, 6.5, 10],
			"to": [-4.4, 7.2, 10],
			"rotation": {"angle": 22.5, "axis": "y", "origin": [0, 0, 0]},
			"faces": {
				"north": {"uv": [3, 7, 4, 8], "texture": "#5"},
				"east": {"uv": [0, 0, 0, 1], "texture": "#5", "tintindex": 0},
				"south": {"uv": [7, 2, 8, 3], "texture": "#5"},
				"west": {"uv": [0, 0, 0, 1], "texture": "#5", "tintindex": 0},
				"up": {"uv": [1, 0, 0, 0], "rotation": 180, "texture": "#5", "tintindex": 0},
				"down": {"uv": [1, 0, 0, 0], "rotation": 180, "texture": "#5", "tintindex": 0}
			}
		},
		{
			"from": [-4.4, 7, 10],
			"to": [-3.9, 7.9, 10],
			"rotation": {"angle": 22.5, "axis": "y", "origin": [0, 0, 0]},
			"faces": {
				"north": {"uv": [5, 7, 6, 8], "texture": "#5"},
				"east": {"uv": [0, 0, 0, 1], "texture": "#5", "tintindex": 0},
				"south": {"uv": [7, 4, 8, 5], "texture": "#5"},
				"west": {"uv": [0, 0, 0, 1], "texture": "#5", "tintindex": 0},
				"up": {"uv": [1, 0, 0, 0], "rotation": 180, "texture": "#5", "tintindex": 0},
				"down": {"uv": [1, 0, 0, 0], "rotation": 180, "texture": "#5", "tintindex": 0}
			}
		},
		{
			"from": [15.5, 3.6, 3],
			"to": [15.5, 4.1, 3.5],
			"rotation": {"angle": -22.5, "axis": "y", "origin": [0, 0, 0]},
			"faces": {
				"north": {"uv": [0, 0, 0, 1], "texture": "#3"},
				"east": {"uv": [0, 0, 1, 1], "texture": "#3"},
				"south": {"uv": [0, 0, 0, 1], "texture": "#3"},
				"west": {"uv": [0, 1, 1, 2], "texture": "#3"},
				"up": {"uv": [0, 1, 0, 0], "texture": "#3"},
				"down": {"uv": [0, 0, 0, 1], "texture": "#3"}
			}
		},
		{
			"from": [13.1, 3.6, 9],
			"to": [13.1, 4.1, 9.5],
			"faces": {
				"north": {"uv": [0, 0, 0, 1], "texture": "#3"},
				"east": {"uv": [0, 2, 1, 3], "texture": "#3"},
				"south": {"uv": [0, 0, 0, 1], "texture": "#3"},
				"west": {"uv": [2, 0, 3, 1], "texture": "#3"},
				"up": {"uv": [0, 1, 0, 0], "texture": "#3"},
				"down": {"uv": [0, 0, 0, 1], "texture": "#3"}
			}
		},
		{
			"from": [10.5, 8.7, 9],
			"to": [10.5, 9.2, 9.5],
			"rotation": {"angle": -22.5, "axis": "z", "origin": [0, 0, 0]},
			"faces": {
				"north": {"uv": [0, 0, 0, 1], "texture": "#3"},
				"east": {"uv": [3, 0, 4, 1], "texture": "#3"},
				"south": {"uv": [0, 0, 0, 1], "texture": "#3"},
				"west": {"uv": [1, 3, 2, 4], "texture": "#3"},
				"up": {"uv": [0, 1, 0, 0], "texture": "#3"},
				"down": {"uv": [0, 0, 0, 1], "texture": "#3"}
			}
		},
		{
			"from": [13.1, 2.8, 7.3],
			"to": [13.1, 3.3, 7.8],
			"rotation": {"angle": 0, "axis": "y", "origin": [0, -0.8, -1.7]},
			"faces": {
				"north": {"uv": [0, 0, 0, 1], "texture": "#3"},
				"east": {"uv": [3, 1, 4, 2], "texture": "#3"},
				"south": {"uv": [0, 0, 0, 1], "texture": "#3"},
				"west": {"uv": [2, 3, 3, 4], "texture": "#3"},
				"up": {"uv": [0, 1, 0, 0], "texture": "#3"},
				"down": {"uv": [0, 0, 0, 1], "texture": "#3"}
			}
		},
		{
			"from": [15.5, 2.8, 1.3],
			"to": [15.5, 3.3, 1.8],
			"rotation": {"angle": -22.5, "axis": "y", "origin": [0, -0.8, -1.7]},
			"faces": {
				"north": {"uv": [0, 0, 0, 1], "texture": "#3"},
				"east": {"uv": [3, 2, 4, 3], "texture": "#3"},
				"south": {"uv": [0, 0, 0, 1], "texture": "#3"},
				"west": {"uv": [3, 3, 4, 4], "texture": "#3"},
				"up": {"uv": [0, 1, 0, 0], "texture": "#3"},
				"down": {"uv": [0, 0, 0, 1], "texture": "#3"}
			}
		},
		{
			"from": [13.5, -2.9, 7.3],
			"to": [13.5, -2.4, 7.8],
			"rotation": {"angle": 22.5, "axis": "z", "origin": [0, -0.8, -1.7]},
			"faces": {
				"north": {"uv": [0, 0, 0, 1], "texture": "#3"},
				"east": {"uv": [0, 4, 1, 5], "texture": "#3"},
				"south": {"uv": [0, 0, 0, 1], "texture": "#3"},
				"west": {"uv": [4, 0, 5, 1], "texture": "#3"},
				"up": {"uv": [0, 1, 0, 0], "texture": "#3"},
				"down": {"uv": [0, 0, 0, 1], "texture": "#3"}
			}
		},
		{
			"from": [13.5, -2.3, 5.5],
			"to": [13.5, -1.8, 6],
			"rotation": {"angle": 22.5, "axis": "z", "origin": [0, -0.2, -3.5]},
			"faces": {
				"north": {"uv": [0, 0, 0, 1], "texture": "#3"},
				"east": {"uv": [3, 4, 4, 5], "texture": "#3"},
				"south": {"uv": [0, 0, 0, 1], "texture": "#3"},
				"west": {"uv": [4, 3, 5, 4], "texture": "#3"},
				"up": {"uv": [0, 1, 0, 0], "texture": "#3"},
				"down": {"uv": [0, 0, 0, 1], "texture": "#3"}
			}
		},
		{
			"from": [1.95, 3.4, 5.6],
			"to": [1.95, 3.9, 6.1],
			"rotation": {"angle": 0, "axis": "y", "origin": [0.1, -0.2, -3.4]},
			"faces": {
				"north": {"uv": [0, 0, 0, 1], "texture": "#3"},
				"east": {"uv": [5, 0, 6, 1], "texture": "#3"},
				"south": {"uv": [0, 0, 0, 1], "texture": "#3"},
				"west": {"uv": [1, 5, 2, 6], "texture": "#3"},
				"up": {"uv": [0, 1, 0, 0], "texture": "#3"},
				"down": {"uv": [0, 0, 0, 1], "texture": "#3"}
			}
		},
		{
			"from": [8.4, 3.4, 10.1],
			"to": [8.4, 3.9, 10.6],
			"rotation": {"angle": 22.5, "axis": "y", "origin": [0, -0.2, -3.5]},
			"faces": {
				"north": {"uv": [0, 0, 0, 1], "texture": "#3"},
				"east": {"uv": [5, 2, 6, 3], "texture": "#3"},
				"south": {"uv": [0, 0, 0, 1], "texture": "#3"},
				"west": {"uv": [3, 5, 4, 6], "texture": "#3"},
				"up": {"uv": [0, 1, 0, 0], "texture": "#3"},
				"down": {"uv": [0, 0, 0, 1], "texture": "#3"}
			}
		},
		{
			"from": [15.5, 2.8, -1.6],
			"to": [15.5, 3.3, -1.1],
			"rotation": {"angle": -22.5, "axis": "y", "origin": [0, -0.8, -4.6]},
			"faces": {
				"north": {"uv": [0, 0, 0, 1], "texture": "#3"},
				"east": {"uv": [5, 4, 6, 5], "texture": "#3"},
				"south": {"uv": [0, 0, 0, 1], "texture": "#3"},
				"west": {"uv": [5, 5, 6, 6], "texture": "#3"},
				"up": {"uv": [0, 1, 0, 0], "texture": "#3"},
				"down": {"uv": [0, 0, 0, 1], "texture": "#3"}
			}
		},
		{
			"from": [13.05, 3.4, 5.5],
			"to": [13.05, 3.9, 6],
			"rotation": {"angle": 0, "axis": "y", "origin": [0, -0.2, -3.5]},
			"faces": {
				"north": {"uv": [0, 0, 0, 1], "texture": "#3"},
				"east": {"uv": [1, 6, 2, 7], "texture": "#3"},
				"south": {"uv": [0, 0, 0, 1], "texture": "#3"},
				"west": {"uv": [6, 1, 7, 2], "texture": "#3"},
				"up": {"uv": [0, 1, 0, 0], "texture": "#3"},
				"down": {"uv": [0, 0, 0, 1], "texture": "#3"}
			}
		},
		{
			"from": [13.05, 2.8, 4.4],
			"to": [13.05, 3.3, 4.9],
			"rotation": {"angle": 0, "axis": "y", "origin": [0, -0.8, -4.6]},
			"faces": {
				"north": {"uv": [0, 0, 0, 1], "texture": "#3"},
				"east": {"uv": [2, 6, 3, 7], "texture": "#3"},
				"south": {"uv": [0, 0, 0, 1], "texture": "#3"},
				"west": {"uv": [6, 2, 7, 3], "texture": "#3"},
				"up": {"uv": [0, 1, 0, 0], "texture": "#3"},
				"down": {"uv": [0, 0, 0, 1], "texture": "#3"}
			}
		},
		{
			"from": [10.5, 7.9, 4.4],
			"to": [10.5, 8.4, 4.9],
			"rotation": {"angle": -22.5, "axis": "z", "origin": [0, -0.8, -4.6]},
			"faces": {
				"north": {"uv": [0, 0, 0, 1], "texture": "#3"},
				"east": {"uv": [3, 6, 4, 7], "texture": "#3"},
				"south": {"uv": [0, 0, 0, 1], "texture": "#3"},
				"west": {"uv": [6, 3, 7, 4], "texture": "#3"},
				"up": {"uv": [0, 1, 0, 0], "texture": "#3"},
				"down": {"uv": [0, 0, 0, 1], "texture": "#3"}
			}
		},
		{
			"from": [13.1, 1.7, 8.7],
			"to": [13.1, 2.2, 9.2],
			"rotation": {"angle": 0, "axis": "y", "origin": [0, -1.9, -0.3]},
			"faces": {
				"north": {"uv": [0, 0, 0, 1], "texture": "#3"},
				"east": {"uv": [5, 6, 6, 7], "texture": "#3"},
				"south": {"uv": [0, 0, 0, 1], "texture": "#3"},
				"west": {"uv": [6, 5, 7, 6], "texture": "#3"},
				"up": {"uv": [0, 1, 0, 0], "texture": "#3"},
				"down": {"uv": [0, 0, 0, 1], "texture": "#3"}
			}
		},
		{
			"from": [1.9, 2.8, 7.3],
			"to": [1.9, 3.3, 7.8],
			"rotation": {"angle": 0, "axis": "y", "origin": [0.1, -0.8, -1.7]},
			"faces": {
				"north": {"uv": [0, 0, 0, 1], "texture": "#3"},
				"east": {"uv": [6, 6, 7, 7], "texture": "#3"},
				"south": {"uv": [0, 0, 0, 1], "texture": "#3"},
				"west": {"uv": [0, 7, 1, 8], "texture": "#3"},
				"up": {"uv": [0, 1, 0, 0], "texture": "#3"},
				"down": {"uv": [0, 0, 0, 1], "texture": "#3"}
			}
		},
		{
			"from": [1.9, 3.6, 9],
			"to": [1.9, 4.1, 9.5],
			"rotation": {"angle": 0, "axis": "y", "origin": [0.1, 0, 0]},
			"faces": {
				"north": {"uv": [0, 0, 0, 1], "texture": "#3"},
				"east": {"uv": [7, 0, 8, 1], "texture": "#3"},
				"south": {"uv": [0, 0, 0, 1], "texture": "#3"},
				"west": {"uv": [1, 7, 2, 8], "texture": "#3"},
				"up": {"uv": [0, 1, 0, 0], "texture": "#3"},
				"down": {"uv": [0, 0, 0, 1], "texture": "#3"}
			}
		},
		{
			"from": [1.9, 2, 8.5],
			"to": [1.9, 2.5, 9],
			"rotation": {"angle": 0, "axis": "y", "origin": [0.1, -1.6, -0.5]},
			"faces": {
				"north": {"uv": [0, 0, 0, 1], "texture": "#3"},
				"east": {"uv": [7, 1, 8, 2], "texture": "#3"},
				"south": {"uv": [0, 0, 0, 1], "texture": "#3"},
				"west": {"uv": [2, 7, 3, 8], "texture": "#3"},
				"up": {"uv": [0, 1, 0, 0], "texture": "#3"},
				"down": {"uv": [0, 0, 0, 1], "texture": "#3"}
			}
		},
		{
			"from": [5.4, 2, 7.5],
			"to": [5.4, 2.5, 8],
			"rotation": {"angle": -22.5, "axis": "y", "origin": [0.1, -1.6, -0.5]},
			"faces": {
				"north": {"uv": [0, 0, 0, 1], "texture": "#3"},
				"east": {"uv": [7, 4, 8, 5], "texture": "#3"},
				"south": {"uv": [0, 0, 0, 1], "texture": "#3"},
				"west": {"uv": [5, 7, 6, 8], "texture": "#3"},
				"up": {"uv": [0, 1, 0, 0], "texture": "#3"},
				"down": {"uv": [0, 0, 0, 1], "texture": "#3"}
			}
		},
		{
			"from": [5.45, 3.4, 4.6],
			"to": [5.45, 3.9, 5.1],
			"rotation": {"angle": -22.5, "axis": "y", "origin": [0.1, -0.2, -3.4]},
			"faces": {
				"north": {"uv": [0, 0, 0, 1], "texture": "#3"},
				"east": {"uv": [7, 5, 8, 6], "texture": "#3"},
				"south": {"uv": [0, 0, 0, 1], "texture": "#3"},
				"west": {"uv": [6, 7, 7, 8], "texture": "#3"},
				"up": {"uv": [0, 1, 0, 0], "texture": "#3"},
				"down": {"uv": [0, 0, 0, 1], "texture": "#3"}
			}
		},
		{
			"from": [-1.7, 3.6, 8.6],
			"to": [-1.7, 4.1, 9.1],
			"rotation": {"angle": 22.5, "axis": "y", "origin": [0.1, 0, 0]},
			"faces": {
				"north": {"uv": [0, 0, 0, 1], "texture": "#3"},
				"east": {"uv": [0, 8, 1, 9], "texture": "#3"},
				"south": {"uv": [0, 0, 0, 1], "texture": "#3"},
				"west": {"uv": [8, 0, 9, 1], "texture": "#3"},
				"up": {"uv": [0, 1, 0, 0], "texture": "#3"},
				"down": {"uv": [0, 0, 0, 1], "texture": "#3"}
			}
		},
		{
			"from": [-1.7, 2.8, 6.9],
			"to": [-1.7, 3.3, 7.4],
			"rotation": {"angle": 22.5, "axis": "y", "origin": [0.1, -0.8, -1.7]},
			"faces": {
				"north": {"uv": [0, 0, 0, 1], "texture": "#3"},
				"east": {"uv": [1, 8, 2, 9], "texture": "#3"},
				"south": {"uv": [0, 0, 0, 1], "texture": "#3"},
				"west": {"uv": [8, 1, 9, 2], "texture": "#3"},
				"up": {"uv": [0, 1, 0, 0], "texture": "#3"},
				"down": {"uv": [0, 0, 0, 1], "texture": "#3"}
			}
		},
		{
			"from": [0.45, 3.4, 5.6],
			"to": [0.45, 3.9, 6.1],
			"rotation": {"angle": -22.5, "axis": "z", "origin": [0.1, -0.2, -3.4]},
			"faces": {
				"north": {"uv": [0, 0, 0, 1], "texture": "#3"},
				"east": {"uv": [6, 8, 7, 9], "texture": "#3"},
				"south": {"uv": [0, 0, 0, 1], "texture": "#3"},
				"west": {"uv": [8, 6, 9, 7], "texture": "#3"},
				"up": {"uv": [0, 1, 0, 0], "texture": "#3"},
				"down": {"uv": [0, 0, 0, 1], "texture": "#3"}
			}
		},
		{
			"from": [0.4, 2.8, 7.3],
			"to": [0.4, 3.3, 7.8],
			"rotation": {"angle": -22.5, "axis": "z", "origin": [0.1, -0.8, -1.7]},
			"faces": {
				"north": {"uv": [0, 0, 0, 1], "texture": "#3"},
				"east": {"uv": [7, 8, 8, 9], "texture": "#3"},
				"south": {"uv": [0, 0, 0, 1], "texture": "#3"},
				"west": {"uv": [8, 7, 9, 8], "texture": "#3"},
				"up": {"uv": [0, 1, 0, 0], "texture": "#3"},
				"down": {"uv": [0, 0, 0, 1], "texture": "#3"}
			}
		},
		{
			"from": [0.4, 2, 8.5],
			"to": [0.4, 2.5, 9],
			"rotation": {"angle": -22.5, "axis": "z", "origin": [0.1, -1.6, -0.5]},
			"faces": {
				"north": {"uv": [0, 0, 0, 1], "texture": "#3"},
				"east": {"uv": [9, 0, 10, 1], "texture": "#3"},
				"south": {"uv": [0, 0, 0, 1], "texture": "#3"},
				"west": {"uv": [1, 9, 2, 10], "texture": "#3"},
				"up": {"uv": [0, 1, 0, 0], "texture": "#3"},
				"down": {"uv": [0, 0, 0, 1], "texture": "#3"}
			}
		},
		{
			"from": [-1.65, 2.8, 4],
			"to": [-1.65, 3.3, 4.5],
			"rotation": {"angle": 22.5, "axis": "y", "origin": [0.1, -0.8, -4.6]},
			"faces": {
				"north": {"uv": [0, 0, 0, 1], "texture": "#3"},
				"east": {"uv": [4, 8, 5, 9], "texture": "#3"},
				"south": {"uv": [0, 0, 0, 1], "texture": "#3"},
				"west": {"uv": [8, 4, 9, 5], "texture": "#3"},
				"up": {"uv": [0, 1, 0, 0], "texture": "#3"},
				"down": {"uv": [0, 0, 0, 1], "texture": "#3"}
			}
		},
		{
			"from": [1.95, 2.8, 4.4],
			"to": [1.95, 3.3, 4.9],
			"rotation": {"angle": 0, "axis": "y", "origin": [0.1, -0.8, -4.6]},
			"faces": {
				"north": {"uv": [0, 0, 0, 1], "texture": "#3"},
				"east": {"uv": [0, 6, 1, 7], "texture": "#3"},
				"south": {"uv": [0, 0, 0, 1], "texture": "#3"},
				"west": {"uv": [6, 0, 7, 1], "texture": "#3"},
				"up": {"uv": [0, 1, 0, 0], "texture": "#3"},
				"down": {"uv": [0, 0, 0, 1], "texture": "#3"}
			}
		},
		{
			"from": [3.35, 2.2, 4.4],
			"to": [3.35, 2.7, 4.9],
			"rotation": {"angle": 22.5, "axis": "z", "origin": [0.1, -0.8, -4.6]},
			"faces": {
				"north": {"uv": [0, 0, 0, 1], "texture": "#3"},
				"east": {"uv": [9, 2, 10, 3], "texture": "#3"},
				"south": {"uv": [0, 0, 0, 1], "texture": "#3"},
				"west": {"uv": [3, 9, 4, 10], "texture": "#3"},
				"up": {"uv": [0, 1, 0, 0], "texture": "#3"},
				"down": {"uv": [0, 0, 0, 1], "texture": "#3"}
			}
		},
		{
			"from": [3.3, 3, 9],
			"to": [3.3, 3.5, 9.5],
			"rotation": {"angle": 22.5, "axis": "z", "origin": [0.1, 0.1, -3.5]},
			"faces": {
				"north": {"uv": [0, 0, 0, 1], "texture": "#3"},
				"east": {"uv": [9, 3, 10, 4], "texture": "#3"},
				"south": {"uv": [0, 0, 0, 1], "texture": "#3"},
				"west": {"uv": [4, 9, 5, 10], "texture": "#3"},
				"up": {"uv": [0, 1, 0, 0], "texture": "#3"},
				"down": {"uv": [0, 0, 0, 1], "texture": "#3"}
			}
		},
		{
			"from": [13.5, -4, 8.7],
			"to": [13.5, -3.5, 9.2],
			"rotation": {"angle": 22.5, "axis": "z", "origin": [0, -1.9, -0.3]},
			"faces": {
				"north": {"uv": [0, 0, 0, 1], "texture": "#3"},
				"east": {"uv": [9, 7, 10, 8], "texture": "#3"},
				"south": {"uv": [0, 0, 0, 1], "texture": "#3"},
				"west": {"uv": [8, 9, 9, 10], "texture": "#3"},
				"up": {"uv": [0, 1, 0, 0], "texture": "#3"},
				"down": {"uv": [0, 0, 0, 1], "texture": "#3"}
			}
		},
		{
			"from": [8.4, 1.7, 13.3],
			"to": [8.4, 2.2, 13.8],
			"rotation": {"angle": 22.5, "axis": "y", "origin": [0, -1.9, -0.3]},
			"faces": {
				"north": {"uv": [0, 0, 0, 1], "texture": "#3"},
				"east": {"uv": [9, 8, 10, 9], "texture": "#3"},
				"south": {"uv": [0, 0, 0, 1], "texture": "#3"},
				"west": {"uv": [9, 9, 10, 10], "texture": "#3"},
				"up": {"uv": [0, 1, 0, 0], "texture": "#3"},
				"down": {"uv": [0, 0, 0, 1], "texture": "#3"}
			}
		},
		{
			"from": [-7.6, 5.1, 10],
			"to": [-7.4, 5.4, 10],
			"rotation": {"angle": 22.5, "axis": "y", "origin": [0, 0, 0]},
			"faces": {
				"north": {"uv": [0, 0, 1, 1], "texture": "#2"},
				"east": {"uv": [0, 0, 0, 1], "texture": "#2"},
				"south": {"uv": [0, 1, 1, 2], "texture": "#2"},
				"west": {"uv": [0, 0, 0, 1], "texture": "#2"},
				"up": {"uv": [1, 0, 0, 0], "texture": "#2"},
				"down": {"uv": [1, 0, 0, 0], "texture": "#2"}
			}
		},
		{
			"from": [-7.6, 4.7, 10],
			"to": [-7.4, 5, 10],
			"rotation": {"angle": 22.5, "axis": "y", "origin": [0, 0, 0]},
			"faces": {
				"north": {"uv": [1, 0, 2, 1], "texture": "#2"},
				"east": {"uv": [0, 0, 0, 1], "texture": "#2"},
				"south": {"uv": [1, 1, 2, 2], "texture": "#2"},
				"west": {"uv": [0, 0, 0, 1], "texture": "#2"},
				"up": {"uv": [1, 0, 0, 0], "texture": "#2"},
				"down": {"uv": [1, 0, 0, 0], "texture": "#2"}
			}
		},
		{
			"from": [-7.5, 4.9, 9.9],
			"to": [-7.5, 5.2, 10.1],
			"rotation": {"angle": 22.5, "axis": "y", "origin": [0, 0, 0]},
			"faces": {
				"north": {"uv": [0, 0, 0, 1], "texture": "#2"},
				"east": {"uv": [0, 2, 1, 3], "texture": "#2"},
				"south": {"uv": [0, 0, 0, 1], "texture": "#2"},
				"west": {"uv": [2, 0, 3, 1], "texture": "#2"},
				"up": {"uv": [0, 1, 0, 0], "texture": "#2"},
				"down": {"uv": [0, 0, 0, 1], "texture": "#2"}
			}
		},
		{
			"from": [-7.5, 4.5, 9.9],
			"to": [-7.5, 4.8, 10.1],
			"rotation": {"angle": 22.5, "axis": "y", "origin": [0, 0, 0]},
			"faces": {
				"north": {"uv": [0, 0, 0, 1], "texture": "#2"},
				"east": {"uv": [1, 2, 2, 3], "texture": "#2"},
				"south": {"uv": [0, 0, 0, 1], "texture": "#2"},
				"west": {"uv": [2, 1, 3, 2], "texture": "#2"},
				"up": {"uv": [0, 1, 0, 0], "texture": "#2"},
				"down": {"uv": [0, 0, 0, 1], "texture": "#2"}
			}
		},
		{
			"from": [-7.5, 5.3, 9.9],
			"to": [-7.5, 5.6, 10.1],
			"rotation": {"angle": 22.5, "axis": "y", "origin": [0, 0, 0]},
			"faces": {
				"north": {"uv": [0, 0, 0, 1], "texture": "#2"},
				"east": {"uv": [2, 2, 3, 3], "texture": "#2"},
				"south": {"uv": [0, 0, 0, 1], "texture": "#2"},
				"west": {"uv": [0, 3, 1, 4], "texture": "#2"},
				"up": {"uv": [0, 1, 0, 0], "texture": "#2"},
				"down": {"uv": [0, 0, 0, 1], "texture": "#2"}
			}
		},
		{
			"from": [21.4, 5.3, 4.1],
			"to": [21.4, 5.6, 4.3],
			"rotation": {"angle": -22.5, "axis": "y", "origin": [0, 0, 0]},
			"faces": {
				"north": {"uv": [0, 0, 0, 1], "texture": "#2", "tintindex": 0},
				"east": {"uv": [1, 4, 2, 5], "texture": "#2"},
				"south": {"uv": [0, 0, 0, 1], "texture": "#2"},
				"west": {"uv": [4, 1, 5, 2], "texture": "#2"},
				"up": {"uv": [0, 1, 0, 0], "texture": "#2"},
				"down": {"uv": [0, 0, 0, 1], "texture": "#2"}
			}
		},
		{
			"from": [21.3, 5.1, 4.2],
			"to": [21.5, 5.4, 4.2],
			"rotation": {"angle": -22.5, "axis": "y", "origin": [0, 0, 0]},
			"faces": {
				"north": {"uv": [2, 4, 3, 5], "texture": "#2"},
				"east": {"uv": [0, 0, 0, 1], "texture": "#2"},
				"south": {"uv": [4, 2, 5, 3], "texture": "#2"},
				"west": {"uv": [0, 0, 0, 1], "texture": "#2"},
				"up": {"uv": [1, 0, 0, 0], "texture": "#2"},
				"down": {"uv": [1, 0, 0, 0], "texture": "#2"}
			}
		},
		{
			"from": [21.4, 4.9, 4.1],
			"to": [21.4, 5.2, 4.3],
			"rotation": {"angle": -22.5, "axis": "y", "origin": [0, 0, 0]},
			"faces": {
				"north": {"uv": [0, 0, 0, 1], "texture": "#2", "tintindex": 0},
				"east": {"uv": [3, 4, 4, 5], "texture": "#2"},
				"south": {"uv": [0, 0, 0, 1], "texture": "#2"},
				"west": {"uv": [4, 3, 5, 4], "texture": "#2"},
				"up": {"uv": [0, 1, 0, 0], "texture": "#2"},
				"down": {"uv": [0, 0, 0, 1], "texture": "#2"}
			}
		},
		{
			"from": [21.3, 4.7, 4.2],
			"to": [21.5, 5, 4.2],
			"rotation": {"angle": -22.5, "axis": "y", "origin": [0, 0, 0]},
			"faces": {
				"north": {"uv": [5, 3, 6, 4], "texture": "#2"},
				"east": {"uv": [0, 0, 0, 1], "texture": "#2"},
				"south": {"uv": [4, 5, 5, 6], "texture": "#2"},
				"west": {"uv": [0, 0, 0, 1], "texture": "#2"},
				"up": {"uv": [1, 0, 0, 0], "texture": "#2"},
				"down": {"uv": [1, 0, 0, 0], "texture": "#2"}
			}
		},
		{
			"from": [21.4, 4.5, 4.1],
			"to": [21.4, 4.8, 4.3],
			"rotation": {"angle": -22.5, "axis": "y", "origin": [0, 0, 0]},
			"faces": {
				"north": {"uv": [0, 0, 0, 1], "texture": "#2", "tintindex": 0},
				"east": {"uv": [5, 4, 6, 5], "texture": "#2"},
				"south": {"uv": [0, 0, 0, 1], "texture": "#2"},
				"west": {"uv": [5, 5, 6, 6], "texture": "#2"},
				"up": {"uv": [0, 1, 0, 0], "texture": "#2"},
				"down": {"uv": [0, 0, 0, 1], "texture": "#2"}
			}
		},
		{
			"from": [20.1, 3.8, 4.2],
			"to": [20.3, 4.1, 4.2],
			"rotation": {"angle": -22.5, "axis": "y", "origin": [0, 0, 0]},
			"faces": {
				"north": {"uv": [0, 6, 1, 7], "texture": "#2"},
				"east": {"uv": [0, 0, 0, 1], "texture": "#2"},
				"south": {"uv": [6, 0, 7, 1], "texture": "#2"},
				"west": {"uv": [0, 0, 0, 1], "texture": "#2"},
				"up": {"uv": [1, 0, 0, 0], "texture": "#2"},
				"down": {"uv": [1, 0, 0, 0], "texture": "#2"}
			}
		},
		{
			"from": [20.2, 3.6, 4.1],
			"to": [20.2, 3.9, 4.3],
			"rotation": {"angle": -22.5, "axis": "y", "origin": [0, 0, 0]},
			"faces": {
				"north": {"uv": [0, 0, 0, 1], "texture": "#2"},
				"east": {"uv": [1, 6, 2, 7], "texture": "#2"},
				"south": {"uv": [0, 0, 0, 1], "texture": "#2"},
				"west": {"uv": [6, 1, 7, 2], "texture": "#2"},
				"up": {"uv": [0, 1, 0, 0], "texture": "#2"},
				"down": {"uv": [0, 0, 0, 1], "texture": "#2"}
			}
		},
		{
			"from": [20.2, 4, 4.1],
			"to": [20.2, 4.3, 4.3],
			"rotation": {"angle": -22.5, "axis": "y", "origin": [0, 0, 0]},
			"faces": {
				"north": {"uv": [0, 0, 0, 1], "texture": "#2"},
				"east": {"uv": [2, 6, 3, 7], "texture": "#2"},
				"south": {"uv": [0, 0, 0, 1], "texture": "#2"},
				"west": {"uv": [6, 2, 7, 3], "texture": "#2"},
				"up": {"uv": [0, 1, 0, 0], "texture": "#2"},
				"down": {"uv": [0, 0, 0, 1], "texture": "#2"}
			}
		},
		{
			"from": [20.1, 4.2, 4.2],
			"to": [20.3, 4.5, 4.2],
			"rotation": {"angle": -22.5, "axis": "y", "origin": [0, 0, 0]},
			"faces": {
				"north": {"uv": [3, 6, 4, 7], "texture": "#2"},
				"east": {"uv": [0, 0, 0, 1], "texture": "#2"},
				"south": {"uv": [6, 3, 7, 4], "texture": "#2"},
				"west": {"uv": [0, 0, 0, 1], "texture": "#2"},
				"up": {"uv": [1, 0, 0, 0], "texture": "#2"},
				"down": {"uv": [1, 0, 0, 0], "texture": "#2"}
			}
		},
		{
			"from": [20.1, 3.4, 4.2],
			"to": [20.3, 3.7, 4.2],
			"rotation": {"angle": -22.5, "axis": "y", "origin": [0, 0, 0]},
			"faces": {
				"north": {"uv": [3, 6, 4, 7], "texture": "#2"},
				"east": {"uv": [0, 0, 0, 1], "texture": "#2"},
				"south": {"uv": [6, 3, 7, 4], "texture": "#2"},
				"west": {"uv": [0, 0, 0, 1], "texture": "#2"},
				"up": {"uv": [1, 0, 0, 0], "texture": "#2"},
				"down": {"uv": [1, 0, 0, 0], "texture": "#2"}
			}
		},
		{
			"from": [20.1, 3, 4.2],
			"to": [20.3, 3.3, 4.2],
			"rotation": {"angle": -22.5, "axis": "y", "origin": [0, 0, 0]},
			"faces": {
				"north": {"uv": [0, 6, 1, 7], "texture": "#2"},
				"east": {"uv": [0, 0, 0, 1], "texture": "#2"},
				"south": {"uv": [6, 0, 7, 1], "texture": "#2"},
				"west": {"uv": [0, 0, 0, 1], "texture": "#2"},
				"up": {"uv": [1, 0, 0, 0], "texture": "#2"},
				"down": {"uv": [1, 0, 0, 0], "texture": "#2"}
			}
		},
		{
			"from": [20.2, 3.2, 4.1],
			"to": [20.2, 3.5, 4.3],
			"rotation": {"angle": -22.5, "axis": "y", "origin": [0, 0, 0]},
			"faces": {
				"north": {"uv": [0, 0, 0, 1], "texture": "#2"},
				"east": {"uv": [2, 6, 3, 7], "texture": "#2"},
				"south": {"uv": [0, 0, 0, 1], "texture": "#2"},
				"west": {"uv": [6, 2, 7, 3], "texture": "#2"},
				"up": {"uv": [0, 1, 0, 0], "texture": "#2"},
				"down": {"uv": [0, 0, 0, 1], "texture": "#2"}
			}
		},
		{
			"from": [20.2, 2.8, 4.1],
			"to": [20.2, 3.1, 4.3],
			"rotation": {"angle": -22.5, "axis": "y", "origin": [0, 0, 0]},
			"faces": {
				"north": {"uv": [0, 0, 0, 1], "texture": "#2"},
				"east": {"uv": [1, 6, 2, 7], "texture": "#2"},
				"south": {"uv": [0, 0, 0, 1], "texture": "#2"},
				"west": {"uv": [6, 1, 7, 2], "texture": "#2"},
				"up": {"uv": [0, 1, 0, 0], "texture": "#2"},
				"down": {"uv": [0, 0, 0, 1], "texture": "#2"}
			}
		},
		{
			"from": [20.1, 4.6, 4.2],
			"to": [20.3, 4.9, 4.2],
			"rotation": {"angle": -22.5, "axis": "y", "origin": [0, 0, 0]},
			"faces": {
				"north": {"uv": [4, 6, 5, 7], "texture": "#2"},
				"east": {"uv": [0, 0, 0, 1], "texture": "#2"},
				"south": {"uv": [6, 4, 7, 5], "texture": "#2"},
				"west": {"uv": [0, 0, 0, 1], "texture": "#2"},
				"up": {"uv": [1, 0, 0, 0], "texture": "#2"},
				"down": {"uv": [1, 0, 0, 0], "texture": "#2"}
			}
		},
		{
			"from": [20.2, 4.4, 4.1],
			"to": [20.2, 4.7, 4.3],
			"rotation": {"angle": -22.5, "axis": "y", "origin": [0, 0, 0]},
			"faces": {
				"north": {"uv": [0, 0, 0, 1], "texture": "#2"},
				"east": {"uv": [5, 6, 6, 7], "texture": "#2"},
				"south": {"uv": [0, 0, 0, 1], "texture": "#2"},
				"west": {"uv": [6, 5, 7, 6], "texture": "#2"},
				"up": {"uv": [0, 1, 0, 0], "texture": "#2"},
				"down": {"uv": [0, 0, 0, 1], "texture": "#2"}
			}
		},
		{
			"from": [20.2, 4.8, 4.1],
			"to": [20.2, 5.1, 4.3],
			"rotation": {"angle": -22.5, "axis": "y", "origin": [0, 0, 0]},
			"faces": {
				"north": {"uv": [0, 0, 0, 1], "texture": "#2"},
				"east": {"uv": [6, 6, 7, 7], "texture": "#2"},
				"south": {"uv": [0, 0, 0, 1], "texture": "#2"},
				"west": {"uv": [0, 7, 1, 8], "texture": "#2"},
				"up": {"uv": [0, 1, 0, 0], "texture": "#2"},
				"down": {"uv": [0, 0, 0, 1], "texture": "#2"}
			}
		},
		{
			"from": [-6.3, 4.8, 9.9],
			"to": [-6.3, 5.1, 10.1],
			"rotation": {"angle": 22.5, "axis": "y", "origin": [0, 0, 0]},
			"faces": {
				"north": {"uv": [0, 0, 0, 1], "texture": "#2"},
				"east": {"uv": [1, 8, 2, 9], "texture": "#2"},
				"south": {"uv": [0, 0, 0, 1], "texture": "#2"},
				"west": {"uv": [8, 1, 9, 2], "texture": "#2"},
				"up": {"uv": [0, 1, 0, 0], "texture": "#2"},
				"down": {"uv": [0, 0, 0, 1], "texture": "#2"}
			}
		},
		{
			"from": [-6.3, 4.4, 9.9],
			"to": [-6.3, 4.7, 10.1],
			"rotation": {"angle": 22.5, "axis": "y", "origin": [0, 0, 0]},
			"faces": {
				"north": {"uv": [0, 0, 0, 1], "texture": "#2"},
				"east": {"uv": [2, 8, 3, 9], "texture": "#2"},
				"south": {"uv": [0, 0, 0, 1], "texture": "#2"},
				"west": {"uv": [8, 2, 9, 3], "texture": "#2"},
				"up": {"uv": [0, 1, 0, 0], "texture": "#2"},
				"down": {"uv": [0, 0, 0, 1], "texture": "#2"}
			}
		},
		{
			"from": [-6.4, 4.6, 10],
			"to": [-6.2, 4.9, 10],
			"rotation": {"angle": 22.5, "axis": "y", "origin": [0, 0, 0]},
			"faces": {
				"north": {"uv": [3, 8, 4, 9], "texture": "#2"},
				"east": {"uv": [0, 0, 0, 1], "texture": "#2"},
				"south": {"uv": [8, 3, 9, 4], "texture": "#2"},
				"west": {"uv": [0, 0, 0, 1], "texture": "#2"},
				"up": {"uv": [1, 0, 0, 0], "texture": "#2"},
				"down": {"uv": [1, 0, 0, 0], "texture": "#2"}
			}
		},
		{
			"from": [-6.3, 3.6, 9.9],
			"to": [-6.3, 3.9, 10.1],
			"rotation": {"angle": 22.5, "axis": "y", "origin": [0, 0, 0]},
			"faces": {
				"north": {"uv": [0, 0, 0, 1], "texture": "#2"},
				"east": {"uv": [4, 8, 5, 9], "texture": "#2"},
				"south": {"uv": [0, 0, 0, 1], "texture": "#2"},
				"west": {"uv": [8, 4, 9, 5], "texture": "#2"},
				"up": {"uv": [0, 1, 0, 0], "texture": "#2"},
				"down": {"uv": [0, 0, 0, 1], "texture": "#2"}
			}
		},
		{
			"from": [-6.4, 3.8, 10],
			"to": [-6.2, 4.1, 10],
			"rotation": {"angle": 22.5, "axis": "y", "origin": [0, 0, 0]},
			"faces": {
				"north": {"uv": [5, 8, 6, 9], "texture": "#2"},
				"east": {"uv": [0, 0, 0, 1], "texture": "#2"},
				"south": {"uv": [8, 5, 9, 6], "texture": "#2"},
				"west": {"uv": [0, 0, 0, 1], "texture": "#2"},
				"up": {"uv": [1, 0, 0, 0], "texture": "#2"},
				"down": {"uv": [1, 0, 0, 0], "texture": "#2"}
			}
		},
		{
			"from": [-6.4, 3.4, 10],
			"to": [-6.2, 3.7, 10],
			"rotation": {"angle": 22.5, "axis": "y", "origin": [0, 0, 0]},
			"faces": {
				"north": {"uv": [5, 8, 6, 9], "texture": "#2"},
				"east": {"uv": [0, 0, 0, 1], "texture": "#2"},
				"south": {"uv": [8, 5, 9, 6], "texture": "#2"},
				"west": {"uv": [0, 0, 0, 1], "texture": "#2"},
				"up": {"uv": [1, 0, 0, 0], "texture": "#2"},
				"down": {"uv": [1, 0, 0, 0], "texture": "#2"}
			}
		},
		{
			"from": [-6.3, 3.2, 9.9],
			"to": [-6.3, 3.5, 10.1],
			"rotation": {"angle": 22.5, "axis": "y", "origin": [0, 0, 0]},
			"faces": {
				"north": {"uv": [0, 0, 0, 1], "texture": "#2"},
				"east": {"uv": [4, 8, 5, 9], "texture": "#2"},
				"south": {"uv": [0, 0, 0, 1], "texture": "#2"},
				"west": {"uv": [8, 4, 9, 5], "texture": "#2"},
				"up": {"uv": [0, 1, 0, 0], "texture": "#2"},
				"down": {"uv": [0, 0, 0, 1], "texture": "#2"}
			}
		},
		{
			"from": [-6.4, 3, 10],
			"to": [-6.2, 3.3, 10],
			"rotation": {"angle": 22.5, "axis": "y", "origin": [0, 0, 0]},
			"faces": {
				"north": {"uv": [5, 8, 6, 9], "texture": "#2"},
				"east": {"uv": [0, 0, 0, 1], "texture": "#2"},
				"south": {"uv": [8, 5, 9, 6], "texture": "#2"},
				"west": {"uv": [0, 0, 0, 1], "texture": "#2"},
				"up": {"uv": [1, 0, 0, 0], "texture": "#2"},
				"down": {"uv": [1, 0, 0, 0], "texture": "#2"}
			}
		},
		{
			"from": [-6.3, 2.8, 9.9],
			"to": [-6.3, 3.1, 10.1],
			"rotation": {"angle": 22.5, "axis": "y", "origin": [0, 0, 0]},
			"faces": {
				"north": {"uv": [0, 0, 0, 1], "texture": "#2"},
				"east": {"uv": [4, 8, 5, 9], "texture": "#2"},
				"south": {"uv": [0, 0, 0, 1], "texture": "#2"},
				"west": {"uv": [8, 4, 9, 5], "texture": "#2"},
				"up": {"uv": [0, 1, 0, 0], "texture": "#2"},
				"down": {"uv": [0, 0, 0, 1], "texture": "#2"}
			}
		},
		{
			"from": [-6.4, 4.2, 10],
			"to": [-6.2, 4.5, 10],
			"rotation": {"angle": 22.5, "axis": "y", "origin": [0, 0, 0]},
			"faces": {
				"north": {"uv": [6, 8, 7, 9], "texture": "#2"},
				"east": {"uv": [0, 0, 0, 1], "texture": "#2"},
				"south": {"uv": [8, 6, 9, 7], "texture": "#2"},
				"west": {"uv": [0, 0, 0, 1], "texture": "#2"},
				"up": {"uv": [1, 0, 0, 0], "texture": "#2"},
				"down": {"uv": [1, 0, 0, 0], "texture": "#2"}
			}
		},
		{
			"from": [-6.3, 4, 9.9],
			"to": [-6.3, 4.3, 10.1],
			"rotation": {"angle": 22.5, "axis": "y", "origin": [0, 0, 0]},
			"faces": {
				"north": {"uv": [0, 0, 0, 1], "texture": "#2"},
				"east": {"uv": [7, 8, 8, 9], "texture": "#2"},
				"south": {"uv": [0, 0, 0, 1], "texture": "#2"},
				"west": {"uv": [8, 7, 9, 8], "texture": "#2"},
				"up": {"uv": [0, 1, 0, 0], "texture": "#2"},
				"down": {"uv": [0, 0, 0, 1], "texture": "#2"}
			}
		},
		{
			"from": [12.9, -0.1, 8.2],
			"to": [13.1, 0.2, 8.2],
			"faces": {
				"north": {"uv": [8, 8, 9, 9], "texture": "#2"},
				"east": {"uv": [0, 0, 0, 1], "texture": "#2"},
				"south": {"uv": [0, 9, 1, 10], "texture": "#2"},
				"west": {"uv": [0, 0, 0, 1], "texture": "#2"},
				"up": {"uv": [1, 0, 0, 0], "texture": "#2"},
				"down": {"uv": [1, 0, 0, 0], "texture": "#2"}
			}
		},
		{
			"from": [13, 0.1, 8.1],
			"to": [13, 0.4, 8.3],
			"faces": {
				"north": {"uv": [0, 0, 0, 1], "texture": "#2"},
				"east": {"uv": [9, 0, 10, 1], "texture": "#2"},
				"south": {"uv": [0, 0, 0, 1], "texture": "#2"},
				"west": {"uv": [1, 9, 2, 10], "texture": "#2"},
				"up": {"uv": [0, 1, 0, 0], "texture": "#2"},
				"down": {"uv": [0, 0, 0, 1], "texture": "#2"}
			}
		},
		{
			"from": [12.9, 0.3, 8.2],
			"to": [13.1, 0.6, 8.2],
			"faces": {
				"north": {"uv": [9, 1, 10, 2], "texture": "#2"},
				"east": {"uv": [0, 0, 0, 1], "texture": "#2"},
				"south": {"uv": [2, 9, 3, 10], "texture": "#2"},
				"west": {"uv": [0, 0, 0, 1], "texture": "#2"},
				"up": {"uv": [1, 0, 0, 0], "texture": "#2"},
				"down": {"uv": [1, 0, 0, 0], "texture": "#2"}
			}
		},
		{
			"from": [13, 0.5, 8.1],
			"to": [13, 0.8, 8.3],
			"faces": {
				"north": {"uv": [0, 0, 0, 1], "texture": "#2"},
				"east": {"uv": [9, 2, 10, 3], "texture": "#2"},
				"south": {"uv": [0, 0, 0, 1], "texture": "#2"},
				"west": {"uv": [3, 9, 4, 10], "texture": "#2"},
				"up": {"uv": [0, 1, 0, 0], "texture": "#2"},
				"down": {"uv": [0, 0, 0, 1], "texture": "#2"}
			}
		},
		{
			"from": [12.9, 0.7, 8.2],
			"to": [13.1, 1, 8.2],
			"faces": {
				"north": {"uv": [9, 3, 10, 4], "texture": "#2"},
				"east": {"uv": [0, 0, 0, 1], "texture": "#2"},
				"south": {"uv": [4, 9, 5, 10], "texture": "#2"},
				"west": {"uv": [0, 0, 0, 1], "texture": "#2"},
				"up": {"uv": [1, 0, 0, 0], "texture": "#2"},
				"down": {"uv": [1, 0, 0, 0], "texture": "#2"}
			}
		},
		{
			"from": [13, 0.9, 8.1],
			"to": [13, 1.2, 8.3],
			"faces": {
				"north": {"uv": [0, 0, 0, 1], "texture": "#2"},
				"east": {"uv": [9, 4, 10, 5], "texture": "#2"},
				"south": {"uv": [0, 0, 0, 1], "texture": "#2"},
				"west": {"uv": [5, 9, 6, 10], "texture": "#2"},
				"up": {"uv": [0, 1, 0, 0], "texture": "#2"},
				"down": {"uv": [0, 0, 0, 1], "texture": "#2"}
			}
		},
		{
			"from": [12.9, 1.1, 8.2],
			"to": [13.1, 1.4, 8.2],
			"faces": {
				"north": {"uv": [9, 5, 10, 6], "texture": "#2"},
				"east": {"uv": [0, 0, 0, 1], "texture": "#2"},
				"south": {"uv": [6, 9, 7, 10], "texture": "#2"},
				"west": {"uv": [0, 0, 0, 1], "texture": "#2"},
				"up": {"uv": [1, 0, 0, 0], "texture": "#2"},
				"down": {"uv": [1, 0, 0, 0], "texture": "#2"}
			}
		},
		{
			"from": [12.9, 1.5, 8.2],
			"to": [13.1, 1.8, 8.2],
			"faces": {
				"north": {"uv": [9, 6, 10, 7], "texture": "#2"},
				"east": {"uv": [0, 0, 0, 1], "texture": "#2"},
				"south": {"uv": [7, 9, 8, 10], "texture": "#2"},
				"west": {"uv": [0, 0, 0, 1], "texture": "#2"},
				"up": {"uv": [1, 0, 0, 0], "texture": "#2"},
				"down": {"uv": [1, 0, 0, 0], "texture": "#2"}
			}
		},
		{
			"from": [12.9, 1.9, 8.2],
			"to": [13.1, 2.2, 8.2],
			"faces": {
				"north": {"uv": [9, 7, 10, 8], "texture": "#2"},
				"east": {"uv": [0, 0, 0, 1], "texture": "#2"},
				"south": {"uv": [8, 9, 9, 10], "texture": "#2"},
				"west": {"uv": [0, 0, 0, 1], "texture": "#2"},
				"up": {"uv": [1, 0, 0, 0], "texture": "#2"},
				"down": {"uv": [1, 0, 0, 0], "texture": "#2"}
			}
		},
		{
			"from": [13, 1.7, 8.1],
			"to": [13, 2, 8.3],
			"faces": {
				"north": {"uv": [0, 0, 0, 1], "texture": "#2"},
				"east": {"uv": [9, 8, 10, 9], "texture": "#2"},
				"south": {"uv": [0, 0, 0, 1], "texture": "#2"},
				"west": {"uv": [9, 9, 10, 10], "texture": "#2"},
				"up": {"uv": [0, 1, 0, 0], "texture": "#2"},
				"down": {"uv": [0, 0, 0, 1], "texture": "#2"}
			}
		},
		{
			"from": [13, 1.3, 8.1],
			"to": [13, 1.6, 8.3],
			"faces": {
				"north": {"uv": [0, 0, 0, 1], "texture": "#2"},
				"east": {"uv": [3, 10, 4, 11], "texture": "#2"},
				"south": {"uv": [0, 0, 0, 1], "texture": "#2"},
				"west": {"uv": [10, 3, 11, 4], "texture": "#2"},
				"up": {"uv": [0, 1, 0, 0], "texture": "#2"},
				"down": {"uv": [0, 0, 0, 1], "texture": "#2"}
			}
		},
		{
			"from": [2, 0.1, 8.1],
			"to": [2, 0.4, 8.3],
			"faces": {
				"north": {"uv": [0, 0, 0, 1], "texture": "#2"},
				"east": {"uv": [6, 10, 7, 11], "texture": "#2"},
				"south": {"uv": [0, 0, 0, 1], "texture": "#2"},
				"west": {"uv": [10, 6, 11, 7], "texture": "#2"},
				"up": {"uv": [0, 1, 0, 0], "texture": "#2"},
				"down": {"uv": [0, 0, 0, 1], "texture": "#2"}
			}
		},
		{
			"from": [1.9, -0.1, 8.2],
			"to": [2.1, 0.2, 8.2],
			"faces": {
				"north": {"uv": [7, 10, 8, 11], "texture": "#2"},
				"east": {"uv": [0, 0, 0, 1], "texture": "#2"},
				"south": {"uv": [10, 7, 11, 8], "texture": "#2"},
				"west": {"uv": [0, 0, 0, 1], "texture": "#2"},
				"up": {"uv": [1, 0, 0, 0], "texture": "#2"},
				"down": {"uv": [1, 0, 0, 0], "texture": "#2"}
			}
		},
		{
			"from": [2, 0.5, 8.1],
			"to": [2, 0.8, 8.3],
			"faces": {
				"north": {"uv": [0, 0, 0, 1], "texture": "#2"},
				"east": {"uv": [8, 10, 9, 11], "texture": "#2"},
				"south": {"uv": [0, 0, 0, 1], "texture": "#2"},
				"west": {"uv": [10, 8, 11, 9], "texture": "#2"},
				"up": {"uv": [0, 1, 0, 0], "texture": "#2"},
				"down": {"uv": [0, 0, 0, 1], "texture": "#2"}
			}
		},
		{
			"from": [1.9, 0.3, 8.2],
			"to": [2.1, 0.6, 8.2],
			"faces": {
				"north": {"uv": [9, 10, 10, 11], "texture": "#2"},
				"east": {"uv": [0, 0, 0, 1], "texture": "#2"},
				"south": {"uv": [10, 9, 11, 10], "texture": "#2"},
				"west": {"uv": [0, 0, 0, 1], "texture": "#2"},
				"up": {"uv": [1, 0, 0, 0], "texture": "#2"},
				"down": {"uv": [1, 0, 0, 0], "texture": "#2"}
			}
		},
		{
			"from": [2, 0.9, 8.1],
			"to": [2, 1.2, 8.3],
			"faces": {
				"north": {"uv": [0, 0, 0, 1], "texture": "#2"},
				"east": {"uv": [10, 10, 11, 11], "texture": "#2"},
				"south": {"uv": [0, 0, 0, 1], "texture": "#2"},
				"west": {"uv": [0, 11, 1, 12], "texture": "#2"},
				"up": {"uv": [0, 1, 0, 0], "texture": "#2"},
				"down": {"uv": [0, 0, 0, 1], "texture": "#2"}
			}
		},
		{
			"from": [1.9, 0.7, 8.2],
			"to": [2.1, 1, 8.2],
			"faces": {
				"north": {"uv": [11, 0, 12, 1], "texture": "#2"},
				"east": {"uv": [0, 0, 0, 1], "texture": "#2"},
				"south": {"uv": [1, 11, 2, 12], "texture": "#2"},
				"west": {"uv": [0, 0, 0, 1], "texture": "#2"},
				"up": {"uv": [1, 0, 0, 0], "texture": "#2"},
				"down": {"uv": [1, 0, 0, 0], "texture": "#2"}
			}
		},
		{
			"from": [2, 1.3, 8.1],
			"to": [2, 1.6, 8.3],
			"faces": {
				"north": {"uv": [0, 0, 0, 1], "texture": "#2"},
				"east": {"uv": [11, 1, 12, 2], "texture": "#2"},
				"south": {"uv": [0, 0, 0, 1], "texture": "#2"},
				"west": {"uv": [2, 11, 3, 12], "texture": "#2"},
				"up": {"uv": [0, 1, 0, 0], "texture": "#2"},
				"down": {"uv": [0, 0, 0, 1], "texture": "#2"}
			}
		},
		{
			"from": [2, 1.7, 8.1],
			"to": [2, 2, 8.3],
			"faces": {
				"north": {"uv": [0, 0, 0, 1], "texture": "#2"},
				"east": {"uv": [11, 5, 12, 6], "texture": "#2"},
				"south": {"uv": [0, 0, 0, 1], "texture": "#2"},
				"west": {"uv": [6, 11, 7, 12], "texture": "#2"},
				"up": {"uv": [0, 1, 0, 0], "texture": "#2"},
				"down": {"uv": [0, 0, 0, 1], "texture": "#2"}
			}
		},
		{
			"from": [1.9, 1.9, 8.2],
			"to": [2.1, 2.2, 8.2],
			"faces": {
				"north": {"uv": [11, 6, 12, 7], "texture": "#2"},
				"east": {"uv": [0, 0, 0, 1], "texture": "#2"},
				"south": {"uv": [7, 11, 8, 12], "texture": "#2"},
				"west": {"uv": [0, 0, 0, 1], "texture": "#2"},
				"up": {"uv": [1, 0, 0, 0], "texture": "#2"},
				"down": {"uv": [1, 0, 0, 0], "texture": "#2"}
			}
		},
		{
			"from": [1.9, 1.5, 8.2],
			"to": [2.1, 1.8, 8.2],
			"faces": {
				"north": {"uv": [11, 7, 12, 8], "texture": "#2"},
				"east": {"uv": [0, 0, 0, 1], "texture": "#2"},
				"south": {"uv": [8, 11, 9, 12], "texture": "#2"},
				"west": {"uv": [0, 0, 0, 1], "texture": "#2"},
				"up": {"uv": [1, 0, 0, 0], "texture": "#2"},
				"down": {"uv": [1, 0, 0, 0], "texture": "#2"}
			}
		},
		{
			"from": [1.9, 1.1, 8.2],
			"to": [2.1, 1.4, 8.2],
			"faces": {
				"north": {"uv": [11, 8, 12, 9], "texture": "#2"},
				"east": {"uv": [0, 0, 0, 1], "texture": "#2"},
				"south": {"uv": [9, 11, 10, 12], "texture": "#2"},
				"west": {"uv": [0, 0, 0, 1], "texture": "#2"},
				"up": {"uv": [1, 0, 0, 0], "texture": "#2"},
				"down": {"uv": [1, 0, 0, 0], "texture": "#2"}
			}
		},
		{
			"from": [18, 3.2, 4.2],
			"to": [18.2, 3.5, 4.2],
			"rotation": {"angle": -22.5, "axis": "y", "origin": [0, 0, 0]},
			"faces": {
				"north": {"uv": [11, 9, 12, 10], "texture": "#2"},
				"east": {"uv": [0, 0, 0, 1], "texture": "#2"},
				"south": {"uv": [10, 11, 11, 12], "texture": "#2"},
				"west": {"uv": [0, 0, 0, 1], "texture": "#2"},
				"up": {"uv": [1, 0, 0, 0], "texture": "#2"},
				"down": {"uv": [1, 0, 0, 0], "texture": "#2"}
			}
		},
		{
			"from": [18.1, 3, 4.1],
			"to": [18.1, 3.3, 4.3],
			"rotation": {"angle": -22.5, "axis": "y", "origin": [0, 0, 0]},
			"faces": {
				"north": {"uv": [0, 0, 0, 1], "texture": "#2"},
				"east": {"uv": [11, 10, 12, 11], "texture": "#2"},
				"south": {"uv": [0, 0, 0, 1], "texture": "#2"},
				"west": {"uv": [11, 11, 12, 12], "texture": "#2"},
				"up": {"uv": [0, 1, 0, 0], "texture": "#2"},
				"down": {"uv": [0, 0, 0, 1], "texture": "#2"}
			}
		},
		{
			"from": [18.1, 3.8, 4.1],
			"to": [18.1, 4.1, 4.3],
			"rotation": {"angle": -22.5, "axis": "y", "origin": [0, 0, 0]},
			"faces": {
				"north": {"uv": [0, 0, 0, 1], "texture": "#2"},
				"east": {"uv": [4, 12, 5, 13], "texture": "#2"},
				"south": {"uv": [0, 0, 0, 1], "texture": "#2"},
				"west": {"uv": [12, 4, 13, 5], "texture": "#2"},
				"up": {"uv": [0, 1, 0, 0], "texture": "#2"},
				"down": {"uv": [0, 0, 0, 1], "texture": "#2"}
			}
		},
		{
			"from": [18.1, 3.4, 4.1],
			"to": [18.1, 3.7, 4.3],
			"rotation": {"angle": -22.5, "axis": "y", "origin": [0, 0, 0]},
			"faces": {
				"north": {"uv": [0, 0, 0, 1], "texture": "#2"},
				"east": {"uv": [5, 12, 6, 13], "texture": "#2"},
				"south": {"uv": [0, 0, 0, 1], "texture": "#2"},
				"west": {"uv": [12, 5, 13, 6], "texture": "#2"},
				"up": {"uv": [0, 1, 0, 0], "texture": "#2"},
				"down": {"uv": [0, 0, 0, 1], "texture": "#2"}
			}
		},
		{
			"from": [18, 3.6, 4.2],
			"to": [18.2, 3.9, 4.2],
			"rotation": {"angle": -22.5, "axis": "y", "origin": [0, 0, 0]},
			"faces": {
				"north": {"uv": [6, 12, 7, 13], "texture": "#2"},
				"east": {"uv": [0, 0, 0, 1], "texture": "#2"},
				"south": {"uv": [12, 6, 13, 7], "texture": "#2"},
				"west": {"uv": [0, 0, 0, 1], "texture": "#2"},
				"up": {"uv": [1, 0, 0, 0], "texture": "#2"},
				"down": {"uv": [1, 0, 0, 0], "texture": "#2"}
			}
		},
		{
			"from": [18, 2.4, 4.2],
			"to": [18.2, 2.7, 4.2],
			"rotation": {"angle": -22.5, "axis": "y", "origin": [0, 0, 0]},
			"faces": {
				"north": {"uv": [11, 9, 12, 10], "texture": "#2"},
				"east": {"uv": [0, 0, 0, 1], "texture": "#2"},
				"south": {"uv": [10, 11, 11, 12], "texture": "#2"},
				"west": {"uv": [0, 0, 0, 1], "texture": "#2"},
				"up": {"uv": [1, 0, 0, 0], "texture": "#2"},
				"down": {"uv": [1, 0, 0, 0], "texture": "#2"}
			}
		},
		{
			"from": [18.1, 2.2, 4.1],
			"to": [18.1, 2.5, 4.3],
			"rotation": {"angle": -22.5, "axis": "y", "origin": [0, 0, 0]},
			"faces": {
				"north": {"uv": [0, 0, 0, 1], "texture": "#2"},
				"east": {"uv": [11, 10, 12, 11], "texture": "#2"},
				"south": {"uv": [0, 0, 0, 1], "texture": "#2"},
				"west": {"uv": [11, 11, 12, 12], "texture": "#2"},
				"up": {"uv": [0, 1, 0, 0], "texture": "#2"},
				"down": {"uv": [0, 0, 0, 1], "texture": "#2"}
			}
		},
		{
			"from": [18, 2.8, 4.2],
			"to": [18.2, 3.1, 4.2],
			"rotation": {"angle": -22.5, "axis": "y", "origin": [0, 0, 0]},
			"faces": {
				"north": {"uv": [6, 12, 7, 13], "texture": "#2"},
				"east": {"uv": [0, 0, 0, 1], "texture": "#2"},
				"south": {"uv": [12, 6, 13, 7], "texture": "#2"},
				"west": {"uv": [0, 0, 0, 1], "texture": "#2"},
				"up": {"uv": [1, 0, 0, 0], "texture": "#2"},
				"down": {"uv": [1, 0, 0, 0], "texture": "#2"}
			}
		},
		{
			"from": [18.1, 2.6, 4.1],
			"to": [18.1, 2.9, 4.3],
			"rotation": {"angle": -22.5, "axis": "y", "origin": [0, 0, 0]},
			"faces": {
				"north": {"uv": [0, 0, 0, 1], "texture": "#2"},
				"east": {"uv": [5, 12, 6, 13], "texture": "#2"},
				"south": {"uv": [0, 0, 0, 1], "texture": "#2"},
				"west": {"uv": [12, 5, 13, 6], "texture": "#2"},
				"up": {"uv": [0, 1, 0, 0], "texture": "#2"},
				"down": {"uv": [0, 0, 0, 1], "texture": "#2"}
			}
		},
		{
			"from": [-4.2, 3.8, 9.9],
			"to": [-4.2, 4.1, 10.1],
			"rotation": {"angle": 22.5, "axis": "y", "origin": [0, 0, 0]},
			"faces": {
				"north": {"uv": [0, 0, 0, 1], "texture": "#2"},
				"east": {"uv": [11, 12, 12, 13], "texture": "#2"},
				"south": {"uv": [0, 0, 0, 1], "texture": "#2"},
				"west": {"uv": [12, 11, 13, 12], "texture": "#2"},
				"up": {"uv": [0, 1, 0, 0], "texture": "#2"},
				"down": {"uv": [0, 0, 0, 1], "texture": "#2"}
			}
		},
		{
			"from": [-4.2, 3, 9.9],
			"to": [-4.2, 3.3, 10.1],
			"rotation": {"angle": 22.5, "axis": "y", "origin": [0, 0, 0]},
			"faces": {
				"north": {"uv": [0, 0, 0, 1], "texture": "#2"},
				"east": {"uv": [12, 12, 13, 13], "texture": "#2"},
				"south": {"uv": [0, 0, 0, 1], "texture": "#2"},
				"west": {"uv": [0, 13, 1, 14], "texture": "#2"},
				"up": {"uv": [0, 1, 0, 0], "texture": "#2"},
				"down": {"uv": [0, 0, 0, 1], "texture": "#2"}
			}
		},
		{
			"from": [-4.3, 3.2, 10],
			"to": [-4.1, 3.5, 10],
			"rotation": {"angle": 22.5, "axis": "y", "origin": [0, 0, 0]},
			"faces": {
				"north": {"uv": [13, 0, 14, 1], "texture": "#2"},
				"east": {"uv": [0, 0, 0, 1], "texture": "#2"},
				"south": {"uv": [1, 13, 2, 14], "texture": "#2"},
				"west": {"uv": [0, 0, 0, 1], "texture": "#2"},
				"up": {"uv": [1, 0, 0, 0], "texture": "#2"},
				"down": {"uv": [1, 0, 0, 0], "texture": "#2"}
			}
		},
		{
			"from": [-4.3, 2.8, 10],
			"to": [-4.1, 3.1, 10],
			"rotation": {"angle": 22.5, "axis": "y", "origin": [0, 0, 0]},
			"faces": {
				"north": {"uv": [13, 0, 14, 1], "texture": "#2"},
				"east": {"uv": [0, 0, 0, 1], "texture": "#2"},
				"south": {"uv": [1, 13, 2, 14], "texture": "#2"},
				"west": {"uv": [0, 0, 0, 1], "texture": "#2"},
				"up": {"uv": [1, 0, 0, 0], "texture": "#2"},
				"down": {"uv": [1, 0, 0, 0], "texture": "#2"}
			}
		},
		{
			"from": [-4.2, 2.6, 9.9],
			"to": [-4.2, 2.9, 10.1],
			"rotation": {"angle": 22.5, "axis": "y", "origin": [0, 0, 0]},
			"faces": {
				"north": {"uv": [0, 0, 0, 1], "texture": "#2"},
				"east": {"uv": [12, 12, 13, 13], "texture": "#2"},
				"south": {"uv": [0, 0, 0, 1], "texture": "#2"},
				"west": {"uv": [0, 13, 1, 14], "texture": "#2"},
				"up": {"uv": [0, 1, 0, 0], "texture": "#2"},
				"down": {"uv": [0, 0, 0, 1], "texture": "#2"}
			}
		},
		{
			"from": [-4.3, 2.4, 10],
			"to": [-4.1, 2.7, 10],
			"rotation": {"angle": 22.5, "axis": "y", "origin": [0, 0, 0]},
			"faces": {
				"north": {"uv": [13, 0, 14, 1], "texture": "#2"},
				"east": {"uv": [0, 0, 0, 1], "texture": "#2"},
				"south": {"uv": [1, 13, 2, 14], "texture": "#2"},
				"west": {"uv": [0, 0, 0, 1], "texture": "#2"},
				"up": {"uv": [1, 0, 0, 0], "texture": "#2"},
				"down": {"uv": [1, 0, 0, 0], "texture": "#2"}
			}
		},
		{
			"from": [-4.2, 2.2, 9.9],
			"to": [-4.2, 2.5, 10.1],
			"rotation": {"angle": 22.5, "axis": "y", "origin": [0, 0, 0]},
			"faces": {
				"north": {"uv": [0, 0, 0, 1], "texture": "#2"},
				"east": {"uv": [12, 12, 13, 13], "texture": "#2"},
				"south": {"uv": [0, 0, 0, 1], "texture": "#2"},
				"west": {"uv": [0, 13, 1, 14], "texture": "#2"},
				"up": {"uv": [0, 1, 0, 0], "texture": "#2"},
				"down": {"uv": [0, 0, 0, 1], "texture": "#2"}
			}
		},
		{
			"from": [-4.2, 3.4, 9.9],
			"to": [-4.2, 3.7, 10.1],
			"rotation": {"angle": 22.5, "axis": "y", "origin": [0, 0, 0]},
			"faces": {
				"north": {"uv": [0, 0, 0, 1], "texture": "#2"},
				"east": {"uv": [13, 1, 14, 2], "texture": "#2"},
				"south": {"uv": [0, 0, 0, 1], "texture": "#2"},
				"west": {"uv": [2, 13, 3, 14], "texture": "#2"},
				"up": {"uv": [0, 1, 0, 0], "texture": "#2"},
				"down": {"uv": [0, 0, 0, 1], "texture": "#2"}
			}
		},
		{
			"from": [-4.3, 3.6, 10],
			"to": [-4.1, 3.9, 10],
			"rotation": {"angle": 22.5, "axis": "y", "origin": [0, 0, 0]},
			"faces": {
				"north": {"uv": [13, 2, 14, 3], "texture": "#2"},
				"east": {"uv": [0, 0, 0, 1], "texture": "#2"},
				"south": {"uv": [3, 13, 4, 14], "texture": "#2"},
				"west": {"uv": [0, 0, 0, 1], "texture": "#2"},
				"up": {"uv": [1, 0, 0, 0], "texture": "#2"},
				"down": {"uv": [1, 0, 0, 0], "texture": "#2"}
			}
		},
		{
			"from": [-4.1, 1.8, 10],
			"to": [-4, 2.2, 10],
			"rotation": {"angle": 22.5, "axis": "y", "origin": [0, 0, 0]},
			"faces": {
				"north": {"uv": [7, 12, 8, 13], "texture": "#2"},
				"east": {"uv": [0, 0, 0, 1], "texture": "#2", "tintindex": 0},
				"south": {"uv": [12, 7, 13, 8], "texture": "#2"},
				"west": {"uv": [0, 0, 0, 1], "texture": "#2", "tintindex": 0},
				"up": {"uv": [1, 0, 0, 0], "texture": "#2", "tintindex": 0},
				"down": {"uv": [1, 0, 0, 0], "texture": "#2", "tintindex": 0}
			}
		},
		{
			"from": [-4.3, 1.7, 10],
			"to": [-4.1, 1.8, 10],
			"rotation": {"angle": 22.5, "axis": "y", "origin": [0, 0, 0]},
			"faces": {
				"north": {"uv": [8, 12, 9, 13], "texture": "#2"},
				"east": {"uv": [0, 0, 0, 1], "texture": "#2", "tintindex": 0},
				"south": {"uv": [12, 8, 13, 9], "texture": "#2"},
				"west": {"uv": [0, 0, 0, 1], "texture": "#2", "tintindex": 0},
				"up": {"uv": [1, 0, 0, 0], "texture": "#2", "tintindex": 0},
				"down": {"uv": [1, 0, 0, 0], "texture": "#2", "tintindex": 0}
			}
		},
		{
			"from": [-4.4, 1.8, 10],
			"to": [-4.3, 2.2, 10],
			"rotation": {"angle": 22.5, "axis": "y", "origin": [0, 0, 0]},
			"faces": {
				"north": {"uv": [9, 12, 10, 13], "texture": "#2"},
				"east": {"uv": [0, 0, 0, 1], "texture": "#2", "tintindex": 0},
				"south": {"uv": [12, 9, 13, 10], "texture": "#2"},
				"west": {"uv": [0, 0, 0, 1], "texture": "#2", "tintindex": 0},
				"up": {"uv": [1, 0, 0, 0], "texture": "#2", "tintindex": 0},
				"down": {"uv": [1, 0, 0, 0], "texture": "#2", "tintindex": 0}
			}
		},
		{
			"from": [-4.3, 1.8, 10],
			"to": [-4.1, 2.3, 10],
			"rotation": {"angle": 22.5, "axis": "y", "origin": [0, 0, 0]},
			"faces": {
				"north": {"uv": [10, 12, 11, 13], "texture": "#2"},
				"east": {"uv": [0, 0, 0, 1], "texture": "#2", "tintindex": 0},
				"south": {"uv": [12, 10, 13, 11], "texture": "#2"},
				"west": {"uv": [0, 0, 0, 1], "texture": "#2", "tintindex": 0},
				"up": {"uv": [1, 0, 0, 0], "texture": "#2", "tintindex": 0},
				"down": {"uv": [1, 0, 0, 0], "texture": "#2", "tintindex": 0}
			}
		},
		{
			"from": [2, -0.5, 8.1],
			"to": [2, 0, 8.3],
			"faces": {
				"north": {"uv": [0, 0, 0, 1], "texture": "#2"},
				"east": {"uv": [11, 4, 12, 5], "texture": "#2"},
				"south": {"uv": [0, 0, 0, 1], "texture": "#2", "tintindex": 0},
				"west": {"uv": [5, 11, 6, 12], "texture": "#2"},
				"up": {"uv": [0, 1, 0, 0], "texture": "#2", "tintindex": 0},
				"down": {"uv": [0, 0, 0, 1], "texture": "#2", "tintindex": 0}
			}
		},
		{
			"from": [2, -0.5, 8.3],
			"to": [2, -0.1, 8.4],
			"faces": {
				"north": {"uv": [0, 0, 0, 1], "texture": "#2"},
				"east": {"uv": [5, 10, 6, 11], "texture": "#2"},
				"south": {"uv": [0, 0, 0, 1], "texture": "#2", "tintindex": 0},
				"west": {"uv": [10, 5, 11, 6], "texture": "#2"},
				"up": {"uv": [0, 1, 0, 0], "texture": "#2", "tintindex": 0},
				"down": {"uv": [0, 0, 0, 1], "texture": "#2", "tintindex": 0}
			}
		},
		{
			"from": [2, -0.6, 8.1],
			"to": [2, -0.5, 8.3],
			"faces": {
				"north": {"uv": [0, 0, 0, 1], "texture": "#2"},
				"east": {"uv": [11, 3, 12, 4], "texture": "#2"},
				"south": {"uv": [0, 0, 0, 1], "texture": "#2", "tintindex": 0},
				"west": {"uv": [4, 11, 5, 12], "texture": "#2"},
				"up": {"uv": [0, 1, 0, 0], "texture": "#2", "tintindex": 0},
				"down": {"uv": [0, 0, 0, 1], "texture": "#2", "tintindex": 0}
			}
		},
		{
			"from": [2, -0.5, 8],
			"to": [2, -0.1, 8.1],
			"faces": {
				"north": {"uv": [0, 0, 0, 1], "texture": "#2"},
				"east": {"uv": [11, 2, 12, 3], "texture": "#2"},
				"south": {"uv": [0, 0, 0, 1], "texture": "#2", "tintindex": 0},
				"west": {"uv": [3, 11, 4, 12], "texture": "#2"},
				"up": {"uv": [0, 1, 0, 0], "texture": "#2", "tintindex": 0},
				"down": {"uv": [0, 0, 0, 1], "texture": "#2", "tintindex": 0}
			}
		},
		{
			"from": [-6.2, 2.4, 10],
			"to": [-6.1, 2.8, 10],
			"rotation": {"angle": 22.5, "axis": "y", "origin": [0, 0, 0]},
			"faces": {
				"north": {"uv": [0, 8, 1, 9], "texture": "#2"},
				"east": {"uv": [0, 0, 0, 1], "texture": "#2", "tintindex": 0},
				"south": {"uv": [8, 0, 9, 1], "texture": "#2"},
				"west": {"uv": [0, 0, 0, 1], "texture": "#2", "tintindex": 0},
				"up": {"uv": [1, 0, 0, 0], "texture": "#2", "tintindex": 0},
				"down": {"uv": [1, 0, 0, 0], "texture": "#2", "tintindex": 0}
			}
		},
		{
			"from": [-6.4, 2.4, 10],
			"to": [-6.2, 2.9, 10],
			"rotation": {"angle": 22.5, "axis": "y", "origin": [0, 0, 0]},
			"faces": {
				"north": {"uv": [7, 6, 8, 7], "texture": "#2"},
				"east": {"uv": [0, 0, 0, 1], "texture": "#2", "tintindex": 0},
				"south": {"uv": [7, 7, 8, 8], "texture": "#2"},
				"west": {"uv": [0, 0, 0, 1], "texture": "#2", "tintindex": 0},
				"up": {"uv": [1, 0, 0, 0], "texture": "#2", "tintindex": 0},
				"down": {"uv": [1, 0, 0, 0], "texture": "#2", "tintindex": 0}
			}
		},
		{
			"from": [-6.5, 2.4, 10],
			"to": [-6.4, 2.8, 10],
			"rotation": {"angle": 22.5, "axis": "y", "origin": [0, 0, 0]},
			"faces": {
				"north": {"uv": [7, 4, 8, 5], "texture": "#2"},
				"east": {"uv": [0, 0, 0, 1], "texture": "#2", "tintindex": 0},
				"south": {"uv": [5, 7, 6, 8], "texture": "#2"},
				"west": {"uv": [0, 0, 0, 1], "texture": "#2", "tintindex": 0},
				"up": {"uv": [1, 0, 0, 0], "texture": "#2", "tintindex": 0},
				"down": {"uv": [1, 0, 0, 0], "texture": "#2", "tintindex": 0}
			}
		},
		{
			"from": [-6.4, 2.3, 10],
			"to": [-6.2, 2.4, 10],
			"rotation": {"angle": 22.5, "axis": "y", "origin": [0, 0, 0]},
			"faces": {
				"north": {"uv": [7, 5, 8, 6], "texture": "#2"},
				"east": {"uv": [0, 0, 0, 1], "texture": "#2", "tintindex": 0},
				"south": {"uv": [6, 7, 7, 8], "texture": "#2"},
				"west": {"uv": [0, 0, 0, 1], "texture": "#2", "tintindex": 0},
				"up": {"uv": [1, 0, 0, 0], "texture": "#2", "tintindex": 0},
				"down": {"uv": [1, 0, 0, 0], "texture": "#2", "tintindex": 0}
			}
		},
		{
			"from": [-7.6, 4, 10],
			"to": [-7.4, 4.1, 10],
			"rotation": {"angle": 22.5, "axis": "y", "origin": [0, 0, 0]},
			"faces": {
				"north": {"uv": [3, 2, 4, 3], "texture": "#2"},
				"east": {"uv": [0, 0, 0, 1], "texture": "#2", "tintindex": 0},
				"south": {"uv": [3, 3, 4, 4], "texture": "#2"},
				"west": {"uv": [0, 0, 0, 1], "texture": "#2", "tintindex": 0},
				"up": {"uv": [1, 0, 0, 0], "texture": "#2", "tintindex": 0},
				"down": {"uv": [1, 0, 0, 0], "texture": "#2", "tintindex": 0}
			}
		},
		{
			"from": [-7.6, 4.1, 10],
			"to": [-7.4, 4.6, 10],
			"rotation": {"angle": 22.5, "axis": "y", "origin": [0, 0, 0]},
			"faces": {
				"north": {"uv": [3, 0, 4, 1], "texture": "#2"},
				"east": {"uv": [0, 0, 0, 1], "texture": "#2", "tintindex": 0},
				"south": {"uv": [1, 3, 2, 4], "texture": "#2"},
				"west": {"uv": [0, 0, 0, 1], "texture": "#2", "tintindex": 0},
				"up": {"uv": [1, 0, 0, 0], "texture": "#2", "tintindex": 0},
				"down": {"uv": [1, 0, 0, 0], "texture": "#2", "tintindex": 0}
			}
		},
		{
			"from": [-7.7, 4.1, 10],
			"to": [-7.6, 4.5, 10],
			"rotation": {"angle": 22.5, "axis": "y", "origin": [0, 0, 0]},
			"faces": {
				"north": {"uv": [3, 1, 4, 2], "texture": "#2"},
				"east": {"uv": [0, 0, 0, 1], "texture": "#2", "tintindex": 0},
				"south": {"uv": [2, 3, 3, 4], "texture": "#2"},
				"west": {"uv": [0, 0, 0, 1], "texture": "#2", "tintindex": 0},
				"up": {"uv": [1, 0, 0, 0], "texture": "#2", "tintindex": 0},
				"down": {"uv": [1, 0, 0, 0], "texture": "#2", "tintindex": 0}
			}
		},
		{
			"from": [-7.4, 4.1, 10],
			"to": [-7.3, 4.5, 10],
			"rotation": {"angle": 22.5, "axis": "y", "origin": [0, 0, 0]},
			"faces": {
				"north": {"uv": [0, 4, 1, 5], "texture": "#2"},
				"east": {"uv": [0, 0, 0, 1], "texture": "#2", "tintindex": 0},
				"south": {"uv": [4, 0, 5, 1], "texture": "#2"},
				"west": {"uv": [0, 0, 0, 1], "texture": "#2", "tintindex": 0},
				"up": {"uv": [1, 0, 0, 0], "texture": "#2", "tintindex": 0},
				"down": {"uv": [1, 0, 0, 0], "texture": "#2", "tintindex": 0}
			}
		},
		{
			"from": [13, -0.5, 8.3],
			"to": [13, -0.1, 8.4],
			"faces": {
				"north": {"uv": [0, 0, 0, 1], "texture": "#2"},
				"east": {"uv": [4, 10, 5, 11], "texture": "#2"},
				"south": {"uv": [0, 0, 0, 1], "texture": "#2", "tintindex": 0},
				"west": {"uv": [10, 4, 11, 5], "texture": "#2"},
				"up": {"uv": [0, 1, 0, 0], "texture": "#2", "tintindex": 0},
				"down": {"uv": [0, 0, 0, 1], "texture": "#2", "tintindex": 0}
			}
		},
		{
			"from": [13, -0.5, 8.1],
			"to": [13, 0, 8.3],
			"faces": {
				"north": {"uv": [0, 0, 0, 1], "texture": "#2"},
				"east": {"uv": [0, 10, 1, 11], "texture": "#2"},
				"south": {"uv": [0, 0, 0, 1], "texture": "#2", "tintindex": 0},
				"west": {"uv": [10, 0, 11, 1], "texture": "#2"},
				"up": {"uv": [0, 1, 0, 0], "texture": "#2", "tintindex": 0},
				"down": {"uv": [0, 0, 0, 1], "texture": "#2", "tintindex": 0}
			}
		},
		{
			"from": [13, -0.5, 8],
			"to": [13, -0.1, 8.1],
			"faces": {
				"north": {"uv": [0, 0, 0, 1], "texture": "#2"},
				"east": {"uv": [2, 10, 3, 11], "texture": "#2"},
				"south": {"uv": [0, 0, 0, 1], "texture": "#2", "tintindex": 0},
				"west": {"uv": [10, 2, 11, 3], "texture": "#2"},
				"up": {"uv": [0, 1, 0, 0], "texture": "#2", "tintindex": 0},
				"down": {"uv": [0, 0, 0, 1], "texture": "#2", "tintindex": 0}
			}
		},
		{
			"from": [13, -0.6, 8.1],
			"to": [13, -0.5, 8.3],
			"faces": {
				"north": {"uv": [0, 0, 0, 1], "texture": "#2"},
				"east": {"uv": [1, 10, 2, 11], "texture": "#2"},
				"south": {"uv": [0, 0, 0, 1], "texture": "#2", "tintindex": 0},
				"west": {"uv": [10, 1, 11, 2], "texture": "#2"},
				"up": {"uv": [0, 1, 0, 0], "texture": "#2", "tintindex": 0},
				"down": {"uv": [0, 0, 0, 1], "texture": "#2", "tintindex": 0}
			}
		},
		{
			"from": [21.2, 4.1, 4.2],
			"to": [21.3, 4.5, 4.2],
			"rotation": {"angle": -22.5, "axis": "y", "origin": [0, 0, 0]},
			"faces": {
				"north": {"uv": [4, 4, 5, 5], "texture": "#2"},
				"east": {"uv": [0, 0, 0, 1], "texture": "#2", "tintindex": 0},
				"south": {"uv": [0, 5, 1, 6], "texture": "#2", "tintindex": 0},
				"west": {"uv": [0, 0, 0, 1], "texture": "#2", "tintindex": 0},
				"up": {"uv": [1, 0, 0, 0], "texture": "#2", "tintindex": 0},
				"down": {"uv": [1, 0, 0, 0], "texture": "#2", "tintindex": 0}
			}
		},
		{
			"from": [21.3, 4.1, 4.2],
			"to": [21.5, 4.6, 4.2],
			"rotation": {"angle": -22.5, "axis": "y", "origin": [0, 0, 0]},
			"faces": {
				"north": {"uv": [5, 2, 6, 3], "texture": "#2"},
				"east": {"uv": [0, 0, 0, 1], "texture": "#2", "tintindex": 0},
				"south": {"uv": [3, 5, 4, 6], "texture": "#2", "tintindex": 0},
				"west": {"uv": [0, 0, 0, 1], "texture": "#2", "tintindex": 0},
				"up": {"uv": [1, 0, 0, 0], "texture": "#2", "tintindex": 0},
				"down": {"uv": [1, 0, 0, 0], "texture": "#2", "tintindex": 0}
			}
		},
		{
			"from": [21.5, 4.1, 4.2],
			"to": [21.6, 4.5, 4.2],
			"rotation": {"angle": -22.5, "axis": "y", "origin": [0, 0, 0]},
			"faces": {
				"north": {"uv": [5, 1, 6, 2], "texture": "#2"},
				"east": {"uv": [0, 0, 0, 1], "texture": "#2", "tintindex": 0},
				"south": {"uv": [2, 5, 3, 6], "texture": "#2", "tintindex": 0},
				"west": {"uv": [0, 0, 0, 1], "texture": "#2", "tintindex": 0},
				"up": {"uv": [1, 0, 0, 0], "texture": "#2", "tintindex": 0},
				"down": {"uv": [1, 0, 0, 0], "texture": "#2", "tintindex": 0}
			}
		},
		{
			"from": [21.3, 4, 4.2],
			"to": [21.5, 4.1, 4.2],
			"rotation": {"angle": -22.5, "axis": "y", "origin": [0, 0, 0]},
			"faces": {
				"north": {"uv": [5, 0, 6, 1], "texture": "#2"},
				"east": {"uv": [0, 0, 0, 1], "texture": "#2", "tintindex": 0},
				"south": {"uv": [1, 5, 2, 6], "texture": "#2", "tintindex": 0},
				"west": {"uv": [0, 0, 0, 1], "texture": "#2", "tintindex": 0},
				"up": {"uv": [1, 0, 0, 0], "texture": "#2", "tintindex": 0},
				"down": {"uv": [1, 0, 0, 0], "texture": "#2", "tintindex": 0}
			}
		},
		{
			"from": [20.3, 2.4, 4.2],
			"to": [20.4, 2.8, 4.2],
			"rotation": {"angle": -22.5, "axis": "y", "origin": [0, 0, 0]},
			"faces": {
				"north": {"uv": [7, 3, 8, 4], "texture": "#2"},
				"east": {"uv": [0, 0, 0, 1], "texture": "#2", "tintindex": 0},
				"south": {"uv": [4, 7, 5, 8], "texture": "#2", "tintindex": 0},
				"west": {"uv": [0, 0, 0, 1], "texture": "#2", "tintindex": 0},
				"up": {"uv": [1, 0, 0, 0], "texture": "#2", "tintindex": 0},
				"down": {"uv": [1, 0, 0, 0], "texture": "#2", "tintindex": 0}
			}
		},
		{
			"from": [20.1, 2.4, 4.2],
			"to": [20.3, 2.9, 4.2],
			"rotation": {"angle": -22.5, "axis": "y", "origin": [0, 0, 0]},
			"faces": {
				"north": {"uv": [7, 1, 8, 2], "texture": "#2"},
				"east": {"uv": [0, 0, 0, 1], "texture": "#2", "tintindex": 0},
				"south": {"uv": [2, 7, 3, 8], "texture": "#2", "tintindex": 0},
				"west": {"uv": [0, 0, 0, 1], "texture": "#2", "tintindex": 0},
				"up": {"uv": [1, 0, 0, 0], "texture": "#2", "tintindex": 0},
				"down": {"uv": [1, 0, 0, 0], "texture": "#2", "tintindex": 0}
			}
		},
		{
			"from": [20, 2.4, 4.2],
			"to": [20.1, 2.8, 4.2],
			"rotation": {"angle": -22.5, "axis": "y", "origin": [0, 0, 0]},
			"faces": {
				"north": {"uv": [7, 0, 8, 1], "texture": "#2"},
				"east": {"uv": [0, 0, 0, 1], "texture": "#2", "tintindex": 0},
				"south": {"uv": [1, 7, 2, 8], "texture": "#2", "tintindex": 0},
				"west": {"uv": [0, 0, 0, 1], "texture": "#2", "tintindex": 0},
				"up": {"uv": [1, 0, 0, 0], "texture": "#2", "tintindex": 0},
				"down": {"uv": [1, 0, 0, 0], "texture": "#2", "tintindex": 0}
			}
		},
		{
			"from": [20.1, 2.3, 4.2],
			"to": [20.3, 2.4, 4.2],
			"rotation": {"angle": -22.5, "axis": "y", "origin": [0, 0, 0]},
			"faces": {
				"north": {"uv": [7, 2, 8, 3], "texture": "#2"},
				"east": {"uv": [0, 0, 0, 1], "texture": "#2", "tintindex": 0},
				"south": {"uv": [3, 7, 4, 8], "texture": "#2", "tintindex": 0},
				"west": {"uv": [0, 0, 0, 1], "texture": "#2", "tintindex": 0},
				"up": {"uv": [1, 0, 0, 0], "texture": "#2", "tintindex": 0},
				"down": {"uv": [1, 0, 0, 0], "texture": "#2", "tintindex": 0}
			}
		},
		{
			"from": [18.2, 1.8, 4.2],
			"to": [18.3, 2.2, 4.2],
			"rotation": {"angle": -22.5, "axis": "y", "origin": [0, 0, 0]},
			"faces": {
				"north": {"uv": [2, 12, 3, 13], "texture": "#2"},
				"east": {"uv": [0, 0, 0, 1], "texture": "#2", "tintindex": 0},
				"south": {"uv": [12, 2, 13, 3], "texture": "#2", "tintindex": 0},
				"west": {"uv": [0, 0, 0, 1], "texture": "#2", "tintindex": 0},
				"up": {"uv": [1, 0, 0, 0], "texture": "#2", "tintindex": 0},
				"down": {"uv": [1, 0, 0, 0], "texture": "#2", "tintindex": 0}
			}
		},
		{
			"from": [18, 1.8, 4.2],
			"to": [18.2, 2.3, 4.2],
			"rotation": {"angle": -22.5, "axis": "y", "origin": [0, 0, 0]},
			"faces": {
				"north": {"uv": [3, 12, 4, 13], "texture": "#2"},
				"east": {"uv": [0, 0, 0, 1], "texture": "#2", "tintindex": 0},
				"south": {"uv": [12, 3, 13, 4], "texture": "#2", "tintindex": 0},
				"west": {"uv": [0, 0, 0, 1], "texture": "#2", "tintindex": 0},
				"up": {"uv": [1, 0, 0, 0], "texture": "#2", "tintindex": 0},
				"down": {"uv": [1, 0, 0, 0], "texture": "#2", "tintindex": 0}
			}
		},
		{
			"from": [17.9, 1.8, 4.2],
			"to": [18, 2.2, 4.2],
			"rotation": {"angle": -22.5, "axis": "y", "origin": [0, 0, 0]},
			"faces": {
				"north": {"uv": [0, 12, 1, 13], "texture": "#2"},
				"east": {"uv": [0, 0, 0, 1], "texture": "#2", "tintindex": 0},
				"south": {"uv": [12, 0, 13, 1], "texture": "#2", "tintindex": 0},
				"west": {"uv": [0, 0, 0, 1], "texture": "#2", "tintindex": 0},
				"up": {"uv": [1, 0, 0, 0], "texture": "#2", "tintindex": 0},
				"down": {"uv": [1, 0, 0, 0], "texture": "#2", "tintindex": 0}
			}
		},
		{
			"from": [18, 1.7, 4.2],
			"to": [18.2, 1.8, 4.2],
			"rotation": {"angle": -22.5, "axis": "y", "origin": [0, 0, 0]},
			"faces": {
				"north": {"uv": [1, 12, 2, 13], "texture": "#2"},
				"east": {"uv": [0, 0, 0, 1], "texture": "#2", "tintindex": 0},
				"south": {"uv": [12, 1, 13, 2], "texture": "#2", "tintindex": 0},
				"west": {"uv": [0, 0, 0, 1], "texture": "#2", "tintindex": 0},
				"up": {"uv": [1, 0, 0, 0], "texture": "#2", "tintindex": 0},
				"down": {"uv": [1, 0, 0, 0], "texture": "#2", "tintindex": 0}
			}
		}
	],
	"display": {
		"thirdperson_righthand": {
			"rotation": [90, 0, 0],
			"translation": [0, 1.5, 3],
			"scale": [0.5, 0.5, 0.5]
		},
		"thirdperson_lefthand": {
			"rotation": [90, 0, 0],
			"translation": [0, 1.5, 3],
			"scale": [0.5, 0.5, 0.5]
		},
		"ground": {
			"translation": [0, 5.75, 0],
			"scale": [0.8, 0.8, 0.8]
		},
		"gui": {
			"rotation": [-15, -169, 0],
			"translation": [0, 3, 0],
			"scale": [0.67, 0.67, 0.67]
		},
		"head": {
			"translation": [0.75, 10.5, -0.5],
			"scale": [1.3, 1.1543, 1.1543]
		}
	},
	"groups": [
		{
			"name": "base",
			"origin": [0, 0, 0],
			"color": 0,
			"children": [0, 1, 2, 3, 4, 5, 6, 7, 8, 9, 10, 11, 12, 13]
		},
		{
			"name": "antlers",
			"origin": [0, 0, 0],
			"color": 0,
			"children": [
				14,
				15,
				16,
				17,
				18,
				19,
				20,
				21,
				22,
				23,
				24,
				25,
				26,
				27,
				28,
				29,
				30,
				31,
				32,
				33,
				34,
				35,
				36,
				37,
				38,
				39,
				40,
				41,
				42,
				43,
				44,
				45,
				46,
				47,
				48,
				49,
				50,
				51,
				52,
				53,
				54,
				55,
				56,
				57,
				58,
				59,
				60,
				61
			]
		},
		{
			"name": "flowers",
			"origin": [0, -1.9, -0.3],
			"color": 0,
			"children": [62, 63, 64, 65, 66, 67, 68, 69, 70, 71, 72, 73, 74, 75, 76, 77, 78, 79, 80, 81, 82, 83, 84, 85, 86, 87, 88, 89, 90, 91]
		},
		{
			"name": "chains",
			"origin": [8, 8, 8],
			"color": 0,
			"children": [
				92,
				93,
				94,
				95,
				96,
				97,
				98,
				99,
				100,
				101,
				102,
				103,
				104,
				105,
				106,
				107,
				108,
				109,
				110,
				111,
				112,
				113,
				114,
				115,
				116,
				117,
				118,
				119,
				120,
				121,
				122,
				123,
				124,
				125,
				126,
				127,
				128,
				129,
				130,
				131,
				132,
				133,
				134,
				135,
				136,
				137,
				138,
				139,
				140,
				141,
				142,
				143,
				144,
				145,
				146,
				147,
				148,
				149,
				150,
				151,
				152,
				153,
				154,
				155,
				156,
				157,
				158,
				159,
				160,
				161,
				162,
				163
			]
		},
		{
			"name": "gems",
			"origin": [0, 0, 0],
			"color": 0,
			"children": [164, 165, 166, 167, 168, 169, 170, 171, 172, 173, 174, 175, 176, 177, 178, 179, 180, 181, 182, 183, 184, 185, 186, 187, 188, 189, 190, 191, 192, 193, 194, 195]
		}
	]
}