{
	"credit": "Made with Blockbench",
	"textures": {
		"0": "mctc:hats/fox_berries",
		"1": "mctc:hats/fox_ears",
		"2": "mctc:hats/fox_backs",
		"particle": "mctc:hats/fox_berries"
	},
	"elements": [
		{
			"from": [10, 0, 3],
			"to": [11, 1, 4],
			"faces": {
				"north": {"uv": [4, 8, 5, 9], "texture": "#1"},
				"east": {"uv": [8, 4, 9, 5], "texture": "#1"},
				"south": {"uv": [5, 8, 6, 9], "texture": "#1"},
				"west": {"uv": [8, 5, 9, 6], "texture": "#1"},
				"up": {"uv": [7, 9, 6, 8], "texture": "#1"},
				"down": {"uv": [9, 6, 8, 7], "texture": "#1"}
			}
		},
		{
			"from": [10, 1, 3],
			"to": [11, 2, 4],
			"faces": {
				"north": {"uv": [1, 8, 2, 9], "texture": "#1"},
				"east": {"uv": [8, 1, 9, 2], "texture": "#1"},
				"south": {"uv": [2, 8, 3, 9], "texture": "#1"},
				"west": {"uv": [8, 2, 9, 3], "texture": "#1"},
				"up": {"uv": [4, 9, 3, 8], "texture": "#1"},
				"down": {"uv": [9, 3, 8, 4], "texture": "#1"}
			}
		},
		{
			"from": [11, 2.3, 3],
			"to": [12, 3.2, 4],
			"faces": {
				"north": {"uv": [3, 6, 4, 7], "texture": "#1"},
				"east": {"uv": [6, 3, 7, 4], "texture": "#1"},
				"south": {"uv": [4, 6, 5, 7], "texture": "#1"},
				"west": {"uv": [6, 4, 7, 5], "texture": "#1"},
				"up": {"uv": [6, 7, 5, 6], "texture": "#1"},
				"down": {"uv": [7, 5, 6, 6], "texture": "#1"}
			}
		},
		{
			"from": [12, 2.5, 3],
			"to": [13, 3.7, 4],
			"faces": {
				"north": {"uv": [6, 6, 7, 7], "texture": "#1"},
				"east": {"uv": [0, 7, 1, 8], "texture": "#1"},
				"south": {"uv": [7, 0, 8, 1], "texture": "#1"},
				"west": {"uv": [1, 7, 2, 8], "texture": "#1"},
				"up": {"uv": [8, 2, 7, 1], "texture": "#1"},
				"down": {"uv": [3, 7, 2, 8], "texture": "#1"}
			}
		},
		{
			"from": [13, 2, 3],
			"to": [14, 2.8, 4],
			"faces": {
				"north": {"uv": [0, 0, 1, 1], "texture": "#1"},
				"east": {"uv": [0, 1, 1, 2], "texture": "#1"},
				"south": {"uv": [1, 0, 2, 1], "texture": "#1"},
				"west": {"uv": [1, 1, 2, 2], "texture": "#1"},
				"up": {"uv": [1, 3, 0, 2], "texture": "#1"},
				"down": {"uv": [3, 0, 2, 1], "texture": "#1"}
			}
		},
		{
			"from": [10.4, 2, 3],
			"to": [11, 2.8, 4],
			"faces": {
				"north": {"uv": [7, 2, 8, 3], "texture": "#1"},
				"east": {"uv": [3, 7, 4, 8], "texture": "#1"},
				"south": {"uv": [7, 3, 8, 4], "texture": "#1"},
				"west": {"uv": [4, 7, 5, 8], "texture": "#1"},
				"up": {"uv": [8, 5, 7, 4], "texture": "#1"},
				"down": {"uv": [6, 7, 5, 8], "texture": "#1"}
			}
		},
		{
			"from": [10.2, 2, 3],
			"to": [10.4, 2.6, 4],
			"faces": {
				"north": {"uv": [7, 5, 8, 6], "texture": "#1"},
				"east": {"uv": [6, 7, 7, 8], "texture": "#1"},
				"south": {"uv": [7, 6, 8, 7], "texture": "#1"},
				"west": {"uv": [7, 7, 8, 8], "texture": "#1"},
				"up": {"uv": [1, 9, 0, 8], "texture": "#1"},
				"down": {"uv": [9, 0, 8, 1], "texture": "#1"}
			}
		},
		{
			"from": [5, 2, 3],
			"to": [5.6, 2.8, 4],
			"rotation": {"angle": 0, "axis": "y", "origin": [16, 0, 0]},
			"faces": {
				"north": {"uv": [9, 4, 10, 5], "texture": "#1"},
				"east": {"uv": [5, 9, 6, 10], "texture": "#1"},
				"south": {"uv": [9, 5, 10, 6], "texture": "#1"},
				"west": {"uv": [6, 9, 7, 10], "texture": "#1"},
				"up": {"uv": [10, 7, 9, 6], "texture": "#1"},
				"down": {"uv": [8, 9, 7, 10], "texture": "#1"}
			}
		},
		{
			"from": [5.6, 2, 3],
			"to": [5.8, 2.6, 4],
			"rotation": {"angle": 0, "axis": "y", "origin": [16, 0, 0]},
			"faces": {
				"north": {"uv": [9, 7, 10, 8], "texture": "#1"},
				"east": {"uv": [8, 9, 9, 10], "texture": "#1"},
				"south": {"uv": [9, 8, 10, 9], "texture": "#1"},
				"west": {"uv": [9, 9, 10, 10], "texture": "#1"},
				"up": {"uv": [1, 11, 0, 10], "texture": "#1"},
				"down": {"uv": [11, 0, 10, 1], "texture": "#1"}
			}
		},
		{
			"from": [13, 1, 3],
			"to": [14, 2, 4],
			"faces": {
				"north": {"uv": [1, 2, 2, 3], "texture": "#1"},
				"east": {"uv": [2, 1, 3, 2], "texture": "#1"},
				"south": {"uv": [2, 2, 3, 3], "texture": "#1"},
				"west": {"uv": [0, 3, 1, 4], "texture": "#1"},
				"up": {"uv": [4, 1, 3, 0], "texture": "#1"},
				"down": {"uv": [2, 3, 1, 4], "texture": "#1"}
			}
		},
		{
			"from": [13, 0, 3],
			"to": [14, 1, 4],
			"faces": {
				"north": {"uv": [3, 1, 4, 2], "texture": "#1"},
				"east": {"uv": [2, 3, 3, 4], "texture": "#1"},
				"south": {"uv": [3, 2, 4, 3], "texture": "#1"},
				"west": {"uv": [3, 3, 4, 4], "texture": "#1"},
				"up": {"uv": [1, 5, 0, 4], "texture": "#1"},
				"down": {"uv": [5, 0, 4, 1], "texture": "#1"}
			}
		},
		{
			"from": [12, 0, 3.6],
			"to": [13, 1, 4],
			"faces": {
				"north": {"uv": [1, 4, 2, 5], "texture": "#1"},
				"east": {"uv": [4, 1, 5, 2], "texture": "#1"},
				"south": {"uv": [2, 4, 3, 5], "texture": "#1"},
				"west": {"uv": [4, 2, 5, 3], "texture": "#1"},
				"up": {"uv": [4, 5, 3, 4], "texture": "#1"},
				"down": {"uv": [5, 3, 4, 4], "texture": "#1"}
			}
		},
		{
			"from": [11, 0, 3.6],
			"to": [12, 1, 4],
			"faces": {
				"north": {"uv": [5, 2, 6, 3], "texture": "#1"},
				"east": {"uv": [3, 5, 4, 6], "texture": "#1"},
				"south": {"uv": [5, 3, 6, 4], "texture": "#1"},
				"west": {"uv": [4, 5, 5, 6], "texture": "#1"},
				"up": {"uv": [6, 5, 5, 4], "texture": "#1"},
				"down": {"uv": [6, 5, 5, 6], "texture": "#1"}
			}
		},
		{
			"from": [11, 1, 3.6],
			"to": [12, 2.4, 4],
			"faces": {
				"north": {"uv": [4, 4, 5, 5], "texture": "#1"},
				"east": {"uv": [0, 5, 1, 6], "texture": "#1"},
				"south": {"uv": [5, 0, 6, 1], "texture": "#1"},
				"west": {"uv": [1, 5, 2, 6], "texture": "#1"},
				"up": {"uv": [6, 2, 5, 1], "texture": "#1"},
				"down": {"uv": [3, 5, 2, 6], "texture": "#1"}
			}
		},
		{
			"from": [12, 1, 3.6],
			"to": [13, 2.5, 4],
			"faces": {
				"north": {"uv": [0, 6, 1, 7], "texture": "#1"},
				"east": {"uv": [6, 0, 7, 1], "texture": "#1"},
				"south": {"uv": [1, 6, 2, 7], "texture": "#1"},
				"west": {"uv": [6, 1, 7, 2], "texture": "#1"},
				"up": {"uv": [3, 7, 2, 6], "texture": "#1"},
				"down": {"uv": [7, 2, 6, 3], "texture": "#1"}
			}
		},
		{
			"from": [2, 1, 3],
			"to": [3, 2, 4],
			"rotation": {"angle": 0, "axis": "y", "origin": [16, 0, 0]},
			"faces": {
				"north": {"uv": [0, 12, 1, 13], "texture": "#1"},
				"east": {"uv": [12, 0, 13, 1], "texture": "#1"},
				"south": {"uv": [1, 12, 2, 13], "texture": "#1"},
				"west": {"uv": [12, 1, 13, 2], "texture": "#1"},
				"up": {"uv": [3, 13, 2, 12], "texture": "#1"},
				"down": {"uv": [13, 2, 12, 3], "texture": "#1"}
			}
		},
		{
			"from": [2, 0, 3],
			"to": [3, 1, 4],
			"rotation": {"angle": 0, "axis": "y", "origin": [16, 0, 0]},
			"faces": {
				"north": {"uv": [3, 12, 4, 13], "texture": "#1"},
				"east": {"uv": [12, 3, 13, 4], "texture": "#1"},
				"south": {"uv": [4, 12, 5, 13], "texture": "#1"},
				"west": {"uv": [12, 4, 13, 5], "texture": "#1"},
				"up": {"uv": [6, 13, 5, 12], "texture": "#1"},
				"down": {"uv": [13, 5, 12, 6], "texture": "#1"}
			}
		},
		{
			"from": [3, 0, 3.6],
			"to": [4, 1, 4],
			"rotation": {"angle": 0, "axis": "y", "origin": [16, 0, 0]},
			"faces": {
				"north": {"uv": [10, 10, 11, 11], "texture": "#1"},
				"east": {"uv": [0, 11, 1, 12], "texture": "#1"},
				"south": {"uv": [11, 0, 12, 1], "texture": "#1"},
				"west": {"uv": [1, 11, 2, 12], "texture": "#1"},
				"up": {"uv": [12, 2, 11, 1], "texture": "#1"},
				"down": {"uv": [3, 11, 2, 12], "texture": "#1"}
			}
		},
		{
			"from": [3, 1, 3.6],
			"to": [4, 2.6, 4],
			"rotation": {"angle": 0, "axis": "y", "origin": [16, 0, 0]},
			"faces": {
				"north": {"uv": [11, 2, 12, 3], "texture": "#1"},
				"east": {"uv": [3, 11, 4, 12], "texture": "#1"},
				"south": {"uv": [11, 3, 12, 4], "texture": "#1"},
				"west": {"uv": [4, 11, 5, 12], "texture": "#1"},
				"up": {"uv": [12, 5, 11, 4], "texture": "#1"},
				"down": {"uv": [6, 11, 5, 12], "texture": "#1"}
			}
		},
		{
			"from": [4, 1, 3.6],
			"to": [5, 2.4, 4],
			"rotation": {"angle": 0, "axis": "y", "origin": [16, 0, 0]},
			"faces": {
				"north": {"uv": [4, 10, 5, 11], "texture": "#1"},
				"east": {"uv": [10, 4, 11, 5], "texture": "#1"},
				"south": {"uv": [5, 10, 6, 11], "texture": "#1"},
				"west": {"uv": [10, 5, 11, 6], "texture": "#1"},
				"up": {"uv": [7, 11, 6, 10], "texture": "#1"},
				"down": {"uv": [11, 6, 10, 7], "texture": "#1"}
			}
		},
		{
			"from": [4, 0, 3.6],
			"to": [5, 1, 4],
			"rotation": {"angle": 0, "axis": "y", "origin": [16, 0, 0]},
			"faces": {
				"north": {"uv": [7, 10, 8, 11], "texture": "#1"},
				"east": {"uv": [10, 7, 11, 8], "texture": "#1"},
				"south": {"uv": [8, 10, 9, 11], "texture": "#1"},
				"west": {"uv": [10, 8, 11, 9], "texture": "#1"},
				"up": {"uv": [10, 11, 9, 10], "texture": "#1"},
				"down": {"uv": [11, 9, 10, 10], "texture": "#1"}
			}
		},
		{
			"from": [5, 0, 3],
			"to": [6, 1, 4],
			"rotation": {"angle": 0, "axis": "y", "origin": [16, 0, 0]},
			"faces": {
				"north": {"uv": [7, 8, 8, 9], "texture": "#1"},
				"east": {"uv": [8, 7, 9, 8], "texture": "#1"},
				"south": {"uv": [8, 8, 9, 9], "texture": "#1"},
				"west": {"uv": [0, 9, 1, 10], "texture": "#1"},
				"up": {"uv": [10, 1, 9, 0], "texture": "#1"},
				"down": {"uv": [2, 9, 1, 10], "texture": "#1"}
			}
		},
		{
			"from": [5, 1, 3],
			"to": [6, 2, 4],
			"rotation": {"angle": 0, "axis": "y", "origin": [16, 0, 0]},
			"faces": {
				"north": {"uv": [9, 1, 10, 2], "texture": "#1"},
				"east": {"uv": [2, 9, 3, 10], "texture": "#1"},
				"south": {"uv": [9, 2, 10, 3], "texture": "#1"},
				"west": {"uv": [3, 9, 4, 10], "texture": "#1"},
				"up": {"uv": [10, 4, 9, 3], "texture": "#1"},
				"down": {"uv": [5, 9, 4, 10], "texture": "#1"}
			}
		},
		{
			"from": [4, 2.3, 3],
			"to": [5, 3.2, 4],
			"rotation": {"angle": 0, "axis": "y", "origin": [16, 0, 0]},
			"faces": {
				"north": {"uv": [1, 10, 2, 11], "texture": "#1"},
				"east": {"uv": [10, 1, 11, 2], "texture": "#1"},
				"south": {"uv": [2, 10, 3, 11], "texture": "#1"},
				"west": {"uv": [10, 2, 11, 3], "texture": "#1"},
				"up": {"uv": [4, 11, 3, 10], "texture": "#1"},
				"down": {"uv": [11, 3, 10, 4], "texture": "#1"}
			}
		},
		{
			"from": [2, 2, 3],
			"to": [3, 2.8, 4],
			"rotation": {"angle": 0, "axis": "y", "origin": [16, 0, 0]},
			"faces": {
				"north": {"uv": [11, 8, 12, 9], "texture": "#1"},
				"east": {"uv": [9, 11, 10, 12], "texture": "#1"},
				"south": {"uv": [11, 9, 12, 10], "texture": "#1"},
				"west": {"uv": [10, 11, 11, 12], "texture": "#1"},
				"up": {"uv": [12, 11, 11, 10], "texture": "#1"},
				"down": {"uv": [12, 11, 11, 12], "texture": "#1"}
			}
		},
		{
			"from": [13, 2.8, 3],
			"to": [13.7, 3.5, 4],
			"faces": {
				"north": {"uv": [0, 0, 1, 1], "texture": "#1"},
				"east": {"uv": [0, 1, 1, 2], "texture": "#1"},
				"south": {"uv": [1, 0, 2, 1], "texture": "#1"},
				"west": {"uv": [1, 1, 2, 2], "texture": "#1"},
				"up": {"uv": [1, 3, 0, 2], "texture": "#1"},
				"down": {"uv": [3, 0, 2, 1], "texture": "#1"}
			}
		},
		{
			"from": [2.3, 2.8, 3],
			"to": [3, 3.5, 4],
			"rotation": {"angle": 0, "axis": "y", "origin": [16, 0, 0]},
			"faces": {
				"north": {"uv": [11, 8, 12, 9], "texture": "#1"},
				"east": {"uv": [9, 11, 10, 12], "texture": "#1"},
				"south": {"uv": [11, 9, 12, 10], "texture": "#1"},
				"west": {"uv": [10, 11, 11, 12], "texture": "#1"},
				"up": {"uv": [12, 11, 11, 10], "texture": "#1"},
				"down": {"uv": [12, 11, 11, 12], "texture": "#1"}
			}
		},
		{
			"from": [3, 2.5, 3],
			"to": [4, 3.7, 4],
			"rotation": {"angle": 0, "axis": "y", "origin": [16, 0, 0]},
			"faces": {
				"north": {"uv": [11, 5, 12, 6], "texture": "#1"},
				"east": {"uv": [6, 11, 7, 12], "texture": "#1"},
				"south": {"uv": [11, 6, 12, 7], "texture": "#1"},
				"west": {"uv": [7, 11, 8, 12], "texture": "#1"},
				"up": {"uv": [12, 8, 11, 7], "texture": "#1"},
				"down": {"uv": [9, 11, 8, 12], "texture": "#1"}
			}
		},
		{
			"from": [4.9, 0, 4],
			"to": [5.5, 2.7, 4.2],
			"faces": {
				"north": {"uv": [7, 1, 8, 4], "texture": "#2"},
				"east": {"uv": [4, 7, 5, 10], "texture": "#2"},
				"south": {"uv": [7, 4, 8, 7], "texture": "#2"},
				"west": {"uv": [5, 7, 6, 10], "texture": "#2"},
				"up": {"uv": [12, 1, 11, 0], "texture": "#2"},
				"down": {"uv": [2, 11, 1, 12], "texture": "#2"}
			}
		},
		{
			"from": [5.5, 0, 4],
			"to": [5.7, 2.5, 4.2],
			"faces": {
				"north": {"uv": [10, 3, 11, 5], "texture": "#2"},
				"east": {"uv": [4, 10, 5, 12], "texture": "#2"},
				"south": {"uv": [5, 10, 6, 12], "texture": "#2"},
				"west": {"uv": [10, 5, 11, 7], "texture": "#2"},
				"up": {"uv": [12, 2, 11, 1], "texture": "#2"},
				"down": {"uv": [3, 11, 2, 12], "texture": "#2"}
			}
		},
		{
			"from": [5.7, 0, 4],
			"to": [5.9, 1.9, 4.2],
			"faces": {
				"north": {"uv": [9, 5, 10, 7], "texture": "#2"},
				"east": {"uv": [9, 7, 10, 9], "texture": "#2"},
				"south": {"uv": [8, 9, 9, 11], "texture": "#2"},
				"west": {"uv": [9, 9, 10, 11], "texture": "#2"},
				"up": {"uv": [11, 11, 10, 10], "texture": "#2"},
				"down": {"uv": [1, 11, 0, 12], "texture": "#2"}
			}
		},
		{
			"from": [3.9, 0, 4],
			"to": [4.9, 3.1, 4.2],
			"faces": {
				"north": {"uv": [3, 0, 0, 3], "texture": "#2"},
				"east": {"uv": [7, 3, 6, 6], "texture": "#2"},
				"south": {"uv": [3, 3, 0, 6], "texture": "#2"},
				"west": {"uv": [4, 6, 3, 9], "texture": "#2"},
				"up": {"uv": [4, 7, 7, 6], "texture": "#2"},
				"down": {"uv": [7, 0, 10, 1], "texture": "#2"}
			}
		},
		{
			"from": [3.1, 0, 4],
			"to": [3.9, 3.6, 4.2],
			"faces": {
				"north": {"uv": [3, 0, 0, 3], "texture": "#2"},
				"east": {"uv": [7, 3, 6, 6], "texture": "#2"},
				"south": {"uv": [3, 3, 0, 6], "texture": "#2"},
				"west": {"uv": [4, 6, 3, 9], "texture": "#2"},
				"up": {"uv": [4, 7, 7, 6], "texture": "#2"},
				"down": {"uv": [7, 0, 10, 1], "texture": "#2"}
			}
		},
		{
			"from": [2.4, 0, 4],
			"to": [3.1, 3.4, 4.2],
			"faces": {
				"north": {"uv": [3, 0, 0, 3], "texture": "#2"},
				"east": {"uv": [7, 3, 6, 6], "texture": "#2"},
				"south": {"uv": [3, 3, 0, 6], "texture": "#2"},
				"west": {"uv": [4, 6, 3, 9], "texture": "#2"},
				"up": {"uv": [4, 7, 7, 6], "texture": "#2"},
				"down": {"uv": [7, 0, 10, 1], "texture": "#2"}
			}
		},
		{
			"from": [2.1, 0, 4],
			"to": [2.4, 2.7, 4.2],
			"faces": {
				"north": {"uv": [3, 0, 0, 3], "texture": "#2"},
				"east": {"uv": [7, 3, 6, 6], "texture": "#2"},
				"south": {"uv": [3, 3, 0, 6], "texture": "#2"},
				"west": {"uv": [4, 6, 3, 9], "texture": "#2"},
				"up": {"uv": [4, 7, 7, 6], "texture": "#2"},
				"down": {"uv": [7, 0, 10, 1], "texture": "#2"}
			}
		},
		{
			"from": [10.5, 0, 4],
			"to": [11.1, 2.7, 4.2],
			"rotation": {"angle": 0, "axis": "y", "origin": [16, 0, 0]},
			"faces": {
				"north": {"uv": [8, 1, 7, 4], "texture": "#2"},
				"east": {"uv": [6, 7, 5, 10], "texture": "#2"},
				"south": {"uv": [8, 4, 7, 7], "texture": "#2"},
				"west": {"uv": [5, 7, 4, 10], "texture": "#2"},
				"up": {"uv": [11, 1, 12, 0], "texture": "#2"},
				"down": {"uv": [1, 11, 2, 12], "texture": "#2"}
			}
		},
		{
			"from": [10.1, 0, 4],
			"to": [10.3, 1.9, 4.2],
			"rotation": {"angle": 0, "axis": "y", "origin": [16, 0, 0]},
			"faces": {
				"north": {"uv": [10, 5, 9, 7], "texture": "#2"},
				"east": {"uv": [10, 9, 9, 11], "texture": "#2"},
				"south": {"uv": [9, 9, 8, 11], "texture": "#2"},
				"west": {"uv": [10, 7, 9, 9], "texture": "#2"},
				"up": {"uv": [10, 11, 11, 10], "texture": "#2"},
				"down": {"uv": [0, 11, 1, 12], "texture": "#2"}
			}
		},
		{
			"from": [10.3, 0, 4],
			"to": [10.5, 2.5, 4.2],
			"rotation": {"angle": 0, "axis": "y", "origin": [16, 0, 0]},
			"faces": {
				"north": {"uv": [11, 3, 10, 5], "texture": "#2"},
				"east": {"uv": [11, 5, 10, 7], "texture": "#2"},
				"south": {"uv": [6, 10, 5, 12], "texture": "#2"},
				"west": {"uv": [5, 10, 4, 12], "texture": "#2"},
				"up": {"uv": [11, 2, 12, 1], "texture": "#2"},
				"down": {"uv": [2, 11, 3, 12], "texture": "#2"}
			}
		},
		{
			"from": [11.1, 0, 4],
			"to": [12.1, 3.1, 4.2],
			"rotation": {"angle": 0, "axis": "y", "origin": [16, 0, 0]},
			"faces": {
				"north": {"uv": [0, 0, 3, 3], "texture": "#2"},
				"east": {"uv": [3, 6, 4, 9], "texture": "#2"},
				"south": {"uv": [0, 3, 3, 6], "texture": "#2"},
				"west": {"uv": [6, 3, 7, 6], "texture": "#2"},
				"up": {"uv": [7, 7, 4, 6], "texture": "#2"},
				"down": {"uv": [10, 0, 7, 1], "texture": "#2"}
			}
		},
		{
			"from": [12.1, 0, 4],
			"to": [12.9, 3.6, 4.2],
			"rotation": {"angle": 0, "axis": "y", "origin": [16, 0, 0]},
			"faces": {
				"north": {"uv": [0, 0, 3, 3], "texture": "#2"},
				"east": {"uv": [3, 6, 4, 9], "texture": "#2"},
				"south": {"uv": [0, 3, 3, 6], "texture": "#2"},
				"west": {"uv": [6, 3, 7, 6], "texture": "#2"},
				"up": {"uv": [7, 7, 4, 6], "texture": "#2"},
				"down": {"uv": [10, 0, 7, 1], "texture": "#2"}
			}
		},
		{
			"from": [12.9, 0, 4],
			"to": [13.6, 3.4, 4.2],
			"rotation": {"angle": 0, "axis": "y", "origin": [16, 0, 0]},
			"faces": {
				"north": {"uv": [0, 0, 3, 3], "texture": "#2"},
				"east": {"uv": [3, 6, 4, 9], "texture": "#2"},
				"south": {"uv": [0, 3, 3, 6], "texture": "#2"},
				"west": {"uv": [6, 3, 7, 6], "texture": "#2"},
				"up": {"uv": [7, 7, 4, 6], "texture": "#2"},
				"down": {"uv": [10, 0, 7, 1], "texture": "#2"}
			}
		},
		{
			"from": [13.6, 0, 4],
			"to": [13.9, 2.7, 4.2],
			"rotation": {"angle": 0, "axis": "y", "origin": [16, 0, 0]},
			"faces": {
				"north": {"uv": [0, 0, 3, 3], "texture": "#2"},
				"east": {"uv": [3, 6, 4, 9], "texture": "#2"},
				"south": {"uv": [0, 3, 3, 6], "texture": "#2"},
				"west": {"uv": [6, 3, 7, 6], "texture": "#2"},
				"up": {"uv": [7, 7, 4, 6], "texture": "#2"},
				"down": {"uv": [10, 0, 7, 1], "texture": "#2"}
			}
		},
		{
			"from": [3.5, 5.6, 2.7],
			"to": [4.2, 6.3, 3],
			"rotation": {"angle": 22.5, "axis": "z", "origin": [16, 0, 0]},
			"faces": {
				"north": {"uv": [1, 4, 2, 5], "texture": "#0", "tintindex": 0},
				"east": {"uv": [4, 1, 5, 2], "texture": "#0", "tintindex": 0},
				"south": {"uv": [2, 4, 3, 5], "texture": "#0", "tintindex": 0},
				"west": {"uv": [4, 2, 5, 3], "texture": "#0", "tintindex": 0},
				"up": {"uv": [4, 5, 3, 4], "texture": "#0", "tintindex": 0},
				"down": {"uv": [5, 3, 4, 4], "texture": "#0", "tintindex": 0}
			}
		},
		{
			"from": [3.8, 6.3, 2.6],
			"to": [4.5, 7, 3],
			"rotation": {"angle": 22.5, "axis": "z", "origin": [16, 0, 0]},
			"faces": {
				"north": {"uv": [3, 1, 4, 2], "texture": "#0", "tintindex": 0},
				"east": {"uv": [2, 3, 3, 4], "texture": "#0", "tintindex": 0},
				"south": {"uv": [3, 2, 4, 3], "texture": "#0", "tintindex": 0},
				"west": {"uv": [3, 3, 4, 4], "texture": "#0", "tintindex": 0},
				"up": {"uv": [1, 5, 0, 4], "texture": "#0", "tintindex": 0},
				"down": {"uv": [5, 0, 4, 1], "texture": "#0", "tintindex": 0}
			}
		},
		{
			"from": [4.2, 5.7, 2.8],
			"to": [4.9, 6.3, 3],
			"rotation": {"angle": 22.5, "axis": "z", "origin": [16, 0, 0]},
			"faces": {
				"north": {"uv": [7, 8, 8, 9], "texture": "#0"},
				"east": {"uv": [8, 7, 9, 8], "texture": "#0"},
				"south": {"uv": [8, 8, 9, 9], "texture": "#0"},
				"west": {"uv": [0, 9, 1, 10], "texture": "#0"},
				"up": {"uv": [10, 1, 9, 0], "texture": "#0"},
				"down": {"uv": [2, 9, 1, 10], "texture": "#0"}
			}
		},
		{
			"from": [4.5, 6.3, 2.8],
			"to": [4.8, 6.5, 3],
			"rotation": {"angle": 22.5, "axis": "z", "origin": [16, 0, 0]},
			"faces": {
				"north": {"uv": [9, 4, 10, 5], "texture": "#0"},
				"east": {"uv": [5, 9, 6, 10], "texture": "#0"},
				"south": {"uv": [9, 5, 10, 6], "texture": "#0"},
				"west": {"uv": [6, 9, 7, 10], "texture": "#0"},
				"up": {"uv": [10, 7, 9, 6], "texture": "#0"},
				"down": {"uv": [8, 9, 7, 10], "texture": "#0"}
			}
		},
		{
			"from": [4.9, 6, 2.8],
			"to": [5.1, 6.3, 3],
			"rotation": {"angle": 22.5, "axis": "z", "origin": [16, 0, 0]},
			"faces": {
				"north": {"uv": [9, 1, 10, 2], "texture": "#0"},
				"east": {"uv": [2, 9, 3, 10], "texture": "#0"},
				"south": {"uv": [9, 2, 10, 3], "texture": "#0"},
				"west": {"uv": [3, 9, 4, 10], "texture": "#0"},
				"up": {"uv": [10, 4, 9, 3], "texture": "#0"},
				"down": {"uv": [5, 9, 4, 10], "texture": "#0"}
			}
		},
		{
			"from": [3.1, 6.3, 2.8],
			"to": [3.8, 6.9, 3],
			"rotation": {"angle": 22.5, "axis": "z", "origin": [16, 0, 0]},
			"faces": {
				"north": {"uv": [7, 5, 8, 6], "texture": "#0"},
				"east": {"uv": [6, 7, 7, 8], "texture": "#0"},
				"south": {"uv": [7, 6, 8, 7], "texture": "#0"},
				"west": {"uv": [7, 7, 8, 8], "texture": "#0"},
				"up": {"uv": [1, 9, 0, 8], "texture": "#0"},
				"down": {"uv": [9, 0, 8, 1], "texture": "#0"}
			}
		},
		{
			"from": [3.2, 6.9, 2.8],
			"to": [3.6, 7.1, 3],
			"rotation": {"angle": 22.5, "axis": "z", "origin": [16, 0, 0]},
			"faces": {
				"north": {"uv": [1, 8, 2, 9], "texture": "#0"},
				"east": {"uv": [8, 1, 9, 2], "texture": "#0"},
				"south": {"uv": [2, 8, 3, 9], "texture": "#0"},
				"west": {"uv": [8, 2, 9, 3], "texture": "#0"},
				"up": {"uv": [4, 9, 3, 8], "texture": "#0"},
				"down": {"uv": [9, 3, 8, 4], "texture": "#0"}
			}
		},
		{
			"from": [2.9, 6.6, 2.8],
			"to": [3.1, 6.9, 3],
			"rotation": {"angle": 22.5, "axis": "z", "origin": [16, 0, 0]},
			"faces": {
				"north": {"uv": [4, 8, 5, 9], "texture": "#0"},
				"east": {"uv": [8, 4, 9, 5], "texture": "#0"},
				"south": {"uv": [5, 8, 6, 9], "texture": "#0"},
				"west": {"uv": [8, 5, 9, 6], "texture": "#0"},
				"up": {"uv": [7, 9, 6, 8], "texture": "#0"},
				"down": {"uv": [9, 6, 8, 7], "texture": "#0"}
			}
		},
		{
			"from": [12.4, 6.9, 2.8],
			"to": [12.8, 7.1, 3],
			"rotation": {"angle": -22.5, "axis": "z", "origin": [0, 0, 0]},
			"faces": {
				"north": {"uv": [2, 8, 1, 9], "texture": "#0"},
				"east": {"uv": [9, 2, 8, 3], "texture": "#0"},
				"south": {"uv": [3, 8, 2, 9], "texture": "#0"},
				"west": {"uv": [9, 1, 8, 2], "texture": "#0"},
				"up": {"uv": [3, 9, 4, 8], "texture": "#0"},
				"down": {"uv": [8, 3, 9, 4], "texture": "#0"}
			}
		},
		{
			"from": [11.5, 6.3, 2.6],
			"to": [12.2, 7, 3],
			"rotation": {"angle": -22.5, "axis": "z", "origin": [0, 0, 0]},
			"faces": {
				"north": {"uv": [4, 1, 3, 2], "texture": "#0", "tintindex": 0},
				"east": {"uv": [4, 3, 3, 4], "texture": "#0", "tintindex": 0},
				"south": {"uv": [4, 2, 3, 3], "texture": "#0", "tintindex": 0},
				"west": {"uv": [3, 3, 2, 4], "texture": "#0", "tintindex": 0},
				"up": {"uv": [0, 5, 1, 4], "texture": "#0", "tintindex": 0},
				"down": {"uv": [4, 0, 5, 1], "texture": "#0", "tintindex": 0}
			}
		},
		{
			"from": [11.8, 5.6, 2.7],
			"to": [12.5, 6.3, 3],
			"rotation": {"angle": -22.5, "axis": "z", "origin": [0, 0, 0]},
			"faces": {
				"north": {"uv": [2, 4, 1, 5], "texture": "#0", "tintindex": 0},
				"east": {"uv": [5, 2, 4, 3], "texture": "#0", "tintindex": 0},
				"south": {"uv": [3, 4, 2, 5], "texture": "#0", "tintindex": 0},
				"west": {"uv": [5, 1, 4, 2], "texture": "#0", "tintindex": 0},
				"up": {"uv": [3, 5, 4, 4], "texture": "#0", "tintindex": 0},
				"down": {"uv": [4, 3, 5, 4], "texture": "#0", "tintindex": 0}
			}
		},
		{
			"from": [12.9, 6.6, 2.8],
			"to": [13.1, 6.9, 3],
			"rotation": {"angle": -22.5, "axis": "z", "origin": [0, 0, 0]},
			"faces": {
				"north": {"uv": [5, 8, 4, 9], "texture": "#0"},
				"east": {"uv": [9, 5, 8, 6], "texture": "#0"},
				"south": {"uv": [6, 8, 5, 9], "texture": "#0"},
				"west": {"uv": [9, 4, 8, 5], "texture": "#0"},
				"up": {"uv": [6, 9, 7, 8], "texture": "#0"},
				"down": {"uv": [8, 6, 9, 7], "texture": "#0"}
			}
		},
		{
			"from": [12.2, 6.3, 2.8],
			"to": [12.9, 6.9, 3],
			"rotation": {"angle": -22.5, "axis": "z", "origin": [0, 0, 0]},
			"faces": {
				"north": {"uv": [8, 5, 7, 6], "texture": "#0"},
				"east": {"uv": [8, 7, 7, 8], "texture": "#0"},
				"south": {"uv": [8, 6, 7, 7], "texture": "#0"},
				"west": {"uv": [7, 7, 6, 8], "texture": "#0"},
				"up": {"uv": [0, 9, 1, 8], "texture": "#0"},
				"down": {"uv": [8, 0, 9, 1], "texture": "#0"}
			}
		},
		{
			"from": [11.1, 5.7, 2.8],
			"to": [11.8, 6.3, 3],
			"rotation": {"angle": -22.5, "axis": "z", "origin": [0, 0, 0]},
			"faces": {
				"north": {"uv": [8, 8, 7, 9], "texture": "#0"},
				"east": {"uv": [1, 9, 0, 10], "texture": "#0"},
				"south": {"uv": [9, 8, 8, 9], "texture": "#0"},
				"west": {"uv": [9, 7, 8, 8], "texture": "#0"},
				"up": {"uv": [9, 1, 10, 0], "texture": "#0"},
				"down": {"uv": [1, 9, 2, 10], "texture": "#0"}
			}
		},
		{
			"from": [11.2, 6.3, 2.8],
			"to": [11.5, 6.5, 3],
			"rotation": {"angle": -22.5, "axis": "z", "origin": [0, 0, 0]},
			"faces": {
				"north": {"uv": [10, 4, 9, 5], "texture": "#0"},
				"east": {"uv": [7, 9, 6, 10], "texture": "#0"},
				"south": {"uv": [10, 5, 9, 6], "texture": "#0"},
				"west": {"uv": [6, 9, 5, 10], "texture": "#0"},
				"up": {"uv": [9, 7, 10, 6], "texture": "#0"},
				"down": {"uv": [7, 9, 8, 10], "texture": "#0"}
			}
		},
		{
			"from": [10.9, 6, 2.8],
			"to": [11.1, 6.3, 3],
			"rotation": {"angle": -22.5, "axis": "z", "origin": [0, 0, 0]},
			"faces": {
				"north": {"uv": [10, 1, 9, 2], "texture": "#0"},
				"east": {"uv": [4, 9, 3, 10], "texture": "#0"},
				"south": {"uv": [10, 2, 9, 3], "texture": "#0"},
				"west": {"uv": [3, 9, 2, 10], "texture": "#0"},
				"up": {"uv": [9, 4, 10, 3], "texture": "#0"},
				"down": {"uv": [4, 9, 5, 10], "texture": "#0"}
			}
		}
	],
	"display": {
		"thirdperson_righthand": {
			"rotation": [102, 0, 0],
			"translation": [0, -1.75, 2],
			"scale": [0.35, 0.35, 0.35]
		},
		"thirdperson_lefthand": {
			"rotation": [102, 0, 0],
			"translation": [0, -1.75, 2],
			"scale": [0.35, 0.35, 0.35]
		},
		"firstperson_righthand": {
			"translation": [0, 3.25, 0]
		},
		"firstperson_lefthand": {
			"translation": [0, 3.25, 0]
		},
		"ground": {
			"translation": [0, 5, 0]
		},
		"gui": {
			"rotation": [0, -155, 0],
			"translation": [-2.5, 5.25, 0],
			"scale": [1.23, 1.23, 1.23]
		},
		"head": {
			"translation": [0, 12.75, 0],
			"scale": [1, 0.8, 1]
		}
	},
	"groups": [
		0,
		1,
		2,
		3,
		4,
		5,
		6,
		7,
		8,
		9,
		10,
		11,
		12,
		13,
		14,
		15,
		16,
		17,
		18,
		19,
		20,
		21,
		22,
		23,
		24,
		25,
		26,
		27,
		28,
		29,
		30,
		31,
		32,
		33,
		34,
		35,
		36,
		37,
		38,
		39,
		40,
		41,
		{
			"name": "berries",
			"origin": [16, 0, 0],
			"color": 0,
			"children": [42, 43, 44, 45, 46, 47, 48, 49, 50, 51, 52, 53, 54, 55, 56, 57]
		}
	]
}