{
	"credit": "Made with Blockbench",
	"textures": {
		"0": "mctc:hats/band",
		"1": "mctc:hats/bells_ribbons",
		"2": "mctc:hats/bells_bells",
		"particle": "mctc:hats/band"
	},
	"elements": [
		{
			"from": [13, 3, 9],
			"to": [13, 5, 10],
			"faces": {
				"north": {"uv": [0, 0, 0, 2], "texture": "#0", "tintindex": 0},
				"east": {"uv": [3, 2, 4, 4], "texture": "#0", "tintindex": 0},
				"south": {"uv": [0, 0, 0, 2], "texture": "#0", "tintindex": 0},
				"west": {"uv": [0, 4, 1, 6], "texture": "#0", "tintindex": 0},
				"up": {"uv": [0, 1, 0, 0], "texture": "#0", "tintindex": 0},
				"down": {"uv": [0, 0, 0, 1], "texture": "#0", "tintindex": 0}
			}
		},
		{
			"from": [10, 5, 9],
			"to": [13, 5, 10],
			"rotation": {"angle": 0, "axis": "y", "origin": [-1, 0, 0]},
			"faces": {
				"north": {"uv": [0, 0, 3, 0], "texture": "#0", "tintindex": 0},
				"east": {"uv": [0, 0, 1, 0], "texture": "#0", "tintindex": 0},
				"south": {"uv": [0, 0, 3, 0], "texture": "#0", "tintindex": 0},
				"west": {"uv": [0, 0, 1, 0], "texture": "#0", "tintindex": 0},
				"up": {"uv": [3, 3, 0, 2], "texture": "#0", "tintindex": 0},
				"down": {"uv": [3, 3, 0, 4], "texture": "#0", "tintindex": 0}
			}
		},
		{
			"from": [9, 5, 9],
			"to": [10, 5, 10],
			"rotation": {"angle": 0, "axis": "y", "origin": [-1, 0, 0]},
			"faces": {
				"north": {"uv": [0, 0, 1, 0], "texture": "#0", "tintindex": 0},
				"east": {"uv": [0, 0, 1, 0], "texture": "#0", "tintindex": 0},
				"south": {"uv": [0, 0, 1, 0], "texture": "#0", "tintindex": 0},
				"west": {"uv": [0, 0, 1, 0], "texture": "#0", "tintindex": 0},
				"up": {"uv": [6, 1, 5, 0], "texture": "#0", "tintindex": 0},
				"down": {"uv": [6, 1, 5, 2], "texture": "#0", "tintindex": 0}
			}
		},
		{
			"from": [7, 5, 9],
			"to": [9, 5, 10],
			"rotation": {"angle": 0, "axis": "y", "origin": [-1, 0, 0]},
			"faces": {
				"north": {"uv": [0, 0, 2, 0], "texture": "#0", "tintindex": 0},
				"east": {"uv": [0, 0, 1, 0], "texture": "#0", "tintindex": 0},
				"south": {"uv": [0, 0, 2, 0], "texture": "#0", "tintindex": 0},
				"west": {"uv": [0, 0, 1, 0], "texture": "#0", "tintindex": 0},
				"up": {"uv": [5, 1, 3, 0], "texture": "#0", "tintindex": 0},
				"down": {"uv": [5, 1, 3, 2], "texture": "#0", "tintindex": 0}
			}
		},
		{
			"from": [6, 5, 9],
			"to": [7, 5, 10],
			"rotation": {"angle": 0, "axis": "y", "origin": [-1, 0, 0]},
			"faces": {
				"north": {"uv": [0, 0, 1, 0], "texture": "#0", "tintindex": 0},
				"east": {"uv": [0, 0, 1, 0], "texture": "#0", "tintindex": 0},
				"south": {"uv": [0, 0, 1, 0], "texture": "#0", "tintindex": 0},
				"west": {"uv": [0, 0, 1, 0], "texture": "#0", "tintindex": 0},
				"up": {"uv": [5, 4, 4, 3], "texture": "#0", "tintindex": 0},
				"down": {"uv": [5, 4, 4, 5], "texture": "#0", "tintindex": 0}
			}
		},
		{
			"from": [5, 5, 9],
			"to": [6, 5, 10],
			"rotation": {"angle": 0, "axis": "y", "origin": [-1, 0, 0]},
			"faces": {
				"north": {"uv": [0, 0, 1, 0], "texture": "#0", "tintindex": 0},
				"east": {"uv": [0, 0, 1, 0], "texture": "#0", "tintindex": 0},
				"south": {"uv": [0, 0, 1, 0], "texture": "#0", "tintindex": 0},
				"west": {"uv": [0, 0, 1, 0], "texture": "#0", "tintindex": 0},
				"up": {"uv": [5, 3, 4, 2], "texture": "#0", "tintindex": 0},
				"down": {"uv": [4, 4, 3, 5], "texture": "#0", "tintindex": 0}
			}
		},
		{
			"from": [2, 5, 9],
			"to": [5, 5, 10],
			"rotation": {"angle": 0, "axis": "y", "origin": [-1, 0, 0]},
			"faces": {
				"north": {"uv": [0, 0, 3, 0], "texture": "#0", "tintindex": 0},
				"east": {"uv": [0, 0, 1, 0], "texture": "#0", "tintindex": 0},
				"south": {"uv": [0, 0, 3, 0], "texture": "#0", "tintindex": 0},
				"west": {"uv": [0, 0, 1, 0], "texture": "#0", "tintindex": 0},
				"up": {"uv": [3, 1, 0, 0], "texture": "#0", "tintindex": 0},
				"down": {"uv": [3, 1, 0, 2], "texture": "#0", "tintindex": 0}
			}
		},
		{
			"from": [2, 3, 9],
			"to": [2, 5, 10],
			"faces": {
				"north": {"uv": [0, 0, 0, 2], "texture": "#0", "tintindex": 0},
				"east": {"uv": [1, 4, 2, 6], "texture": "#0", "tintindex": 0},
				"south": {"uv": [0, 0, 0, 2], "texture": "#0", "tintindex": 0},
				"west": {"uv": [2, 4, 3, 6], "texture": "#0", "tintindex": 0},
				"up": {"uv": [0, 1, 0, 0], "texture": "#0", "tintindex": 0},
				"down": {"uv": [0, 0, 0, 1], "texture": "#0", "tintindex": 0}
			}
		},
		{
			"from": [12.9, -0.3, 9],
			"to": [13, 2.7, 9.4],
			"faces": {
				"north": {"uv": [0, 0, 1, 3], "texture": "#1", "tintindex": 0},
				"east": {"uv": [1, 0, 2, 3], "texture": "#1", "tintindex": 0},
				"south": {"uv": [2, 0, 3, 3], "texture": "#1", "tintindex": 0},
				"west": {"uv": [0, 3, 1, 6], "texture": "#1", "tintindex": 0},
				"up": {"uv": [2, 7, 1, 6], "texture": "#1", "tintindex": 0},
				"down": {"uv": [3, 6, 2, 7], "texture": "#1", "tintindex": 0}
			}
		},
		{
			"from": [12.9, -0.8, 9],
			"to": [12.9, -0.3, 9.2],
			"faces": {
				"north": {"uv": [0, 0, 0, 1], "texture": "#1", "tintindex": 0},
				"east": {"uv": [6, 2, 7, 3], "texture": "#1", "tintindex": 0},
				"south": {"uv": [0, 0, 0, 1], "texture": "#1", "tintindex": 0},
				"west": {"uv": [3, 6, 4, 7], "texture": "#1", "tintindex": 0},
				"up": {"uv": [0, 1, 0, 0], "texture": "#1", "tintindex": 0},
				"down": {"uv": [0, 0, 0, 1], "texture": "#1", "tintindex": 0}
			}
		},
		{
			"from": [12.9, -0.8, 8.8],
			"to": [12.9, -0.1, 9],
			"faces": {
				"north": {"uv": [0, 0, 0, 1], "texture": "#1", "tintindex": 0},
				"east": {"uv": [6, 3, 7, 4], "texture": "#1", "tintindex": 0},
				"south": {"uv": [0, 0, 0, 1], "texture": "#1", "tintindex": 0},
				"west": {"uv": [4, 6, 5, 7], "texture": "#1", "tintindex": 0},
				"up": {"uv": [0, 1, 0, 0], "texture": "#1", "tintindex": 0},
				"down": {"uv": [0, 0, 0, 1], "texture": "#1", "tintindex": 0}
			}
		},
		{
			"from": [12.9, -1.2, 8.9],
			"to": [12.9, -0.8, 9.2],
			"faces": {
				"north": {"uv": [0, 0, 0, 1], "texture": "#1", "tintindex": 0},
				"east": {"uv": [6, 4, 7, 5], "texture": "#1", "tintindex": 0},
				"south": {"uv": [0, 0, 0, 1], "texture": "#1", "tintindex": 0},
				"west": {"uv": [5, 6, 6, 7], "texture": "#1", "tintindex": 0},
				"up": {"uv": [0, 1, 0, 0], "texture": "#1", "tintindex": 0},
				"down": {"uv": [0, 0, 0, 1], "texture": "#1", "tintindex": 0}
			}
		},
		{
			"from": [13.3, 0.2, 9.6],
			"to": [13.3, 0.7, 9.9],
			"faces": {
				"north": {"uv": [0, 0, 0, 1], "texture": "#1", "tintindex": 0},
				"east": {"uv": [6, 5, 7, 6], "texture": "#1", "tintindex": 0},
				"south": {"uv": [0, 0, 0, 1], "texture": "#1", "tintindex": 0},
				"west": {"uv": [6, 6, 7, 7], "texture": "#1", "tintindex": 0},
				"up": {"uv": [0, 1, 0, 0], "texture": "#1", "tintindex": 0},
				"down": {"uv": [0, 0, 0, 1], "texture": "#1", "tintindex": 0}
			}
		},
		{
			"from": [13.2, 0.7, 9.5],
			"to": [13.3, 2.7, 9.9],
			"faces": {
				"north": {"uv": [4, 0, 5, 2], "texture": "#1", "tintindex": 0},
				"east": {"uv": [4, 2, 5, 4], "texture": "#1", "tintindex": 0},
				"south": {"uv": [4, 4, 5, 6], "texture": "#1", "tintindex": 0},
				"west": {"uv": [5, 0, 6, 2], "texture": "#1", "tintindex": 0},
				"up": {"uv": [8, 1, 7, 0], "texture": "#1", "tintindex": 0},
				"down": {"uv": [2, 7, 1, 8], "texture": "#1", "tintindex": 0}
			}
		},
		{
			"from": [13.3, 0.2, 9.9],
			"to": [13.3, 0.9, 10],
			"faces": {
				"north": {"uv": [0, 0, 0, 1], "texture": "#1", "tintindex": 0},
				"east": {"uv": [7, 1, 8, 2], "texture": "#1", "tintindex": 0},
				"south": {"uv": [0, 0, 0, 1], "texture": "#1", "tintindex": 0},
				"west": {"uv": [2, 7, 3, 8], "texture": "#1", "tintindex": 0},
				"up": {"uv": [0, 1, 0, 0], "texture": "#1", "tintindex": 0},
				"down": {"uv": [0, 0, 0, 1], "texture": "#1", "tintindex": 0}
			}
		},
		{
			"from": [13.3, -0.2, 9.6],
			"to": [13.3, 0.2, 9.9],
			"faces": {
				"north": {"uv": [0, 0, 0, 1], "texture": "#1", "tintindex": 0},
				"east": {"uv": [7, 2, 8, 3], "texture": "#1", "tintindex": 0},
				"south": {"uv": [0, 0, 0, 1], "texture": "#1", "tintindex": 0},
				"west": {"uv": [3, 7, 4, 8], "texture": "#1", "tintindex": 0},
				"up": {"uv": [0, 1, 0, 0], "texture": "#1", "tintindex": 0},
				"down": {"uv": [0, 0, 0, 1], "texture": "#1", "tintindex": 0}
			}
		},
		{
			"from": [13, 2.7, 9.2],
			"to": [13.2, 3.2, 9.8],
			"faces": {
				"north": {"uv": [7, 3, 8, 4], "texture": "#1", "tintindex": 0},
				"east": {"uv": [4, 7, 5, 8], "texture": "#1", "tintindex": 0},
				"south": {"uv": [7, 4, 8, 5], "texture": "#1", "tintindex": 0},
				"west": {"uv": [5, 7, 6, 8], "texture": "#1", "tintindex": 0},
				"up": {"uv": [8, 6, 7, 5], "texture": "#1", "tintindex": 0},
				"down": {"uv": [7, 7, 6, 8], "texture": "#1", "tintindex": 0}
			}
		},
		{
			"from": [13, 3.2, 9.3],
			"to": [13.2, 3.3, 9.7],
			"faces": {
				"north": {"uv": [7, 6, 8, 7], "texture": "#1", "tintindex": 0},
				"east": {"uv": [7, 7, 8, 8], "texture": "#1", "tintindex": 0},
				"south": {"uv": [0, 8, 1, 9], "texture": "#1", "tintindex": 0},
				"west": {"uv": [8, 0, 9, 1], "texture": "#1", "tintindex": 0},
				"up": {"uv": [2, 9, 1, 8], "texture": "#1", "tintindex": 0},
				"down": {"uv": [9, 1, 8, 2], "texture": "#1", "tintindex": 0}
			}
		},
		{
			"from": [1.8, 2.7, 9.2],
			"to": [2, 3.2, 9.8],
			"rotation": {"angle": 0, "axis": "y", "origin": [15, 0, 0]},
			"faces": {
				"north": {"uv": [2, 8, 3, 9], "texture": "#1", "tintindex": 0},
				"east": {"uv": [8, 2, 9, 3], "texture": "#1", "tintindex": 0},
				"south": {"uv": [3, 8, 4, 9], "texture": "#1", "tintindex": 0},
				"west": {"uv": [8, 3, 9, 4], "texture": "#1", "tintindex": 0},
				"up": {"uv": [5, 9, 4, 8], "texture": "#1", "tintindex": 0},
				"down": {"uv": [9, 4, 8, 5], "texture": "#1", "tintindex": 0}
			}
		},
		{
			"from": [1.8, 3.2, 9.3],
			"to": [2, 3.3, 9.7],
			"rotation": {"angle": 0, "axis": "y", "origin": [15, 0, 0]},
			"faces": {
				"north": {"uv": [5, 8, 6, 9], "texture": "#1", "tintindex": 0},
				"east": {"uv": [8, 5, 9, 6], "texture": "#1", "tintindex": 0},
				"south": {"uv": [6, 8, 7, 9], "texture": "#1", "tintindex": 0},
				"west": {"uv": [8, 6, 9, 7], "texture": "#1", "tintindex": 0},
				"up": {"uv": [8, 9, 7, 8], "texture": "#1", "tintindex": 0},
				"down": {"uv": [9, 7, 8, 8], "texture": "#1", "tintindex": 0}
			}
		},
		{
			"from": [2, -0.3, 9],
			"to": [2.1, 2.7, 9.4],
			"rotation": {"angle": 0, "axis": "y", "origin": [15, 0, 0]},
			"faces": {
				"north": {"uv": [3, 0, 4, 3], "texture": "#1", "tintindex": 0},
				"east": {"uv": [1, 3, 2, 6], "texture": "#1", "tintindex": 0},
				"south": {"uv": [2, 3, 3, 6], "texture": "#1", "tintindex": 0},
				"west": {"uv": [3, 3, 4, 6], "texture": "#1", "tintindex": 0},
				"up": {"uv": [9, 9, 8, 8], "texture": "#1", "tintindex": 0},
				"down": {"uv": [1, 9, 0, 10], "texture": "#1", "tintindex": 0}
			}
		},
		{
			"from": [1.7, 0.7, 9.5],
			"to": [1.8, 2.7, 9.9],
			"rotation": {"angle": 0, "axis": "y", "origin": [15, 0, 0]},
			"faces": {
				"north": {"uv": [5, 2, 6, 4], "texture": "#1", "tintindex": 0},
				"east": {"uv": [5, 4, 6, 6], "texture": "#1", "tintindex": 0},
				"south": {"uv": [0, 6, 1, 8], "texture": "#1", "tintindex": 0},
				"west": {"uv": [6, 0, 7, 2], "texture": "#1", "tintindex": 0},
				"up": {"uv": [10, 1, 9, 0], "texture": "#1", "tintindex": 0},
				"down": {"uv": [2, 9, 1, 10], "texture": "#1", "tintindex": 0}
			}
		},
		{
			"from": [1.7, 0.2, 9.6],
			"to": [1.7, 0.7, 9.9],
			"rotation": {"angle": 0, "axis": "y", "origin": [15, 0, 0]},
			"faces": {
				"north": {"uv": [0, 0, 0, 1], "texture": "#1", "tintindex": 0},
				"east": {"uv": [9, 1, 10, 2], "texture": "#1", "tintindex": 0},
				"south": {"uv": [0, 0, 0, 1], "texture": "#1", "tintindex": 0},
				"west": {"uv": [2, 9, 3, 10], "texture": "#1", "tintindex": 0},
				"up": {"uv": [0, 1, 0, 0], "texture": "#1", "tintindex": 0},
				"down": {"uv": [0, 0, 0, 1], "texture": "#1", "tintindex": 0}
			}
		},
		{
			"from": [1.7, -0.2, 9.6],
			"to": [1.7, 0.2, 9.9],
			"rotation": {"angle": 0, "axis": "y", "origin": [15, 0, 0]},
			"faces": {
				"north": {"uv": [0, 0, 0, 1], "texture": "#1", "tintindex": 0},
				"east": {"uv": [9, 2, 10, 3], "texture": "#1", "tintindex": 0},
				"south": {"uv": [0, 0, 0, 1], "texture": "#1", "tintindex": 0},
				"west": {"uv": [3, 9, 4, 10], "texture": "#1", "tintindex": 0},
				"up": {"uv": [0, 1, 0, 0], "texture": "#1", "tintindex": 0},
				"down": {"uv": [0, 0, 0, 1], "texture": "#1", "tintindex": 0}
			}
		},
		{
			"from": [2.1, -0.8, 8.8],
			"to": [2.1, -0.1, 9],
			"rotation": {"angle": 0, "axis": "y", "origin": [15, 0, 0]},
			"faces": {
				"north": {"uv": [0, 0, 0, 1], "texture": "#1", "tintindex": 0},
				"east": {"uv": [9, 3, 10, 4], "texture": "#1", "tintindex": 0},
				"south": {"uv": [0, 0, 0, 1], "texture": "#1", "tintindex": 0},
				"west": {"uv": [4, 9, 5, 10], "texture": "#1", "tintindex": 0},
				"up": {"uv": [0, 1, 0, 0], "texture": "#1", "tintindex": 0},
				"down": {"uv": [0, 0, 0, 1], "texture": "#1", "tintindex": 0}
			}
		},
		{
			"from": [2.1, -0.8, 9],
			"to": [2.1, -0.3, 9.2],
			"rotation": {"angle": 0, "axis": "y", "origin": [15, 0, 0]},
			"faces": {
				"north": {"uv": [0, 0, 0, 1], "texture": "#1", "tintindex": 0},
				"east": {"uv": [9, 4, 10, 5], "texture": "#1", "tintindex": 0},
				"south": {"uv": [0, 0, 0, 1], "texture": "#1", "tintindex": 0},
				"west": {"uv": [5, 9, 6, 10], "texture": "#1", "tintindex": 0},
				"up": {"uv": [0, 1, 0, 0], "texture": "#1", "tintindex": 0},
				"down": {"uv": [0, 0, 0, 1], "texture": "#1", "tintindex": 0}
			}
		},
		{
			"from": [2.1, -1.2, 8.9],
			"to": [2.1, -0.8, 9.2],
			"rotation": {"angle": 0, "axis": "y", "origin": [15, 0, 0]},
			"faces": {
				"north": {"uv": [0, 0, 0, 1], "texture": "#1", "tintindex": 0},
				"east": {"uv": [9, 5, 10, 6], "texture": "#1", "tintindex": 0},
				"south": {"uv": [0, 0, 0, 1], "texture": "#1", "tintindex": 0},
				"west": {"uv": [6, 9, 7, 10], "texture": "#1", "tintindex": 0},
				"up": {"uv": [0, 1, 0, 0], "texture": "#1", "tintindex": 0},
				"down": {"uv": [0, 0, 0, 1], "texture": "#1", "tintindex": 0}
			}
		},
		{
			"from": [1.7, 0.2, 9.9],
			"to": [1.7, 0.9, 10],
			"rotation": {"angle": 0, "axis": "y", "origin": [15, 0, 0]},
			"faces": {
				"north": {"uv": [0, 0, 0, 1], "texture": "#1", "tintindex": 0},
				"east": {"uv": [9, 6, 10, 7], "texture": "#1", "tintindex": 0},
				"south": {"uv": [0, 0, 0, 1], "texture": "#1", "tintindex": 0},
				"west": {"uv": [7, 9, 8, 10], "texture": "#1", "tintindex": 0},
				"up": {"uv": [0, 1, 0, 0], "texture": "#1", "tintindex": 0},
				"down": {"uv": [0, 0, 0, 1], "texture": "#1", "tintindex": 0}
			}
		},
		{
			"from": [13.3, -3.5, 9.1],
			"to": [14.1, -2.7, 9.9],
			"rotation": {"angle": 22.5, "axis": "z", "origin": [0, 0, 0]},
			"faces": {
				"north": {"uv": [0, 0, 1, 1], "texture": "#2"},
				"east": {"uv": [0, 1, 1, 2], "texture": "#2"},
				"south": {"uv": [1, 0, 2, 1], "texture": "#2"},
				"west": {"uv": [1, 1, 2, 2], "texture": "#2"},
				"up": {"uv": [1, 3, 0, 2], "texture": "#2"},
				"down": {"uv": [3, 0, 2, 1], "texture": "#2"}
			}
		},
		{
			"from": [13.2, -3.8, 9],
			"to": [14.2, -3.5, 10],
			"rotation": {"angle": 22.5, "axis": "z", "origin": [0, 0, 0]},
			"faces": {
				"north": {"uv": [1, 2, 2, 3], "texture": "#2"},
				"east": {"uv": [2, 1, 3, 2], "texture": "#2"},
				"south": {"uv": [2, 2, 3, 3], "texture": "#2"},
				"west": {"uv": [0, 3, 1, 4], "texture": "#2"},
				"up": {"uv": [4, 1, 3, 0], "texture": "#2"},
				"down": {"uv": [2, 3, 1, 4], "texture": "#2"}
			}
		},
		{
			"from": [13.5, -2.7, 9.2],
			"to": [13.9, -2.4, 9.8],
			"rotation": {"angle": 22.5, "axis": "z", "origin": [0, 0, 0]},
			"faces": {
				"north": {"uv": [3, 1, 4, 2], "texture": "#2"},
				"east": {"uv": [2, 3, 3, 4], "texture": "#2"},
				"south": {"uv": [3, 2, 4, 3], "texture": "#2"},
				"west": {"uv": [3, 3, 4, 4], "texture": "#2"},
				"up": {"uv": [1, 5, 0, 4], "texture": "#2"},
				"down": {"uv": [5, 0, 4, 1], "texture": "#2"}
			}
		},
		{
			"from": [13.3, -2.4, 9.4],
			"to": [13.6, -2.2, 9.6],
			"rotation": {"angle": 22.5, "axis": "z", "origin": [0, 0, 0]},
			"faces": {
				"north": {"uv": [1, 4, 2, 5], "texture": "#2"},
				"east": {"uv": [4, 1, 5, 2], "texture": "#2"},
				"south": {"uv": [2, 4, 3, 5], "texture": "#2"},
				"west": {"uv": [4, 2, 5, 3], "texture": "#2"},
				"up": {"uv": [4, 5, 3, 4], "texture": "#2"},
				"down": {"uv": [5, 3, 4, 4], "texture": "#2"}
			}
		},
		{
			"from": [0.8, -3.8, 9],
			"to": [1.8, -3.5, 10],
			"rotation": {"angle": -22.5, "axis": "z", "origin": [15, 0, 0]},
			"faces": {
				"north": {"uv": [4, 4, 5, 5], "texture": "#2"},
				"east": {"uv": [0, 5, 1, 6], "texture": "#2"},
				"south": {"uv": [5, 0, 6, 1], "texture": "#2"},
				"west": {"uv": [1, 5, 2, 6], "texture": "#2"},
				"up": {"uv": [6, 2, 5, 1], "texture": "#2"},
				"down": {"uv": [3, 5, 2, 6], "texture": "#2"}
			}
		},
		{
			"from": [0.9, -3.5, 9.1],
			"to": [1.7, -2.7, 9.9],
			"rotation": {"angle": -22.5, "axis": "z", "origin": [15, 0, 0]},
			"faces": {
				"north": {"uv": [5, 2, 6, 3], "texture": "#2"},
				"east": {"uv": [3, 5, 4, 6], "texture": "#2"},
				"south": {"uv": [5, 3, 6, 4], "texture": "#2"},
				"west": {"uv": [4, 5, 5, 6], "texture": "#2"},
				"up": {"uv": [6, 5, 5, 4], "texture": "#2"},
				"down": {"uv": [6, 5, 5, 6], "texture": "#2"}
			}
		},
		{
			"from": [1.1, -2.7, 9.2],
			"to": [1.5, -2.4, 9.8],
			"rotation": {"angle": -22.5, "axis": "z", "origin": [15, 0, 0]},
			"faces": {
				"north": {"uv": [0, 6, 1, 7], "texture": "#2"},
				"east": {"uv": [6, 0, 7, 1], "texture": "#2"},
				"south": {"uv": [1, 6, 2, 7], "texture": "#2"},
				"west": {"uv": [6, 1, 7, 2], "texture": "#2"},
				"up": {"uv": [3, 7, 2, 6], "texture": "#2"},
				"down": {"uv": [7, 2, 6, 3], "texture": "#2"}
			}
		},
		{
			"from": [1.4, -2.4, 9.4],
			"to": [1.7, -2.2, 9.6],
			"rotation": {"angle": -22.5, "axis": "z", "origin": [15, 0, 0]},
			"faces": {
				"north": {"uv": [3, 6, 4, 7], "texture": "#2"},
				"east": {"uv": [6, 3, 7, 4], "texture": "#2"},
				"south": {"uv": [4, 6, 5, 7], "texture": "#2"},
				"west": {"uv": [6, 4, 7, 5], "texture": "#2"},
				"up": {"uv": [6, 7, 5, 6], "texture": "#2"},
				"down": {"uv": [7, 5, 6, 6], "texture": "#2"}
			}
		}
	],
	"display": {
		"thirdperson_righthand": {
			"rotation": [90, 0, 0],
			"translation": [0, 1.5, 3],
			"scale": [0.5, 0.5, 0.5]
		},
		"thirdperson_lefthand": {
			"rotation": [90, 0, 0],
			"translation": [0, 1.5, 3],
			"scale": [0.5, 0.5, 0.5]
		},
		"firstperson_righthand": {
			"translation": [0, 5.75, 0]
		},
		"firstperson_lefthand": {
			"translation": [0, 5.75, 0]
		},
		"ground": {
			"translation": [0, 6, 0]
		},
		"gui": {
			"rotation": [23, 24, 0],
			"translation": [-0.25, 6, 0],
			"scale": [1.18, 1.18, 1.18]
		},
		"head": {
			"translation": [0.75, 10, -2.5],
			"scale": [1.3, 1.1543, 1.35]
		}
	},
	"groups": [
		0,
		1,
		2,
		3,
		4,
		5,
		6,
		7,
		{
			"name": "tinted",
			"origin": [15, 0, 0],
			"color": 0,
			"children": [8, 9, 10, 11, 12, 13, 14, 15, 16, 17, 18, 19, 20, 21, 22, 23, 24, 25, 26, 27]
		},
		{
			"name": "bells",
			"origin": [15, 0, 0],
			"color": 0,
			"children": [28, 29, 30, 31, 32, 33, 34, 35]
		}
	]
}