{
	"credit": "Made with Blockbench",
	"textures": {
		"1": "mctc:hats/carb",
		"2": "mctc:hats/ca_base",
		"3": "mctc:hats/ca_heart",
		"4": "mctc:hats/ca_feather",
		"particle": "mctc:hats/carb"
	},
	"elements": [
		{
			"from": [4, 0, 4],
			"to": [5, 1, 5],
			"faces": {
				"north": {"uv": [0.875, 5.25, 1, 5.375], "texture": "#1"},
				"east": {"uv": [3.5, 5.375, 3.625, 5.5], "texture": "#1"},
				"south": {"uv": [3.625, 5.375, 3.75, 5.5], "texture": "#1"},
				"west": {"uv": [3.75, 5.375, 3.875, 5.5], "texture": "#1"},
				"up": {"uv": [4, 5.5, 3.875, 5.375], "texture": "#1"},
				"down": {"uv": [4.125, 5.375, 4, 5.5], "texture": "#1"}
			}
		},
		{
			"from": [3, 2, 4],
			"to": [4, 3, 5],
			"faces": {
				"north": {"uv": [4.125, 5.375, 4.25, 5.5], "texture": "#1"},
				"east": {"uv": [4.25, 5.375, 4.375, 5.5], "texture": "#1"},
				"south": {"uv": [4.375, 5.375, 4.5, 5.5], "texture": "#1"},
				"west": {"uv": [4.5, 5.375, 4.625, 5.5], "texture": "#1"},
				"up": {"uv": [4.75, 5.5, 4.625, 5.375], "texture": "#1"},
				"down": {"uv": [4.875, 5.375, 4.75, 5.5], "texture": "#1"}
			}
		},
		{
			"from": [2, 3, 3],
			"to": [3, 4, 4],
			"faces": {
				"north": {"uv": [4.875, 5.375, 5, 5.5], "texture": "#1"},
				"east": {"uv": [5, 5.375, 5.125, 5.5], "texture": "#1"},
				"south": {"uv": [5.125, 5.375, 5.25, 5.5], "texture": "#1"},
				"west": {"uv": [5.25, 5.375, 5.375, 5.5], "texture": "#1"},
				"up": {"uv": [5.5, 5.5, 5.375, 5.375], "texture": "#1"},
				"down": {"uv": [0.125, 5.5, 0, 5.625], "texture": "#1"}
			}
		},
		{
			"from": [2, 1, 3],
			"to": [3, 2, 4],
			"faces": {
				"north": {"uv": [0.125, 5.5, 0.25, 5.625], "texture": "#1"},
				"east": {"uv": [0.25, 5.5, 0.375, 5.625], "texture": "#1"},
				"south": {"uv": [0.375, 5.5, 0.5, 5.625], "texture": "#1"},
				"west": {"uv": [0.5, 5.5, 0.625, 5.625], "texture": "#1"},
				"up": {"uv": [0.75, 5.625, 0.625, 5.5], "texture": "#1"},
				"down": {"uv": [0.875, 5.5, 0.75, 5.625], "texture": "#1"}
			}
		},
		{
			"from": [13, 3, 3],
			"to": [14, 5, 4],
			"faces": {
				"north": {"uv": [3.375, 4.875, 3.5, 5.125], "texture": "#1"},
				"east": {"uv": [3.5, 4.875, 3.625, 5.125], "texture": "#1"},
				"south": {"uv": [1.5, 5.125, 1.625, 5.375], "texture": "#1"},
				"west": {"uv": [1.625, 5.125, 1.75, 5.375], "texture": "#1"},
				"up": {"uv": [1, 5.625, 0.875, 5.5], "texture": "#1"},
				"down": {"uv": [1.625, 5.5, 1.5, 5.625], "texture": "#1"}
			}
		},
		{
			"from": [14, 5, 3],
			"to": [15, 6, 4],
			"faces": {
				"north": {"uv": [1.625, 5.5, 1.75, 5.625], "texture": "#1"},
				"east": {"uv": [1.75, 5.5, 1.875, 5.625], "texture": "#1"},
				"south": {"uv": [2.375, 5.5, 2.5, 5.625], "texture": "#1"},
				"west": {"uv": [2.5, 5.5, 2.625, 5.625], "texture": "#1"},
				"up": {"uv": [3.625, 5.625, 3.5, 5.5], "texture": "#1"},
				"down": {"uv": [3.75, 5.5, 3.625, 5.625], "texture": "#1"}
			}
		},
		{
			"from": [14, 4, 3],
			"to": [15, 5, 4],
			"faces": {
				"north": {"uv": [3.75, 5.5, 3.875, 5.625], "texture": "#1"},
				"east": {"uv": [3.875, 5.5, 4, 5.625], "texture": "#1"},
				"south": {"uv": [4, 5.5, 4.125, 5.625], "texture": "#1"},
				"west": {"uv": [4.125, 5.5, 4.25, 5.625], "texture": "#1"},
				"up": {"uv": [4.375, 5.625, 4.25, 5.5], "texture": "#1"},
				"down": {"uv": [4.5, 5.5, 4.375, 5.625], "texture": "#1"}
			}
		},
		{
			"from": [15, 5, 3],
			"to": [16, 6, 4],
			"faces": {
				"north": {"uv": [4.5, 5.5, 4.625, 5.625], "texture": "#1"},
				"east": {"uv": [4.625, 5.5, 4.75, 5.625], "texture": "#1"},
				"south": {"uv": [4.75, 5.5, 4.875, 5.625], "texture": "#1"},
				"west": {"uv": [4.875, 5.5, 5, 5.625], "texture": "#1"},
				"up": {"uv": [5.125, 5.625, 5, 5.5], "texture": "#1"},
				"down": {"uv": [5.25, 5.5, 5.125, 5.625], "texture": "#1"}
			}
		},
		{
			"from": [12, 5, 3],
			"to": [13, 6, 4],
			"faces": {
				"north": {"uv": [5.25, 5.5, 5.375, 5.625], "texture": "#1"},
				"east": {"uv": [5.375, 5.5, 5.5, 5.625], "texture": "#1"},
				"south": {"uv": [5.5, 5.375, 5.625, 5.5], "texture": "#1"},
				"west": {"uv": [5.5, 5.5, 5.625, 5.625], "texture": "#1"},
				"up": {"uv": [0.125, 5.75, 0, 5.625], "texture": "#1"},
				"down": {"uv": [0.25, 5.625, 0.125, 5.75], "texture": "#1"}
			}
		},
		{
			"from": [14, 4, 2],
			"to": [15, 5, 3],
			"faces": {
				"north": {"uv": [0.25, 5.625, 0.375, 5.75], "texture": "#1"},
				"east": {"uv": [0.375, 5.625, 0.5, 5.75], "texture": "#1"},
				"south": {"uv": [0.5, 5.625, 0.625, 5.75], "texture": "#1"},
				"west": {"uv": [0.625, 5.625, 0.75, 5.75], "texture": "#1"},
				"up": {"uv": [0.875, 5.75, 0.75, 5.625], "texture": "#1"},
				"down": {"uv": [1, 5.625, 0.875, 5.75], "texture": "#1"}
			}
		},
		{
			"from": [14, 6, 3],
			"to": [15, 7, 4],
			"faces": {
				"north": {"uv": [1.5, 5.625, 1.625, 5.75], "texture": "#1"},
				"east": {"uv": [1.625, 5.625, 1.75, 5.75], "texture": "#1"},
				"south": {"uv": [1.75, 5.625, 1.875, 5.75], "texture": "#1"},
				"west": {"uv": [2.375, 5.625, 2.5, 5.75], "texture": "#1"},
				"up": {"uv": [2.625, 5.75, 2.5, 5.625], "texture": "#1"},
				"down": {"uv": [2.75, 5.625, 2.625, 5.75], "texture": "#1"}
			}
		},
		{
			"from": [13, 7, 2],
			"to": [15, 8, 3],
			"faces": {
				"north": {"uv": [3.375, 5.125, 3.625, 5.25], "texture": "#1"},
				"east": {"uv": [2.75, 5.625, 2.875, 5.75], "texture": "#1"},
				"south": {"uv": [4.375, 5.25, 4.625, 5.375], "texture": "#1"},
				"west": {"uv": [2.875, 5.625, 3, 5.75], "texture": "#1"},
				"up": {"uv": [1.75, 5.5, 1.5, 5.375], "texture": "#1"},
				"down": {"uv": [2.625, 5.375, 2.375, 5.5], "texture": "#1"}
			}
		},
		{
			"from": [15, 5, 2],
			"to": [16, 7, 3],
			"faces": {
				"north": {"uv": [1.75, 5.25, 1.875, 5.5], "texture": "#1"},
				"east": {"uv": [2.625, 5.375, 2.75, 5.625], "texture": "#1"},
				"south": {"uv": [2.75, 5.375, 2.875, 5.625], "texture": "#1"},
				"west": {"uv": [2.875, 5.375, 3, 5.625], "texture": "#1"},
				"up": {"uv": [3.125, 5.75, 3, 5.625], "texture": "#1"},
				"down": {"uv": [3.25, 5.625, 3.125, 5.75], "texture": "#1"}
			}
		},
		{
			"from": [12, 2, 4],
			"to": [13, 3, 5],
			"faces": {
				"north": {"uv": [3.25, 5.625, 3.375, 5.75], "texture": "#1"},
				"east": {"uv": [3.375, 5.625, 3.5, 5.75], "texture": "#1"},
				"south": {"uv": [3.5, 5.625, 3.625, 5.75], "texture": "#1"},
				"west": {"uv": [3.625, 5.625, 3.75, 5.75], "texture": "#1"},
				"up": {"uv": [3.875, 5.75, 3.75, 5.625], "texture": "#1"},
				"down": {"uv": [4, 5.625, 3.875, 5.75], "texture": "#1"}
			}
		},
		{
			"from": [3, 0, 6],
			"to": [4, 1, 7],
			"faces": {
				"north": {"uv": [4, 5.625, 4.125, 5.75], "texture": "#1"},
				"east": {"uv": [4.125, 5.625, 4.25, 5.75], "texture": "#1"},
				"south": {"uv": [4.25, 5.625, 4.375, 5.75], "texture": "#1"},
				"west": {"uv": [4.375, 5.625, 4.5, 5.75], "texture": "#1"},
				"up": {"uv": [4.625, 5.75, 4.5, 5.625], "texture": "#1"},
				"down": {"uv": [4.75, 5.625, 4.625, 5.75], "texture": "#1"}
			}
		},
		{
			"from": [3, 0, 8],
			"to": [4, 1, 9],
			"faces": {
				"north": {"uv": [4.75, 5.625, 4.875, 5.75], "texture": "#1"},
				"east": {"uv": [4.875, 5.625, 5, 5.75], "texture": "#1"},
				"south": {"uv": [5.625, 4.875, 5.75, 5], "texture": "#1"},
				"west": {"uv": [5, 5.625, 5.125, 5.75], "texture": "#1"},
				"up": {"uv": [5.75, 5.125, 5.625, 5], "texture": "#1"},
				"down": {"uv": [5.25, 5.625, 5.125, 5.75], "texture": "#1"}
			}
		},
		{
			"from": [5, 0, 10],
			"to": [6, 1, 11],
			"faces": {
				"north": {"uv": [5.625, 5.125, 5.75, 5.25], "texture": "#1"},
				"east": {"uv": [5.25, 5.625, 5.375, 5.75], "texture": "#1"},
				"south": {"uv": [5.625, 5.25, 5.75, 5.375], "texture": "#1"},
				"west": {"uv": [5.375, 5.625, 5.5, 5.75], "texture": "#1"},
				"up": {"uv": [5.75, 5.5, 5.625, 5.375], "texture": "#1"},
				"down": {"uv": [5.625, 5.625, 5.5, 5.75], "texture": "#1"}
			}
		},
		{
			"from": [10, 0, 10],
			"to": [11, 1, 11],
			"faces": {
				"north": {"uv": [5.625, 5.5, 5.75, 5.625], "texture": "#1"},
				"east": {"uv": [5.625, 5.625, 5.75, 5.75], "texture": "#1"},
				"south": {"uv": [0, 5.75, 0.125, 5.875], "texture": "#1"},
				"west": {"uv": [5.75, 0, 5.875, 0.125], "texture": "#1"},
				"up": {"uv": [0.25, 5.875, 0.125, 5.75], "texture": "#1"},
				"down": {"uv": [5.875, 0.125, 5.75, 0.25], "texture": "#1"}
			}
		},
		{
			"from": [12, 0, 8],
			"to": [13, 1, 9],
			"faces": {
				"north": {"uv": [0.25, 5.75, 0.375, 5.875], "texture": "#1"},
				"east": {"uv": [5.75, 0.25, 5.875, 0.375], "texture": "#1"},
				"south": {"uv": [0.375, 5.75, 0.5, 5.875], "texture": "#1"},
				"west": {"uv": [5.75, 0.375, 5.875, 0.5], "texture": "#1"},
				"up": {"uv": [0.625, 5.875, 0.5, 5.75], "texture": "#1"},
				"down": {"uv": [5.875, 0.5, 5.75, 0.625], "texture": "#1"}
			}
		},
		{
			"from": [12, 0, 6],
			"to": [13, 1, 7],
			"faces": {
				"north": {"uv": [0.625, 5.75, 0.75, 5.875], "texture": "#1"},
				"east": {"uv": [5.75, 0.625, 5.875, 0.75], "texture": "#1"},
				"south": {"uv": [0.75, 5.75, 0.875, 5.875], "texture": "#1"},
				"west": {"uv": [5.75, 0.75, 5.875, 0.875], "texture": "#1"},
				"up": {"uv": [1, 5.875, 0.875, 5.75], "texture": "#1"},
				"down": {"uv": [5.875, 0.875, 5.75, 1], "texture": "#1"}
			}
		},
		{
			"from": [11, 0, 4],
			"to": [12, 1, 5],
			"faces": {
				"north": {"uv": [1, 5.75, 1.125, 5.875], "texture": "#1"},
				"east": {"uv": [5.75, 1, 5.875, 1.125], "texture": "#1"},
				"south": {"uv": [1.125, 5.75, 1.25, 5.875], "texture": "#1"},
				"west": {"uv": [5.75, 1.125, 5.875, 1.25], "texture": "#1"},
				"up": {"uv": [1.375, 5.875, 1.25, 5.75], "texture": "#1"},
				"down": {"uv": [1.5, 5.75, 1.375, 5.875], "texture": "#1"}
			}
		},
		{
			"from": [4, 0, 6],
			"to": [12, 4, 10],
			"faces": {
				"north": {"uv": [4.875, 1.375, 5.875, 2], "texture": "#1"},
				"east": {"uv": [1, 5.125, 1.5, 5.75], "texture": "#1"},
				"south": {"uv": [4.875, 4.25, 5.875, 4.875], "texture": "#1"},
				"west": {"uv": [1.875, 5.125, 2.375, 5.75], "texture": "#1"},
				"up": {"uv": [5.875, 3.625, 4.875, 3.125], "texture": "#1"},
				"down": {"uv": [5.625, 4.875, 4.625, 5.375], "texture": "#1"}
			}
		},
		{
			"from": [4, 3, 5],
			"to": [12, 4, 6],
			"faces": {
				"north": {"uv": [5, 2, 6, 2.25], "texture": "#1"},
				"east": {"uv": [3, 5.375, 3.125, 5.625], "texture": "#1"},
				"south": {"uv": [5.125, 2.25, 6.125, 2.5], "texture": "#1"},
				"west": {"uv": [3.125, 5.375, 3.25, 5.625], "texture": "#1"},
				"up": {"uv": [6, 1.375, 5, 1.25], "texture": "#1"},
				"down": {"uv": [6.125, 3, 5.125, 3.125], "texture": "#1"}
			}
		},
		{
			"from": [4, 2, 5],
			"to": [5, 3, 6],
			"faces": {
				"north": {"uv": [1.5, 5.75, 1.625, 5.875], "texture": "#1"},
				"east": {"uv": [1.625, 5.75, 1.75, 5.875], "texture": "#1"},
				"south": {"uv": [1.75, 5.75, 1.875, 5.875], "texture": "#1"},
				"west": {"uv": [1.875, 5.75, 2, 5.875], "texture": "#1"},
				"up": {"uv": [2.125, 5.875, 2, 5.75], "texture": "#1"},
				"down": {"uv": [2.25, 5.75, 2.125, 5.875], "texture": "#1"}
			}
		},
		{
			"from": [11, 2, 5],
			"to": [12, 3, 6],
			"faces": {
				"north": {"uv": [2.25, 5.75, 2.375, 5.875], "texture": "#1"},
				"east": {"uv": [2.375, 5.75, 2.5, 5.875], "texture": "#1"},
				"south": {"uv": [2.5, 5.75, 2.625, 5.875], "texture": "#1"},
				"west": {"uv": [2.625, 5.75, 2.75, 5.875], "texture": "#1"},
				"up": {"uv": [2.875, 5.875, 2.75, 5.75], "texture": "#1"},
				"down": {"uv": [5.875, 2.75, 5.75, 2.875], "texture": "#1"}
			}
		},
		{
			"from": [4, 0, 5],
			"to": [12, 2, 6],
			"faces": {
				"north": {"uv": [2.375, 5.125, 3.375, 5.375], "texture": "#1"},
				"east": {"uv": [3.25, 5.375, 3.375, 5.625], "texture": "#1"},
				"south": {"uv": [5.125, 2.5, 6.125, 2.75], "texture": "#1"},
				"west": {"uv": [3.375, 5.375, 3.5, 5.625], "texture": "#1"},
				"up": {"uv": [4.375, 5.375, 3.375, 5.25], "texture": "#1"},
				"down": {"uv": [6.25, 3.625, 5.25, 3.75], "texture": "#1"}
			}
		},
		{
			"from": [6, 2, 5],
			"to": [10, 3, 6],
			"faces": {
				"north": {"uv": [5.25, 4, 5.75, 4.125], "texture": "#1"},
				"east": {"uv": [2.875, 5.75, 3, 5.875], "texture": "#1"},
				"south": {"uv": [5.25, 4.125, 5.75, 4.25], "texture": "#1"},
				"west": {"uv": [5.75, 2.875, 5.875, 3], "texture": "#1"},
				"up": {"uv": [0.5, 5.5, 0, 5.375], "texture": "#1"},
				"down": {"uv": [1, 5.375, 0.5, 5.5], "texture": "#1"}
			}
		},
		{
			"from": [5, 4, 5],
			"to": [11, 5, 10],
			"faces": {
				"north": {"uv": [0.125, 5.25, 0.875, 5.375], "texture": "#1"},
				"east": {"uv": [4, 5.125, 4.625, 5.25], "texture": "#1"},
				"south": {"uv": [5.25, 3.75, 6, 3.875], "texture": "#1"},
				"west": {"uv": [5.25, 3.875, 5.875, 4], "texture": "#1"},
				"up": {"uv": [5.75, 0.625, 5, 0], "texture": "#1"},
				"down": {"uv": [5.75, 0.625, 5, 1.25], "texture": "#1"}
			}
		},
		{
			"from": [5, 2, 5],
			"to": [6, 3, 6],
			"faces": {
				"north": {"uv": [0.125, 0.25, 0.25, 0.375], "texture": "#1"},
				"east": {"uv": [0.25, 0.125, 0.375, 0.25], "texture": "#1"},
				"south": {"uv": [0.25, 0.25, 0.375, 0.375], "texture": "#1"},
				"west": {"uv": [0, 0.375, 0.125, 0.5], "texture": "#1"},
				"up": {"uv": [0.5, 0.125, 0.375, 0], "texture": "#1"},
				"down": {"uv": [0.25, 0.375, 0.125, 0.5], "texture": "#1"}
			}
		},
		{
			"from": [10, 2, 5],
			"to": [11, 3, 6],
			"faces": {
				"north": {"uv": [0, 0, 0.125, 0.125], "texture": "#1"},
				"east": {"uv": [0, 0.125, 0.125, 0.25], "texture": "#1"},
				"south": {"uv": [0.125, 0, 0.25, 0.125], "texture": "#1"},
				"west": {"uv": [0.125, 0.125, 0.25, 0.25], "texture": "#1"},
				"up": {"uv": [0.125, 0.375, 0, 0.25], "texture": "#1"},
				"down": {"uv": [0.375, 0, 0.25, 0.125], "texture": "#1"}
			}
		},
		{
			"from": [4.4, 4, 7],
			"to": [11.4, 5.3, 8],
			"faces": {
				"north": {"uv": [0, 4, 7, 5], "texture": "#2"},
				"east": {"uv": [2, 8, 3, 9], "texture": "#2"},
				"south": {"uv": [0, 5, 7, 6], "texture": "#2"},
				"west": {"uv": [3, 8, 4, 9], "texture": "#2"},
				"up": {"uv": [7, 7, 0, 6], "texture": "#2"},
				"down": {"uv": [7, 7, 0, 8], "texture": "#2"}
			}
		},
		{
			"from": [4.8, 5.3, 7],
			"to": [11.2, 5.6, 8],
			"faces": {
				"north": {"uv": [7, 4, 13, 5], "texture": "#2"},
				"east": {"uv": [4, 8, 5, 9], "texture": "#2"},
				"south": {"uv": [7, 5, 13, 6], "texture": "#2"},
				"west": {"uv": [5, 8, 6, 9], "texture": "#2"},
				"up": {"uv": [13, 7, 7, 6], "texture": "#2"},
				"down": {"uv": [13, 7, 7, 8], "texture": "#2"}
			}
		},
		{
			"from": [1.4, 4.4, 7.4],
			"to": [1.9, 5.5, 7.6],
			"rotation": {"angle": 0, "axis": "x", "origin": [0.1, -0.2, 0]},
			"faces": {
				"north": {"uv": [0, 0, 1, 1], "texture": "#3"},
				"east": {"uv": [0, 1, 1, 2], "texture": "#3"},
				"south": {"uv": [1, 0, 2, 1], "texture": "#3"},
				"west": {"uv": [1, 1, 2, 2], "texture": "#3"},
				"up": {"uv": [1, 3, 0, 2], "texture": "#3"},
				"down": {"uv": [3, 0, 2, 1], "texture": "#3"}
			}
		},
		{
			"from": [1, 4.4, 7.4],
			"to": [1.2, 5, 7.6],
			"rotation": {"angle": 0, "axis": "x", "origin": [0.1, -0.2, 0]},
			"faces": {
				"north": {"uv": [1, 2, 2, 3], "texture": "#3"},
				"east": {"uv": [2, 1, 3, 2], "texture": "#3"},
				"south": {"uv": [2, 2, 3, 3], "texture": "#3"},
				"west": {"uv": [0, 3, 1, 4], "texture": "#3"},
				"up": {"uv": [4, 1, 3, 0], "texture": "#3"},
				"down": {"uv": [2, 3, 1, 4], "texture": "#3"}
			}
		},
		{
			"from": [1.9, 5, 7.4],
			"to": [2.7, 5.5, 7.6],
			"rotation": {"angle": 0, "axis": "x", "origin": [0.1, -0.2, 0]},
			"faces": {
				"north": {"uv": [3, 1, 4, 2], "texture": "#3"},
				"east": {"uv": [2, 3, 3, 4], "texture": "#3"},
				"south": {"uv": [3, 2, 4, 3], "texture": "#3"},
				"west": {"uv": [3, 3, 4, 4], "texture": "#3"},
				"up": {"uv": [1, 5, 0, 4], "texture": "#3"},
				"down": {"uv": [5, 0, 4, 1], "texture": "#3"}
			}
		},
		{
			"from": [1.9, 4.4, 7.4],
			"to": [2.4, 5, 7.6],
			"rotation": {"angle": 0, "axis": "x", "origin": [0.1, -0.2, 0]},
			"faces": {
				"north": {"uv": [1, 4, 2, 5], "texture": "#3"},
				"east": {"uv": [4, 1, 5, 2], "texture": "#3"},
				"south": {"uv": [2, 4, 3, 5], "texture": "#3"},
				"west": {"uv": [4, 2, 5, 3], "texture": "#3"},
				"up": {"uv": [4, 5, 3, 4], "texture": "#3"},
				"down": {"uv": [5, 3, 4, 4], "texture": "#3"}
			}
		},
		{
			"from": [1.6, 5.5, 7.4],
			"to": [2.5, 5.7, 7.6],
			"rotation": {"angle": 0, "axis": "x", "origin": [0.1, -0.2, 0]},
			"faces": {
				"north": {"uv": [4, 4, 5, 5], "texture": "#3"},
				"east": {"uv": [0, 5, 1, 6], "texture": "#3"},
				"south": {"uv": [5, 0, 6, 1], "texture": "#3"},
				"west": {"uv": [1, 5, 2, 6], "texture": "#3"},
				"up": {"uv": [6, 2, 5, 1], "texture": "#3"},
				"down": {"uv": [3, 5, 2, 6], "texture": "#3"}
			}
		},
		{
			"from": [1.2, 4.4, 7.4],
			"to": [1.4, 5.3, 7.6],
			"rotation": {"angle": 0, "axis": "x", "origin": [0.1, -0.2, 0]},
			"faces": {
				"north": {"uv": [5, 2, 6, 3], "texture": "#3"},
				"east": {"uv": [3, 5, 4, 6], "texture": "#3"},
				"south": {"uv": [5, 3, 6, 4], "texture": "#3"},
				"west": {"uv": [4, 5, 5, 6], "texture": "#3"},
				"up": {"uv": [6, 5, 5, 4], "texture": "#3"},
				"down": {"uv": [6, 5, 5, 6], "texture": "#3"}
			}
		},
		{
			"from": [0.8, 4.4, 7.4],
			"to": [1, 4.7, 7.6],
			"rotation": {"angle": 0, "axis": "x", "origin": [0.1, -0.2, 0]},
			"faces": {
				"north": {"uv": [0, 6, 1, 7], "texture": "#3"},
				"east": {"uv": [6, 0, 7, 1], "texture": "#3"},
				"south": {"uv": [1, 6, 2, 7], "texture": "#3"},
				"west": {"uv": [6, 1, 7, 2], "texture": "#3"},
				"up": {"uv": [3, 7, 2, 6], "texture": "#3"},
				"down": {"uv": [7, 2, 6, 3], "texture": "#3"}
			}
		},
		{
			"from": [1.6, 3.3, 7.4],
			"to": [2.5, 3.5, 7.6],
			"rotation": {"angle": 0, "axis": "x", "origin": [0.1, 16.2, 0]},
			"faces": {
				"north": {"uv": [3, 6, 4, 7], "texture": "#3"},
				"east": {"uv": [6, 3, 7, 4], "texture": "#3"},
				"south": {"uv": [4, 6, 5, 7], "texture": "#3"},
				"west": {"uv": [6, 4, 7, 5], "texture": "#3"},
				"up": {"uv": [6, 7, 5, 6], "texture": "#3"},
				"down": {"uv": [7, 5, 6, 6], "texture": "#3"}
			}
		},
		{
			"from": [1, 4, 7.4],
			"to": [1.2, 4.4, 7.6],
			"rotation": {"angle": 0, "axis": "x", "origin": [0.1, 16.2, 0]},
			"faces": {
				"north": {"uv": [6, 6, 7, 7], "texture": "#3"},
				"east": {"uv": [0, 7, 1, 8], "texture": "#3"},
				"south": {"uv": [7, 0, 8, 1], "texture": "#3"},
				"west": {"uv": [1, 7, 2, 8], "texture": "#3"},
				"up": {"uv": [8, 2, 7, 1], "texture": "#3"},
				"down": {"uv": [3, 7, 2, 8], "texture": "#3"}
			}
		},
		{
			"from": [1.4, 3.5, 7.4],
			"to": [1.9, 4.4, 7.6],
			"rotation": {"angle": 0, "axis": "x", "origin": [0.1, 16.2, 0]},
			"faces": {
				"north": {"uv": [7, 2, 8, 3], "texture": "#3"},
				"east": {"uv": [3, 7, 4, 8], "texture": "#3"},
				"south": {"uv": [7, 3, 8, 4], "texture": "#3"},
				"west": {"uv": [4, 7, 5, 8], "texture": "#3"},
				"up": {"uv": [8, 5, 7, 4], "texture": "#3"},
				"down": {"uv": [6, 7, 5, 8], "texture": "#3"}
			}
		},
		{
			"from": [1.2, 3.7, 7.4],
			"to": [1.4, 4.4, 7.6],
			"rotation": {"angle": 0, "axis": "x", "origin": [0.1, 16.2, 0]},
			"faces": {
				"north": {"uv": [7, 5, 8, 6], "texture": "#3"},
				"east": {"uv": [6, 7, 7, 8], "texture": "#3"},
				"south": {"uv": [7, 6, 8, 7], "texture": "#3"},
				"west": {"uv": [7, 7, 8, 8], "texture": "#3"},
				"up": {"uv": [1, 9, 0, 8], "texture": "#3"},
				"down": {"uv": [9, 0, 8, 1], "texture": "#3"}
			}
		},
		{
			"from": [1.9, 4, 7.4],
			"to": [2.4, 4.4, 7.6],
			"rotation": {"angle": 0, "axis": "x", "origin": [0.1, 16.2, 0]},
			"faces": {
				"north": {"uv": [1, 8, 2, 9], "texture": "#3"},
				"east": {"uv": [8, 1, 9, 2], "texture": "#3"},
				"south": {"uv": [2, 8, 3, 9], "texture": "#3"},
				"west": {"uv": [8, 2, 9, 3], "texture": "#3"},
				"up": {"uv": [4, 9, 3, 8], "texture": "#3"},
				"down": {"uv": [9, 3, 8, 4], "texture": "#3"}
			}
		},
		{
			"from": [1.9, 3.5, 7.4],
			"to": [2.7, 4, 7.6],
			"rotation": {"angle": 0, "axis": "x", "origin": [0.1, 16.2, 0]},
			"faces": {
				"north": {"uv": [4, 8, 5, 9], "texture": "#3"},
				"east": {"uv": [8, 4, 9, 5], "texture": "#3"},
				"south": {"uv": [5, 8, 6, 9], "texture": "#3"},
				"west": {"uv": [8, 5, 9, 6], "texture": "#3"},
				"up": {"uv": [7, 9, 6, 8], "texture": "#3"},
				"down": {"uv": [9, 6, 8, 7], "texture": "#3"}
			}
		},
		{
			"from": [0.8, 4.3, 7.4],
			"to": [1, 4.4, 7.6],
			"rotation": {"angle": 0, "axis": "x", "origin": [0.1, 16.2, 0]},
			"faces": {
				"north": {"uv": [7, 8, 8, 9], "texture": "#3"},
				"east": {"uv": [8, 7, 9, 8], "texture": "#3"},
				"south": {"uv": [8, 8, 9, 9], "texture": "#3"},
				"west": {"uv": [0, 9, 1, 10], "texture": "#3"},
				"up": {"uv": [10, 1, 9, 0], "texture": "#3"},
				"down": {"uv": [2, 9, 1, 10], "texture": "#3"}
			}
		},
		{
			"from": [0.6, 4.4, 7.4],
			"to": [0.8, 4.6, 7.6],
			"rotation": {"angle": 0, "axis": "x", "origin": [0.1, -0.2, 0]},
			"faces": {
				"north": {"uv": [9, 1, 10, 2], "texture": "#3"},
				"east": {"uv": [2, 9, 3, 10], "texture": "#3"},
				"south": {"uv": [9, 2, 10, 3], "texture": "#3"},
				"west": {"uv": [3, 9, 4, 10], "texture": "#3"},
				"up": {"uv": [10, 4, 9, 3], "texture": "#3"},
				"down": {"uv": [5, 9, 4, 10], "texture": "#3"}
			}
		},
		{
			"from": [14, 0.3, 8.3],
			"to": [15.2, 2.2, 8.5],
			"rotation": {"angle": -22.5, "axis": "x", "origin": [1.1, 0.8, 0]},
			"faces": {
				"north": {"uv": [0, 0, 1, 2], "texture": "#4"},
				"east": {"uv": [1, 0, 2, 2], "texture": "#4"},
				"south": {"uv": [0, 2, 1, 4], "texture": "#4"},
				"west": {"uv": [2, 0, 3, 2], "texture": "#4"},
				"up": {"uv": [1, 5, 0, 4], "texture": "#4"},
				"down": {"uv": [5, 0, 4, 1], "texture": "#4"}
			}
		},
		{
			"from": [15.2, 1.7, 8.3],
			"to": [15.8, 2.2, 8.5],
			"rotation": {"angle": -22.5, "axis": "x", "origin": [2.3, 0.8, 0]},
			"faces": {
				"north": {"uv": [1, 4, 2, 5], "texture": "#4"},
				"east": {"uv": [4, 1, 5, 2], "texture": "#4"},
				"south": {"uv": [2, 4, 3, 5], "texture": "#4"},
				"west": {"uv": [4, 2, 5, 3], "texture": "#4"},
				"up": {"uv": [4, 5, 3, 4], "texture": "#4"},
				"down": {"uv": [5, 3, 4, 4], "texture": "#4"}
			}
		},
		{
			"from": [14, 6.1, 5.4],
			"to": [15.2, 8, 5.6],
			"rotation": {"angle": 22.5, "axis": "x", "origin": [1.1, 0.8, 0]},
			"faces": {
				"north": {"uv": [1, 2, 2, 4], "texture": "#4"},
				"east": {"uv": [2, 2, 3, 4], "texture": "#4"},
				"south": {"uv": [3, 0, 4, 2], "texture": "#4"},
				"west": {"uv": [3, 2, 4, 4], "texture": "#4"},
				"up": {"uv": [5, 5, 4, 4], "texture": "#4"},
				"down": {"uv": [1, 5, 0, 6], "texture": "#4"}
			}
		},
		{
			"from": [15.2, 7.5, 5.4],
			"to": [15.8, 8, 5.6],
			"rotation": {"angle": 22.5, "axis": "x", "origin": [2.3, 0.8, 0]},
			"faces": {
				"north": {"uv": [5, 0, 6, 1], "texture": "#4"},
				"east": {"uv": [1, 5, 2, 6], "texture": "#4"},
				"south": {"uv": [5, 1, 6, 2], "texture": "#4"},
				"west": {"uv": [2, 5, 3, 6], "texture": "#4"},
				"up": {"uv": [6, 3, 5, 2], "texture": "#4"},
				"down": {"uv": [4, 5, 3, 6], "texture": "#4"}
			}
		},
		{
			"from": [15.2, 6.1, 5.4],
			"to": [15.8, 6.6, 5.6],
			"rotation": {"angle": 22.5, "axis": "x", "origin": [2.3, 0.8, 0]},
			"faces": {
				"north": {"uv": [5, 3, 6, 4], "texture": "#4"},
				"east": {"uv": [4, 5, 5, 6], "texture": "#4"},
				"south": {"uv": [5, 4, 6, 5], "texture": "#4"},
				"west": {"uv": [5, 5, 6, 6], "texture": "#4"},
				"up": {"uv": [1, 7, 0, 6], "texture": "#4"},
				"down": {"uv": [7, 0, 6, 1], "texture": "#4"}
			}
		},
		{
			"from": [15.2, 0.3, 8.3],
			"to": [15.8, 0.8, 8.5],
			"rotation": {"angle": -22.5, "axis": "x", "origin": [2.3, 0.8, 0]},
			"faces": {
				"north": {"uv": [1, 6, 2, 7], "texture": "#4"},
				"east": {"uv": [6, 1, 7, 2], "texture": "#4"},
				"south": {"uv": [2, 6, 3, 7], "texture": "#4"},
				"west": {"uv": [6, 2, 7, 3], "texture": "#4"},
				"up": {"uv": [4, 7, 3, 6], "texture": "#4"},
				"down": {"uv": [7, 3, 6, 4], "texture": "#4"}
			}
		},
		{
			"name": "stick",
			"from": [2, 4.2, 7.2],
			"to": [15, 4.8, 7.8],
			"faces": {
				"north": {"uv": [0, 0, 13, 1], "texture": "#2"},
				"east": {"uv": [0, 8, 1, 9], "texture": "#2"},
				"south": {"uv": [0, 1, 13, 2], "texture": "#2"},
				"west": {"uv": [1, 8, 2, 9], "texture": "#2"},
				"up": {"uv": [13, 3, 0, 2], "texture": "#2"},
				"down": {"uv": [13, 3, 0, 4], "texture": "#2"}
			}
		}
	],
	"display": {
		"thirdperson_righthand": {
			"rotation": [56, 0, 10],
			"translation": [-0.75, 4, 4],
			"scale": [0.9, 0.9, 0.9]
		},
		"thirdperson_lefthand": {
			"rotation": [56, 0, 10],
			"translation": [-0.75, 4, 4],
			"scale": [0.9, 0.9, 0.9]
		},
		"ground": {
			"translation": [0, 4, 0]
		},
		"gui": {
			"rotation": [27, -143, 0],
			"translation": [-1.5, 5, 0]
		},
		"head": {
			"translation": [0, 14.25, -0.25]
		},
		"fixed": {
			"translation": [0, 5, 0]
		}
	},
	"groups": [
		{
			"name": "carb",
			"origin": [0, 0, 0],
			"color": 0,
			"children": [0, 1, 2, 3, 4, 5, 6, 7, 8, 9, 10, 11, 12, 13, 14, 15, 16, 17, 18, 19, 20, 21, 22, 23, 24, 25, 26, 27, 28, 29]
		},
		{
			"name": "band",
			"origin": [0, 0, 0],
			"color": 0,
			"children": [30, 31]
		},
		{
			"name": "heart",
			"origin": [0.1, -0.2, 0],
			"color": 0,
			"children": [32, 33, 34, 35, 36, 37, 38, 39, 40, 41, 42, 43, 44, 45, 46]
		},
		{
			"name": "feather",
			"origin": [2.3, 0.8, 0],
			"color": 0,
			"children": [47, 48, 49, 50, 51, 52]
		},
		53
	]
}