{
	"credit": "Made with Blockbench",
	"textures": {
		"1": "mctc:hats/carb",
		"particle": "mctc:hats/carb"
	},
	"elements": [
		{
			"from": [4, 0, 4],
			"to": [5, 1, 5],
			"faces": {
				"north": {"uv": [0.875, 5.25, 1, 5.375], "texture": "#1"},
				"east": {"uv": [3.5, 5.375, 3.625, 5.5], "texture": "#1"},
				"south": {"uv": [3.625, 5.375, 3.75, 5.5], "texture": "#1"},
				"west": {"uv": [3.75, 5.375, 3.875, 5.5], "texture": "#1"},
				"up": {"uv": [4, 5.5, 3.875, 5.375], "texture": "#1"},
				"down": {"uv": [4.125, 5.375, 4, 5.5], "texture": "#1"}
			}
		},
		{
			"from": [3, 2, 4],
			"to": [4, 3, 5],
			"faces": {
				"north": {"uv": [4.125, 5.375, 4.25, 5.5], "texture": "#1"},
				"east": {"uv": [4.25, 5.375, 4.375, 5.5], "texture": "#1"},
				"south": {"uv": [4.375, 5.375, 4.5, 5.5], "texture": "#1"},
				"west": {"uv": [4.5, 5.375, 4.625, 5.5], "texture": "#1"},
				"up": {"uv": [4.75, 5.5, 4.625, 5.375], "texture": "#1"},
				"down": {"uv": [4.875, 5.375, 4.75, 5.5], "texture": "#1"}
			}
		},
		{
			"from": [2, 3, 3],
			"to": [3, 4, 4],
			"faces": {
				"north": {"uv": [4.875, 5.375, 5, 5.5], "texture": "#1"},
				"east": {"uv": [5, 5.375, 5.125, 5.5], "texture": "#1"},
				"south": {"uv": [5.125, 5.375, 5.25, 5.5], "texture": "#1"},
				"west": {"uv": [5.25, 5.375, 5.375, 5.5], "texture": "#1"},
				"up": {"uv": [5.5, 5.5, 5.375, 5.375], "texture": "#1"},
				"down": {"uv": [0.125, 5.5, 0, 5.625], "texture": "#1"}
			}
		},
		{
			"from": [2, 1, 3],
			"to": [3, 2, 4],
			"faces": {
				"north": {"uv": [0.125, 5.5, 0.25, 5.625], "texture": "#1"},
				"east": {"uv": [0.25, 5.5, 0.375, 5.625], "texture": "#1"},
				"south": {"uv": [0.375, 5.5, 0.5, 5.625], "texture": "#1"},
				"west": {"uv": [0.5, 5.5, 0.625, 5.625], "texture": "#1"},
				"up": {"uv": [0.75, 5.625, 0.625, 5.5], "texture": "#1"},
				"down": {"uv": [0.875, 5.5, 0.75, 5.625], "texture": "#1"}
			}
		},
		{
			"from": [13, 3, 3],
			"to": [14, 5, 4],
			"faces": {
				"north": {"uv": [3.375, 4.875, 3.5, 5.125], "texture": "#1"},
				"east": {"uv": [3.5, 4.875, 3.625, 5.125], "texture": "#1"},
				"south": {"uv": [1.5, 5.125, 1.625, 5.375], "texture": "#1"},
				"west": {"uv": [1.625, 5.125, 1.75, 5.375], "texture": "#1"},
				"up": {"uv": [1, 5.625, 0.875, 5.5], "texture": "#1"},
				"down": {"uv": [1.625, 5.5, 1.5, 5.625], "texture": "#1"}
			}
		},
		{
			"from": [14, 5, 3],
			"to": [15, 6, 4],
			"faces": {
				"north": {"uv": [1.625, 5.5, 1.75, 5.625], "texture": "#1"},
				"east": {"uv": [1.75, 5.5, 1.875, 5.625], "texture": "#1"},
				"south": {"uv": [2.375, 5.5, 2.5, 5.625], "texture": "#1"},
				"west": {"uv": [2.5, 5.5, 2.625, 5.625], "texture": "#1"},
				"up": {"uv": [3.625, 5.625, 3.5, 5.5], "texture": "#1"},
				"down": {"uv": [3.75, 5.5, 3.625, 5.625], "texture": "#1"}
			}
		},
		{
			"from": [14, 4, 3],
			"to": [15, 5, 4],
			"faces": {
				"north": {"uv": [3.75, 5.5, 3.875, 5.625], "texture": "#1"},
				"east": {"uv": [3.875, 5.5, 4, 5.625], "texture": "#1"},
				"south": {"uv": [4, 5.5, 4.125, 5.625], "texture": "#1"},
				"west": {"uv": [4.125, 5.5, 4.25, 5.625], "texture": "#1"},
				"up": {"uv": [4.375, 5.625, 4.25, 5.5], "texture": "#1"},
				"down": {"uv": [4.5, 5.5, 4.375, 5.625], "texture": "#1"}
			}
		},
		{
			"from": [15, 5, 3],
			"to": [16, 6, 4],
			"faces": {
				"north": {"uv": [4.5, 5.5, 4.625, 5.625], "texture": "#1"},
				"east": {"uv": [4.625, 5.5, 4.75, 5.625], "texture": "#1"},
				"south": {"uv": [4.75, 5.5, 4.875, 5.625], "texture": "#1"},
				"west": {"uv": [4.875, 5.5, 5, 5.625], "texture": "#1"},
				"up": {"uv": [5.125, 5.625, 5, 5.5], "texture": "#1"},
				"down": {"uv": [5.25, 5.5, 5.125, 5.625], "texture": "#1"}
			}
		},
		{
			"from": [12, 5, 3],
			"to": [13, 6, 4],
			"faces": {
				"north": {"uv": [5.25, 5.5, 5.375, 5.625], "texture": "#1"},
				"east": {"uv": [5.375, 5.5, 5.5, 5.625], "texture": "#1"},
				"south": {"uv": [5.5, 5.375, 5.625, 5.5], "texture": "#1"},
				"west": {"uv": [5.5, 5.5, 5.625, 5.625], "texture": "#1"},
				"up": {"uv": [0.125, 5.75, 0, 5.625], "texture": "#1"},
				"down": {"uv": [0.25, 5.625, 0.125, 5.75], "texture": "#1"}
			}
		},
		{
			"from": [14, 4, 2],
			"to": [15, 5, 3],
			"faces": {
				"north": {"uv": [0.25, 5.625, 0.375, 5.75], "texture": "#1"},
				"east": {"uv": [0.375, 5.625, 0.5, 5.75], "texture": "#1"},
				"south": {"uv": [0.5, 5.625, 0.625, 5.75], "texture": "#1"},
				"west": {"uv": [0.625, 5.625, 0.75, 5.75], "texture": "#1"},
				"up": {"uv": [0.875, 5.75, 0.75, 5.625], "texture": "#1"},
				"down": {"uv": [1, 5.625, 0.875, 5.75], "texture": "#1"}
			}
		},
		{
			"from": [14, 6, 3],
			"to": [15, 7, 4],
			"faces": {
				"north": {"uv": [1.5, 5.625, 1.625, 5.75], "texture": "#1"},
				"east": {"uv": [1.625, 5.625, 1.75, 5.75], "texture": "#1"},
				"south": {"uv": [1.75, 5.625, 1.875, 5.75], "texture": "#1"},
				"west": {"uv": [2.375, 5.625, 2.5, 5.75], "texture": "#1"},
				"up": {"uv": [2.625, 5.75, 2.5, 5.625], "texture": "#1"},
				"down": {"uv": [2.75, 5.625, 2.625, 5.75], "texture": "#1"}
			}
		},
		{
			"from": [13, 7, 2],
			"to": [15, 8, 3],
			"faces": {
				"north": {"uv": [3.375, 5.125, 3.625, 5.25], "texture": "#1"},
				"east": {"uv": [2.75, 5.625, 2.875, 5.75], "texture": "#1"},
				"south": {"uv": [4.375, 5.25, 4.625, 5.375], "texture": "#1"},
				"west": {"uv": [2.875, 5.625, 3, 5.75], "texture": "#1"},
				"up": {"uv": [1.75, 5.5, 1.5, 5.375], "texture": "#1"},
				"down": {"uv": [2.625, 5.375, 2.375, 5.5], "texture": "#1"}
			}
		},
		{
			"from": [15, 5, 2],
			"to": [16, 7, 3],
			"faces": {
				"north": {"uv": [1.75, 5.25, 1.875, 5.5], "texture": "#1"},
				"east": {"uv": [2.625, 5.375, 2.75, 5.625], "texture": "#1"},
				"south": {"uv": [2.75, 5.375, 2.875, 5.625], "texture": "#1"},
				"west": {"uv": [2.875, 5.375, 3, 5.625], "texture": "#1"},
				"up": {"uv": [3.125, 5.75, 3, 5.625], "texture": "#1"},
				"down": {"uv": [3.25, 5.625, 3.125, 5.75], "texture": "#1"}
			}
		},
		{
			"from": [12, 2, 4],
			"to": [13, 3, 5],
			"faces": {
				"north": {"uv": [3.25, 5.625, 3.375, 5.75], "texture": "#1"},
				"east": {"uv": [3.375, 5.625, 3.5, 5.75], "texture": "#1"},
				"south": {"uv": [3.5, 5.625, 3.625, 5.75], "texture": "#1"},
				"west": {"uv": [3.625, 5.625, 3.75, 5.75], "texture": "#1"},
				"up": {"uv": [3.875, 5.75, 3.75, 5.625], "texture": "#1"},
				"down": {"uv": [4, 5.625, 3.875, 5.75], "texture": "#1"}
			}
		},
		{
			"from": [3, 0, 6],
			"to": [4, 1, 7],
			"faces": {
				"north": {"uv": [4, 5.625, 4.125, 5.75], "texture": "#1"},
				"east": {"uv": [4.125, 5.625, 4.25, 5.75], "texture": "#1"},
				"south": {"uv": [4.25, 5.625, 4.375, 5.75], "texture": "#1"},
				"west": {"uv": [4.375, 5.625, 4.5, 5.75], "texture": "#1"},
				"up": {"uv": [4.625, 5.75, 4.5, 5.625], "texture": "#1"},
				"down": {"uv": [4.75, 5.625, 4.625, 5.75], "texture": "#1"}
			}
		},
		{
			"from": [3, 0, 8],
			"to": [4, 1, 9],
			"faces": {
				"north": {"uv": [4.75, 5.625, 4.875, 5.75], "texture": "#1"},
				"east": {"uv": [4.875, 5.625, 5, 5.75], "texture": "#1"},
				"south": {"uv": [5.625, 4.875, 5.75, 5], "texture": "#1"},
				"west": {"uv": [5, 5.625, 5.125, 5.75], "texture": "#1"},
				"up": {"uv": [5.75, 5.125, 5.625, 5], "texture": "#1"},
				"down": {"uv": [5.25, 5.625, 5.125, 5.75], "texture": "#1"}
			}
		},
		{
			"from": [5, 0, 10],
			"to": [6, 1, 11],
			"faces": {
				"north": {"uv": [5.625, 5.125, 5.75, 5.25], "texture": "#1"},
				"east": {"uv": [5.25, 5.625, 5.375, 5.75], "texture": "#1"},
				"south": {"uv": [5.625, 5.25, 5.75, 5.375], "texture": "#1"},
				"west": {"uv": [5.375, 5.625, 5.5, 5.75], "texture": "#1"},
				"up": {"uv": [5.75, 5.5, 5.625, 5.375], "texture": "#1"},
				"down": {"uv": [5.625, 5.625, 5.5, 5.75], "texture": "#1"}
			}
		},
		{
			"from": [10, 0, 10],
			"to": [11, 1, 11],
			"faces": {
				"north": {"uv": [5.625, 5.5, 5.75, 5.625], "texture": "#1"},
				"east": {"uv": [5.625, 5.625, 5.75, 5.75], "texture": "#1"},
				"south": {"uv": [0, 5.75, 0.125, 5.875], "texture": "#1"},
				"west": {"uv": [5.75, 0, 5.875, 0.125], "texture": "#1"},
				"up": {"uv": [0.25, 5.875, 0.125, 5.75], "texture": "#1"},
				"down": {"uv": [5.875, 0.125, 5.75, 0.25], "texture": "#1"}
			}
		},
		{
			"from": [12, 0, 8],
			"to": [13, 1, 9],
			"faces": {
				"north": {"uv": [0.25, 5.75, 0.375, 5.875], "texture": "#1"},
				"east": {"uv": [5.75, 0.25, 5.875, 0.375], "texture": "#1"},
				"south": {"uv": [0.375, 5.75, 0.5, 5.875], "texture": "#1"},
				"west": {"uv": [5.75, 0.375, 5.875, 0.5], "texture": "#1"},
				"up": {"uv": [0.625, 5.875, 0.5, 5.75], "texture": "#1"},
				"down": {"uv": [5.875, 0.5, 5.75, 0.625], "texture": "#1"}
			}
		},
		{
			"from": [12, 0, 6],
			"to": [13, 1, 7],
			"faces": {
				"north": {"uv": [0.625, 5.75, 0.75, 5.875], "texture": "#1"},
				"east": {"uv": [5.75, 0.625, 5.875, 0.75], "texture": "#1"},
				"south": {"uv": [0.75, 5.75, 0.875, 5.875], "texture": "#1"},
				"west": {"uv": [5.75, 0.75, 5.875, 0.875], "texture": "#1"},
				"up": {"uv": [1, 5.875, 0.875, 5.75], "texture": "#1"},
				"down": {"uv": [5.875, 0.875, 5.75, 1], "texture": "#1"}
			}
		},
		{
			"from": [11, 0, 4],
			"to": [12, 1, 5],
			"faces": {
				"north": {"uv": [1, 5.75, 1.125, 5.875], "texture": "#1"},
				"east": {"uv": [5.75, 1, 5.875, 1.125], "texture": "#1"},
				"south": {"uv": [1.125, 5.75, 1.25, 5.875], "texture": "#1"},
				"west": {"uv": [5.75, 1.125, 5.875, 1.25], "texture": "#1"},
				"up": {"uv": [1.375, 5.875, 1.25, 5.75], "texture": "#1"},
				"down": {"uv": [1.5, 5.75, 1.375, 5.875], "texture": "#1"}
			}
		},
		{
			"from": [4, 0, 6],
			"to": [12, 4, 10],
			"faces": {
				"north": {"uv": [4.875, 1.375, 5.875, 2], "texture": "#1"},
				"east": {"uv": [1, 5.125, 1.5, 5.75], "texture": "#1"},
				"south": {"uv": [4.875, 4.25, 5.875, 4.875], "texture": "#1"},
				"west": {"uv": [1.875, 5.125, 2.375, 5.75], "texture": "#1"},
				"up": {"uv": [5.875, 3.625, 4.875, 3.125], "texture": "#1"},
				"down": {"uv": [5.625, 4.875, 4.625, 5.375], "texture": "#1"}
			}
		},
		{
			"from": [4, 3, 5],
			"to": [12, 4, 6],
			"faces": {
				"north": {"uv": [5, 2, 6, 2.25], "texture": "#1"},
				"east": {"uv": [3, 5.375, 3.125, 5.625], "texture": "#1"},
				"south": {"uv": [5.125, 2.25, 6.125, 2.5], "texture": "#1"},
				"west": {"uv": [3.125, 5.375, 3.25, 5.625], "texture": "#1"},
				"up": {"uv": [6, 1.375, 5, 1.25], "texture": "#1"},
				"down": {"uv": [6.125, 3, 5.125, 3.125], "texture": "#1"}
			}
		},
		{
			"from": [4, 2, 5],
			"to": [5, 3, 6],
			"faces": {
				"north": {"uv": [1.5, 5.75, 1.625, 5.875], "texture": "#1"},
				"east": {"uv": [1.625, 5.75, 1.75, 5.875], "texture": "#1"},
				"south": {"uv": [1.75, 5.75, 1.875, 5.875], "texture": "#1"},
				"west": {"uv": [1.875, 5.75, 2, 5.875], "texture": "#1"},
				"up": {"uv": [2.125, 5.875, 2, 5.75], "texture": "#1"},
				"down": {"uv": [2.25, 5.75, 2.125, 5.875], "texture": "#1"}
			}
		},
		{
			"from": [11, 2, 5],
			"to": [12, 3, 6],
			"faces": {
				"north": {"uv": [2.25, 5.75, 2.375, 5.875], "texture": "#1"},
				"east": {"uv": [2.375, 5.75, 2.5, 5.875], "texture": "#1"},
				"south": {"uv": [2.5, 5.75, 2.625, 5.875], "texture": "#1"},
				"west": {"uv": [2.625, 5.75, 2.75, 5.875], "texture": "#1"},
				"up": {"uv": [2.875, 5.875, 2.75, 5.75], "texture": "#1"},
				"down": {"uv": [5.875, 2.75, 5.75, 2.875], "texture": "#1"}
			}
		},
		{
			"from": [4, 0, 5],
			"to": [12, 2, 6],
			"faces": {
				"north": {"uv": [2.375, 5.125, 3.375, 5.375], "texture": "#1"},
				"east": {"uv": [3.25, 5.375, 3.375, 5.625], "texture": "#1"},
				"south": {"uv": [5.125, 2.5, 6.125, 2.75], "texture": "#1"},
				"west": {"uv": [3.375, 5.375, 3.5, 5.625], "texture": "#1"},
				"up": {"uv": [4.375, 5.375, 3.375, 5.25], "texture": "#1"},
				"down": {"uv": [6.25, 3.625, 5.25, 3.75], "texture": "#1"}
			}
		},
		{
			"from": [6, 2, 5],
			"to": [10, 3, 6],
			"faces": {
				"north": {"uv": [5.25, 4, 5.75, 4.125], "texture": "#1"},
				"east": {"uv": [2.875, 5.75, 3, 5.875], "texture": "#1"},
				"south": {"uv": [5.25, 4.125, 5.75, 4.25], "texture": "#1"},
				"west": {"uv": [5.75, 2.875, 5.875, 3], "texture": "#1"},
				"up": {"uv": [0.5, 5.5, 0, 5.375], "texture": "#1"},
				"down": {"uv": [1, 5.375, 0.5, 5.5], "texture": "#1"}
			}
		},
		{
			"from": [5, 4, 5],
			"to": [11, 5, 10],
			"faces": {
				"north": {"uv": [0.125, 5.25, 0.875, 5.375], "texture": "#1"},
				"east": {"uv": [4, 5.125, 4.625, 5.25], "texture": "#1"},
				"south": {"uv": [5.25, 3.75, 6, 3.875], "texture": "#1"},
				"west": {"uv": [5.25, 3.875, 5.875, 4], "texture": "#1"},
				"up": {"uv": [5.75, 0.625, 5, 0], "texture": "#1"},
				"down": {"uv": [5.75, 0.625, 5, 1.25], "texture": "#1"}
			}
		},
		{
			"from": [5, 2, 5],
			"to": [6, 3, 6],
			"faces": {
				"north": {"uv": [0.125, 0.25, 0.25, 0.375], "texture": "#1"},
				"east": {"uv": [0.25, 0.125, 0.375, 0.25], "texture": "#1"},
				"south": {"uv": [0.25, 0.25, 0.375, 0.375], "texture": "#1"},
				"west": {"uv": [0, 0.375, 0.125, 0.5], "texture": "#1"},
				"up": {"uv": [0.5, 0.125, 0.375, 0], "texture": "#1"},
				"down": {"uv": [0.25, 0.375, 0.125, 0.5], "texture": "#1"}
			}
		},
		{
			"from": [10, 2, 5],
			"to": [11, 3, 6],
			"faces": {
				"north": {"uv": [0, 0, 0.125, 0.125], "texture": "#1"},
				"east": {"uv": [0, 0.125, 0.125, 0.25], "texture": "#1"},
				"south": {"uv": [0.125, 0, 0.25, 0.125], "texture": "#1"},
				"west": {"uv": [0.125, 0.125, 0.25, 0.25], "texture": "#1"},
				"up": {"uv": [0.125, 0.375, 0, 0.25], "texture": "#1"},
				"down": {"uv": [0.375, 0, 0.25, 0.125], "texture": "#1"}
			}
		}
	],
	"display": {
		"thirdperson_righthand": {
			"rotation": [56, 0, 10],
			"translation": [-0.75, 4, 4],
			"scale": [0.9, 0.9, 0.9]
		},
		"thirdperson_lefthand": {
			"rotation": [56, 0, 10],
			"translation": [-0.75, 4, 4],
			"scale": [0.9, 0.9, 0.9]
		},
		"firstperson_righthand": {
			"rotation": [10, 0, 0],
			"translation": [1.25, 4.75, 0]
		},
		"firstperson_lefthand": {
			"rotation": [10, 0, 0],
			"translation": [1.25, 4.75, 0]
		},
		"ground": {
			"translation": [0, 4, 0]
		},
		"gui": {
			"rotation": [27, -143, 0],
			"translation": [-1.5, 5, 0]
		},
		"head": {
			"translation": [0, 14.25, -0.25]
		},
		"fixed": {
			"translation": [0, 5, 0]
		}
	},
	"groups": [
		{
			"name": "carb",
			"origin": [0, 0, 0],
			"color": 0,
			"children": [0, 1, 2, 3, 4, 5, 6, 7, 8, 9, 10, 11, 12, 13, 14, 15, 16, 17, 18, 19, 20, 21, 22, 23, 24, 25, 26, 27, 28, 29]
		}
	]
}