{
	"credit": "Made with Blockbench",
	"textures": {
		"0": "mctc:hats/cardinal",
		"1": "mctc:hats/cardinal_scarf",
		"2": "mctc:hats/beak_feet",
		"3": "mctc:hats/cardinal_hair",
		"particle": "mctc:hats/cardinal"
	},
	"elements": [
		{
			"from": [5.5, 5.3, 5],
			"to": [8.5, 7.1, 8],
			"rotation": {"angle": 0, "axis": "x", "origin": [0, 0.3, 0.5]},
			"faces": {
				"north": {"uv": [8, 12.5, 16, 16], "texture": "#0"},
				"east": {"uv": [5, 3.5, 6.5, 4.5], "texture": "#0"},
				"south": {"uv": [0, 5.5, 1.5, 6.5], "texture": "#0"},
				"west": {"uv": [5.5, 0, 7, 1], "texture": "#0"},
				"up": {"uv": [3.5, 4.5, 2, 3], "texture": "#0"},
				"down": {"uv": [5, 3, 3.5, 4.5], "texture": "#0"}
			}
		},
		{
			"from": [5.7, 7.1, 5],
			"to": [8.3, 7.5, 8],
			"rotation": {"angle": 0, "axis": "x", "origin": [0, 0.3, 0.5]},
			"faces": {
				"north": {"uv": [6.5, 3, 8, 3.5], "texture": "#0"},
				"east": {"uv": [6.5, 3.5, 8, 4], "texture": "#0"},
				"south": {"uv": [6.5, 4, 8, 4.5], "texture": "#0"},
				"west": {"uv": [6.5, 4.5, 8, 5], "texture": "#0"},
				"up": {"uv": [1.5, 5.5, 0, 4], "texture": "#0"},
				"down": {"uv": [5.5, 0, 4, 1.5], "texture": "#0"}
			}
		},
		{
			"from": [5, -1.7, 7.5],
			"to": [9, 2.3, 9.5],
			"rotation": {"angle": -22.5, "axis": "x", "origin": [0, 0.3, 0.5]},
			"faces": {
				"north": {"uv": [0, 0, 2, 2], "texture": "#0"},
				"east": {"uv": [1.5, 4.5, 2.5, 6.5], "texture": "#0"},
				"south": {"uv": [0, 2, 2, 4], "texture": "#0"},
				"west": {"uv": [2.5, 4.5, 3.5, 6.5], "texture": "#0"},
				"up": {"uv": [6, 2.5, 4, 1.5], "texture": "#0"},
				"down": {"uv": [5.5, 4.5, 3.5, 5.5], "texture": "#0"}
			}
		},
		{
			"from": [4.6, -0.5, 7.5],
			"to": [5, 2.2, 9.5],
			"rotation": {"angle": -22.5, "axis": "x", "origin": [0, 0.3, 0.5]},
			"faces": {
				"north": {"uv": [3, 6.5, 3.5, 8], "texture": "#0"},
				"east": {"uv": [3.5, 5.5, 4.5, 7], "texture": "#0"},
				"south": {"uv": [6.5, 5, 7, 6.5], "texture": "#0"},
				"west": {"uv": [4.5, 5.5, 5.5, 7], "texture": "#0"},
				"up": {"uv": [5.5, 8, 5, 7], "texture": "#0"},
				"down": {"uv": [7.5, 5, 7, 6], "texture": "#0"}
			}
		},
		{
			"from": [4.6, -0.8, 7.9],
			"to": [5, -0.5, 9.5],
			"rotation": {"angle": -22.5, "axis": "x", "origin": [0, 0.3, 0.5]},
			"faces": {
				"north": {"uv": [8, 6, 8.5, 6.5], "texture": "#0"},
				"east": {"uv": [8, 1.5, 9, 2], "texture": "#0"},
				"south": {"uv": [6.5, 8, 7, 8.5], "texture": "#0"},
				"west": {"uv": [8, 3, 9, 3.5], "texture": "#0"},
				"up": {"uv": [4, 9, 3.5, 8], "texture": "#0"},
				"down": {"uv": [8.5, 3.5, 8, 4.5], "texture": "#0"}
			}
		},
		{
			"from": [4.6, -0.1, 6.9],
			"to": [5, 2, 7.5],
			"rotation": {"angle": -22.5, "axis": "x", "origin": [0, 0.3, 0.5]},
			"faces": {
				"north": {"uv": [7, 1.5, 7.5, 2.5], "texture": "#0"},
				"east": {"uv": [3.5, 7, 4, 8], "texture": "#0"},
				"south": {"uv": [4, 7, 4.5, 8], "texture": "#0"},
				"west": {"uv": [4.5, 7, 5, 8], "texture": "#0"},
				"up": {"uv": [2, 4.5, 1.5, 4], "texture": "#0"},
				"down": {"uv": [6, 1, 5.5, 1.5], "texture": "#0"}
			}
		},
		{
			"from": [9, -0.8, 7.9],
			"to": [9.4, -0.5, 9.5],
			"rotation": {"angle": -22.5, "axis": "x", "origin": [0, 0.3, 0.5]},
			"faces": {
				"north": {"uv": [8, 5, 8.5, 5.5], "texture": "#0"},
				"east": {"uv": [0, 8, 1, 8.5], "texture": "#0"},
				"south": {"uv": [8, 5.5, 8.5, 6], "texture": "#0"},
				"west": {"uv": [8, 0, 9, 0.5], "texture": "#0"},
				"up": {"uv": [8.5, 1.5, 8, 0.5], "texture": "#0"},
				"down": {"uv": [3.5, 8, 3, 9], "texture": "#0"}
			}
		},
		{
			"from": [9, -0.5, 7.5],
			"to": [9.4, 2.2, 9.5],
			"rotation": {"angle": -22.5, "axis": "x", "origin": [0, 0.3, 0.5]},
			"faces": {
				"north": {"uv": [1, 7, 1.5, 8.5], "texture": "#0"},
				"east": {"uv": [5.5, 4.5, 6.5, 6], "texture": "#0"},
				"south": {"uv": [1.5, 7, 2, 8.5], "texture": "#0"},
				"west": {"uv": [6, 1, 7, 2.5], "texture": "#0"},
				"up": {"uv": [6.5, 8.5, 6, 7.5], "texture": "#0"},
				"down": {"uv": [7.5, 7.5, 7, 8.5], "texture": "#0"}
			}
		},
		{
			"from": [9, -0.1, 6.9],
			"to": [9.4, 2, 7.5],
			"rotation": {"angle": -22.5, "axis": "x", "origin": [0, 0.3, 0.5]},
			"faces": {
				"north": {"uv": [7.5, 0, 8, 1], "texture": "#0"},
				"east": {"uv": [7.5, 1, 8, 2], "texture": "#0"},
				"south": {"uv": [7.5, 5, 8, 6], "texture": "#0"},
				"west": {"uv": [5.5, 7.5, 6, 8.5], "texture": "#0"},
				"up": {"uv": [8.5, 5, 8, 4.5], "texture": "#0"},
				"down": {"uv": [5.5, 8, 5, 8.5], "texture": "#0"}
			}
		},
		{
			"from": [6, -7.7, 7.7],
			"to": [8, -4.7, 8.1],
			"rotation": {"angle": -45, "axis": "x", "origin": [0, 0.3, 0.5]},
			"faces": {
				"north": {"uv": [5.5, 6, 6.5, 7.5], "texture": "#0"},
				"east": {"uv": [2, 7, 2.5, 8.5], "texture": "#0"},
				"south": {"uv": [0, 6.5, 1, 8], "texture": "#0"},
				"west": {"uv": [2.5, 7, 3, 8.5], "texture": "#0"},
				"up": {"uv": [8.5, 2.5, 7.5, 2], "texture": "#0"},
				"down": {"uv": [8.5, 7.5, 7.5, 8], "texture": "#0"}
			}
		},
		{
			"from": [5, -0.7, 6.5],
			"to": [9, 2.3, 7.5],
			"rotation": {"angle": -22.5, "axis": "x", "origin": [0, 0.3, 0.5]},
			"faces": {
				"north": {"uv": [2, 0, 4, 1.5], "texture": "#0"},
				"east": {"uv": [6.5, 6.5, 7, 8], "texture": "#0"},
				"south": {"uv": [2, 1.5, 4, 3], "texture": "#0"},
				"west": {"uv": [7, 0, 7.5, 1.5], "texture": "#0"},
				"up": {"uv": [3, 7, 1, 6.5], "texture": "#0"},
				"down": {"uv": [8.5, 2.5, 6.5, 3], "texture": "#0"}
			}
		},
		{
			"from": [6, -1.7, 6.5],
			"to": [8, -0.7, 7.5],
			"rotation": {"angle": -22.5, "axis": "x", "origin": [0, 0.3, 0.5]},
			"faces": {
				"north": {"uv": [4, 2.5, 5, 3], "texture": "#0"},
				"east": {"uv": [4, 8, 4.5, 8.5], "texture": "#0"},
				"south": {"uv": [7, 6, 8, 6.5], "texture": "#0"},
				"west": {"uv": [4.5, 8, 5, 8.5], "texture": "#0"},
				"up": {"uv": [8, 7, 7, 6.5], "texture": "#0"},
				"down": {"uv": [8, 7, 7, 7.5], "texture": "#0"}
			}
		},
		{
			"from": [5.5, 0, 8.4],
			"to": [6.5, 1.7, 8.4],
			"faces": {
				"north": {"uv": [0, 2, 1, 4], "texture": "#2"},
				"east": {"uv": [0, 0, 0, 2], "texture": "#2"},
				"south": {"uv": [2, 0, 3, 2], "texture": "#2"},
				"west": {"uv": [0, 0, 0, 2], "texture": "#2"},
				"up": {"uv": [1, 0, 0, 0], "texture": "#2"},
				"down": {"uv": [1, 0, 0, 0], "texture": "#2"}
			}
		},
		{
			"from": [7.5, 0, 8.4],
			"to": [8.5, 1.7, 8.4],
			"faces": {
				"north": {"uv": [0, 0, 1, 2], "texture": "#2"},
				"east": {"uv": [0, 0, 0, 2], "texture": "#2"},
				"south": {"uv": [1, 0, 2, 2], "texture": "#2"},
				"west": {"uv": [0, 0, 0, 2], "texture": "#2"},
				"up": {"uv": [1, 0, 0, 0], "texture": "#2"},
				"down": {"uv": [1, 0, 0, 0], "texture": "#2"}
			}
		},
		{
			"from": [7.5, 0, 7.4],
			"to": [8.5, 0, 8.4],
			"faces": {
				"north": {"uv": [0, 0, 1, 0], "texture": "#2"},
				"east": {"uv": [0, 0, 1, 0], "texture": "#2"},
				"south": {"uv": [0, 0, 1, 0], "texture": "#2"},
				"west": {"uv": [0, 0, 1, 0], "texture": "#2"},
				"up": {"uv": [2, 3, 1, 2], "texture": "#2"},
				"down": {"uv": [3, 2, 2, 3], "texture": "#2"}
			}
		},
		{
			"from": [5.5, 0, 7.4],
			"to": [6.5, 0, 8.4],
			"faces": {
				"north": {"uv": [0, 0, 1, 0], "texture": "#2"},
				"east": {"uv": [0, 0, 1, 0], "texture": "#2"},
				"south": {"uv": [0, 0, 1, 0], "texture": "#2"},
				"west": {"uv": [0, 0, 1, 0], "texture": "#2"},
				"up": {"uv": [4, 1, 3, 0], "texture": "#2"},
				"down": {"uv": [2, 3, 1, 4], "texture": "#2"}
			}
		},
		{
			"from": [7, 4.7, 4.8],
			"to": [8, 5.7, 6.3],
			"rotation": {"angle": 0, "axis": "y", "origin": [0, 0.3, 0.5]},
			"faces": {
				"north": {"uv": [3, 6, 4, 7], "texture": "#1", "tintindex": 0},
				"east": {"uv": [1, 2, 3, 3], "texture": "#1", "tintindex": 0},
				"south": {"uv": [6, 3, 7, 4], "texture": "#1", "tintindex": 0},
				"west": {"uv": [3, 0, 5, 1], "texture": "#1", "tintindex": 0},
				"up": {"uv": [2, 5, 1, 3], "texture": "#1", "tintindex": 0},
				"down": {"uv": [4, 1, 3, 3], "texture": "#1", "tintindex": 0}
			}
		},
		{
			"from": [8, 4.7, 4.8],
			"to": [8.7, 5.7, 5.3],
			"rotation": {"angle": 0, "axis": "y", "origin": [0, 0.3, 0.5]},
			"faces": {
				"north": {"uv": [4, 6, 5, 7], "texture": "#1", "tintindex": 0},
				"east": {"uv": [6, 4, 7, 5], "texture": "#1", "tintindex": 0},
				"south": {"uv": [5, 6, 6, 7], "texture": "#1", "tintindex": 0},
				"west": {"uv": [6, 5, 7, 6], "texture": "#1", "tintindex": 0},
				"up": {"uv": [7, 7, 6, 6], "texture": "#1", "tintindex": 0},
				"down": {"uv": [1, 7, 0, 8], "texture": "#1", "tintindex": 0}
			}
		},
		{
			"from": [6, 4.7, 4.7],
			"to": [7, 5.7, 6.2],
			"rotation": {"angle": 0, "axis": "y", "origin": [0, 0.3, 0.5]},
			"faces": {
				"north": {"uv": [2, 6, 3, 7], "texture": "#1", "tintindex": 0},
				"east": {"uv": [0, 0, 2, 1], "texture": "#1", "tintindex": 0},
				"south": {"uv": [6, 2, 7, 3], "texture": "#1", "tintindex": 0},
				"west": {"uv": [0, 1, 2, 2], "texture": "#1", "tintindex": 0},
				"up": {"uv": [1, 4, 0, 2], "texture": "#1", "tintindex": 0},
				"down": {"uv": [3, 0, 2, 2], "texture": "#1", "tintindex": 0}
			}
		},
		{
			"from": [5.3, 4.7, 4.8],
			"to": [6, 5.7, 5.3],
			"rotation": {"angle": 0, "axis": "y", "origin": [0, 0.3, 0.5]},
			"faces": {
				"north": {"uv": [2, 3, 3, 4], "texture": "#1", "tintindex": 0},
				"east": {"uv": [3, 3, 4, 4], "texture": "#1", "tintindex": 0},
				"south": {"uv": [0, 4, 1, 5], "texture": "#1", "tintindex": 0},
				"west": {"uv": [4, 1, 5, 2], "texture": "#1", "tintindex": 0},
				"up": {"uv": [3, 5, 2, 4], "texture": "#1", "tintindex": 0},
				"down": {"uv": [5, 2, 4, 3], "texture": "#1", "tintindex": 0}
			}
		},
		{
			"from": [6, 4.7, 7.3],
			"to": [7, 5.7, 8.2],
			"rotation": {"angle": 0, "axis": "y", "origin": [0, 0.3, 0.5]},
			"faces": {
				"north": {"uv": [5, 8, 6, 9], "texture": "#1", "tintindex": 0},
				"east": {"uv": [8, 5, 9, 6], "texture": "#1", "tintindex": 0},
				"south": {"uv": [6, 8, 7, 9], "texture": "#1", "tintindex": 0},
				"west": {"uv": [8, 6, 9, 7], "texture": "#1", "tintindex": 0},
				"up": {"uv": [8, 9, 7, 8], "texture": "#1", "tintindex": 0},
				"down": {"uv": [9, 7, 8, 8], "texture": "#1", "tintindex": 0}
			}
		},
		{
			"from": [7, 4.7, 7.3],
			"to": [8, 5.7, 8.2],
			"rotation": {"angle": 0, "axis": "y", "origin": [0, 0.3, 0.5]},
			"faces": {
				"north": {"uv": [2, 8, 3, 9], "texture": "#1", "tintindex": 0},
				"east": {"uv": [8, 2, 9, 3], "texture": "#1", "tintindex": 0},
				"south": {"uv": [3, 8, 4, 9], "texture": "#1", "tintindex": 0},
				"west": {"uv": [8, 3, 9, 4], "texture": "#1", "tintindex": 0},
				"up": {"uv": [5, 9, 4, 8], "texture": "#1", "tintindex": 0},
				"down": {"uv": [9, 4, 8, 5], "texture": "#1", "tintindex": 0}
			}
		},
		{
			"from": [5.3, 4.7, 7.3],
			"to": [6, 5.7, 8.2],
			"rotation": {"angle": 0, "axis": "y", "origin": [0, 0.3, 0.5]},
			"faces": {
				"north": {"uv": [8, 8, 9, 9], "texture": "#1", "tintindex": 0},
				"east": {"uv": [0, 9, 1, 10], "texture": "#1", "tintindex": 0},
				"south": {"uv": [9, 0, 10, 1], "texture": "#1", "tintindex": 0},
				"west": {"uv": [1, 9, 2, 10], "texture": "#1", "tintindex": 0},
				"up": {"uv": [10, 2, 9, 1], "texture": "#1", "tintindex": 0},
				"down": {"uv": [3, 9, 2, 10], "texture": "#1", "tintindex": 0}
			}
		},
		{
			"from": [5.3, 4.7, 6.3],
			"to": [6, 5.7, 7.3],
			"rotation": {"angle": 0, "axis": "y", "origin": [0, 0.3, 0.5]},
			"faces": {
				"north": {"uv": [9, 2, 10, 3], "texture": "#1", "tintindex": 0},
				"east": {"uv": [3, 9, 4, 10], "texture": "#1", "tintindex": 0},
				"south": {"uv": [9, 3, 10, 4], "texture": "#1", "tintindex": 0},
				"west": {"uv": [4, 9, 5, 10], "texture": "#1", "tintindex": 0},
				"up": {"uv": [10, 5, 9, 4], "texture": "#1", "tintindex": 0},
				"down": {"uv": [6, 9, 5, 10], "texture": "#1", "tintindex": 0}
			}
		},
		{
			"from": [5.3, 4.7, 5.3],
			"to": [6, 5.7, 6.3],
			"rotation": {"angle": 0, "axis": "y", "origin": [0, 0.3, 0.5]},
			"faces": {
				"north": {"uv": [9, 5, 10, 6], "texture": "#1", "tintindex": 0},
				"east": {"uv": [6, 9, 7, 10], "texture": "#1", "tintindex": 0},
				"south": {"uv": [9, 6, 10, 7], "texture": "#1", "tintindex": 0},
				"west": {"uv": [7, 9, 8, 10], "texture": "#1", "tintindex": 0},
				"up": {"uv": [10, 8, 9, 7], "texture": "#1", "tintindex": 0},
				"down": {"uv": [9, 9, 8, 10], "texture": "#1", "tintindex": 0}
			}
		},
		{
			"from": [8, 4.7, 7.3],
			"to": [8.7, 5.7, 8.2],
			"rotation": {"angle": 0, "axis": "y", "origin": [0, 0.3, 0.5]},
			"faces": {
				"north": {"uv": [7, 6, 8, 7], "texture": "#1", "tintindex": 0},
				"east": {"uv": [7, 7, 8, 8], "texture": "#1", "tintindex": 0},
				"south": {"uv": [0, 8, 1, 9], "texture": "#1", "tintindex": 0},
				"west": {"uv": [8, 0, 9, 1], "texture": "#1", "tintindex": 0},
				"up": {"uv": [2, 9, 1, 8], "texture": "#1", "tintindex": 0},
				"down": {"uv": [9, 1, 8, 2], "texture": "#1", "tintindex": 0}
			}
		},
		{
			"from": [8, 4.7, 6.3],
			"to": [8.7, 5.7, 7.3],
			"rotation": {"angle": 0, "axis": "y", "origin": [0, 0.3, 0.5]},
			"faces": {
				"north": {"uv": [7, 3, 8, 4], "texture": "#1", "tintindex": 0},
				"east": {"uv": [4, 7, 5, 8], "texture": "#1", "tintindex": 0},
				"south": {"uv": [7, 4, 8, 5], "texture": "#1", "tintindex": 0},
				"west": {"uv": [5, 7, 6, 8], "texture": "#1", "tintindex": 0},
				"up": {"uv": [8, 6, 7, 5], "texture": "#1", "tintindex": 0},
				"down": {"uv": [7, 7, 6, 8], "texture": "#1", "tintindex": 0}
			}
		},
		{
			"from": [8, 4.7, 5.3],
			"to": [8.7, 5.7, 6.3],
			"rotation": {"angle": 0, "axis": "y", "origin": [0, 0.3, 0.5]},
			"faces": {
				"north": {"uv": [7, 0, 8, 1], "texture": "#1", "tintindex": 0},
				"east": {"uv": [1, 7, 2, 8], "texture": "#1", "tintindex": 0},
				"south": {"uv": [7, 1, 8, 2], "texture": "#1", "tintindex": 0},
				"west": {"uv": [2, 7, 3, 8], "texture": "#1", "tintindex": 0},
				"up": {"uv": [8, 3, 7, 2], "texture": "#1", "tintindex": 0},
				"down": {"uv": [4, 7, 3, 8], "texture": "#1", "tintindex": 0}
			}
		},
		{
			"from": [6, 3.2, 4.8],
			"to": [7, 3.7, 5.2],
			"rotation": {"angle": 0, "axis": "y", "origin": [0, 0.3, 0.5]},
			"faces": {
				"north": {"uv": [5, 1, 6, 2], "texture": "#1", "tintindex": 0},
				"east": {"uv": [2, 5, 3, 6], "texture": "#1", "tintindex": 0},
				"south": {"uv": [5, 2, 6, 3], "texture": "#1", "tintindex": 0},
				"west": {"uv": [3, 5, 4, 6], "texture": "#1", "tintindex": 0},
				"up": {"uv": [6, 4, 5, 3], "texture": "#1", "tintindex": 0},
				"down": {"uv": [5, 5, 4, 6], "texture": "#1", "tintindex": 0}
			}
		},
		{
			"from": [6, 3.7, 4.7],
			"to": [7, 4.7, 5.2],
			"rotation": {"angle": 0, "axis": "y", "origin": [0, 0.3, 0.5]},
			"faces": {
				"north": {"uv": [3, 4, 4, 5], "texture": "#1", "tintindex": 0},
				"east": {"uv": [4, 3, 5, 4], "texture": "#1", "tintindex": 0},
				"south": {"uv": [4, 4, 5, 5], "texture": "#1", "tintindex": 0},
				"west": {"uv": [0, 5, 1, 6], "texture": "#1", "tintindex": 0},
				"up": {"uv": [6, 1, 5, 0], "texture": "#1", "tintindex": 0},
				"down": {"uv": [2, 5, 1, 6], "texture": "#1", "tintindex": 0}
			}
		},
		{
			"from": [6, 2.7, 4.8],
			"to": [6.6, 3.2, 5.2],
			"rotation": {"angle": 0, "axis": "y", "origin": [0, 0.3, 0.5]},
			"faces": {
				"north": {"uv": [5, 4, 6, 5], "texture": "#1", "tintindex": 0},
				"east": {"uv": [5, 5, 6, 6], "texture": "#1", "tintindex": 0},
				"south": {"uv": [0, 6, 1, 7], "texture": "#1", "tintindex": 0},
				"west": {"uv": [6, 0, 7, 1], "texture": "#1", "tintindex": 0},
				"up": {"uv": [2, 7, 1, 6], "texture": "#1", "tintindex": 0},
				"down": {"uv": [7, 1, 6, 2], "texture": "#1", "tintindex": 0}
			}
		},
		{
			"from": [6.7, 5.9, 4.5],
			"to": [7.3, 6.3, 5],
			"rotation": {"angle": 0, "axis": "y", "origin": [0, 0.3, 0.5]},
			"faces": {
				"north": {"uv": [3, 1, 4, 2], "texture": "#2"},
				"east": {"uv": [2, 3, 3, 4], "texture": "#2"},
				"south": {"uv": [3, 2, 4, 3], "texture": "#2"},
				"west": {"uv": [3, 3, 4, 4], "texture": "#2"},
				"up": {"uv": [1, 5, 0, 4], "texture": "#2"},
				"down": {"uv": [5, 0, 4, 1], "texture": "#2"}
			}
		},
		{
			"from": [6.9, 6.1, 4.3],
			"to": [7.1, 6.6, 4.5],
			"rotation": {"angle": 0, "axis": "y", "origin": [0, 0.3, 0.5]},
			"faces": {
				"north": {"uv": [5, 2, 6, 3], "texture": "#2"},
				"east": {"uv": [3, 5, 4, 6], "texture": "#2"},
				"south": {"uv": [5, 3, 6, 4], "texture": "#2"},
				"west": {"uv": [4, 5, 5, 6], "texture": "#2"},
				"up": {"uv": [6, 5, 5, 4], "texture": "#2"},
				"down": {"uv": [6, 5, 5, 6], "texture": "#2"}
			}
		},
		{
			"from": [6.9, 6.2, 4.1],
			"to": [7.1, 6.6, 4.3],
			"rotation": {"angle": 0, "axis": "y", "origin": [0, 0.3, 0.5]},
			"faces": {
				"north": {"uv": [4, 4, 5, 5], "texture": "#2"},
				"east": {"uv": [0, 5, 1, 6], "texture": "#2"},
				"south": {"uv": [5, 0, 6, 1], "texture": "#2"},
				"west": {"uv": [1, 5, 2, 6], "texture": "#2"},
				"up": {"uv": [6, 2, 5, 1], "texture": "#2"},
				"down": {"uv": [3, 5, 2, 6], "texture": "#2"}
			}
		},
		{
			"from": [6.8, 6.3, 4.5],
			"to": [7.2, 6.7, 5],
			"rotation": {"angle": 0, "axis": "y", "origin": [0, 0.3, 0.5]},
			"faces": {
				"north": {"uv": [1, 4, 2, 5], "texture": "#2"},
				"east": {"uv": [4, 1, 5, 2], "texture": "#2"},
				"south": {"uv": [2, 4, 3, 5], "texture": "#2"},
				"west": {"uv": [4, 2, 5, 3], "texture": "#2"},
				"up": {"uv": [4, 5, 3, 4], "texture": "#2"},
				"down": {"uv": [5, 3, 4, 4], "texture": "#2"}
			}
		},
		{
			"from": [6.9, 7.5, 6.2],
			"to": [7, 8, 7.2],
			"rotation": {"angle": 0, "axis": "y", "origin": [0, 0.3, 0.5]},
			"faces": {
				"north": {"uv": [1, 4, 2, 5], "texture": "#3"},
				"east": {"uv": [4, 1, 5, 2], "texture": "#3"},
				"south": {"uv": [2, 4, 3, 5], "texture": "#3"},
				"west": {"uv": [4, 2, 5, 3], "texture": "#3"},
				"up": {"uv": [4, 5, 3, 4], "texture": "#3"},
				"down": {"uv": [5, 3, 4, 4], "texture": "#3"}
			}
		},
		{
			"from": [6.9, 8, 5.4],
			"to": [7, 8.4, 6.2],
			"rotation": {"angle": 0, "axis": "y", "origin": [0, 0.3, 0.5]},
			"faces": {
				"north": {"uv": [1, 2, 2, 3], "texture": "#3"},
				"east": {"uv": [2, 1, 3, 2], "texture": "#3"},
				"south": {"uv": [2, 2, 3, 3], "texture": "#3"},
				"west": {"uv": [0, 3, 1, 4], "texture": "#3"},
				"up": {"uv": [4, 1, 3, 0], "texture": "#3"},
				"down": {"uv": [2, 3, 1, 4], "texture": "#3"}
			}
		},
		{
			"from": [6.9, 8.5, 7.2],
			"to": [7, 9, 8.2],
			"rotation": {"angle": 0, "axis": "y", "origin": [0, 0.3, 0.5]},
			"faces": {
				"north": {"uv": [4, 4, 5, 5], "texture": "#3"},
				"east": {"uv": [0, 5, 1, 6], "texture": "#3"},
				"south": {"uv": [5, 0, 6, 1], "texture": "#3"},
				"west": {"uv": [1, 5, 2, 6], "texture": "#3"},
				"up": {"uv": [6, 2, 5, 1], "texture": "#3"},
				"down": {"uv": [3, 5, 2, 6], "texture": "#3"}
			}
		},
		{
			"from": [6.9, 7.5, 7.2],
			"to": [7, 8, 7.8],
			"rotation": {"angle": 0, "axis": "y", "origin": [0, 0.3, 0.5]},
			"faces": {
				"north": {"uv": [5, 2, 6, 3], "texture": "#3"},
				"east": {"uv": [3, 5, 4, 6], "texture": "#3"},
				"south": {"uv": [5, 3, 6, 4], "texture": "#3"},
				"west": {"uv": [4, 5, 5, 6], "texture": "#3"},
				"up": {"uv": [6, 5, 5, 4], "texture": "#3"},
				"down": {"uv": [6, 5, 5, 6], "texture": "#3"}
			}
		},
		{
			"from": [6.9, 8, 6.2],
			"to": [7, 8.7, 7.2],
			"rotation": {"angle": 0, "axis": "y", "origin": [0, 0.3, 0.5]},
			"faces": {
				"north": {"uv": [3, 1, 4, 2], "texture": "#3"},
				"east": {"uv": [2, 3, 3, 4], "texture": "#3"},
				"south": {"uv": [3, 2, 4, 3], "texture": "#3"},
				"west": {"uv": [3, 3, 4, 4], "texture": "#3"},
				"up": {"uv": [1, 5, 0, 4], "texture": "#3"},
				"down": {"uv": [5, 0, 4, 1], "texture": "#3"}
			}
		},
		{
			"from": [6.9, 7.5, 5.2],
			"to": [7, 8, 6.2],
			"rotation": {"angle": 0, "axis": "y", "origin": [0, 0.3, 0.5]},
			"faces": {
				"north": {"uv": [0, 0, 1, 1], "texture": "#3"},
				"east": {"uv": [0, 1, 1, 2], "texture": "#3"},
				"south": {"uv": [1, 0, 2, 1], "texture": "#3"},
				"west": {"uv": [1, 1, 2, 2], "texture": "#3"},
				"up": {"uv": [1, 3, 0, 2], "texture": "#3"},
				"down": {"uv": [3, 0, 2, 1], "texture": "#3"}
			}
		}
	],
	"display": {
		"thirdperson_righthand": {
			"rotation": [79, 0, 0],
			"translation": [1, 1.25, 4.25],
			"scale": [1.08, 0.86, 1.08]
		},
		"thirdperson_lefthand": {
			"rotation": [79, 0, 0],
			"translation": [-0.75, 1.25, 4.25],
			"scale": [1.08, 0.86, 1.08]
		},
		"firstperson_righthand": {
			"translation": [0, 2, 0]
		},
		"firstperson_lefthand": {
			"translation": [0, 2, 0]
		},
		"ground": {
			"translation": [0, 4.75, 0],
			"scale": [1.08, 0.86, 1.08]
		},
		"gui": {
			"rotation": [8, -147, 0],
			"translation": [-0.75, 0, 0],
			"scale": [1.08, 0.86, 1.08]
		},
		"head": {
			"rotation": [0, 8, 0],
			"translation": [4.25, 13.5, 0],
			"scale": [1.08, 0.86, 1.08]
		}
	}
}