{
	"credit": "Made with Blockbench",
	"textures": {
		"1": "mctc:hats/educk_head",
		"2": "mctc:hats/educk_face",
		"3": "mctc:hats/educk_body",
		"4": "mctc:hats/educk_wings",
		"particle": "mctc:hats/educk_body"
	},
	"elements": [
		{
			"name": "head",
			"from": [7.5, 1.7, 4],
			"to": [9.5, 3.7, 6],
			"faces": {
				"north": {"uv": [6, 5.5, 10, 9.5], "texture": "#1"},
				"east": {"uv": [1, 5.5, 5, 9.5], "texture": "#1"},
				"south": {"uv": [10, 10.5, 6, 14.5], "texture": "#1"},
				"west": {"uv": [11, 5.5, 15, 9.5], "texture": "#1"},
				"up": {"uv": [10, 4.5, 6, 0.5], "texture": "#1"},
				"down": {"uv": [15, 10.5, 11, 14.5], "texture": "#1"}
			}
		},
		{
			"from": [7, 0.4, 5],
			"to": [10, 2, 8],
			"faces": {
				"north": {"uv": [3, 4, 6, 5.5], "texture": "#3"},
				"east": {"uv": [0, 6, 3, 7.5], "texture": "#3"},
				"south": {"uv": [6, 0, 9, 1.5], "texture": "#3"},
				"west": {"uv": [6, 2, 9, 3.5], "texture": "#3"},
				"up": {"uv": [3, 3, 0, 0], "texture": "#3"},
				"down": {"uv": [3, 3, 0, 6], "texture": "#3"}
			}
		},
		{
			"from": [7.5, 0, 5],
			"to": [9.5, 0.4, 5.5],
			"faces": {
				"north": {"uv": [0, 8, 2, 8.5], "texture": "#3"},
				"east": {"uv": [10, 3, 10.5, 3.5], "texture": "#3"},
				"south": {"uv": [2, 8, 4, 8.5], "texture": "#3"},
				"west": {"uv": [10, 4, 10.5, 4.5], "texture": "#3"},
				"up": {"uv": [6, 8.5, 4, 8], "texture": "#3"},
				"down": {"uv": [10, 4, 8, 4.5], "texture": "#3"}
			}
		},
		{
			"from": [7, 0, 5.5],
			"to": [10, 0.4, 7.5],
			"faces": {
				"north": {"uv": [5, 6, 8, 6.5], "texture": "#3"},
				"east": {"uv": [8, 5, 10, 5.5], "texture": "#3"},
				"south": {"uv": [5, 7, 8, 7.5], "texture": "#3"},
				"west": {"uv": [6, 8, 8, 8.5], "texture": "#3"},
				"up": {"uv": [6, 2, 3, 0], "texture": "#3"},
				"down": {"uv": [6, 2, 3, 4], "texture": "#3"}
			}
		},
		{
			"from": [7.5, 2, 6],
			"to": [9.5, 2.4, 8],
			"faces": {
				"north": {"uv": [14, 0, 16, 0.5], "texture": "#3"},
				"east": {"uv": [14, 0, 16, 0.5], "texture": "#3"},
				"south": {"uv": [6, 5.5, 10, 6.5], "texture": "#3"},
				"west": {"uv": [14, 0, 16, 0.5], "texture": "#3"},
				"up": {"uv": [10, 11, 6, 7], "texture": "#3"},
				"down": {"uv": [16, 14, 14, 16], "texture": "#3"}
			}
		},
		{
			"from": [7, 2, 5.6],
			"to": [7.5, 2.4, 7.5],
			"faces": {
				"north": {"uv": [2.5, 14, 3.5, 15], "texture": "#3"},
				"east": {"uv": [9, 0, 11, 0.5], "texture": "#3"},
				"south": {"uv": [2.5, 15, 3.5, 16], "texture": "#3"},
				"west": {"uv": [0, 6.5, 4, 7.5], "texture": "#3"},
				"up": {"uv": [5.5, 10.5, 4.5, 6.5], "texture": "#3"},
				"down": {"uv": [0.5, 13, 0, 15], "texture": "#3"}
			}
		},
		{
			"from": [9.5, 2, 5.6],
			"to": [10, 2.4, 7.5],
			"faces": {
				"north": {"uv": [3.5, 14, 4.5, 15], "texture": "#3"},
				"east": {"uv": [12, 7, 16, 8], "texture": "#3"},
				"south": {"uv": [3.5, 15, 4.5, 16], "texture": "#3"},
				"west": {"uv": [5, 9, 7, 9.5], "texture": "#3"},
				"up": {"uv": [11.5, 10.5, 10.5, 7], "texture": "#3"},
				"down": {"uv": [2, 13, 1.5, 15], "texture": "#3"}
			}
		},
		{
			"from": [7.5, 0, 7.5],
			"to": [9.5, 0.4, 8],
			"faces": {
				"north": {"uv": [9, 9, 11, 9.5], "texture": "#3"},
				"east": {"uv": [10, 7, 10.5, 7.5], "texture": "#3"},
				"south": {"uv": [0, 10, 2, 10.5], "texture": "#3"},
				"west": {"uv": [10, 8, 10.5, 8.5], "texture": "#3"},
				"up": {"uv": [12, 2.5, 10, 2], "texture": "#3"},
				"down": {"uv": [5, 10, 3, 10.5], "texture": "#3"}
			}
		},
		{
			"from": [10, 0.7, 6.2],
			"to": [10.2, 1.5, 7.4],
			"faces": {
				"north": {"uv": [0, 4, 1, 6], "texture": "#4"},
				"east": {"uv": [0, 0, 2, 2], "texture": "#4"},
				"south": {"uv": [4, 0, 5, 2], "texture": "#4"},
				"west": {"uv": [0, 2, 2, 4], "texture": "#4"},
				"up": {"uv": [3, 6, 2, 4], "texture": "#4"},
				"down": {"uv": [5, 2, 4, 4], "texture": "#4"}
			}
		},
		{
			"from": [10, 1.1, 5.8],
			"to": [10.2, 1.5, 6.2],
			"faces": {
				"north": {"uv": [4, 8, 5, 9], "texture": "#4"},
				"east": {"uv": [8, 4, 9, 5], "texture": "#4"},
				"south": {"uv": [6, 8, 7, 9], "texture": "#4"},
				"west": {"uv": [8, 6, 9, 7], "texture": "#4"},
				"up": {"uv": [9, 9, 8, 8], "texture": "#4"},
				"down": {"uv": [1, 10, 0, 11], "texture": "#4"}
			}
		},
		{
			"from": [10, 1.5, 5.9],
			"to": [10.2, 1.8, 7],
			"faces": {
				"north": {"uv": [10, 0, 11, 1], "texture": "#4"},
				"east": {"uv": [4, 4, 6, 5], "texture": "#4"},
				"south": {"uv": [2, 10, 3, 11], "texture": "#4"},
				"west": {"uv": [0, 6, 2, 7], "texture": "#4"},
				"up": {"uv": [7, 2, 6, 0], "texture": "#4"},
				"down": {"uv": [3, 6, 2, 8], "texture": "#4"}
			}
		},
		{
			"from": [6.8, 1.1, 5.8],
			"to": [7, 1.5, 6.2],
			"faces": {
				"north": {"uv": [10, 2, 11, 3], "texture": "#4"},
				"east": {"uv": [4, 10, 5, 11], "texture": "#4"},
				"south": {"uv": [10, 4, 11, 5], "texture": "#4"},
				"west": {"uv": [6, 10, 7, 11], "texture": "#4"},
				"up": {"uv": [11, 7, 10, 6], "texture": "#4"},
				"down": {"uv": [9, 10, 8, 11], "texture": "#4"}
			}
		},
		{
			"from": [6.8, 1.5, 5.9],
			"to": [7, 1.8, 7],
			"faces": {
				"north": {"uv": [10, 8, 11, 9], "texture": "#4"},
				"east": {"uv": [6, 2, 8, 3], "texture": "#4"},
				"south": {"uv": [10, 10, 11, 11], "texture": "#4"},
				"west": {"uv": [4, 6, 6, 7], "texture": "#4"},
				"up": {"uv": [7, 6, 6, 4], "texture": "#4"},
				"down": {"uv": [7, 6, 6, 8], "texture": "#4"}
			}
		},
		{
			"from": [6.8, 0.7, 6.2],
			"to": [7, 1.5, 7.4],
			"faces": {
				"north": {"uv": [0, 8, 1, 10], "texture": "#4"},
				"east": {"uv": [2, 0, 4, 2], "texture": "#4"},
				"south": {"uv": [8, 0, 9, 2], "texture": "#4"},
				"west": {"uv": [2, 2, 4, 4], "texture": "#4"},
				"up": {"uv": [3, 10, 2, 8], "texture": "#4"},
				"down": {"uv": [9, 2, 8, 4], "texture": "#4"}
			}
		},
		{
			"from": [7.7, 1.9, 3.5],
			"to": [9.3, 2.4, 4],
			"faces": {
				"north": {"uv": [6, 2, 16, 4], "texture": "#2"},
				"east": {"uv": [2, 1, 3, 2], "texture": "#2"},
				"south": {"uv": [0, 1, 2, 2], "texture": "#2"},
				"west": {"uv": [2, 2, 3, 3], "texture": "#2"},
				"up": {"uv": [16, 2, 6, 0], "texture": "#2"},
				"down": {"uv": [4, 0, 2, 1], "texture": "#2"}
			}
		},
		{
			"from": [9, 2.5, 3.9],
			"to": [9.4, 2.8, 4],
			"faces": {
				"north": {"uv": [10, 14, 13, 16], "texture": "#2"},
				"east": {"uv": [1, 3, 2, 5], "texture": "#2"},
				"south": {"uv": [3, 1, 4, 2], "texture": "#2"},
				"west": {"uv": [2, 3, 3, 4], "texture": "#2"},
				"up": {"uv": [4, 3, 3, 2], "texture": "#2"},
				"down": {"uv": [4, 3, 3, 4], "texture": "#2"}
			}
		},
		{
			"from": [7.6, 2.5, 3.9],
			"to": [8, 2.8, 4],
			"faces": {
				"north": {"uv": [13, 14, 16, 16], "texture": "#2"},
				"east": {"uv": [4, 0, 5, 1], "texture": "#2"},
				"south": {"uv": [1, 4, 2, 5], "texture": "#2"},
				"west": {"uv": [1, 3, 2, 5], "texture": "#2"},
				"up": {"uv": [3, 5, 2, 4], "texture": "#2"},
				"down": {"uv": [5, 2, 4, 3], "texture": "#2"}
			}
		},
		{
			"from": [7.7, 2.8, 3.9],
			"to": [8, 2.9, 4],
			"faces": {
				"north": {"uv": [3, 4, 4, 5], "texture": "#2"},
				"east": {"uv": [4, 3, 5, 4], "texture": "#2"},
				"south": {"uv": [4, 4, 5, 5], "texture": "#2"},
				"west": {"uv": [0, 5, 1, 6], "texture": "#2"},
				"up": {"uv": [6, 1, 5, 0], "texture": "#2"},
				"down": {"uv": [2, 5, 1, 6], "texture": "#2"}
			}
		},
		{
			"from": [9, 2.8, 3.9],
			"to": [9.3, 2.9, 4],
			"faces": {
				"north": {"uv": [5, 1, 6, 2], "texture": "#2"},
				"east": {"uv": [2, 5, 3, 6], "texture": "#2"},
				"south": {"uv": [5, 2, 6, 3], "texture": "#2"},
				"west": {"uv": [3, 5, 4, 6], "texture": "#2"},
				"up": {"uv": [6, 4, 5, 3], "texture": "#2"},
				"down": {"uv": [5, 5, 4, 6], "texture": "#2"}
			}
		}
	],
	"display": {
		"thirdperson_righthand": {
			"rotation": [56, 0, 0],
			"translation": [-0.25, 3.25, 5],
			"scale": [0.9, 0.9, 0.9]
		},
		"thirdperson_lefthand": {
			"rotation": [56, 0, 0],
			"translation": [-0.25, 3.25, 5],
			"scale": [0.9, 0.9, 0.9]
		},
		"firstperson_righthand": {
			"translation": [7.75, 15.25, 0],
			"scale": [2.92, 2.92, 2.92]
		},
		"firstperson_lefthand": {
			"translation": [7.75, 15.25, 0],
			"scale": [2.92, 2.92, 2.92]
		},
		"ground": {
			"translation": [0, 5, 0]
		},
		"gui": {
			"rotation": [18, -155, 0],
			"translation": [-0.25, 19.5, 0],
			"scale": [2.92, 2.92, 2.92]
		},
		"head": {
			"rotation": [-90, 0, 0],
			"translation": [-0.75, 17.75, -30.25],
			"scale": [4, 4, 4]
		}
	},
	"groups": [
		0,
		{
			"name": "body",
			"origin": [0, 0, 0],
			"color": 0,
			"children": [1, 2, 3, 4, 5, 6, 7]
		},
		{
			"name": "wings",
			"origin": [0, 0, 0],
			"color": 0,
			"children": [8, 9, 10, 11, 12, 13]
		},
		{
			"name": "face",
			"origin": [0, 0, 0],
			"color": 0,
			"children": [14, 15, 16, 17, 18]
		}
	]
}