{
	"credit": "Made with Blockbench",
	"texture_size": [32, 32],
	"textures": {
		"0": "mctc:hats/floaty",
		"particle": "mctc:hats/floaty"
	},
	"elements": [
		{
			"from": [5, 1, 0],
			"to": [9, 3, 1],
			"faces": {
				"north": {"uv": [0, 4, 2, 5], "texture": "#0", "tintindex": 0},
				"east": {"uv": [7, 10, 7.5, 11], "texture": "#0", "tintindex": 0},
				"south": {"uv": [4, 0, 6, 1], "texture": "#0", "tintindex": 0},
				"west": {"uv": [7.5, 10, 8, 11], "texture": "#0", "tintindex": 0},
				"up": {"uv": [8, 5, 6, 4.5], "texture": "#0", "tintindex": 0},
				"down": {"uv": [8, 5, 6, 5.5], "texture": "#0", "tintindex": 0}
			}
		},
		{
			"from": [5, 4, 0],
			"to": [9, 6, 1],
			"faces": {
				"north": {"uv": [4, 1, 6, 2], "texture": "#0", "tintindex": 0},
				"east": {"uv": [8, 10, 8.5, 11], "texture": "#0", "tintindex": 0},
				"south": {"uv": [2, 4, 4, 5], "texture": "#0", "tintindex": 0},
				"west": {"uv": [10, 9.5, 10.5, 10.5], "texture": "#0", "tintindex": 0},
				"up": {"uv": [8, 6, 6, 5.5], "texture": "#0", "tintindex": 0},
				"down": {"uv": [3, 7, 1, 7.5], "texture": "#0", "tintindex": 0}
			}
		},
		{
			"from": [5, 3, 1],
			"to": [9, 4, 2],
			"faces": {
				"north": {"uv": [7, 6.5, 9, 7], "texture": "#0", "tintindex": 0},
				"east": {"uv": [10, 4, 10.5, 4.5], "texture": "#0", "tintindex": 0},
				"south": {"uv": [7, 7, 9, 7.5], "texture": "#0", "tintindex": 0},
				"west": {"uv": [10.5, 6, 11, 6.5], "texture": "#0", "tintindex": 0},
				"up": {"uv": [3, 8, 1, 7.5], "texture": "#0", "tintindex": 0},
				"down": {"uv": [9, 7.5, 7, 8], "texture": "#0", "tintindex": 0}
			}
		},
		{
			"from": [2, 1, 3],
			"to": [3, 3, 7],
			"faces": {
				"north": {"uv": [10.5, 0, 11, 1], "texture": "#0", "tintindex": 0},
				"east": {"uv": [4, 2, 6, 3], "texture": "#0", "tintindex": 0},
				"south": {"uv": [1, 10.5, 1.5, 11.5], "texture": "#0", "tintindex": 0},
				"west": {"uv": [4, 3, 6, 4], "texture": "#0", "tintindex": 0},
				"up": {"uv": [8.5, 6.5, 8, 4.5], "texture": "#0", "tintindex": 0},
				"down": {"uv": [7.5, 8, 7, 10], "texture": "#0", "tintindex": 0}
			}
		},
		{
			"from": [3, 3, 3],
			"to": [4, 4, 7],
			"faces": {
				"north": {"uv": [11.5, 12, 12, 12.5], "texture": "#0", "tintindex": 0},
				"east": {"uv": [8, 2.5, 10, 3], "texture": "#0", "tintindex": 0},
				"south": {"uv": [12, 11.5, 12.5, 12], "texture": "#0", "tintindex": 0},
				"west": {"uv": [8, 3, 10, 3.5], "texture": "#0", "tintindex": 0},
				"up": {"uv": [8, 10, 7.5, 8], "texture": "#0", "tintindex": 0},
				"down": {"uv": [8.5, 8, 8, 10], "texture": "#0", "tintindex": 0}
			}
		},
		{
			"from": [2, 4, 3],
			"to": [3, 6, 7],
			"faces": {
				"north": {"uv": [10.5, 1, 11, 2], "texture": "#0", "tintindex": 0},
				"east": {"uv": [4, 4, 6, 5], "texture": "#0", "tintindex": 0},
				"south": {"uv": [1.5, 10.5, 2, 11.5], "texture": "#0", "tintindex": 0},
				"west": {"uv": [0, 5, 2, 6], "texture": "#0", "tintindex": 0},
				"up": {"uv": [1.5, 10.5, 1, 8.5], "texture": "#0", "tintindex": 0},
				"down": {"uv": [2, 8.5, 1.5, 10.5], "texture": "#0", "tintindex": 0}
			}
		},
		{
			"from": [5, 1, 9],
			"to": [9, 3, 10],
			"faces": {
				"north": {"uv": [2, 5, 4, 6], "texture": "#0", "tintindex": 0},
				"east": {"uv": [2, 10.5, 2.5, 11.5], "texture": "#0", "tintindex": 0},
				"south": {"uv": [4, 5, 6, 6], "texture": "#0", "tintindex": 0},
				"west": {"uv": [2.5, 10.5, 3, 11.5], "texture": "#0", "tintindex": 0},
				"up": {"uv": [10.5, 6, 8.5, 5.5], "texture": "#0", "tintindex": 0},
				"down": {"uv": [10.5, 6, 8.5, 6.5], "texture": "#0", "tintindex": 0}
			}
		},
		{
			"from": [5, 3, 8],
			"to": [9, 4, 9],
			"faces": {
				"north": {"uv": [8.5, 8, 10.5, 8.5], "texture": "#0", "tintindex": 0},
				"east": {"uv": [12.5, 0.5, 13, 1], "texture": "#0", "tintindex": 0},
				"south": {"uv": [8.5, 8.5, 10.5, 9], "texture": "#0", "tintindex": 0},
				"west": {"uv": [1, 12.5, 1.5, 13], "texture": "#0", "tintindex": 0},
				"up": {"uv": [4, 9.5, 2, 9], "texture": "#0", "tintindex": 0},
				"down": {"uv": [6, 9, 4, 9.5], "texture": "#0", "tintindex": 0}
			}
		},
		{
			"from": [5, 4, 9],
			"to": [9, 6, 10],
			"faces": {
				"north": {"uv": [0, 6, 2, 7], "texture": "#0", "tintindex": 0},
				"east": {"uv": [3, 10.5, 3.5, 11.5], "texture": "#0", "tintindex": 0},
				"south": {"uv": [6, 0, 8, 1], "texture": "#0", "tintindex": 0},
				"west": {"uv": [3.5, 10.5, 4, 11.5], "texture": "#0", "tintindex": 0},
				"up": {"uv": [11, 7, 9, 6.5], "texture": "#0", "tintindex": 0},
				"down": {"uv": [11, 7, 9, 7.5], "texture": "#0", "tintindex": 0}
			}
		},
		{
			"from": [11, 1, 3],
			"to": [12, 3, 7],
			"faces": {
				"north": {"uv": [4, 10.5, 4.5, 11.5], "texture": "#0", "tintindex": 0},
				"east": {"uv": [6, 1, 8, 2], "texture": "#0", "tintindex": 0},
				"south": {"uv": [10.5, 4, 11, 5], "texture": "#0", "tintindex": 0},
				"west": {"uv": [2, 6, 4, 7], "texture": "#0", "tintindex": 0},
				"up": {"uv": [0.5, 11, 0, 9], "texture": "#0", "tintindex": 0},
				"down": {"uv": [1, 9, 0.5, 11], "texture": "#0", "tintindex": 0}
			}
		},
		{
			"from": [10, 3, 3],
			"to": [11, 4, 7],
			"faces": {
				"north": {"uv": [12.5, 1.5, 13, 2], "texture": "#0", "tintindex": 0},
				"east": {"uv": [2, 9.5, 4, 10], "texture": "#0", "tintindex": 0},
				"south": {"uv": [2, 12.5, 2.5, 13], "texture": "#0", "tintindex": 0},
				"west": {"uv": [4, 9.5, 6, 10], "texture": "#0", "tintindex": 0},
				"up": {"uv": [9, 11.5, 8.5, 9.5], "texture": "#0", "tintindex": 0},
				"down": {"uv": [9.5, 9.5, 9, 11.5], "texture": "#0", "tintindex": 0}
			}
		},
		{
			"from": [11, 4, 3],
			"to": [12, 6, 7],
			"faces": {
				"north": {"uv": [4.5, 10.5, 5, 11.5], "texture": "#0", "tintindex": 0},
				"east": {"uv": [6, 2, 8, 3], "texture": "#0", "tintindex": 0},
				"south": {"uv": [5, 10.5, 5.5, 11.5], "texture": "#0", "tintindex": 0},
				"west": {"uv": [6, 3, 8, 4], "texture": "#0", "tintindex": 0},
				"up": {"uv": [10, 11.5, 9.5, 9.5], "texture": "#0", "tintindex": 0},
				"down": {"uv": [10.5, 0, 10, 2], "texture": "#0", "tintindex": 0}
			}
		},
		{
			"from": [4, 3, 2],
			"to": [5, 4, 3],
			"faces": {
				"north": {"uv": [12.5, 3.5, 13, 4], "texture": "#0", "tintindex": 0},
				"east": {"uv": [4, 12.5, 4.5, 13], "texture": "#0", "tintindex": 0},
				"south": {"uv": [12.5, 4, 13, 4.5], "texture": "#0", "tintindex": 0},
				"west": {"uv": [4.5, 12.5, 5, 13], "texture": "#0", "tintindex": 0},
				"up": {"uv": [13, 5, 12.5, 4.5], "texture": "#0", "tintindex": 0},
				"down": {"uv": [5.5, 12.5, 5, 13], "texture": "#0", "tintindex": 0}
			}
		},
		{
			"from": [4, 1, 1],
			"to": [5, 3, 2],
			"faces": {
				"north": {"uv": [10.5, 5, 11, 6], "texture": "#0", "tintindex": 0},
				"east": {"uv": [5.5, 10.5, 6, 11.5], "texture": "#0", "tintindex": 0},
				"south": {"uv": [6, 10.5, 6.5, 11.5], "texture": "#0", "tintindex": 0},
				"west": {"uv": [6.5, 10.5, 7, 11.5], "texture": "#0", "tintindex": 0},
				"up": {"uv": [13, 5.5, 12.5, 5], "texture": "#0", "tintindex": 0},
				"down": {"uv": [6, 12.5, 5.5, 13], "texture": "#0", "tintindex": 0}
			}
		},
		{
			"from": [3, 1, 2],
			"to": [4, 3, 3],
			"faces": {
				"north": {"uv": [10.5, 8, 11, 9], "texture": "#0", "tintindex": 0},
				"east": {"uv": [10.5, 9, 11, 10], "texture": "#0", "tintindex": 0},
				"south": {"uv": [10, 10.5, 10.5, 11.5], "texture": "#0", "tintindex": 0},
				"west": {"uv": [10.5, 10, 11, 11], "texture": "#0", "tintindex": 0},
				"up": {"uv": [13, 6, 12.5, 5.5], "texture": "#0", "tintindex": 0},
				"down": {"uv": [6.5, 12.5, 6, 13], "texture": "#0", "tintindex": 0}
			}
		},
		{
			"from": [4, 4, 1],
			"to": [5, 6, 2],
			"faces": {
				"north": {"uv": [0, 11, 0.5, 12], "texture": "#0", "tintindex": 0},
				"east": {"uv": [11, 0, 11.5, 1], "texture": "#0", "tintindex": 0},
				"south": {"uv": [0.5, 11, 1, 12], "texture": "#0", "tintindex": 0},
				"west": {"uv": [11, 1, 11.5, 2], "texture": "#0", "tintindex": 0},
				"up": {"uv": [13, 6.5, 12.5, 6], "texture": "#0", "tintindex": 0},
				"down": {"uv": [7, 12.5, 6.5, 13], "texture": "#0", "tintindex": 0}
			}
		},
		{
			"from": [3, 4, 2],
			"to": [4, 6, 3],
			"faces": {
				"north": {"uv": [11, 4, 11.5, 5], "texture": "#0", "tintindex": 0},
				"east": {"uv": [11, 5, 11.5, 6], "texture": "#0", "tintindex": 0},
				"south": {"uv": [11, 6, 11.5, 7], "texture": "#0", "tintindex": 0},
				"west": {"uv": [7, 11, 7.5, 12], "texture": "#0", "tintindex": 0},
				"up": {"uv": [13, 7, 12.5, 6.5], "texture": "#0", "tintindex": 0},
				"down": {"uv": [13, 7, 12.5, 7.5], "texture": "#0", "tintindex": 0}
			}
		},
		{
			"from": [3, 4, 7],
			"to": [4, 6, 8],
			"faces": {
				"north": {"uv": [11, 7, 11.5, 8], "texture": "#0", "tintindex": 0},
				"east": {"uv": [7.5, 11, 8, 12], "texture": "#0", "tintindex": 0},
				"south": {"uv": [8, 11, 8.5, 12], "texture": "#0", "tintindex": 0},
				"west": {"uv": [11, 8, 11.5, 9], "texture": "#0", "tintindex": 0},
				"up": {"uv": [13, 8, 12.5, 7.5], "texture": "#0", "tintindex": 0},
				"down": {"uv": [13, 8, 12.5, 8.5], "texture": "#0", "tintindex": 0}
			}
		},
		{
			"from": [4, 4, 8],
			"to": [5, 6, 9],
			"faces": {
				"north": {"uv": [11, 9, 11.5, 10], "texture": "#0", "tintindex": 0},
				"east": {"uv": [11, 10, 11.5, 11], "texture": "#0", "tintindex": 0},
				"south": {"uv": [10.5, 11, 11, 12], "texture": "#0", "tintindex": 0},
				"west": {"uv": [11, 11, 11.5, 12], "texture": "#0", "tintindex": 0},
				"up": {"uv": [9, 13, 8.5, 12.5], "texture": "#0", "tintindex": 0},
				"down": {"uv": [13, 8.5, 12.5, 9], "texture": "#0", "tintindex": 0}
			}
		},
		{
			"from": [4, 3, 7],
			"to": [5, 4, 8],
			"faces": {
				"north": {"uv": [9, 12.5, 9.5, 13], "texture": "#0", "tintindex": 0},
				"east": {"uv": [9.5, 12.5, 10, 13], "texture": "#0", "tintindex": 0},
				"south": {"uv": [10, 12.5, 10.5, 13], "texture": "#0", "tintindex": 0},
				"west": {"uv": [10.5, 12.5, 11, 13], "texture": "#0", "tintindex": 0},
				"up": {"uv": [13, 11, 12.5, 10.5], "texture": "#0", "tintindex": 0},
				"down": {"uv": [11.5, 12.5, 11, 13], "texture": "#0", "tintindex": 0}
			}
		},
		{
			"from": [4, 1, 8],
			"to": [5, 3, 9],
			"faces": {
				"north": {"uv": [11.5, 0, 12, 1], "texture": "#0", "tintindex": 0},
				"east": {"uv": [1, 11.5, 1.5, 12.5], "texture": "#0", "tintindex": 0},
				"south": {"uv": [11.5, 1, 12, 2], "texture": "#0", "tintindex": 0},
				"west": {"uv": [1.5, 11.5, 2, 12.5], "texture": "#0", "tintindex": 0},
				"up": {"uv": [13, 11.5, 12.5, 11], "texture": "#0", "tintindex": 0},
				"down": {"uv": [12, 12.5, 11.5, 13], "texture": "#0", "tintindex": 0}
			}
		},
		{
			"from": [3, 1, 7],
			"to": [4, 3, 8],
			"faces": {
				"north": {"uv": [2, 11.5, 2.5, 12.5], "texture": "#0", "tintindex": 0},
				"east": {"uv": [2.5, 11.5, 3, 12.5], "texture": "#0", "tintindex": 0},
				"south": {"uv": [3, 11.5, 3.5, 12.5], "texture": "#0", "tintindex": 0},
				"west": {"uv": [3.5, 11.5, 4, 12.5], "texture": "#0", "tintindex": 0},
				"up": {"uv": [13, 12, 12.5, 11.5], "texture": "#0", "tintindex": 0},
				"down": {"uv": [12.5, 12.5, 12, 13], "texture": "#0", "tintindex": 0}
			}
		},
		{
			"from": [9, 1, 8],
			"to": [10, 3, 9],
			"faces": {
				"north": {"uv": [4, 11.5, 4.5, 12.5], "texture": "#0", "tintindex": 0},
				"east": {"uv": [11.5, 4, 12, 5], "texture": "#0", "tintindex": 0},
				"south": {"uv": [4.5, 11.5, 5, 12.5], "texture": "#0", "tintindex": 0},
				"west": {"uv": [5, 11.5, 5.5, 12.5], "texture": "#0", "tintindex": 0},
				"up": {"uv": [3, 13.5, 2.5, 13], "texture": "#0", "tintindex": 0},
				"down": {"uv": [13.5, 2.5, 13, 3], "texture": "#0", "tintindex": 0}
			}
		},
		{
			"from": [9, 3, 7],
			"to": [10, 4, 8],
			"faces": {
				"north": {"uv": [3, 13, 3.5, 13.5], "texture": "#0", "tintindex": 0},
				"east": {"uv": [13, 3, 13.5, 3.5], "texture": "#0", "tintindex": 0},
				"south": {"uv": [3.5, 13, 4, 13.5], "texture": "#0", "tintindex": 0},
				"west": {"uv": [13, 3.5, 13.5, 4], "texture": "#0", "tintindex": 0},
				"up": {"uv": [4.5, 13.5, 4, 13], "texture": "#0", "tintindex": 0},
				"down": {"uv": [13.5, 4, 13, 4.5], "texture": "#0", "tintindex": 0}
			}
		},
		{
			"from": [9, 4, 8],
			"to": [10, 6, 9],
			"faces": {
				"north": {"uv": [11.5, 5, 12, 6], "texture": "#0", "tintindex": 0},
				"east": {"uv": [5.5, 11.5, 6, 12.5], "texture": "#0", "tintindex": 0},
				"south": {"uv": [6, 11.5, 6.5, 12.5], "texture": "#0", "tintindex": 0},
				"west": {"uv": [11.5, 6, 12, 7], "texture": "#0", "tintindex": 0},
				"up": {"uv": [5, 13.5, 4.5, 13], "texture": "#0", "tintindex": 0},
				"down": {"uv": [13.5, 4.5, 13, 5], "texture": "#0", "tintindex": 0}
			}
		},
		{
			"from": [10, 4, 7],
			"to": [11, 6, 8],
			"faces": {
				"north": {"uv": [6.5, 11.5, 7, 12.5], "texture": "#0", "tintindex": 0},
				"east": {"uv": [11.5, 7, 12, 8], "texture": "#0", "tintindex": 0},
				"south": {"uv": [11.5, 8, 12, 9], "texture": "#0", "tintindex": 0},
				"west": {"uv": [8.5, 11.5, 9, 12.5], "texture": "#0", "tintindex": 0},
				"up": {"uv": [5.5, 13.5, 5, 13], "texture": "#0", "tintindex": 0},
				"down": {"uv": [13.5, 5, 13, 5.5], "texture": "#0", "tintindex": 0}
			}
		},
		{
			"from": [10, 1, 7],
			"to": [11, 3, 8],
			"faces": {
				"north": {"uv": [9, 11.5, 9.5, 12.5], "texture": "#0", "tintindex": 0},
				"east": {"uv": [11.5, 9, 12, 10], "texture": "#0", "tintindex": 0},
				"south": {"uv": [9.5, 11.5, 10, 12.5], "texture": "#0", "tintindex": 0},
				"west": {"uv": [10, 11.5, 10.5, 12.5], "texture": "#0", "tintindex": 0},
				"up": {"uv": [6, 13.5, 5.5, 13], "texture": "#0", "tintindex": 0},
				"down": {"uv": [13.5, 5.5, 13, 6], "texture": "#0", "tintindex": 0}
			}
		},
		{
			"from": [10, 1, 2],
			"to": [11, 3, 3],
			"faces": {
				"north": {"uv": [11.5, 10, 12, 11], "texture": "#0", "tintindex": 0},
				"east": {"uv": [11.5, 11, 12, 12], "texture": "#0", "tintindex": 0},
				"south": {"uv": [0, 12, 0.5, 13], "texture": "#0", "tintindex": 0},
				"west": {"uv": [12, 0, 12.5, 1], "texture": "#0", "tintindex": 0},
				"up": {"uv": [8, 13.5, 7.5, 13], "texture": "#0", "tintindex": 0},
				"down": {"uv": [13.5, 7.5, 13, 8], "texture": "#0", "tintindex": 0}
			}
		},
		{
			"from": [9, 3, 2],
			"to": [10, 4, 3],
			"faces": {
				"north": {"uv": [8, 13, 8.5, 13.5], "texture": "#0", "tintindex": 0},
				"east": {"uv": [13, 8, 13.5, 8.5], "texture": "#0", "tintindex": 0},
				"south": {"uv": [8.5, 13, 9, 13.5], "texture": "#0", "tintindex": 0},
				"west": {"uv": [13, 8.5, 13.5, 9], "texture": "#0", "tintindex": 0},
				"up": {"uv": [9.5, 13.5, 9, 13], "texture": "#0", "tintindex": 0},
				"down": {"uv": [13.5, 9, 13, 9.5], "texture": "#0", "tintindex": 0}
			}
		},
		{
			"from": [10, 4, 2],
			"to": [11, 6, 3],
			"faces": {
				"north": {"uv": [0.5, 12, 1, 13], "texture": "#0", "tintindex": 0},
				"east": {"uv": [12, 1, 12.5, 2], "texture": "#0", "tintindex": 0},
				"south": {"uv": [12, 2, 12.5, 3], "texture": "#0", "tintindex": 0},
				"west": {"uv": [12, 3, 12.5, 4], "texture": "#0", "tintindex": 0},
				"up": {"uv": [10, 13.5, 9.5, 13], "texture": "#0", "tintindex": 0},
				"down": {"uv": [13.5, 9.5, 13, 10], "texture": "#0", "tintindex": 0}
			}
		},
		{
			"from": [9, 4, 1],
			"to": [10, 6, 2],
			"faces": {
				"north": {"uv": [12, 4, 12.5, 5], "texture": "#0", "tintindex": 0},
				"east": {"uv": [12, 5, 12.5, 6], "texture": "#0", "tintindex": 0},
				"south": {"uv": [12, 6, 12.5, 7], "texture": "#0", "tintindex": 0},
				"west": {"uv": [7, 12, 7.5, 13], "texture": "#0", "tintindex": 0},
				"up": {"uv": [10.5, 13.5, 10, 13], "texture": "#0", "tintindex": 0},
				"down": {"uv": [13.5, 10, 13, 10.5], "texture": "#0", "tintindex": 0}
			}
		},
		{
			"from": [9, 1, 1],
			"to": [10, 3, 2],
			"faces": {
				"north": {"uv": [12, 7, 12.5, 8], "texture": "#0", "tintindex": 0},
				"east": {"uv": [7.5, 12, 8, 13], "texture": "#0", "tintindex": 0},
				"south": {"uv": [8, 12, 8.5, 13], "texture": "#0", "tintindex": 0},
				"west": {"uv": [12, 8, 12.5, 9], "texture": "#0", "tintindex": 0},
				"up": {"uv": [11, 13.5, 10.5, 13], "texture": "#0", "tintindex": 0},
				"down": {"uv": [13.5, 10.5, 13, 11], "texture": "#0", "tintindex": 0}
			}
		},
		{
			"from": [5, 6, 1],
			"to": [9, 7, 9],
			"faces": {
				"north": {"uv": [2, 10, 4, 10.5], "texture": "#0", "tintindex": 0},
				"east": {"uv": [4, 6, 8, 6.5], "texture": "#0", "tintindex": 0},
				"south": {"uv": [10, 2, 12, 2.5], "texture": "#0", "tintindex": 0},
				"west": {"uv": [6, 4, 10, 4.5], "texture": "#0", "tintindex": 0},
				"up": {"uv": [2, 4, 0, 0], "texture": "#0", "tintindex": 0},
				"down": {"uv": [4, 0, 2, 4], "texture": "#0", "tintindex": 0}
			}
		},
		{
			"from": [3, 6, 3],
			"to": [5, 7, 7],
			"faces": {
				"north": {"uv": [2, 8.5, 3, 9], "texture": "#0", "tintindex": 0},
				"east": {"uv": [10, 2.5, 12, 3], "texture": "#0", "tintindex": 0},
				"south": {"uv": [12, 9, 13, 9.5], "texture": "#0", "tintindex": 0},
				"west": {"uv": [10, 3, 12, 3.5], "texture": "#0", "tintindex": 0},
				"up": {"uv": [5, 8.5, 4, 6.5], "texture": "#0", "tintindex": 0},
				"down": {"uv": [6, 6.5, 5, 8.5], "texture": "#0", "tintindex": 0}
			}
		},
		{
			"from": [9, 6, 3],
			"to": [11, 7, 7],
			"faces": {
				"north": {"uv": [12, 9.5, 13, 10], "texture": "#0", "tintindex": 0},
				"east": {"uv": [10, 3.5, 12, 4], "texture": "#0", "tintindex": 0},
				"south": {"uv": [12, 10, 13, 10.5], "texture": "#0", "tintindex": 0},
				"west": {"uv": [4, 10, 6, 10.5], "texture": "#0", "tintindex": 0},
				"up": {"uv": [7, 8.5, 6, 6.5], "texture": "#0", "tintindex": 0},
				"down": {"uv": [1, 7, 0, 9], "texture": "#0", "tintindex": 0}
			}
		},
		{
			"from": [9, 6, 7],
			"to": [10, 7, 8],
			"faces": {
				"north": {"uv": [11, 13, 11.5, 13.5], "texture": "#0", "tintindex": 0},
				"east": {"uv": [13, 11, 13.5, 11.5], "texture": "#0", "tintindex": 0},
				"south": {"uv": [11.5, 13, 12, 13.5], "texture": "#0", "tintindex": 0},
				"west": {"uv": [13, 11.5, 13.5, 12], "texture": "#0", "tintindex": 0},
				"up": {"uv": [12.5, 13.5, 12, 13], "texture": "#0", "tintindex": 0},
				"down": {"uv": [13.5, 12, 13, 12.5], "texture": "#0", "tintindex": 0}
			}
		},
		{
			"from": [4, 6, 7],
			"to": [5, 7, 8],
			"faces": {
				"north": {"uv": [12.5, 13, 13, 13.5], "texture": "#0", "tintindex": 0},
				"east": {"uv": [13, 12.5, 13.5, 13], "texture": "#0", "tintindex": 0},
				"south": {"uv": [13, 13, 13.5, 13.5], "texture": "#0", "tintindex": 0},
				"west": {"uv": [0, 13.5, 0.5, 14], "texture": "#0", "tintindex": 0},
				"up": {"uv": [14, 0.5, 13.5, 0], "texture": "#0", "tintindex": 0},
				"down": {"uv": [1, 13.5, 0.5, 14], "texture": "#0", "tintindex": 0}
			}
		},
		{
			"from": [4, 6, 2],
			"to": [5, 7, 3],
			"faces": {
				"north": {"uv": [13.5, 0.5, 14, 1], "texture": "#0", "tintindex": 0},
				"east": {"uv": [1, 13.5, 1.5, 14], "texture": "#0", "tintindex": 0},
				"south": {"uv": [13.5, 1, 14, 1.5], "texture": "#0", "tintindex": 0},
				"west": {"uv": [1.5, 13.5, 2, 14], "texture": "#0", "tintindex": 0},
				"up": {"uv": [14, 2, 13.5, 1.5], "texture": "#0", "tintindex": 0},
				"down": {"uv": [2.5, 13.5, 2, 14], "texture": "#0", "tintindex": 0}
			}
		},
		{
			"from": [9, 6, 2],
			"to": [10, 7, 3],
			"faces": {
				"north": {"uv": [13.5, 2, 14, 2.5], "texture": "#0", "tintindex": 0},
				"east": {"uv": [2.5, 13.5, 3, 14], "texture": "#0", "tintindex": 0},
				"south": {"uv": [13.5, 2.5, 14, 3], "texture": "#0", "tintindex": 0},
				"west": {"uv": [3, 13.5, 3.5, 14], "texture": "#0", "tintindex": 0},
				"up": {"uv": [14, 3.5, 13.5, 3], "texture": "#0", "tintindex": 0},
				"down": {"uv": [4, 13.5, 3.5, 14], "texture": "#0", "tintindex": 0}
			}
		},
		{
			"from": [3, 0, 3],
			"to": [5, 1, 7],
			"faces": {
				"north": {"uv": [2, 8.5, 3, 9], "texture": "#0", "tintindex": 0},
				"east": {"uv": [10, 2.5, 12, 3], "texture": "#0", "tintindex": 0},
				"south": {"uv": [12, 9, 13, 9.5], "texture": "#0", "tintindex": 0},
				"west": {"uv": [10, 3, 12, 3.5], "texture": "#0", "tintindex": 0},
				"up": {"uv": [5, 8.5, 4, 6.5], "texture": "#0", "tintindex": 0},
				"down": {"uv": [6, 6.5, 5, 8.5], "texture": "#0", "tintindex": 0}
			}
		},
		{
			"from": [4, 0, 2],
			"to": [5, 1, 3],
			"faces": {
				"north": {"uv": [13.5, 0.5, 14, 1], "texture": "#0", "tintindex": 0},
				"east": {"uv": [1, 13.5, 1.5, 14], "texture": "#0", "tintindex": 0},
				"south": {"uv": [13.5, 1, 14, 1.5], "texture": "#0", "tintindex": 0},
				"west": {"uv": [1.5, 13.5, 2, 14], "texture": "#0", "tintindex": 0},
				"up": {"uv": [14, 2, 13.5, 1.5], "texture": "#0", "tintindex": 0},
				"down": {"uv": [2.5, 13.5, 2, 14], "texture": "#0", "tintindex": 0}
			}
		},
		{
			"from": [5, 0, 1],
			"to": [9, 1, 9],
			"faces": {
				"north": {"uv": [2, 10, 4, 10.5], "texture": "#0", "tintindex": 0},
				"east": {"uv": [4, 6, 8, 6.5], "texture": "#0", "tintindex": 0},
				"south": {"uv": [10, 2, 12, 2.5], "texture": "#0", "tintindex": 0},
				"west": {"uv": [6, 4, 10, 4.5], "texture": "#0", "tintindex": 0},
				"up": {"uv": [2, 4, 0, 0], "texture": "#0", "tintindex": 0},
				"down": {"uv": [4, 0, 2, 4], "texture": "#0", "tintindex": 0}
			}
		},
		{
			"from": [9, 0, 2],
			"to": [10, 1, 3],
			"faces": {
				"north": {"uv": [13.5, 2, 14, 2.5], "texture": "#0", "tintindex": 0},
				"east": {"uv": [2.5, 13.5, 3, 14], "texture": "#0", "tintindex": 0},
				"south": {"uv": [13.5, 2.5, 14, 3], "texture": "#0", "tintindex": 0},
				"west": {"uv": [3, 13.5, 3.5, 14], "texture": "#0", "tintindex": 0},
				"up": {"uv": [14, 3.5, 13.5, 3], "texture": "#0", "tintindex": 0},
				"down": {"uv": [4, 13.5, 3.5, 14], "texture": "#0", "tintindex": 0}
			}
		},
		{
			"from": [9, 0, 3],
			"to": [11, 1, 7],
			"faces": {
				"north": {"uv": [12, 9.5, 13, 10], "texture": "#0", "tintindex": 0},
				"east": {"uv": [10, 3.5, 12, 4], "texture": "#0", "tintindex": 0},
				"south": {"uv": [12, 10, 13, 10.5], "texture": "#0", "tintindex": 0},
				"west": {"uv": [4, 10, 6, 10.5], "texture": "#0", "tintindex": 0},
				"up": {"uv": [7, 8.5, 6, 6.5], "texture": "#0", "tintindex": 0},
				"down": {"uv": [1, 7, 0, 9], "texture": "#0", "tintindex": 0}
			}
		},
		{
			"from": [9, 0, 7],
			"to": [10, 1, 8],
			"faces": {
				"north": {"uv": [11, 13, 11.5, 13.5], "texture": "#0", "tintindex": 0},
				"east": {"uv": [13, 11, 13.5, 11.5], "texture": "#0", "tintindex": 0},
				"south": {"uv": [11.5, 13, 12, 13.5], "texture": "#0", "tintindex": 0},
				"west": {"uv": [13, 11.5, 13.5, 12], "texture": "#0", "tintindex": 0},
				"up": {"uv": [12.5, 13.5, 12, 13], "texture": "#0", "tintindex": 0},
				"down": {"uv": [13.5, 12, 13, 12.5], "texture": "#0", "tintindex": 0}
			}
		},
		{
			"from": [4, 0, 7],
			"to": [5, 1, 8],
			"faces": {
				"north": {"uv": [12.5, 13, 13, 13.5], "texture": "#0", "tintindex": 0},
				"east": {"uv": [13, 12.5, 13.5, 13], "texture": "#0", "tintindex": 0},
				"south": {"uv": [13, 13, 13.5, 13.5], "texture": "#0", "tintindex": 0},
				"west": {"uv": [0, 13.5, 0.5, 14], "texture": "#0", "tintindex": 0},
				"up": {"uv": [14, 0.5, 13.5, 0], "texture": "#0", "tintindex": 0},
				"down": {"uv": [1, 13.5, 0.5, 14], "texture": "#0", "tintindex": 0}
			}
		}
	],
	"display": {
		"thirdperson_righthand": {
			"rotation": [90, 0, 0],
			"translation": [0.25, -2.75, 10.25],
			"scale": [0.41, 0.41, 0.41]
		},
		"thirdperson_lefthand": {
			"rotation": [90, 0, 0],
			"translation": [0.25, -2.75, 10.25],
			"scale": [0.41, 0.41, 0.41]
		}
	}
}