{
	"credit": "Made with Blockbench",
	"textures": {
		"1": "mctc:hats/flowerant_flowers",
		"5": "mctc:hats/flowerantlers",
		"particle": "mctc:hats/flowerant_flowers"
	},
	"elements": [
		{
			"from": [15.3, 3, 4.2],
			"to": [16.3, 4, 4.2],
			"rotation": {"angle": -22.5, "axis": "y", "origin": [-0.5, 0, 0]},
			"faces": {
				"north": {"uv": [0, 4, 1, 5], "texture": "#5"},
				"east": {"uv": [0, 0, 0, 1], "texture": "#5"},
				"south": {"uv": [4, 0, 5, 1], "texture": "#5"},
				"west": {"uv": [0, 0, 0, 1], "texture": "#5"},
				"up": {"uv": [1, 0, 0, 0], "texture": "#5"},
				"down": {"uv": [1, 0, 0, 0], "texture": "#5"}
			}
		},
		{
			"from": [18.2, 6, 4.2],
			"to": [19.5, 7, 4.2],
			"rotation": {"angle": -22.5, "axis": "y", "origin": [-0.5, 0, 0]},
			"faces": {
				"north": {"uv": [1, 4, 2, 5], "texture": "#5"},
				"east": {"uv": [0, 0, 0, 1], "texture": "#5"},
				"south": {"uv": [4, 1, 5, 2], "texture": "#5"},
				"west": {"uv": [0, 0, 0, 1], "texture": "#5"},
				"up": {"uv": [1, 0, 0, 0], "texture": "#5"},
				"down": {"uv": [1, 0, 0, 0], "texture": "#5"}
			}
		},
		{
			"from": [16, 5.4, 4.2],
			"to": [16.6, 6, 4.2],
			"rotation": {"angle": -22.5, "axis": "y", "origin": [-0.5, 0, 0]},
			"faces": {
				"north": {"uv": [2, 4, 3, 5], "texture": "#5"},
				"east": {"uv": [0, 0, 0, 1], "texture": "#5"},
				"south": {"uv": [4, 2, 5, 3], "texture": "#5"},
				"west": {"uv": [0, 0, 0, 1], "texture": "#5"},
				"up": {"uv": [1, 0, 0, 0], "texture": "#5"},
				"down": {"uv": [1, 0, 0, 0], "texture": "#5"}
			}
		},
		{
			"from": [16.3, 5, 4.2],
			"to": [17, 5.4, 4.2],
			"rotation": {"angle": -22.5, "axis": "y", "origin": [-0.5, 0, 0]},
			"faces": {
				"north": {"uv": [3, 4, 4, 5], "texture": "#5"},
				"east": {"uv": [0, 0, 0, 1], "texture": "#5"},
				"south": {"uv": [4, 3, 5, 4], "texture": "#5"},
				"west": {"uv": [0, 0, 0, 1], "texture": "#5"},
				"up": {"uv": [1, 0, 0, 0], "texture": "#5"},
				"down": {"uv": [1, 0, 0, 0], "texture": "#5"}
			}
		},
		{
			"from": [16.6, 5.4, 4.2],
			"to": [17, 5.8, 4.2],
			"rotation": {"angle": -22.5, "axis": "y", "origin": [-0.5, 0, 0]},
			"faces": {
				"north": {"uv": [4, 4, 5, 5], "texture": "#5"},
				"east": {"uv": [0, 0, 0, 1], "texture": "#5"},
				"south": {"uv": [0, 5, 1, 6], "texture": "#5"},
				"west": {"uv": [0, 0, 0, 1], "texture": "#5"},
				"up": {"uv": [1, 0, 0, 0], "texture": "#5"},
				"down": {"uv": [1, 0, 0, 0], "texture": "#5"}
			}
		},
		{
			"from": [19, 7, 4.2],
			"to": [20, 8, 4.2],
			"rotation": {"angle": -22.5, "axis": "y", "origin": [-0.5, 0, 0]},
			"faces": {
				"north": {"uv": [5, 0, 6, 1], "texture": "#5"},
				"east": {"uv": [0, 0, 0, 1], "texture": "#5"},
				"south": {"uv": [1, 5, 2, 6], "texture": "#5"},
				"west": {"uv": [0, 0, 0, 1], "texture": "#5"},
				"up": {"uv": [1, 0, 0, 0], "texture": "#5"},
				"down": {"uv": [1, 0, 0, 0], "texture": "#5"}
			}
		},
		{
			"from": [20, 7.3, 4.2],
			"to": [20.5, 8, 4.2],
			"rotation": {"angle": -22.5, "axis": "y", "origin": [-0.5, 0, 0]},
			"faces": {
				"north": {"uv": [5, 1, 6, 2], "texture": "#5"},
				"east": {"uv": [0, 0, 0, 1], "texture": "#5"},
				"south": {"uv": [2, 5, 3, 6], "texture": "#5"},
				"west": {"uv": [0, 0, 0, 1], "texture": "#5"},
				"up": {"uv": [1, 0, 0, 0], "texture": "#5"},
				"down": {"uv": [1, 0, 0, 0], "texture": "#5"}
			}
		},
		{
			"from": [20.5, 7.8, 4.2],
			"to": [21, 8.3, 4.2],
			"rotation": {"angle": -22.5, "axis": "y", "origin": [-0.5, 0, 0]},
			"faces": {
				"north": {"uv": [5, 2, 6, 3], "texture": "#5"},
				"east": {"uv": [0, 0, 0, 1], "texture": "#5"},
				"south": {"uv": [3, 5, 4, 6], "texture": "#5"},
				"west": {"uv": [0, 0, 0, 1], "texture": "#5"},
				"up": {"uv": [1, 0, 0, 0], "texture": "#5"},
				"down": {"uv": [1, 0, 0, 0], "texture": "#5"}
			}
		},
		{
			"from": [21, 6, 4.2],
			"to": [21.5, 6.5, 4.2],
			"rotation": {"angle": -22.5, "axis": "y", "origin": [-0.5, 0, 0]},
			"faces": {
				"north": {"uv": [5, 3, 6, 4], "texture": "#5"},
				"east": {"uv": [0, 0, 0, 1], "texture": "#5"},
				"south": {"uv": [4, 5, 5, 6], "texture": "#5"},
				"west": {"uv": [0, 0, 0, 1], "texture": "#5"},
				"up": {"uv": [1, 0, 0, 0], "texture": "#5"},
				"down": {"uv": [1, 0, 0, 0], "texture": "#5"}
			}
		},
		{
			"from": [20.5, 5.5, 4.2],
			"to": [21, 6.2, 4.2],
			"rotation": {"angle": -22.5, "axis": "y", "origin": [-0.5, 0, 0]},
			"faces": {
				"north": {"uv": [5, 4, 6, 5], "texture": "#5"},
				"east": {"uv": [0, 0, 0, 1], "texture": "#5"},
				"south": {"uv": [5, 5, 6, 6], "texture": "#5"},
				"west": {"uv": [0, 0, 0, 1], "texture": "#5"},
				"up": {"uv": [1, 0, 0, 0], "texture": "#5"},
				"down": {"uv": [1, 0, 0, 0], "texture": "#5"}
			}
		},
		{
			"from": [19.5, 8, 4.2],
			"to": [20, 9, 4.2],
			"rotation": {"angle": -22.5, "axis": "y", "origin": [-0.5, 0, 0]},
			"faces": {
				"north": {"uv": [0, 6, 1, 7], "texture": "#5"},
				"east": {"uv": [0, 0, 0, 1], "texture": "#5"},
				"south": {"uv": [6, 0, 7, 1], "texture": "#5"},
				"west": {"uv": [0, 0, 0, 1], "texture": "#5"},
				"up": {"uv": [1, 0, 0, 0], "texture": "#5"},
				"down": {"uv": [1, 0, 0, 0], "texture": "#5"}
			}
		},
		{
			"from": [19.5, 6.5, 4.2],
			"to": [20, 7, 4.2],
			"rotation": {"angle": -22.5, "axis": "y", "origin": [-0.5, 0, 0]},
			"faces": {
				"north": {"uv": [1, 6, 2, 7], "texture": "#5"},
				"east": {"uv": [0, 0, 0, 1], "texture": "#5"},
				"south": {"uv": [6, 1, 7, 2], "texture": "#5"},
				"west": {"uv": [0, 0, 0, 1], "texture": "#5"},
				"up": {"uv": [1, 0, 0, 0], "texture": "#5"},
				"down": {"uv": [1, 0, 0, 0], "texture": "#5"}
			}
		},
		{
			"from": [18.8, 4.5, 4.2],
			"to": [19.3, 5, 4.2],
			"rotation": {"angle": -22.5, "axis": "y", "origin": [-0.5, 0, 0]},
			"faces": {
				"north": {"uv": [2, 6, 3, 7], "texture": "#5"},
				"east": {"uv": [0, 0, 0, 1], "texture": "#5"},
				"south": {"uv": [6, 2, 7, 3], "texture": "#5"},
				"west": {"uv": [0, 0, 0, 1], "texture": "#5"},
				"up": {"uv": [1, 0, 0, 0], "texture": "#5"},
				"down": {"uv": [1, 0, 0, 0], "texture": "#5"}
			}
		},
		{
			"from": [17.5, 5, 4.2],
			"to": [18.5, 5.5, 4.2],
			"rotation": {"angle": -22.5, "axis": "y", "origin": [-0.5, 0, 0]},
			"faces": {
				"north": {"uv": [3, 6, 4, 7], "texture": "#5"},
				"east": {"uv": [0, 0, 0, 1], "texture": "#5"},
				"south": {"uv": [6, 3, 7, 4], "texture": "#5"},
				"west": {"uv": [0, 0, 0, 1], "texture": "#5"},
				"up": {"uv": [1, 0, 0, 0], "texture": "#5"},
				"down": {"uv": [1, 0, 0, 0], "texture": "#5"}
			}
		},
		{
			"from": [17, 5, 4.2],
			"to": [17.5, 5.8, 4.2],
			"rotation": {"angle": -22.5, "axis": "y", "origin": [-0.5, 0, 0]},
			"faces": {
				"north": {"uv": [4, 6, 5, 7], "texture": "#5"},
				"east": {"uv": [0, 0, 0, 1], "texture": "#5"},
				"south": {"uv": [6, 4, 7, 5], "texture": "#5"},
				"west": {"uv": [0, 0, 0, 1], "texture": "#5"},
				"up": {"uv": [1, 0, 0, 0], "texture": "#5"},
				"down": {"uv": [1, 0, 0, 0], "texture": "#5"}
			}
		},
		{
			"from": [15.8, 6, 4.2],
			"to": [16.3, 6.5, 4.2],
			"rotation": {"angle": -22.5, "axis": "y", "origin": [-0.5, 0, 0]},
			"faces": {
				"north": {"uv": [5, 6, 6, 7], "texture": "#5"},
				"east": {"uv": [0, 0, 0, 1], "texture": "#5"},
				"south": {"uv": [6, 5, 7, 6], "texture": "#5"},
				"west": {"uv": [0, 0, 0, 1], "texture": "#5"},
				"up": {"uv": [1, 0, 0, 0], "texture": "#5"},
				"down": {"uv": [1, 0, 0, 0], "texture": "#5"}
			}
		},
		{
			"from": [19, 8, 4.2],
			"to": [19.5, 8.5, 4.2],
			"rotation": {"angle": -22.5, "axis": "y", "origin": [-0.5, 0, 0]},
			"faces": {
				"north": {"uv": [6, 6, 7, 7], "texture": "#5"},
				"east": {"uv": [0, 0, 0, 1], "texture": "#5"},
				"south": {"uv": [0, 7, 1, 8], "texture": "#5"},
				"west": {"uv": [0, 0, 0, 1], "texture": "#5"},
				"up": {"uv": [1, 0, 0, 0], "texture": "#5"},
				"down": {"uv": [1, 0, 0, 0], "texture": "#5"}
			}
		},
		{
			"from": [19.2, 9, 4.2],
			"to": [19.7, 9.5, 4.2],
			"rotation": {"angle": -22.5, "axis": "y", "origin": [-0.5, 0, 0]},
			"faces": {
				"north": {"uv": [7, 0, 8, 1], "texture": "#5"},
				"east": {"uv": [0, 0, 0, 1], "texture": "#5"},
				"south": {"uv": [1, 7, 2, 8], "texture": "#5"},
				"west": {"uv": [0, 0, 0, 1], "texture": "#5"},
				"up": {"uv": [1, 0, 0, 0], "texture": "#5"},
				"down": {"uv": [1, 0, 0, 0], "texture": "#5"}
			}
		},
		{
			"from": [16.3, 3.3, 4.2],
			"to": [16.8, 4, 4.2],
			"rotation": {"angle": -22.5, "axis": "y", "origin": [-0.5, 0, 0]},
			"faces": {
				"north": {"uv": [7, 1, 8, 2], "texture": "#5"},
				"east": {"uv": [0, 0, 0, 1], "texture": "#5"},
				"south": {"uv": [2, 7, 3, 8], "texture": "#5"},
				"west": {"uv": [0, 0, 0, 1], "texture": "#5"},
				"up": {"uv": [1, 0, 0, 0], "texture": "#5"},
				"down": {"uv": [1, 0, 0, 0], "texture": "#5"}
			}
		},
		{
			"from": [17.7, 6.5, 4.2],
			"to": [18.2, 7.2, 4.2],
			"rotation": {"angle": -22.5, "axis": "y", "origin": [-0.5, 0, 0]},
			"faces": {
				"north": {"uv": [7, 2, 8, 3], "texture": "#5"},
				"east": {"uv": [0, 0, 0, 1], "texture": "#5"},
				"south": {"uv": [3, 7, 4, 8], "texture": "#5"},
				"west": {"uv": [0, 0, 0, 1], "texture": "#5"},
				"up": {"uv": [1, 0, 0, 0], "texture": "#5"},
				"down": {"uv": [1, 0, 0, 0], "texture": "#5"}
			}
		},
		{
			"from": [16.8, 3.5, 4.2],
			"to": [17.3, 4, 4.2],
			"rotation": {"angle": -22.5, "axis": "y", "origin": [-0.5, 0, 0]},
			"faces": {
				"north": {"uv": [7, 3, 8, 4], "texture": "#5"},
				"east": {"uv": [0, 0, 0, 1], "texture": "#5"},
				"south": {"uv": [4, 7, 5, 8], "texture": "#5"},
				"west": {"uv": [0, 0, 0, 1], "texture": "#5"},
				"up": {"uv": [1, 0, 0, 0], "texture": "#5"},
				"down": {"uv": [1, 0, 0, 0], "texture": "#5"}
			}
		},
		{
			"from": [17.2, 7, 4.2],
			"to": [17.7, 7.9, 4.2],
			"rotation": {"angle": -22.5, "axis": "y", "origin": [-0.5, 0, 0]},
			"faces": {
				"north": {"uv": [7, 4, 8, 5], "texture": "#5"},
				"east": {"uv": [0, 0, 0, 1], "texture": "#5"},
				"south": {"uv": [5, 7, 6, 8], "texture": "#5"},
				"west": {"uv": [0, 0, 0, 1], "texture": "#5"},
				"up": {"uv": [1, 0, 0, 0], "texture": "#5"},
				"down": {"uv": [1, 0, 0, 0], "texture": "#5"}
			}
		},
		{
			"from": [18.5, 5, 4.2],
			"to": [20.5, 6, 4.2],
			"rotation": {"angle": -22.5, "axis": "y", "origin": [-0.5, 0, 0]},
			"faces": {
				"north": {"uv": [0, 0, 2, 1], "texture": "#5"},
				"east": {"uv": [0, 0, 0, 1], "texture": "#5"},
				"south": {"uv": [0, 1, 2, 2], "texture": "#5"},
				"west": {"uv": [0, 0, 0, 1], "texture": "#5"},
				"up": {"uv": [2, 0, 0, 0], "texture": "#5"},
				"down": {"uv": [2, 0, 0, 0], "texture": "#5"}
			}
		},
		{
			"from": [16.5, 4, 4.2],
			"to": [18.8, 5, 4.2],
			"rotation": {"angle": -22.5, "axis": "y", "origin": [-0.5, 0, 0]},
			"faces": {
				"north": {"uv": [0, 2, 2, 3], "texture": "#5"},
				"east": {"uv": [0, 0, 0, 1], "texture": "#5"},
				"south": {"uv": [2, 0, 4, 1], "texture": "#5"},
				"west": {"uv": [0, 0, 0, 1], "texture": "#5"},
				"up": {"uv": [2, 0, 0, 0], "texture": "#5"},
				"down": {"uv": [2, 0, 0, 0], "texture": "#5"}
			}
		},
		{
			"from": [-1.5, 3, 10],
			"to": [-0.5, 4, 10],
			"rotation": {"angle": 22.5, "axis": "y", "origin": [1.5, 0, 0]},
			"faces": {
				"north": {"uv": [4, 0, 5, 1], "texture": "#5"},
				"east": {"uv": [0, 0, 0, 1], "texture": "#5"},
				"south": {"uv": [0, 4, 1, 5], "texture": "#5"},
				"west": {"uv": [0, 0, 0, 1], "texture": "#5"},
				"up": {"uv": [1, 0, 0, 0], "rotation": 180, "texture": "#5"},
				"down": {"uv": [1, 0, 0, 0], "rotation": 180, "texture": "#5"}
			}
		},
		{
			"from": [-2, 3.3, 10],
			"to": [-1.5, 4, 10],
			"rotation": {"angle": 22.5, "axis": "y", "origin": [1.5, 0, 0]},
			"faces": {
				"north": {"uv": [2, 7, 3, 8], "texture": "#5"},
				"east": {"uv": [0, 0, 0, 1], "texture": "#5"},
				"south": {"uv": [7, 1, 8, 2], "texture": "#5"},
				"west": {"uv": [0, 0, 0, 1], "texture": "#5"},
				"up": {"uv": [1, 0, 0, 0], "rotation": 180, "texture": "#5"},
				"down": {"uv": [1, 0, 0, 0], "rotation": 180, "texture": "#5"}
			}
		},
		{
			"from": [-2.5, 3.5, 10],
			"to": [-2, 4, 10],
			"rotation": {"angle": 22.5, "axis": "y", "origin": [1.5, 0, 0]},
			"faces": {
				"north": {"uv": [4, 7, 5, 8], "texture": "#5"},
				"east": {"uv": [0, 0, 0, 1], "texture": "#5"},
				"south": {"uv": [7, 3, 8, 4], "texture": "#5"},
				"west": {"uv": [0, 0, 0, 1], "texture": "#5"},
				"up": {"uv": [1, 0, 0, 0], "rotation": 180, "texture": "#5"},
				"down": {"uv": [1, 0, 0, 0], "rotation": 180, "texture": "#5"}
			}
		},
		{
			"from": [-4, 4, 10],
			"to": [-1.7, 5, 10],
			"rotation": {"angle": 22.5, "axis": "y", "origin": [1.5, 0, 0]},
			"faces": {
				"north": {"uv": [2, 0, 4, 1], "texture": "#5"},
				"east": {"uv": [0, 0, 0, 1], "texture": "#5"},
				"south": {"uv": [0, 2, 2, 3], "texture": "#5"},
				"west": {"uv": [0, 0, 0, 1], "texture": "#5"},
				"up": {"uv": [2, 0, 0, 0], "rotation": 180, "texture": "#5"},
				"down": {"uv": [2, 0, 0, 0], "rotation": 180, "texture": "#5"}
			}
		},
		{
			"from": [-3.7, 5, 10],
			"to": [-2.7, 5.5, 10],
			"rotation": {"angle": 22.5, "axis": "y", "origin": [1.5, 0, 0]},
			"faces": {
				"north": {"uv": [6, 3, 7, 4], "texture": "#5"},
				"east": {"uv": [0, 0, 0, 1], "texture": "#5"},
				"south": {"uv": [3, 6, 4, 7], "texture": "#5"},
				"west": {"uv": [0, 0, 0, 1], "texture": "#5"},
				"up": {"uv": [1, 0, 0, 0], "rotation": 180, "texture": "#5"},
				"down": {"uv": [1, 0, 0, 0], "rotation": 180, "texture": "#5"}
			}
		},
		{
			"from": [-2.7, 5, 10],
			"to": [-2.2, 5.8, 10],
			"rotation": {"angle": 22.5, "axis": "y", "origin": [1.5, 0, 0]},
			"faces": {
				"north": {"uv": [6, 4, 7, 5], "texture": "#5"},
				"east": {"uv": [0, 0, 0, 1], "texture": "#5"},
				"south": {"uv": [4, 6, 5, 7], "texture": "#5"},
				"west": {"uv": [0, 0, 0, 1], "texture": "#5"},
				"up": {"uv": [1, 0, 0, 0], "rotation": 180, "texture": "#5"},
				"down": {"uv": [1, 0, 0, 0], "rotation": 180, "texture": "#5"}
			}
		},
		{
			"from": [-1.8, 5.4, 10],
			"to": [-1.2, 6, 10],
			"rotation": {"angle": 22.5, "axis": "y", "origin": [1.5, 0, 0]},
			"faces": {
				"north": {"uv": [4, 2, 5, 3], "texture": "#5"},
				"east": {"uv": [0, 0, 0, 1], "texture": "#5"},
				"south": {"uv": [2, 4, 3, 5], "texture": "#5"},
				"west": {"uv": [0, 0, 0, 1], "texture": "#5"},
				"up": {"uv": [1, 0, 0, 0], "rotation": 180, "texture": "#5"},
				"down": {"uv": [1, 0, 0, 0], "rotation": 180, "texture": "#5"}
			}
		},
		{
			"from": [-1.5, 6, 10],
			"to": [-1, 6.5, 10],
			"rotation": {"angle": 22.5, "axis": "y", "origin": [1.5, 0, 0]},
			"faces": {
				"north": {"uv": [6, 5, 7, 6], "texture": "#5"},
				"east": {"uv": [0, 0, 0, 1], "texture": "#5"},
				"south": {"uv": [5, 6, 6, 7], "texture": "#5"},
				"west": {"uv": [0, 0, 0, 1], "texture": "#5"},
				"up": {"uv": [1, 0, 0, 0], "rotation": 180, "texture": "#5"},
				"down": {"uv": [1, 0, 0, 0], "rotation": 180, "texture": "#5"}
			}
		},
		{
			"from": [-2.2, 5, 10],
			"to": [-1.5, 5.4, 10],
			"rotation": {"angle": 22.5, "axis": "y", "origin": [1.5, 0, 0]},
			"faces": {
				"north": {"uv": [4, 3, 5, 4], "texture": "#5"},
				"east": {"uv": [0, 0, 0, 1], "texture": "#5"},
				"south": {"uv": [3, 4, 4, 5], "texture": "#5"},
				"west": {"uv": [0, 0, 0, 1], "texture": "#5"},
				"up": {"uv": [1, 0, 0, 0], "rotation": 180, "texture": "#5"},
				"down": {"uv": [1, 0, 0, 0], "rotation": 180, "texture": "#5"}
			}
		},
		{
			"from": [-2.2, 5.4, 10],
			"to": [-1.8, 5.8, 10],
			"rotation": {"angle": 22.5, "axis": "y", "origin": [1.5, 0, 0]},
			"faces": {
				"north": {"uv": [0, 5, 1, 6], "texture": "#5"},
				"east": {"uv": [0, 0, 0, 1], "texture": "#5"},
				"south": {"uv": [4, 4, 5, 5], "texture": "#5"},
				"west": {"uv": [0, 0, 0, 1], "texture": "#5"},
				"up": {"uv": [1, 0, 0, 0], "rotation": 180, "texture": "#5"},
				"down": {"uv": [1, 0, 0, 0], "rotation": 180, "texture": "#5"}
			}
		},
		{
			"from": [-5.7, 5, 10],
			"to": [-3.7, 6, 10],
			"rotation": {"angle": 22.5, "axis": "y", "origin": [1.5, 0, 0]},
			"faces": {
				"north": {"uv": [0, 1, 2, 2], "texture": "#5"},
				"east": {"uv": [0, 0, 0, 1], "texture": "#5"},
				"south": {"uv": [0, 0, 2, 1], "texture": "#5"},
				"west": {"uv": [0, 0, 0, 1], "texture": "#5"},
				"up": {"uv": [2, 0, 0, 0], "rotation": 180, "texture": "#5"},
				"down": {"uv": [2, 0, 0, 0], "rotation": 180, "texture": "#5"}
			}
		},
		{
			"from": [-4.5, 4.5, 10],
			"to": [-4, 5, 10],
			"rotation": {"angle": 22.5, "axis": "y", "origin": [1.5, 0, 0]},
			"faces": {
				"north": {"uv": [6, 2, 7, 3], "texture": "#5"},
				"east": {"uv": [0, 0, 0, 1], "texture": "#5"},
				"south": {"uv": [2, 6, 3, 7], "texture": "#5"},
				"west": {"uv": [0, 0, 0, 1], "texture": "#5"},
				"up": {"uv": [1, 0, 0, 0], "rotation": 180, "texture": "#5"},
				"down": {"uv": [1, 0, 0, 0], "rotation": 180, "texture": "#5"}
			}
		},
		{
			"from": [-6.7, 6, 10],
			"to": [-6.2, 6.5, 10],
			"rotation": {"angle": 22.5, "axis": "y", "origin": [1.5, 0, 0]},
			"faces": {
				"north": {"uv": [4, 5, 5, 6], "texture": "#5"},
				"east": {"uv": [0, 0, 0, 1], "texture": "#5"},
				"south": {"uv": [5, 3, 6, 4], "texture": "#5"},
				"west": {"uv": [0, 0, 0, 1], "texture": "#5"},
				"up": {"uv": [1, 0, 0, 0], "rotation": 180, "texture": "#5"},
				"down": {"uv": [1, 0, 0, 0], "rotation": 180, "texture": "#5"}
			}
		},
		{
			"from": [-6.2, 5.5, 10],
			"to": [-5.7, 6.2, 10],
			"rotation": {"angle": 22.5, "axis": "y", "origin": [1.5, 0, 0]},
			"faces": {
				"north": {"uv": [5, 5, 6, 6], "texture": "#5"},
				"east": {"uv": [0, 0, 0, 1], "texture": "#5"},
				"south": {"uv": [5, 4, 6, 5], "texture": "#5"},
				"west": {"uv": [0, 0, 0, 1], "texture": "#5"},
				"up": {"uv": [1, 0, 0, 0], "rotation": 180, "texture": "#5"},
				"down": {"uv": [1, 0, 0, 0], "rotation": 180, "texture": "#5"}
			}
		},
		{
			"from": [-4.7, 6, 10],
			"to": [-3.4, 7, 10],
			"rotation": {"angle": 22.5, "axis": "y", "origin": [1.5, 0, 0]},
			"faces": {
				"north": {"uv": [4, 1, 5, 2], "texture": "#5"},
				"east": {"uv": [0, 0, 0, 1], "texture": "#5"},
				"south": {"uv": [1, 4, 2, 5], "texture": "#5"},
				"west": {"uv": [0, 0, 0, 1], "texture": "#5"},
				"up": {"uv": [1, 0, 0, 0], "rotation": 180, "texture": "#5"},
				"down": {"uv": [1, 0, 0, 0], "rotation": 180, "texture": "#5"}
			}
		},
		{
			"from": [-5.2, 6.5, 10],
			"to": [-4.7, 7, 10],
			"rotation": {"angle": 22.5, "axis": "y", "origin": [1.5, 0, 0]},
			"faces": {
				"north": {"uv": [6, 1, 7, 2], "texture": "#5"},
				"east": {"uv": [0, 0, 0, 1], "texture": "#5"},
				"south": {"uv": [1, 6, 2, 7], "texture": "#5"},
				"west": {"uv": [0, 0, 0, 1], "texture": "#5"},
				"up": {"uv": [1, 0, 0, 0], "rotation": 180, "texture": "#5"},
				"down": {"uv": [1, 0, 0, 0], "rotation": 180, "texture": "#5"}
			}
		},
		{
			"from": [-5.2, 7, 10],
			"to": [-4.2, 8, 10],
			"rotation": {"angle": 22.5, "axis": "y", "origin": [1.5, 0, 0]},
			"faces": {
				"north": {"uv": [1, 5, 2, 6], "texture": "#5"},
				"east": {"uv": [0, 0, 0, 1], "texture": "#5"},
				"south": {"uv": [5, 0, 6, 1], "texture": "#5"},
				"west": {"uv": [0, 0, 0, 1], "texture": "#5"},
				"up": {"uv": [1, 0, 0, 0], "rotation": 180, "texture": "#5"},
				"down": {"uv": [1, 0, 0, 0], "rotation": 180, "texture": "#5"}
			}
		},
		{
			"from": [-5.7, 7.3, 10],
			"to": [-5.2, 8, 10],
			"rotation": {"angle": 22.5, "axis": "y", "origin": [1.5, 0, 0]},
			"faces": {
				"north": {"uv": [2, 5, 3, 6], "texture": "#5"},
				"east": {"uv": [0, 0, 0, 1], "texture": "#5"},
				"south": {"uv": [5, 1, 6, 2], "texture": "#5"},
				"west": {"uv": [0, 0, 0, 1], "texture": "#5"},
				"up": {"uv": [1, 0, 0, 0], "rotation": 180, "texture": "#5"},
				"down": {"uv": [1, 0, 0, 0], "rotation": 180, "texture": "#5"}
			}
		},
		{
			"from": [-6.2, 7.8, 10],
			"to": [-5.7, 8.3, 10],
			"rotation": {"angle": 22.5, "axis": "y", "origin": [1.5, 0, 0]},
			"faces": {
				"north": {"uv": [3, 5, 4, 6], "texture": "#5"},
				"east": {"uv": [0, 0, 0, 1], "texture": "#5"},
				"south": {"uv": [5, 2, 6, 3], "texture": "#5"},
				"west": {"uv": [0, 0, 0, 1], "texture": "#5"},
				"up": {"uv": [1, 0, 0, 0], "rotation": 180, "texture": "#5"},
				"down": {"uv": [1, 0, 0, 0], "rotation": 180, "texture": "#5"}
			}
		},
		{
			"from": [-5.2, 8, 10],
			"to": [-4.7, 9, 10],
			"rotation": {"angle": 22.5, "axis": "y", "origin": [1.5, 0, 0]},
			"faces": {
				"north": {"uv": [6, 0, 7, 1], "texture": "#5"},
				"east": {"uv": [0, 0, 0, 1], "texture": "#5"},
				"south": {"uv": [0, 6, 1, 7], "texture": "#5"},
				"west": {"uv": [0, 0, 0, 1], "texture": "#5"},
				"up": {"uv": [1, 0, 0, 0], "rotation": 180, "texture": "#5"},
				"down": {"uv": [1, 0, 0, 0], "rotation": 180, "texture": "#5"}
			}
		},
		{
			"from": [-4.7, 8, 10],
			"to": [-4.2, 8.5, 10],
			"rotation": {"angle": 22.5, "axis": "y", "origin": [1.5, 0, 0]},
			"faces": {
				"north": {"uv": [0, 7, 1, 8], "texture": "#5"},
				"east": {"uv": [0, 0, 0, 1], "texture": "#5"},
				"south": {"uv": [6, 6, 7, 7], "texture": "#5"},
				"west": {"uv": [0, 0, 0, 1], "texture": "#5"},
				"up": {"uv": [1, 0, 0, 0], "rotation": 180, "texture": "#5"},
				"down": {"uv": [1, 0, 0, 0], "rotation": 180, "texture": "#5"}
			}
		},
		{
			"from": [-4.9, 9, 10],
			"to": [-4.4, 9.5, 10],
			"rotation": {"angle": 22.5, "axis": "y", "origin": [1.5, 0, 0]},
			"faces": {
				"north": {"uv": [1, 7, 2, 8], "texture": "#5"},
				"east": {"uv": [0, 0, 0, 1], "texture": "#5"},
				"south": {"uv": [7, 0, 8, 1], "texture": "#5"},
				"west": {"uv": [0, 0, 0, 1], "texture": "#5"},
				"up": {"uv": [1, 0, 0, 0], "rotation": 180, "texture": "#5"},
				"down": {"uv": [1, 0, 0, 0], "rotation": 180, "texture": "#5"}
			}
		},
		{
			"from": [-3.4, 6.5, 10],
			"to": [-2.9, 7.2, 10],
			"rotation": {"angle": 22.5, "axis": "y", "origin": [1.5, 0, 0]},
			"faces": {
				"north": {"uv": [3, 7, 4, 8], "texture": "#5"},
				"east": {"uv": [0, 0, 0, 1], "texture": "#5"},
				"south": {"uv": [7, 2, 8, 3], "texture": "#5"},
				"west": {"uv": [0, 0, 0, 1], "texture": "#5"},
				"up": {"uv": [1, 0, 0, 0], "rotation": 180, "texture": "#5"},
				"down": {"uv": [1, 0, 0, 0], "rotation": 180, "texture": "#5"}
			}
		},
		{
			"from": [-2.9, 7, 10],
			"to": [-2.4, 7.9, 10],
			"rotation": {"angle": 22.5, "axis": "y", "origin": [1.5, 0, 0]},
			"faces": {
				"north": {"uv": [5, 7, 6, 8], "texture": "#5"},
				"east": {"uv": [0, 0, 0, 1], "texture": "#5"},
				"south": {"uv": [7, 4, 8, 5], "texture": "#5"},
				"west": {"uv": [0, 0, 0, 1], "texture": "#5"},
				"up": {"uv": [1, 0, 0, 0], "rotation": 180, "texture": "#5"},
				"down": {"uv": [1, 0, 0, 0], "rotation": 180, "texture": "#5"}
			}
		},
		{
			"from": [10.6, 4.88, 9.16],
			"to": [11, 5.28, 9.16],
			"rotation": {"angle": -22.5, "axis": "y", "origin": [8.2, 2, 21.56]},
			"faces": {
				"north": {"uv": [0, 0, 1, 1], "texture": "#1", "tintindex": 0},
				"east": {"uv": [0, 0, 0, 1], "texture": "#1", "tintindex": 0},
				"south": {"uv": [0, 1, 1, 2], "texture": "#1", "tintindex": 0},
				"west": {"uv": [0, 0, 0, 1], "texture": "#1", "tintindex": 0},
				"up": {"uv": [1, 0, 0, 0], "texture": "#1", "tintindex": 0},
				"down": {"uv": [1, 0, 0, 0], "texture": "#1", "tintindex": 0}
			}
		},
		{
			"from": [14.92, 7.18, 12.4],
			"to": [15.22, 7.48, 12.4],
			"rotation": {"angle": -22.5, "axis": "x", "origin": [9.52, 1.96, 18.7]},
			"faces": {
				"north": {"uv": [1, 0, 2, 1], "texture": "#1", "tintindex": 0},
				"east": {"uv": [0, 0, 0, 1], "texture": "#1", "tintindex": 0},
				"south": {"uv": [1, 1, 2, 2], "texture": "#1", "tintindex": 0},
				"west": {"uv": [0, 0, 0, 1], "texture": "#1", "tintindex": 0},
				"up": {"uv": [1, 0, 0, 0], "texture": "#1", "tintindex": 0},
				"down": {"uv": [1, 0, 0, 0], "texture": "#1", "tintindex": 0}
			}
		},
		{
			"from": [15.4, 4.88, 11.08],
			"to": [15.8, 5.28, 11.08],
			"rotation": {"angle": 0, "axis": "y", "origin": [8.2, 2, 21.56]},
			"faces": {
				"north": {"uv": [0, 2, 1, 3], "texture": "#1", "tintindex": 0},
				"east": {"uv": [0, 0, 0, 1], "texture": "#1", "tintindex": 0},
				"south": {"uv": [2, 0, 3, 1], "texture": "#1", "tintindex": 0},
				"west": {"uv": [0, 0, 0, 1], "texture": "#1", "tintindex": 0},
				"up": {"uv": [1, 0, 0, 0], "texture": "#1", "tintindex": 0},
				"down": {"uv": [1, 0, 0, 0], "texture": "#1", "tintindex": 0}
			}
		},
		{
			"from": [15.4, 0.32, 10.76],
			"to": [15.8, 0.72, 10.76],
			"rotation": {"angle": 22.5, "axis": "x", "origin": [8.2, 2, 21.56]},
			"faces": {
				"north": {"uv": [1, 2, 2, 3], "texture": "#1", "tintindex": 0},
				"east": {"uv": [0, 0, 0, 1], "texture": "#1", "tintindex": 0},
				"south": {"uv": [2, 1, 3, 2], "texture": "#1", "tintindex": 0},
				"west": {"uv": [0, 0, 0, 1], "texture": "#1", "tintindex": 0},
				"up": {"uv": [1, 0, 0, 0], "texture": "#1", "tintindex": 0},
				"down": {"uv": [1, 0, 0, 0], "texture": "#1", "tintindex": 0}
			}
		},
		{
			"from": [19.08, 4.88, 14.84],
			"to": [19.48, 5.28, 14.84],
			"rotation": {"angle": 22.5, "axis": "y", "origin": [8.2, 2, 21.56]},
			"faces": {
				"north": {"uv": [2, 2, 3, 3], "texture": "#1", "tintindex": 0},
				"east": {"uv": [0, 0, 0, 1], "texture": "#1", "tintindex": 0},
				"south": {"uv": [0, 3, 1, 4], "texture": "#1", "tintindex": 0},
				"west": {"uv": [0, 0, 0, 1], "texture": "#1", "tintindex": 0},
				"up": {"uv": [1, 0, 0, 0], "texture": "#1", "tintindex": 0},
				"down": {"uv": [1, 0, 0, 0], "texture": "#1", "tintindex": 0}
			}
		},
		{
			"from": [15.4, 8.96, 13.16],
			"to": [15.8, 9.36, 13.16],
			"rotation": {"angle": -22.5, "axis": "x", "origin": [8.2, 2, 21.56]},
			"faces": {
				"north": {"uv": [3, 0, 4, 1], "texture": "#1", "tintindex": 0},
				"east": {"uv": [0, 0, 0, 1], "texture": "#1", "tintindex": 0},
				"south": {"uv": [1, 3, 2, 4], "texture": "#1", "tintindex": 0},
				"west": {"uv": [0, 0, 0, 1], "texture": "#1", "tintindex": 0},
				"up": {"uv": [1, 0, 0, 0], "texture": "#1", "tintindex": 0},
				"down": {"uv": [1, 0, 0, 0], "texture": "#1", "tintindex": 0}
			}
		},
		{
			"from": [13.025, 5.45, 10.175],
			"to": [13.4, 5.825, 10.175],
			"rotation": {"angle": 0, "axis": "y", "origin": [6.275, 2.75, 20]},
			"faces": {
				"north": {"uv": [3, 1, 4, 2], "texture": "#1", "tintindex": 0},
				"east": {"uv": [0, 0, 0, 1], "texture": "#1", "tintindex": 0},
				"south": {"uv": [2, 3, 3, 4], "texture": "#1", "tintindex": 0},
				"west": {"uv": [0, 0, 0, 1], "texture": "#1", "tintindex": 0},
				"up": {"uv": [1, 0, 0, 0], "texture": "#1", "tintindex": 0},
				"down": {"uv": [1, 0, 0, 0], "texture": "#1", "tintindex": 0}
			}
		},
		{
			"from": [8.525, 5.45, 8.375],
			"to": [8.9, 5.825, 8.375],
			"rotation": {"angle": -22.5, "axis": "y", "origin": [6.275, 2.75, 20]},
			"faces": {
				"north": {"uv": [3, 2, 4, 3], "texture": "#1", "tintindex": 0},
				"east": {"uv": [0, 0, 0, 1], "texture": "#1", "tintindex": 0},
				"south": {"uv": [3, 3, 4, 4], "texture": "#1", "tintindex": 0},
				"west": {"uv": [0, 0, 0, 1], "texture": "#1", "tintindex": 0},
				"up": {"uv": [1, 0, 0, 0], "texture": "#1", "tintindex": 0},
				"down": {"uv": [1, 0, 0, 0], "texture": "#1", "tintindex": 0}
			}
		},
		{
			"from": [13.025, 1.175, 9.875],
			"to": [13.4, 1.55, 9.875],
			"rotation": {"angle": 22.5, "axis": "x", "origin": [6.275, 2.75, 20]},
			"faces": {
				"north": {"uv": [0, 4, 1, 5], "texture": "#1", "tintindex": 0},
				"east": {"uv": [0, 0, 0, 1], "texture": "#1", "tintindex": 0},
				"south": {"uv": [4, 0, 5, 1], "texture": "#1", "tintindex": 0},
				"west": {"uv": [0, 0, 0, 1], "texture": "#1", "tintindex": 0},
				"up": {"uv": [1, 0, 0, 0], "texture": "#1", "tintindex": 0},
				"down": {"uv": [1, 0, 0, 0], "texture": "#1", "tintindex": 0}
			}
		},
		{
			"from": [16.475, 5.45, 13.7],
			"to": [16.85, 5.825, 13.7],
			"rotation": {"angle": 22.5, "axis": "y", "origin": [6.275, 2.75, 20]},
			"faces": {
				"north": {"uv": [1, 4, 2, 5], "texture": "#1", "tintindex": 0},
				"east": {"uv": [0, 0, 0, 1], "texture": "#1", "tintindex": 0},
				"south": {"uv": [4, 1, 5, 2], "texture": "#1", "tintindex": 0},
				"west": {"uv": [0, 0, 0, 1], "texture": "#1", "tintindex": 0},
				"up": {"uv": [1, 0, 0, 0], "texture": "#1", "tintindex": 0},
				"down": {"uv": [1, 0, 0, 0], "texture": "#1", "tintindex": 0}
			}
		},
		{
			"from": [13.025, 9.275, 12.125],
			"to": [13.4, 9.65, 12.125],
			"rotation": {"angle": -22.5, "axis": "x", "origin": [6.275, 2.75, 20]},
			"faces": {
				"north": {"uv": [2, 4, 3, 5], "texture": "#1", "tintindex": 0},
				"east": {"uv": [0, 0, 0, 1], "texture": "#1", "tintindex": 0},
				"south": {"uv": [4, 2, 5, 3], "texture": "#1", "tintindex": 0},
				"west": {"uv": [0, 0, 0, 1], "texture": "#1", "tintindex": 0},
				"up": {"uv": [1, 0, 0, 0], "texture": "#1", "tintindex": 0},
				"down": {"uv": [1, 0, 0, 0], "texture": "#1", "tintindex": 0}
			}
		},
		{
			"from": [13.3, -2, 9.8],
			"to": [13.8, -1.5, 9.8],
			"rotation": {"angle": 22.5, "axis": "x", "origin": [4.3, 0.1, 23.3]},
			"faces": {
				"north": {"uv": [3, 4, 4, 5], "texture": "#1", "tintindex": 0},
				"east": {"uv": [0, 0, 0, 1], "texture": "#1", "tintindex": 0},
				"south": {"uv": [4, 3, 5, 4], "texture": "#1", "tintindex": 0},
				"west": {"uv": [0, 0, 0, 1], "texture": "#1", "tintindex": 0},
				"up": {"uv": [1, 0, 0, 0], "texture": "#1", "tintindex": 0},
				"down": {"uv": [1, 0, 0, 0], "texture": "#1", "tintindex": 0}
			}
		},
		{
			"from": [7.3, 3.7, 7.8],
			"to": [7.8, 4.2, 7.8],
			"rotation": {"angle": -22.5, "axis": "y", "origin": [4.3, 0.1, 23.3]},
			"faces": {
				"north": {"uv": [4, 4, 5, 5], "texture": "#1", "tintindex": 0},
				"east": {"uv": [0, 0, 0, 1], "texture": "#1", "tintindex": 0},
				"south": {"uv": [0, 5, 1, 6], "texture": "#1", "tintindex": 0},
				"west": {"uv": [0, 0, 0, 1], "texture": "#1", "tintindex": 0},
				"up": {"uv": [1, 0, 0, 0], "texture": "#1", "tintindex": 0},
				"down": {"uv": [1, 0, 0, 0], "texture": "#1", "tintindex": 0}
			}
		},
		{
			"from": [-1.4, 5.7, 11.75],
			"to": [-0.9, 6.2, 11.75],
			"rotation": {"angle": 0, "axis": "y", "origin": [8.1, 2.1, 9.9]},
			"faces": {
				"north": {"uv": [5, 0, 6, 1], "texture": "#1", "tintindex": 0},
				"east": {"uv": [0, 0, 0, 1], "texture": "#1", "tintindex": 0},
				"south": {"uv": [1, 5, 2, 6], "texture": "#1", "tintindex": 0},
				"west": {"uv": [0, 0, 0, 1], "texture": "#1", "tintindex": 0},
				"up": {"uv": [1, 0, 0, 0], "texture": "#1", "tintindex": 0},
				"down": {"uv": [1, 0, 0, 0], "texture": "#1", "tintindex": 0}
			}
		},
		{
			"from": [13.3, 8.8, 12.8],
			"to": [13.8, 9.3, 12.8],
			"rotation": {"angle": -22.5, "axis": "x", "origin": [4.3, 0.1, 23.3]},
			"faces": {
				"north": {"uv": [5, 1, 6, 2], "texture": "#1", "tintindex": 0},
				"east": {"uv": [0, 0, 0, 1], "texture": "#1", "tintindex": 0},
				"south": {"uv": [2, 5, 3, 6], "texture": "#1", "tintindex": 0},
				"west": {"uv": [0, 0, 0, 1], "texture": "#1", "tintindex": 0},
				"up": {"uv": [1, 0, 0, 0], "texture": "#1", "tintindex": 0},
				"down": {"uv": [1, 0, 0, 0], "texture": "#1", "tintindex": 0}
			}
		},
		{
			"from": [17.9, 3.7, 14.9],
			"to": [18.4, 4.2, 14.9],
			"rotation": {"angle": 22.5, "axis": "y", "origin": [4.3, 0.1, 23.3]},
			"faces": {
				"north": {"uv": [5, 2, 6, 3], "texture": "#1", "tintindex": 0},
				"east": {"uv": [0, 0, 0, 1], "texture": "#1", "tintindex": 0},
				"south": {"uv": [3, 5, 4, 6], "texture": "#1", "tintindex": 0},
				"west": {"uv": [0, 0, 0, 1], "texture": "#1", "tintindex": 0},
				"up": {"uv": [1, 0, 0, 0], "texture": "#1", "tintindex": 0},
				"down": {"uv": [1, 0, 0, 0], "texture": "#1", "tintindex": 0}
			}
		},
		{
			"from": [16.6, 1.2, 11.1],
			"to": [17.1, 1.7, 11.1],
			"rotation": {"angle": 22.5, "axis": "x", "origin": [7.6, 3.3, 24.6]},
			"faces": {
				"north": {"uv": [5, 3, 6, 4], "texture": "#1", "tintindex": 0},
				"east": {"uv": [0, 0, 0, 1], "texture": "#1", "tintindex": 0},
				"south": {"uv": [4, 5, 5, 6], "texture": "#1", "tintindex": 0},
				"west": {"uv": [0, 0, 0, 1], "texture": "#1", "tintindex": 0},
				"up": {"uv": [1, 0, 0, 0], "texture": "#1", "tintindex": 0},
				"down": {"uv": [1, 0, 0, 0], "texture": "#1", "tintindex": 0}
			}
		},
		{
			"from": [10.6, 6.9, 9.1],
			"to": [11.1, 7.4, 9.1],
			"rotation": {"angle": -22.5, "axis": "y", "origin": [7.6, 3.3, 24.6]},
			"faces": {
				"north": {"uv": [5, 4, 6, 5], "texture": "#1", "tintindex": 0},
				"east": {"uv": [0, 0, 0, 1], "texture": "#1", "tintindex": 0},
				"south": {"uv": [5, 5, 6, 6], "texture": "#1", "tintindex": 0},
				"west": {"uv": [0, 0, 0, 1], "texture": "#1", "tintindex": 0},
				"up": {"uv": [1, 0, 0, 0], "texture": "#1", "tintindex": 0},
				"down": {"uv": [1, 0, 0, 0], "texture": "#1", "tintindex": 0}
			}
		},
		{
			"from": [-0.34, 7.52, 11.38],
			"to": [0.06, 7.92, 11.38],
			"rotation": {"angle": 0, "axis": "y", "origin": [7.26, 4.64, 9.9]},
			"faces": {
				"north": {"uv": [0, 6, 1, 7], "texture": "#1", "tintindex": 0},
				"east": {"uv": [0, 0, 0, 1], "texture": "#1", "tintindex": 0},
				"south": {"uv": [6, 0, 7, 1], "texture": "#1", "tintindex": 0},
				"west": {"uv": [0, 0, 0, 1], "texture": "#1", "tintindex": 0},
				"up": {"uv": [1, 0, 0, 0], "texture": "#1", "tintindex": 0},
				"down": {"uv": [1, 0, 0, 0], "texture": "#1", "tintindex": 0}
			}
		},
		{
			"from": [13.3, 3.7, 10.25],
			"to": [13.8, 4.2, 10.25],
			"rotation": {"angle": 0, "axis": "y", "origin": [4.3, 0.1, 23.3]},
			"faces": {
				"north": {"uv": [1, 6, 2, 7], "texture": "#1", "tintindex": 0},
				"east": {"uv": [0, 0, 0, 1], "texture": "#1", "tintindex": 0},
				"south": {"uv": [6, 1, 7, 2], "texture": "#1", "tintindex": 0},
				"west": {"uv": [0, 0, 0, 1], "texture": "#1", "tintindex": 0},
				"up": {"uv": [1, 0, 0, 0], "texture": "#1", "tintindex": 0},
				"down": {"uv": [1, 0, 0, 0], "texture": "#1", "tintindex": 0}
			}
		},
		{
			"from": [16.6, 6.9, 11.55],
			"to": [17.1, 7.4, 11.55],
			"rotation": {"angle": 0, "axis": "y", "origin": [7.6, 3.3, 24.6]},
			"faces": {
				"north": {"uv": [2, 6, 3, 7], "texture": "#1", "tintindex": 0},
				"east": {"uv": [0, 0, 0, 1], "texture": "#1", "tintindex": 0},
				"south": {"uv": [6, 2, 7, 3], "texture": "#1", "tintindex": 0},
				"west": {"uv": [0, 0, 0, 1], "texture": "#1", "tintindex": 0},
				"up": {"uv": [1, 0, 0, 0], "texture": "#1", "tintindex": 0},
				"down": {"uv": [1, 0, 0, 0], "texture": "#1", "tintindex": 0}
			}
		},
		{
			"from": [16.6, 12, 14.1],
			"to": [17.1, 12.5, 14.1],
			"rotation": {"angle": -22.5, "axis": "x", "origin": [7.6, 3.3, 24.6]},
			"faces": {
				"north": {"uv": [3, 6, 4, 7], "texture": "#1", "tintindex": 0},
				"east": {"uv": [0, 0, 0, 1], "texture": "#1", "tintindex": 0},
				"south": {"uv": [6, 3, 7, 4], "texture": "#1", "tintindex": 0},
				"west": {"uv": [0, 0, 0, 1], "texture": "#1", "tintindex": 0},
				"up": {"uv": [1, 0, 0, 0], "texture": "#1", "tintindex": 0},
				"down": {"uv": [1, 0, 0, 0], "texture": "#1", "tintindex": 0}
			}
		},
		{
			"from": [21.2, 6.9, 16.2],
			"to": [21.7, 7.4, 16.2],
			"rotation": {"angle": 22.5, "axis": "y", "origin": [7.6, 3.3, 24.6]},
			"faces": {
				"north": {"uv": [4, 6, 5, 7], "texture": "#1", "tintindex": 0},
				"east": {"uv": [0, 0, 0, 1], "texture": "#1", "tintindex": 0},
				"south": {"uv": [6, 4, 7, 5], "texture": "#1", "tintindex": 0},
				"west": {"uv": [0, 0, 0, 1], "texture": "#1", "tintindex": 0},
				"up": {"uv": [1, 0, 0, 0], "texture": "#1", "tintindex": 0},
				"down": {"uv": [1, 0, 0, 0], "texture": "#1", "tintindex": 0}
			}
		},
		{
			"from": [14.92, 4.12, 10.84],
			"to": [15.22, 4.42, 10.84],
			"rotation": {"angle": 0, "axis": "y", "origin": [9.52, 1.96, 18.7]},
			"faces": {
				"north": {"uv": [5, 6, 6, 7], "texture": "#1", "tintindex": 0},
				"east": {"uv": [0, 0, 0, 1], "texture": "#1", "tintindex": 0},
				"south": {"uv": [6, 5, 7, 6], "texture": "#1", "tintindex": 0},
				"west": {"uv": [0, 0, 0, 1], "texture": "#1", "tintindex": 0},
				"up": {"uv": [1, 0, 0, 0], "texture": "#1", "tintindex": 0},
				"down": {"uv": [1, 0, 0, 0], "texture": "#1", "tintindex": 0}
			}
		},
		{
			"from": [1.65, 4.85, 10.575],
			"to": [2.025, 5.225, 10.575],
			"rotation": {"angle": 0, "axis": "y", "origin": [8.775, 2.15, 9.225]},
			"faces": {
				"north": {"uv": [6, 6, 7, 7], "texture": "#1", "tintindex": 0},
				"east": {"uv": [0, 0, 0, 1], "texture": "#1", "tintindex": 0},
				"south": {"uv": [0, 7, 1, 8], "texture": "#1", "tintindex": 0},
				"west": {"uv": [0, 0, 0, 1], "texture": "#1", "tintindex": 0},
				"up": {"uv": [1, 0, 0, 0], "texture": "#1", "tintindex": 0},
				"down": {"uv": [1, 0, 0, 0], "texture": "#1", "tintindex": 0}
			}
		},
		{
			"from": [1, 3.9, 10.8],
			"to": [1.5, 4.4, 10.8],
			"rotation": {"angle": 0, "axis": "y", "origin": [10.5, 0.3, 9]},
			"faces": {
				"north": {"uv": [7, 0, 8, 1], "texture": "#1", "tintindex": 0},
				"east": {"uv": [0, 0, 0, 1], "texture": "#1", "tintindex": 0},
				"south": {"uv": [1, 7, 2, 8], "texture": "#1", "tintindex": 0},
				"west": {"uv": [0, 0, 0, 1], "texture": "#1", "tintindex": 0},
				"up": {"uv": [1, 0, 0, 0], "texture": "#1", "tintindex": 0},
				"down": {"uv": [1, 0, 0, 0], "texture": "#1", "tintindex": 0}
			}
		},
		{
			"from": [0.7, 6.85, 11.05],
			"to": [0.95, 7.1, 11.05],
			"rotation": {"angle": 0, "axis": "y", "origin": [5.45, 5.05, 10.15]},
			"faces": {
				"north": {"uv": [7, 1, 8, 2], "texture": "#1", "tintindex": 0},
				"east": {"uv": [0, 0, 0, 1], "texture": "#1", "tintindex": 0},
				"south": {"uv": [2, 7, 3, 8], "texture": "#1", "tintindex": 0},
				"west": {"uv": [0, 0, 0, 1], "texture": "#1", "tintindex": 0},
				"up": {"uv": [1, 0, 0, 0], "texture": "#1", "tintindex": 0},
				"down": {"uv": [1, 0, 0, 0], "texture": "#1", "tintindex": 0}
			}
		},
		{
			"from": [2.4, 4.85, 13.2],
			"to": [2.775, 5.225, 13.2],
			"rotation": {"angle": -22.5, "axis": "y", "origin": [8.775, 2.15, 9.225]},
			"faces": {
				"north": {"uv": [7, 2, 8, 3], "texture": "#1", "tintindex": 0},
				"east": {"uv": [0, 0, 0, 1], "texture": "#1", "tintindex": 0},
				"south": {"uv": [3, 7, 4, 8], "texture": "#1", "tintindex": 0},
				"west": {"uv": [0, 0, 0, 1], "texture": "#1", "tintindex": 0},
				"up": {"uv": [1, 0, 0, 0], "texture": "#1", "tintindex": 0},
				"down": {"uv": [1, 0, 0, 0], "texture": "#1", "tintindex": 0}
			}
		},
		{
			"from": [2, 3.9, 14.7],
			"to": [2.5, 4.4, 14.7],
			"rotation": {"angle": -22.5, "axis": "y", "origin": [11.4, -0.5, 9]},
			"faces": {
				"north": {"uv": [7, 3, 8, 4], "texture": "#1", "tintindex": 0},
				"east": {"uv": [0, 0, 0, 1], "texture": "#1", "tintindex": 0},
				"south": {"uv": [4, 7, 5, 8], "texture": "#1", "tintindex": 0},
				"west": {"uv": [0, 0, 0, 1], "texture": "#1", "tintindex": 0},
				"up": {"uv": [1, 0, 0, 0], "texture": "#1", "tintindex": 0},
				"down": {"uv": [1, 0, 0, 0], "texture": "#1", "tintindex": 0}
			}
		},
		{
			"from": [1.2, 6.85, 12.8],
			"to": [1.45, 7.1, 12.8],
			"rotation": {"angle": -22.5, "axis": "y", "origin": [5.45, 5.05, 10.15]},
			"faces": {
				"north": {"uv": [7, 4, 8, 5], "texture": "#1", "tintindex": 0},
				"east": {"uv": [0, 0, 0, 1], "texture": "#1", "tintindex": 0},
				"south": {"uv": [5, 7, 6, 8], "texture": "#1", "tintindex": 0},
				"west": {"uv": [0, 0, 0, 1], "texture": "#1", "tintindex": 0},
				"up": {"uv": [1, 0, 0, 0], "texture": "#1", "tintindex": 0},
				"down": {"uv": [1, 0, 0, 0], "texture": "#1", "tintindex": 0}
			}
		},
		{
			"from": [-0.4, 5.7, 15.25],
			"to": [0.1, 6.2, 15.25],
			"rotation": {"angle": -22.5, "axis": "y", "origin": [8.1, 2.1, 9.9]},
			"faces": {
				"north": {"uv": [7, 5, 8, 6], "texture": "#1", "tintindex": 0},
				"east": {"uv": [0, 0, 0, 1], "texture": "#1", "tintindex": 0},
				"south": {"uv": [6, 7, 7, 8], "texture": "#1", "tintindex": 0},
				"west": {"uv": [0, 0, 0, 1], "texture": "#1", "tintindex": 0},
				"up": {"uv": [1, 0, 0, 0], "texture": "#1", "tintindex": 0},
				"down": {"uv": [1, 0, 0, 0], "texture": "#1", "tintindex": 0}
			}
		},
		{
			"from": [0.46, 7.52, 14.18],
			"to": [0.86, 7.92, 14.18],
			"rotation": {"angle": -22.5, "axis": "y", "origin": [7.26, 4.64, 9.9]},
			"faces": {
				"north": {"uv": [7, 6, 8, 7], "texture": "#1", "tintindex": 0},
				"east": {"uv": [0, 0, 0, 1], "texture": "#1", "tintindex": 0},
				"south": {"uv": [7, 7, 8, 8], "texture": "#1", "tintindex": 0},
				"west": {"uv": [0, 0, 0, 1], "texture": "#1", "tintindex": 0},
				"up": {"uv": [1, 0, 0, 0], "texture": "#1", "tintindex": 0},
				"down": {"uv": [1, 0, 0, 0], "texture": "#1", "tintindex": 0}
			}
		},
		{
			"from": [1.4, 3.9, 7.2],
			"to": [1.9, 4.4, 7.2],
			"rotation": {"angle": 22.5, "axis": "y", "origin": [10.5, 0.3, 9]},
			"faces": {
				"north": {"uv": [0, 8, 1, 9], "texture": "#1", "tintindex": 0},
				"east": {"uv": [0, 0, 0, 1], "texture": "#1", "tintindex": 0},
				"south": {"uv": [8, 0, 9, 1], "texture": "#1", "tintindex": 0},
				"west": {"uv": [0, 0, 0, 1], "texture": "#1", "tintindex": 0},
				"up": {"uv": [1, 0, 0, 0], "texture": "#1", "tintindex": 0},
				"down": {"uv": [1, 0, 0, 0], "texture": "#1", "tintindex": 0}
			}
		},
		{
			"from": [1.95, 4.85, 7.875],
			"to": [2.325, 5.225, 7.875],
			"rotation": {"angle": 22.5, "axis": "y", "origin": [8.775, 2.15, 9.225]},
			"faces": {
				"north": {"uv": [1, 8, 2, 9], "texture": "#1", "tintindex": 0},
				"east": {"uv": [0, 0, 0, 1], "texture": "#1", "tintindex": 0},
				"south": {"uv": [8, 1, 9, 2], "texture": "#1", "tintindex": 0},
				"west": {"uv": [0, 0, 0, 1], "texture": "#1", "tintindex": 0},
				"up": {"uv": [1, 0, 0, 0], "texture": "#1", "tintindex": 0},
				"down": {"uv": [1, 0, 0, 0], "texture": "#1", "tintindex": 0}
			}
		},
		{
			"from": [0.9, 6.85, 9.25],
			"to": [1.15, 7.1, 9.25],
			"rotation": {"angle": 22.5, "axis": "y", "origin": [5.45, 5.05, 10.15]},
			"faces": {
				"north": {"uv": [2, 8, 3, 9], "texture": "#1", "tintindex": 0},
				"east": {"uv": [0, 0, 0, 1], "texture": "#1", "tintindex": 0},
				"south": {"uv": [8, 2, 9, 3], "texture": "#1", "tintindex": 0},
				"west": {"uv": [0, 0, 0, 1], "texture": "#1", "tintindex": 0},
				"up": {"uv": [1, 0, 0, 0], "texture": "#1", "tintindex": 0},
				"down": {"uv": [1, 0, 0, 0], "texture": "#1", "tintindex": 0}
			}
		},
		{
			"from": [-1, 5.7, 8.15],
			"to": [-0.5, 6.2, 8.15],
			"rotation": {"angle": 22.5, "axis": "y", "origin": [8.1, 2.1, 9.9]},
			"faces": {
				"north": {"uv": [3, 8, 4, 9], "texture": "#1", "tintindex": 0},
				"east": {"uv": [0, 0, 0, 1], "texture": "#1", "tintindex": 0},
				"south": {"uv": [8, 3, 9, 4], "texture": "#1", "tintindex": 0},
				"west": {"uv": [0, 0, 0, 1], "texture": "#1", "tintindex": 0},
				"up": {"uv": [1, 0, 0, 0], "texture": "#1", "tintindex": 0},
				"down": {"uv": [1, 0, 0, 0], "texture": "#1", "tintindex": 0}
			}
		},
		{
			"from": [-0.02, 7.52, 8.5],
			"to": [0.38, 7.92, 8.5],
			"rotation": {"angle": 22.5, "axis": "y", "origin": [7.26, 4.64, 9.9]},
			"faces": {
				"north": {"uv": [4, 8, 5, 9], "texture": "#1", "tintindex": 0},
				"east": {"uv": [0, 0, 0, 1], "texture": "#1", "tintindex": 0},
				"south": {"uv": [8, 4, 9, 5], "texture": "#1", "tintindex": 0},
				"west": {"uv": [0, 0, 0, 1], "texture": "#1", "tintindex": 0},
				"up": {"uv": [1, 0, 0, 0], "texture": "#1", "tintindex": 0},
				"down": {"uv": [1, 0, 0, 0], "texture": "#1", "tintindex": 0}
			}
		},
		{
			"from": [-0.34, 7.52, 10.18],
			"to": [0.06, 7.92, 10.18],
			"rotation": {"angle": 22.5, "axis": "x", "origin": [7.26, 4.64, 9.9]},
			"faces": {
				"north": {"uv": [5, 8, 6, 9], "texture": "#1", "tintindex": 0},
				"east": {"uv": [0, 0, 0, 1], "texture": "#1", "tintindex": 0},
				"south": {"uv": [8, 5, 9, 6], "texture": "#1", "tintindex": 0},
				"west": {"uv": [0, 0, 0, 1], "texture": "#1", "tintindex": 0},
				"up": {"uv": [1, 0, 0, 0], "texture": "#1", "tintindex": 0},
				"down": {"uv": [1, 0, 0, 0], "texture": "#1", "tintindex": 0}
			}
		},
		{
			"from": [-1.4, 5.7, 10.25],
			"to": [-0.9, 6.2, 10.25],
			"rotation": {"angle": 22.5, "axis": "x", "origin": [8.1, 2.1, 9.9]},
			"faces": {
				"north": {"uv": [6, 8, 7, 9], "texture": "#1", "tintindex": 0},
				"east": {"uv": [0, 0, 0, 1], "texture": "#1", "tintindex": 0},
				"south": {"uv": [8, 6, 9, 7], "texture": "#1", "tintindex": 0},
				"west": {"uv": [0, 0, 0, 1], "texture": "#1", "tintindex": 0},
				"up": {"uv": [1, 0, 0, 0], "texture": "#1", "tintindex": 0},
				"down": {"uv": [1, 0, 0, 0], "texture": "#1", "tintindex": 0}
			}
		},
		{
			"from": [1.65, 4.85, 9.45],
			"to": [2.025, 5.225, 9.45],
			"rotation": {"angle": 22.5, "axis": "x", "origin": [8.775, 2.15, 9.225]},
			"faces": {
				"north": {"uv": [7, 8, 8, 9], "texture": "#1", "tintindex": 0},
				"east": {"uv": [0, 0, 0, 1], "texture": "#1", "tintindex": 0},
				"south": {"uv": [8, 7, 9, 8], "texture": "#1", "tintindex": 0},
				"west": {"uv": [0, 0, 0, 1], "texture": "#1", "tintindex": 0},
				"up": {"uv": [1, 0, 0, 0], "texture": "#1", "tintindex": 0},
				"down": {"uv": [1, 0, 0, 0], "texture": "#1", "tintindex": 0}
			}
		},
		{
			"from": [1, 3.9, 9],
			"to": [1.5, 4.4, 9],
			"rotation": {"angle": 22.5, "axis": "x", "origin": [15.1, -0.4, 9]},
			"faces": {
				"north": {"uv": [8, 8, 9, 9], "texture": "#1", "tintindex": 0},
				"east": {"uv": [0, 0, 0, 1], "texture": "#1", "tintindex": 0},
				"south": {"uv": [0, 9, 1, 10], "texture": "#1", "tintindex": 0},
				"west": {"uv": [0, 0, 0, 1], "texture": "#1", "tintindex": 0},
				"up": {"uv": [1, 0, 0, 0], "texture": "#1", "tintindex": 0},
				"down": {"uv": [1, 0, 0, 0], "texture": "#1", "tintindex": 0}
			}
		},
		{
			"from": [0.7, 6.85, 10.3],
			"to": [0.95, 7.1, 10.3],
			"rotation": {"angle": 22.5, "axis": "x", "origin": [5.45, 5.05, 10.15]},
			"faces": {
				"north": {"uv": [9, 0, 10, 1], "texture": "#1", "tintindex": 0},
				"east": {"uv": [0, 0, 0, 1], "texture": "#1", "tintindex": 0},
				"south": {"uv": [1, 9, 2, 10], "texture": "#1", "tintindex": 0},
				"west": {"uv": [0, 0, 0, 1], "texture": "#1", "tintindex": 0},
				"up": {"uv": [1, 0, 0, 0], "texture": "#1", "tintindex": 0},
				"down": {"uv": [1, 0, 0, 0], "texture": "#1", "tintindex": 0}
			}
		},
		{
			"from": [-1.4, 5.1, 13.15],
			"to": [-0.9, 5.6, 13.15],
			"rotation": {"angle": -22.5, "axis": "x", "origin": [8.1, 2.1, 9.9]},
			"faces": {
				"north": {"uv": [9, 1, 10, 2], "texture": "#1", "tintindex": 0},
				"east": {"uv": [0, 0, 0, 1], "texture": "#1", "tintindex": 0},
				"south": {"uv": [2, 9, 3, 10], "texture": "#1", "tintindex": 0},
				"west": {"uv": [0, 0, 0, 1], "texture": "#1", "tintindex": 0},
				"up": {"uv": [1, 0, 0, 0], "texture": "#1", "tintindex": 0},
				"down": {"uv": [1, 0, 0, 0], "texture": "#1", "tintindex": 0}
			}
		},
		{
			"from": [-0.34, 7.04, 12.5],
			"to": [0.06, 7.44, 12.5],
			"rotation": {"angle": -22.5, "axis": "x", "origin": [7.26, 4.64, 9.9]},
			"faces": {
				"north": {"uv": [9, 2, 10, 3], "texture": "#1", "tintindex": 0},
				"east": {"uv": [0, 0, 0, 1], "texture": "#1", "tintindex": 0},
				"south": {"uv": [3, 9, 4, 10], "texture": "#1", "tintindex": 0},
				"west": {"uv": [0, 0, 0, 1], "texture": "#1", "tintindex": 0},
				"up": {"uv": [1, 0, 0, 0], "texture": "#1", "tintindex": 0},
				"down": {"uv": [1, 0, 0, 0], "texture": "#1", "tintindex": 0}
			}
		},
		{
			"from": [1, 3.3, 12.2],
			"to": [1.5, 3.8, 12.2],
			"rotation": {"angle": -22.5, "axis": "x", "origin": [14, 0.4, 9]},
			"faces": {
				"north": {"uv": [9, 3, 10, 4], "texture": "#1", "tintindex": 0},
				"east": {"uv": [0, 0, 0, 1], "texture": "#1", "tintindex": 0},
				"south": {"uv": [4, 9, 5, 10], "texture": "#1", "tintindex": 0},
				"west": {"uv": [0, 0, 0, 1], "texture": "#1", "tintindex": 0},
				"up": {"uv": [1, 0, 0, 0], "texture": "#1", "tintindex": 0},
				"down": {"uv": [1, 0, 0, 0], "texture": "#1", "tintindex": 0}
			}
		},
		{
			"from": [1.65, 4.4, 11.625],
			"to": [2.025, 4.775, 11.625],
			"rotation": {"angle": -22.5, "axis": "x", "origin": [8.775, 2.15, 9.225]},
			"faces": {
				"north": {"uv": [9, 4, 10, 5], "texture": "#1", "tintindex": 0},
				"east": {"uv": [0, 0, 0, 1], "texture": "#1", "tintindex": 0},
				"south": {"uv": [5, 9, 6, 10], "texture": "#1", "tintindex": 0},
				"west": {"uv": [0, 0, 0, 1], "texture": "#1", "tintindex": 0},
				"up": {"uv": [1, 0, 0, 0], "texture": "#1", "tintindex": 0},
				"down": {"uv": [1, 0, 0, 0], "texture": "#1", "tintindex": 0}
			}
		},
		{
			"from": [0.7, 6.55, 11.75],
			"to": [0.95, 6.8, 11.75],
			"rotation": {"angle": -22.5, "axis": "x", "origin": [5.45, 5.05, 10.15]},
			"faces": {
				"north": {"uv": [9, 5, 10, 6], "texture": "#1", "tintindex": 0},
				"east": {"uv": [0, 0, 0, 1], "texture": "#1", "tintindex": 0},
				"south": {"uv": [6, 9, 7, 10], "texture": "#1", "tintindex": 0},
				"west": {"uv": [0, 0, 0, 1], "texture": "#1", "tintindex": 0},
				"up": {"uv": [1, 0, 0, 0], "texture": "#1", "tintindex": 0},
				"down": {"uv": [1, 0, 0, 0], "texture": "#1", "tintindex": 0}
			}
		},
		{
			"from": [11.32, 4.12, 9.4],
			"to": [11.62, 4.42, 9.4],
			"rotation": {"angle": -22.5, "axis": "y", "origin": [9.52, 1.96, 18.7]},
			"faces": {
				"north": {"uv": [9, 6, 10, 7], "texture": "#1", "tintindex": 0},
				"east": {"uv": [0, 0, 0, 1], "texture": "#1", "tintindex": 0},
				"south": {"uv": [7, 9, 8, 10], "texture": "#1", "tintindex": 0},
				"west": {"uv": [0, 0, 0, 1], "texture": "#1", "tintindex": 0},
				"up": {"uv": [1, 0, 0, 0], "texture": "#1", "tintindex": 0},
				"down": {"uv": [1, 0, 0, 0], "texture": "#1", "tintindex": 0}
			}
		},
		{
			"from": [14.92, 0.7, 10.6],
			"to": [15.22, 1, 10.6],
			"rotation": {"angle": 22.5, "axis": "x", "origin": [9.52, 1.96, 18.7]},
			"faces": {
				"north": {"uv": [9, 7, 10, 8], "texture": "#1", "tintindex": 0},
				"east": {"uv": [0, 0, 0, 1], "texture": "#1", "tintindex": 0},
				"south": {"uv": [8, 9, 9, 10], "texture": "#1", "tintindex": 0},
				"west": {"uv": [0, 0, 0, 1], "texture": "#1", "tintindex": 0},
				"up": {"uv": [1, 0, 0, 0], "texture": "#1", "tintindex": 0},
				"down": {"uv": [1, 0, 0, 0], "texture": "#1", "tintindex": 0}
			}
		},
		{
			"from": [17.68, 4.12, 13.66],
			"to": [17.98, 4.42, 13.66],
			"rotation": {"angle": 22.5, "axis": "y", "origin": [9.52, 1.96, 18.7]},
			"faces": {
				"north": {"uv": [9, 8, 10, 9], "texture": "#1", "tintindex": 0},
				"east": {"uv": [0, 0, 0, 1], "texture": "#1", "tintindex": 0},
				"south": {"uv": [9, 9, 10, 10], "texture": "#1", "tintindex": 0},
				"west": {"uv": [0, 0, 0, 1], "texture": "#1", "tintindex": 0},
				"up": {"uv": [1, 0, 0, 0], "texture": "#1", "tintindex": 0},
				"down": {"uv": [1, 0, 0, 0], "texture": "#1", "tintindex": 0}
			}
		}
	],
	"display": {
		"thirdperson_righthand": {
			"rotation": [90, 0, 0],
			"translation": [0, 1.5, 3],
			"scale": [0.5, 0.5, 0.5]
		},
		"thirdperson_lefthand": {
			"rotation": [90, 0, 0],
			"translation": [0, 1.5, 3],
			"scale": [0.5, 0.5, 0.5]
		},
		"firstperson_righthand": {
			"translation": [0, 3.25, 0]
		},
		"firstperson_lefthand": {
			"translation": [0, 3.25, 0]
		},
		"ground": {
			"translation": [0, 5.75, 0],
			"scale": [0.8, 0.8, 0.8]
		},
		"gui": {
			"rotation": [-15, -169, 0],
			"translation": [0.5, 3, 0],
			"scale": [0.75, 0.75, 0.75]
		},
		"head": {
			"translation": [0.25, 10.5, -0.5],
			"scale": [1.4, 1.4, 1.4]
		}
	},
	"groups": [
		{
			"name": "antlers",
			"origin": [0, 0, 0],
			"color": 0,
			"children": [
				0,
				1,
				2,
				3,
				4,
				5,
				6,
				7,
				8,
				9,
				10,
				11,
				12,
				13,
				14,
				15,
				16,
				17,
				18,
				19,
				20,
				21,
				22,
				23,
				24,
				25,
				26,
				27,
				28,
				29,
				30,
				31,
				32,
				33,
				34,
				35,
				36,
				37,
				38,
				39,
				40,
				41,
				42,
				43,
				44,
				45,
				46,
				47
			]
		},
		{
			"name": "flowers",
			"origin": [0, -1.9, -0.3],
			"color": 0,
			"children": [
				48,
				49,
				50,
				51,
				52,
				53,
				54,
				55,
				56,
				57,
				58,
				59,
				60,
				61,
				62,
				63,
				64,
				65,
				66,
				67,
				68,
				69,
				70,
				71,
				72,
				73,
				74,
				75,
				76,
				77,
				78,
				79,
				80,
				81,
				82,
				83,
				84,
				85,
				86,
				87,
				88,
				89,
				90,
				91,
				92,
				93,
				94,
				95,
				96,
				97
			]
		}
	]
}