{
	"credit": "Made with Blockbench",
	"texture_size": [64, 64],
	"textures": {
		"0": "mctc:hats/ghost_mask",
		"particle": "mctc:hats/ghost_mask"
	},
	"elements": [
		{
			"from": [8, 9, 0],
			"to": [9, 10, 1],
			"faces": {
				"north": {"uv": [7.5, 6.5, 7.75, 6.75], "texture": "#0"},
				"east": {"uv": [6.75, 7.5, 7, 7.75], "texture": "#0", "tintindex": 0},
				"south": {"uv": [7.5, 6.75, 7.75, 7], "texture": "#0", "tintindex": 0},
				"west": {"uv": [7, 7.5, 7.25, 7.75], "texture": "#0", "tintindex": 0},
				"up": {"uv": [7.75, 7.25, 7.5, 7], "texture": "#0", "tintindex": 0},
				"down": {"uv": [7.5, 7.5, 7.25, 7.75], "texture": "#0", "tintindex": 0}
			}
		},
		{
			"from": [7, 9, 0],
			"to": [8, 10, 1],
			"faces": {
				"north": {"uv": [7.5, 7.25, 7.75, 7.5], "texture": "#0"},
				"east": {"uv": [7.5, 7.5, 7.75, 7.75], "texture": "#0", "tintindex": 0},
				"south": {"uv": [7.75, 0, 8, 0.25], "texture": "#0", "tintindex": 0},
				"west": {"uv": [7.75, 0.25, 8, 0.5], "texture": "#0", "tintindex": 0},
				"up": {"uv": [8, 0.75, 7.75, 0.5], "texture": "#0", "tintindex": 0},
				"down": {"uv": [8, 0.75, 7.75, 1], "texture": "#0", "tintindex": 0}
			}
		},
		{
			"from": [7, 10, 0],
			"to": [7, 11, 1],
			"faces": {
				"north": {"uv": [7.75, 1, 8, 1.25], "texture": "#0"},
				"east": {"uv": [7.75, 1.25, 8, 1.5], "texture": "#0", "tintindex": 0},
				"south": {"uv": [7.75, 1.5, 8, 1.75], "texture": "#0", "tintindex": 0},
				"west": {"uv": [7.75, 1.75, 8, 2], "texture": "#0", "tintindex": 0},
				"up": {"uv": [8, 2.25, 7.75, 2], "texture": "#0", "tintindex": 0},
				"down": {"uv": [2.5, 7.75, 2.25, 8], "texture": "#0", "tintindex": 0}
			}
		},
		{
			"from": [6, 0, 0],
			"to": [10, 1, 1],
			"faces": {
				"north": {"uv": [6, 1.5, 7, 1.75], "texture": "#0"},
				"east": {"uv": [7.5, 7.75, 7.75, 8], "texture": "#0"},
				"south": {"uv": [6, 1.75, 7, 2], "texture": "#0"},
				"west": {"uv": [7.75, 7.5, 8, 7.75], "texture": "#0"},
				"up": {"uv": [7.5, 6, 6.5, 5.75], "texture": "#0"},
				"down": {"uv": [7.5, 6, 6.5, 6.25], "texture": "#0"}
			}
		},
		{
			"from": [4, 12, 0],
			"to": [12, 13, 1],
			"faces": {
				"north": {"uv": [4, 4.5, 6, 4.75], "texture": "#0"},
				"east": {"uv": [7.75, 7.75, 8, 8], "texture": "#0"},
				"south": {"uv": [0, 4.75, 2, 5], "texture": "#0"},
				"west": {"uv": [0, 8, 0.25, 8.25], "texture": "#0"},
				"up": {"uv": [6, 5, 4, 4.75], "texture": "#0"},
				"down": {"uv": [2, 5, 0, 5.25], "texture": "#0"}
			}
		},
		{
			"from": [6, 6, 0],
			"to": [10, 7, 1],
			"faces": {
				"north": {"uv": [4, 5, 5, 5.25], "texture": "#0"},
				"east": {"uv": [6.75, 5, 7, 5.5], "texture": "#0"},
				"south": {"uv": [5, 5, 6, 5.5], "texture": "#0"},
				"west": {"uv": [7, 1.5, 7.25, 2], "texture": "#0"},
				"up": {"uv": [7.5, 6.5, 6.5, 6.25], "texture": "#0"},
				"down": {"uv": [7.5, 6.5, 6.5, 6.75], "texture": "#0"}
			}
		},
		{
			"from": [9, 7, 0],
			"to": [10, 8, 1],
			"faces": {
				"north": {"uv": [4, 5, 4.25, 5.25], "texture": "#0"},
				"east": {"uv": [6.75, 5, 7, 5.5], "texture": "#0"},
				"south": {"uv": [5, 5, 6, 5.5], "texture": "#0"},
				"west": {"uv": [7, 1.5, 7.25, 2], "texture": "#0"},
				"up": {"uv": [7.5, 6.5, 6.5, 6.25], "texture": "#0"},
				"down": {"uv": [7.5, 6.5, 6.5, 6.75], "texture": "#0"}
			}
		},
		{
			"from": [6, 7, 0],
			"to": [7, 8, 1],
			"faces": {
				"north": {"uv": [4, 5, 4.25, 5.25], "texture": "#0"},
				"east": {"uv": [6.75, 5, 7, 5.5], "texture": "#0"},
				"south": {"uv": [5, 5, 6, 5.5], "texture": "#0"},
				"west": {"uv": [7, 1.5, 7.25, 2], "texture": "#0"},
				"up": {"uv": [7.5, 6.5, 6.5, 6.25], "texture": "#0"},
				"down": {"uv": [7.5, 6.5, 6.5, 6.75], "texture": "#0"}
			}
		},
		{
			"from": [10, 1, 0],
			"to": [11, 4, 1],
			"faces": {
				"north": {"uv": [5.5, 6.5, 5.75, 7.25], "texture": "#0"},
				"east": {"uv": [5.75, 6.5, 6, 7.25], "texture": "#0"},
				"south": {"uv": [6.5, 6.75, 6.75, 7.5], "texture": "#0"},
				"west": {"uv": [6.75, 6.75, 7, 7.5], "texture": "#0"},
				"up": {"uv": [8.25, 0.25, 8, 0], "texture": "#0"},
				"down": {"uv": [0.5, 8, 0.25, 8.25], "texture": "#0"}
			}
		},
		{
			"from": [10, 3, 1],
			"to": [11, 4, 2],
			"faces": {
				"north": {"uv": [5.5, 6.5, 5.75, 6.75], "texture": "#0"},
				"east": {"uv": [5.75, 6.5, 6, 6.75], "texture": "#0"},
				"south": {"uv": [6.5, 6.75, 6.75, 7], "texture": "#0"},
				"west": {"uv": [6.75, 6.75, 7, 7], "texture": "#0"},
				"up": {"uv": [8.25, 0.25, 8, 0], "texture": "#0"},
				"down": {"uv": [0.5, 8, 0.25, 8.25], "texture": "#0"}
			}
		},
		{
			"from": [5, 3, 1],
			"to": [6, 4, 2],
			"faces": {
				"north": {"uv": [5.5, 6.5, 5.75, 6.75], "texture": "#0"},
				"east": {"uv": [5.75, 6.5, 6, 6.75], "texture": "#0"},
				"south": {"uv": [6.5, 6.75, 6.75, 7], "texture": "#0"},
				"west": {"uv": [6.75, 6.75, 7, 7], "texture": "#0"},
				"up": {"uv": [8.25, 0.25, 8, 0], "texture": "#0"},
				"down": {"uv": [0.5, 8, 0.25, 8.25], "texture": "#0"}
			}
		},
		{
			"from": [5, 1, 0],
			"to": [6, 4, 1],
			"faces": {
				"north": {"uv": [7, 5, 7.25, 5.75], "texture": "#0"},
				"east": {"uv": [7, 6.75, 7.25, 7.5], "texture": "#0"},
				"south": {"uv": [0, 7.25, 0.25, 8], "texture": "#0"},
				"west": {"uv": [0.25, 7.25, 0.5, 8], "texture": "#0"},
				"up": {"uv": [8.25, 0.5, 8, 0.25], "texture": "#0"},
				"down": {"uv": [0.75, 8, 0.5, 8.25], "texture": "#0"}
			}
		},
		{
			"from": [13, 5, 0],
			"to": [14, 11, 1],
			"faces": {
				"north": {"uv": [3.5, 5.75, 3.75, 7.25], "texture": "#0"},
				"east": {"uv": [3.75, 5.75, 4, 7.25], "texture": "#0"},
				"south": {"uv": [4, 5.75, 4.25, 7.25], "texture": "#0"},
				"west": {"uv": [4.25, 5.75, 4.5, 7.25], "texture": "#0"},
				"up": {"uv": [8.25, 0.75, 8, 0.5], "texture": "#0"},
				"down": {"uv": [1, 8, 0.75, 8.25], "texture": "#0"}
			}
		},
		{
			"from": [3, 4, 0],
			"to": [4, 7, 1],
			"faces": {
				"north": {"uv": [0, 8.75, 0.25, 9.5], "texture": "#0"},
				"east": {"uv": [1.75, 5.25, 2, 7.25], "texture": "#0"},
				"south": {"uv": [2, 5.5, 2.25, 7.5], "texture": "#0"},
				"west": {"uv": [2.25, 5.5, 2.5, 7.5], "texture": "#0"},
				"up": {"uv": [8.25, 8.25, 8, 8], "texture": "#0"},
				"down": {"uv": [0.25, 8.25, 0, 8.5], "texture": "#0"}
			}
		},
		{
			"from": [12, 4, 0],
			"to": [13, 7, 1],
			"faces": {
				"north": {"uv": [0, 8.75, 0.25, 9.5], "texture": "#0"},
				"east": {"uv": [1.75, 5.25, 2, 7.25], "texture": "#0"},
				"south": {"uv": [2, 5.5, 2.25, 7.5], "texture": "#0"},
				"west": {"uv": [2.25, 5.5, 2.5, 7.5], "texture": "#0"},
				"up": {"uv": [8.25, 8.25, 8, 8], "texture": "#0"},
				"down": {"uv": [0.25, 8.25, 0, 8.5], "texture": "#0"}
			}
		},
		{
			"from": [3, 9, 0],
			"to": [4, 12, 1],
			"faces": {
				"north": {"uv": [1.5, 5.25, 1.75, 6], "texture": "#0"},
				"east": {"uv": [1.75, 5.25, 2, 7.25], "texture": "#0"},
				"south": {"uv": [2, 5.5, 2.25, 7.5], "texture": "#0"},
				"west": {"uv": [2.25, 5.5, 2.5, 7.5], "texture": "#0"},
				"up": {"uv": [8.25, 8.25, 8, 8], "texture": "#0"},
				"down": {"uv": [0.25, 8.25, 0, 8.5], "texture": "#0"}
			}
		},
		{
			"from": [12, 9, 0],
			"to": [13, 12, 1],
			"faces": {
				"north": {"uv": [1.5, 5.25, 1.75, 6], "texture": "#0"},
				"east": {"uv": [1.75, 5.25, 2, 7.25], "texture": "#0"},
				"south": {"uv": [2, 5.5, 2.25, 7.5], "texture": "#0"},
				"west": {"uv": [2.25, 5.5, 2.5, 7.5], "texture": "#0"},
				"up": {"uv": [8.25, 8.25, 8, 8], "texture": "#0"},
				"down": {"uv": [0.25, 8.25, 0, 8.5], "texture": "#0"}
			}
		},
		{
			"from": [2, 5, 0],
			"to": [3, 11, 1],
			"faces": {
				"north": {"uv": [4.5, 5.75, 4.75, 7.25], "texture": "#0"},
				"east": {"uv": [4.75, 5.75, 5, 7.25], "texture": "#0"},
				"south": {"uv": [5, 5.75, 5.25, 7.25], "texture": "#0"},
				"west": {"uv": [5.25, 5.75, 5.5, 7.25], "texture": "#0"},
				"up": {"uv": [8.25, 1, 8, 0.75], "texture": "#0"},
				"down": {"uv": [1.25, 8, 1, 8.25], "texture": "#0"}
			}
		},
		{
			"from": [5, 11, 0],
			"to": [11, 12, 1],
			"faces": {
				"north": {"uv": [6.75, 0.5, 8.25, 0.75], "texture": "#0"},
				"east": {"uv": [3.25, 8, 3.5, 8.25], "texture": "#0"},
				"south": {"uv": [6.75, 0.75, 7.75, 1], "texture": "#0"},
				"west": {"uv": [8, 3.25, 8.25, 3.5], "texture": "#0"},
				"up": {"uv": [7.75, 1.25, 6.75, 1], "texture": "#0"},
				"down": {"uv": [7.75, 1.25, 6.75, 1.5], "texture": "#0"}
			}
		},
		{
			"from": [7, 10, 0],
			"to": [9, 11, 1],
			"faces": {
				"north": {"uv": [6, 5.25, 6.5, 5.5], "texture": "#0"},
				"east": {"uv": [3.5, 8, 3.75, 8.25], "texture": "#0"},
				"south": {"uv": [7.25, 2.5, 7.75, 2.75], "texture": "#0"},
				"west": {"uv": [8, 3.5, 8.25, 3.75], "texture": "#0"},
				"up": {"uv": [7.75, 3, 7.25, 2.75], "texture": "#0"},
				"down": {"uv": [8, 2.25, 7.5, 2.5], "texture": "#0"}
			}
		},
		{
			"from": [4, 10, 0],
			"to": [5, 12, 1],
			"faces": {
				"north": {"uv": [4.5, 7.25, 4.75, 7.75], "texture": "#0"},
				"east": {"uv": [4.75, 7.25, 5, 8], "texture": "#0"},
				"south": {"uv": [5, 7.25, 5.25, 8], "texture": "#0"},
				"west": {"uv": [7.25, 5, 7.5, 5.75], "texture": "#0"},
				"up": {"uv": [4, 8.25, 3.75, 8], "texture": "#0"},
				"down": {"uv": [8.25, 3.75, 8, 4], "texture": "#0"}
			}
		},
		{
			"from": [11, 10, 0],
			"to": [12, 12, 1],
			"faces": {
				"north": {"uv": [5.25, 7.25, 5.5, 7.75], "texture": "#0"},
				"east": {"uv": [5.5, 7.25, 5.75, 8], "texture": "#0"},
				"south": {"uv": [5.75, 7.25, 6, 8], "texture": "#0"},
				"west": {"uv": [6, 7.25, 6.25, 8], "texture": "#0"},
				"up": {"uv": [4.25, 8.25, 4, 8], "texture": "#0"},
				"down": {"uv": [8.25, 4, 8, 4.25], "texture": "#0"}
			}
		},
		{
			"from": [6, 8, 0],
			"to": [10, 9, 1],
			"faces": {
				"north": {"uv": [3.5, 5.5, 4.5, 5.75], "texture": "#0"},
				"east": {"uv": [5, 8, 5.25, 8.25], "texture": "#0"},
				"south": {"uv": [5.25, 5.5, 7, 5.75], "texture": "#0"},
				"west": {"uv": [8, 5, 8.25, 5.25], "texture": "#0"},
				"up": {"uv": [7.5, 2.25, 5.75, 2], "texture": "#0"},
				"down": {"uv": [7.5, 2.25, 5.75, 2.5], "texture": "#0"}
			}
		},
		{
			"from": [4, 6, 0],
			"to": [6, 8, 1],
			"faces": {
				"north": {"uv": [5.5, 5.75, 6, 6.25], "texture": "#0"},
				"east": {"uv": [6.25, 7.25, 6.5, 8], "texture": "#0"},
				"south": {"uv": [6, 0, 6.5, 0.75], "texture": "#0"},
				"west": {"uv": [7.25, 6.75, 7.5, 7.5], "texture": "#0"},
				"up": {"uv": [8, 5.25, 7.5, 5], "texture": "#0"},
				"down": {"uv": [8, 5.25, 7.5, 5.5], "texture": "#0"}
			}
		},
		{
			"from": [10, 6, 0],
			"to": [12, 8, 1],
			"faces": {
				"north": {"uv": [6, 0.75, 6.5, 1.25], "texture": "#0"},
				"east": {"uv": [7.5, 1.5, 7.75, 2.25], "texture": "#0"},
				"south": {"uv": [6, 4.5, 6.5, 5.25], "texture": "#0"},
				"west": {"uv": [2, 7.5, 2.25, 8.25], "texture": "#0"},
				"up": {"uv": [8, 5.75, 7.5, 5.5], "texture": "#0"},
				"down": {"uv": [8, 5.75, 7.5, 6], "texture": "#0"}
			}
		},
		{
			"from": [4, 4, 0],
			"to": [5, 6, 1],
			"faces": {
				"north": {"uv": [5.75, 8, 6, 8.5], "texture": "#0"},
				"east": {"uv": [8, 5.75, 8.25, 6], "texture": "#0"},
				"south": {"uv": [6, 8, 6.25, 8.25], "texture": "#0"},
				"west": {"uv": [8, 6, 8.25, 6.25], "texture": "#0"},
				"up": {"uv": [6.5, 8.25, 6.25, 8], "texture": "#0"},
				"down": {"uv": [8.25, 6.25, 8, 6.5], "texture": "#0"}
			}
		},
		{
			"from": [11, 4, 0],
			"to": [12, 6, 1],
			"faces": {
				"north": {"uv": [6.5, 8, 6.75, 8.5], "texture": "#0"},
				"east": {"uv": [8, 6.5, 8.25, 6.75], "texture": "#0"},
				"south": {"uv": [6.75, 8, 7, 8.25], "texture": "#0"},
				"west": {"uv": [8, 6.75, 8.25, 7], "texture": "#0"},
				"up": {"uv": [7.25, 8.25, 7, 8], "texture": "#0"},
				"down": {"uv": [8.25, 7, 8, 7.25], "texture": "#0"}
			}
		},
		{
			"from": [3, 4, 1],
			"to": [13, 12, 2],
			"faces": {
				"north": {"uv": [0, 0, 2.5, 2], "texture": "#0"},
				"east": {"uv": [0, 5.25, 0.25, 7.25], "texture": "#0"},
				"south": {"uv": [0, 2, 2.5, 4], "texture": "#0"},
				"west": {"uv": [0.25, 5.25, 0.5, 7.25], "texture": "#0"},
				"up": {"uv": [6.5, 4.25, 4, 4], "texture": "#0"},
				"down": {"uv": [6.5, 4.25, 4, 4.5], "texture": "#0"}
			}
		},
		{
			"from": [13, 6, 1],
			"to": [14, 10, 2],
			"faces": {
				"north": {"uv": [6, 5.75, 6.25, 7.25], "texture": "#0"},
				"east": {"uv": [2.5, 6.25, 2.75, 7.75], "texture": "#0"},
				"south": {"uv": [2.75, 6.25, 3, 7.75], "texture": "#0"},
				"west": {"uv": [3, 6.25, 3.25, 7.75], "texture": "#0"},
				"up": {"uv": [7.5, 8.25, 7.25, 8], "texture": "#0"},
				"down": {"uv": [8.25, 7.25, 8, 7.5], "texture": "#0"}
			}
		},
		{
			"from": [2, 6, 1],
			"to": [3, 10, 2],
			"faces": {
				"north": {"uv": [3.25, 6.25, 3.5, 7.75], "texture": "#0"},
				"east": {"uv": [6.25, 5.75, 6.5, 7.25], "texture": "#0"},
				"south": {"uv": [6.5, 0, 6.75, 1.5], "texture": "#0"},
				"west": {"uv": [6.5, 4, 6.75, 5.5], "texture": "#0"},
				"up": {"uv": [7.75, 8.25, 7.5, 8], "texture": "#0"},
				"down": {"uv": [8.25, 7.5, 8, 7.75], "texture": "#0"}
			}
		},
		{
			"from": [0.6, 6, 1],
			"to": [0.6, 8, 15.1],
			"faces": {
				"north": {"uv": [0, 0, 0, 0.5], "texture": "#0"},
				"east": {"uv": [2.5, 2, 5.75, 2.5], "texture": "#0"},
				"south": {"uv": [0, 0, 0, 0.5], "texture": "#0"},
				"west": {"uv": [2.5, 2.5, 5.75, 3], "texture": "#0"},
				"up": {"uv": [0, 3.25, 0, 0], "texture": "#0"},
				"down": {"uv": [0, 0, 0, 3.25], "texture": "#0"}
			}
		},
		{
			"from": [7, 14.6, 0.4],
			"to": [9, 14.6, 15],
			"faces": {
				"north": {"uv": [0, 0, 0.5, 0], "texture": "#0"},
				"east": {"uv": [0, 0, 3.25, 0], "texture": "#0"},
				"south": {"uv": [0, 0, 0.5, 0], "texture": "#0"},
				"west": {"uv": [0, 0, 3.25, 0], "texture": "#0"},
				"up": {"uv": [3, 6.25, 2.5, 3], "texture": "#0"},
				"down": {"uv": [3.5, 3, 3, 6.25], "texture": "#0"}
			}
		},
		{
			"from": [15.4, 6, 1],
			"to": [15.4, 8, 15.1],
			"faces": {
				"north": {"uv": [0, 0, 0, 0.5], "texture": "#0"},
				"east": {"uv": [3.5, 3, 6.75, 3.5], "texture": "#0"},
				"south": {"uv": [0, 0, 0, 0.5], "texture": "#0"},
				"west": {"uv": [3.5, 3.5, 6.75, 4], "texture": "#0"},
				"up": {"uv": [0, 3.25, 0, 0], "texture": "#0"},
				"down": {"uv": [0, 0, 0, 3.25], "texture": "#0"}
			}
		},
		{
			"from": [0.6, 6, 15.1],
			"to": [15.4, 8, 15.1],
			"faces": {
				"north": {"uv": [2.5, 0, 6, 0.5], "texture": "#0"},
				"east": {"uv": [0, 0, 0, 0.5], "texture": "#0"},
				"south": {"uv": [2.5, 0.5, 6, 1], "texture": "#0"},
				"west": {"uv": [0, 0, 0, 0.5], "texture": "#0"},
				"up": {"uv": [3.5, 0, 0, 0], "texture": "#0"},
				"down": {"uv": [3.5, 0, 0, 0], "texture": "#0"}
			}
		},
		{
			"from": [0.6, 6, 1],
			"to": [2, 8, 1],
			"faces": {
				"north": {"uv": [2.5, 1, 2.825, 1.5], "texture": "#0"},
				"east": {"uv": [0, 0, 0, 0.5], "texture": "#0"},
				"south": {"uv": [2.5, 1.5, 6, 2], "texture": "#0"},
				"west": {"uv": [0, 0, 0, 0.5], "texture": "#0"},
				"up": {"uv": [3.5, 0, 0, 0], "texture": "#0"},
				"down": {"uv": [3.5, 0, 0, 0], "texture": "#0"}
			}
		},
		{
			"from": [14, 6, 1],
			"to": [15.4, 8, 1],
			"faces": {
				"north": {"uv": [2.5, 1, 2.825, 1.5], "texture": "#0"},
				"east": {"uv": [0, 0, 0, 0.5], "texture": "#0"},
				"south": {"uv": [2.5, 1.5, 6, 2], "texture": "#0"},
				"west": {"uv": [0, 0, 0, 0.5], "texture": "#0"},
				"up": {"uv": [3.5, 0, 0, 0], "texture": "#0"},
				"down": {"uv": [3.5, 0, 0, 0], "texture": "#0"}
			}
		},
		{
			"from": [7, 8, 15],
			"to": [9, 14.6, 15],
			"faces": {
				"north": {"uv": [2, 4, 2.5, 5.5], "texture": "#0"},
				"east": {"uv": [0, 0, 0, 1.5], "texture": "#0"},
				"south": {"uv": [3.5, 4, 4, 5.5], "texture": "#0"},
				"west": {"uv": [0, 0, 0, 1.5], "texture": "#0"},
				"up": {"uv": [0.5, 0, 0, 0], "texture": "#0"},
				"down": {"uv": [0.5, 0, 0, 0], "texture": "#0"}
			}
		},
		{
			"from": [7, 13, 0.4],
			"to": [9, 14.6, 0.4],
			"faces": {
				"north": {"uv": [5.75, 2.5, 7.25, 2.75], "texture": "#0"},
				"east": {"uv": [0, 0, 0, 0.25], "texture": "#0"},
				"south": {"uv": [5.75, 2.75, 7.25, 3], "texture": "#0"},
				"west": {"uv": [0, 0, 0, 0.25], "texture": "#0"},
				"up": {"uv": [1.5, 0, 0, 0], "texture": "#0"},
				"down": {"uv": [1.5, 0, 0, 0], "texture": "#0"}
			}
		},
		{
			"from": [4, 3, 0],
			"to": [5, 4, 1],
			"faces": {
				"north": {"uv": [7.25, 7.75, 7.5, 8], "texture": "#0"},
				"east": {"uv": [0.25, 8.25, 0.75, 8.5], "texture": "#0"},
				"south": {"uv": [7.75, 7.25, 8, 7.5], "texture": "#0"},
				"west": {"uv": [8.25, 0.25, 8.75, 0.5], "texture": "#0"},
				"up": {"uv": [8, 7.25, 7.75, 6.75], "texture": "#0"},
				"down": {"uv": [8.5, 0.5, 8.25, 1], "texture": "#0"}
			}
		},
		{
			"from": [11, 3, 0],
			"to": [12, 4, 1],
			"faces": {
				"north": {"uv": [3.25, 7.75, 3.5, 8], "texture": "#0"},
				"east": {"uv": [6.75, 7.75, 7.25, 8], "texture": "#0"},
				"south": {"uv": [7.75, 4.25, 8, 4.5], "texture": "#0"},
				"west": {"uv": [8.25, 0, 8.75, 0.25], "texture": "#0"},
				"up": {"uv": [8, 3.75, 7.75, 3.25], "texture": "#0"},
				"down": {"uv": [8, 3.75, 7.75, 4.25], "texture": "#0"}
			}
		},
		{
			"from": [6, 1, 0],
			"to": [7, 3, 2],
			"faces": {
				"north": {"uv": [2.25, 8.25, 2.5, 8.75], "texture": "#0"},
				"east": {"uv": [8.25, 1, 8.75, 1.5], "texture": "#0"},
				"south": {"uv": [2.5, 8.25, 2.75, 8.75], "texture": "#0"},
				"west": {"uv": [1.25, 8.25, 1.75, 8.75], "texture": "#0"},
				"up": {"uv": [8.5, 3, 8.25, 2.5], "texture": "#0"},
				"down": {"uv": [3, 8.25, 2.75, 8.75], "texture": "#0"}
			}
		},
		{
			"from": [9, 1, 0],
			"to": [10, 3, 2],
			"faces": {
				"north": {"uv": [8.25, 1.5, 8.5, 2], "texture": "#0"},
				"east": {"uv": [0.5, 4, 1, 4.5], "texture": "#0"},
				"south": {"uv": [1.75, 8.25, 2, 8.75], "texture": "#0"},
				"west": {"uv": [0.75, 8.25, 1.25, 8.75], "texture": "#0"},
				"up": {"uv": [2.25, 8.75, 2, 8.25], "texture": "#0"},
				"down": {"uv": [8.5, 2, 8.25, 2.5], "texture": "#0"}
			}
		},
		{
			"name": "L",
			"from": [9, 10, 0],
			"to": [10, 11, 1],
			"faces": {
				"north": {"uv": [7.25, 1.5, 7.5, 1.75], "texture": "#0", "tintindex": 0},
				"east": {"uv": [7.25, 1.75, 7.5, 2], "texture": "#0", "tintindex": 0},
				"south": {"uv": [2.25, 7.5, 2.5, 7.75], "texture": "#0", "tintindex": 0},
				"west": {"uv": [7.5, 6, 7.75, 6.25], "texture": "#0", "tintindex": 0},
				"up": {"uv": [7.75, 6.5, 7.5, 6.25], "texture": "#0", "tintindex": 0},
				"down": {"uv": [6.75, 7.5, 6.5, 7.75], "texture": "#0", "tintindex": 0}
			}
		},
		{
			"name": "L",
			"from": [9, 9, 0],
			"to": [10, 10, 1],
			"faces": {
				"north": {"uv": [2.5, 8, 2.75, 8.25], "texture": "#0", "tintindex": 0},
				"east": {"uv": [8, 2.5, 8.25, 2.75], "texture": "#0"},
				"south": {"uv": [2.75, 8, 3, 8.25], "texture": "#0"},
				"west": {"uv": [8, 2.75, 8.25, 3], "texture": "#0"},
				"up": {"uv": [3.25, 8.25, 3, 8], "texture": "#0"},
				"down": {"uv": [8.25, 3, 8, 3.25], "texture": "#0"}
			}
		},
		{
			"name": "L",
			"from": [10, 8, 0],
			"to": [11, 11, 1],
			"faces": {
				"north": {"uv": [1, 7.25, 1.25, 8], "texture": "#0", "tintindex": 0},
				"east": {"uv": [1.25, 7.25, 1.5, 8], "texture": "#0"},
				"south": {"uv": [1.5, 7.25, 1.75, 8], "texture": "#0"},
				"west": {"uv": [1.75, 7.25, 2, 8], "texture": "#0"},
				"up": {"uv": [8.25, 1.25, 8, 1], "texture": "#0"},
				"down": {"uv": [1.5, 8, 1.25, 8.25], "texture": "#0"}
			}
		},
		{
			"name": "L",
			"from": [11, 8, 0],
			"to": [12, 10, 1],
			"faces": {
				"north": {"uv": [4.25, 8, 4.5, 8.5], "texture": "#0", "tintindex": 0},
				"east": {"uv": [8, 4.25, 8.25, 4.5], "texture": "#0"},
				"south": {"uv": [4.5, 8, 4.75, 8.25], "texture": "#0"},
				"west": {"uv": [8, 4.5, 8.25, 4.75], "texture": "#0"},
				"up": {"uv": [5, 8.25, 4.75, 8], "texture": "#0"},
				"down": {"uv": [8.25, 4.75, 8, 5], "texture": "#0"}
			}
		},
		{
			"name": "L",
			"from": [12, 7, 0],
			"to": [13, 9, 1],
			"faces": {
				"north": {"uv": [8, 1.5, 8.25, 2], "texture": "#0", "tintindex": 0},
				"east": {"uv": [1.75, 8, 2, 8.25], "texture": "#0"},
				"south": {"uv": [8, 1.75, 8.25, 2], "texture": "#0"},
				"west": {"uv": [8, 2, 8.25, 2.25], "texture": "#0"},
				"up": {"uv": [2.5, 8.25, 2.25, 8], "texture": "#0"},
				"down": {"uv": [8.25, 2.25, 8, 2.5], "texture": "#0"}
			}
		},
		{
			"name": "R",
			"from": [3, 7, 0],
			"to": [4, 9, 1],
			"faces": {
				"north": {"uv": [8, 1.5, 8.25, 2], "texture": "#0", "tintindex": 0},
				"east": {"uv": [1.75, 8, 2, 8.25], "texture": "#0"},
				"south": {"uv": [8, 1.75, 8.25, 2], "texture": "#0"},
				"west": {"uv": [8, 2, 8.25, 2.25], "texture": "#0"},
				"up": {"uv": [2.5, 8.25, 2.25, 8], "texture": "#0"},
				"down": {"uv": [8.25, 2.25, 8, 2.5], "texture": "#0"}
			}
		},
		{
			"name": "R",
			"from": [4, 8, 0],
			"to": [5, 10, 1],
			"faces": {
				"north": {"uv": [8, 1.5, 8.25, 2], "texture": "#0", "tintindex": 0},
				"east": {"uv": [1.75, 8, 2, 8.25], "texture": "#0"},
				"south": {"uv": [8, 1.75, 8.25, 2], "texture": "#0"},
				"west": {"uv": [8, 2, 8.25, 2.25], "texture": "#0"},
				"up": {"uv": [2.5, 8.25, 2.25, 8], "texture": "#0"},
				"down": {"uv": [8.25, 2.25, 8, 2.5], "texture": "#0"}
			}
		},
		{
			"name": "R",
			"from": [5, 8, 0],
			"to": [6, 11, 1],
			"faces": {
				"north": {"uv": [3.5, 7.25, 3.75, 8], "texture": "#0", "tintindex": 0},
				"east": {"uv": [3.75, 7.25, 4, 8], "texture": "#0"},
				"south": {"uv": [4, 7.25, 4.25, 8], "texture": "#0"},
				"west": {"uv": [4.25, 7.25, 4.5, 8], "texture": "#0"},
				"up": {"uv": [8.25, 1.5, 8, 1.25], "texture": "#0"},
				"down": {"uv": [1.75, 8, 1.5, 8.25], "texture": "#0"}
			}
		},
		{
			"name": "R",
			"from": [6, 9, 0],
			"to": [7, 11, 1],
			"faces": {
				"north": {"uv": [8, 1.5, 8.25, 2], "texture": "#0", "tintindex": 0},
				"east": {"uv": [1.75, 8, 2, 8.25], "texture": "#0"},
				"south": {"uv": [8, 1.75, 8.25, 2], "texture": "#0"},
				"west": {"uv": [8, 2, 8.25, 2.25], "texture": "#0"},
				"up": {"uv": [2.5, 8.25, 2.25, 8], "texture": "#0"},
				"down": {"uv": [8.25, 2.25, 8, 2.5], "texture": "#0"}
			}
		},
		{
			"name": "nose",
			"from": [7, 7, 0],
			"to": [9, 8, 1],
			"faces": {
				"north": {"uv": [12.25, 1, 12.75, 1.25], "texture": "#0", "tintindex": 0},
				"east": {"uv": [1.75, 8, 2, 8.25], "texture": "#0"},
				"south": {"uv": [8, 1.75, 8.25, 2], "texture": "#0"},
				"west": {"uv": [8, 2, 8.25, 2.25], "texture": "#0"},
				"up": {"uv": [2.5, 8.25, 2.25, 8], "texture": "#0"},
				"down": {"uv": [8.25, 2.25, 8, 2.5], "texture": "#0"}
			}
		},
		{
			"name": "mouth",
			"from": [6, 4, 0],
			"to": [10, 5, 1],
			"faces": {
				"north": {"uv": [6.75, 3, 7.75, 3.25], "texture": "#0", "tintindex": 0},
				"east": {"uv": [5.25, 8, 5.5, 8.25], "texture": "#0"},
				"south": {"uv": [6.75, 3.25, 7.75, 3.5], "texture": "#0"},
				"west": {"uv": [8, 5.25, 8.25, 5.5], "texture": "#0"},
				"up": {"uv": [7.75, 3.75, 6.75, 3.5], "texture": "#0"},
				"down": {"uv": [7.75, 3.75, 6.75, 4], "texture": "#0"}
			}
		},
		{
			"name": "mouth",
			"from": [5, 4, 0],
			"to": [6, 6, 1],
			"faces": {
				"north": {"uv": [2.5, 7.75, 2.75, 8.25], "texture": "#0", "tintindex": 0},
				"east": {"uv": [7.75, 2.5, 8, 2.75], "texture": "#0", "tintindex": 0},
				"south": {"uv": [2.75, 7.75, 3, 8], "texture": "#0", "tintindex": 0},
				"west": {"uv": [7.75, 2.75, 8, 3], "texture": "#0", "tintindex": 0},
				"up": {"uv": [3.25, 8, 3, 7.75], "texture": "#0", "tintindex": 0},
				"down": {"uv": [8, 3, 7.75, 3.25], "texture": "#0", "tintindex": 0}
			}
		},
		{
			"name": "mouth",
			"from": [6, 5, 0],
			"to": [10, 6, 1],
			"faces": {
				"north": {"uv": [6.75, 4, 7.75, 4.25], "texture": "#0", "tintindex": 0},
				"east": {"uv": [5.5, 8, 5.75, 8.25], "texture": "#0"},
				"south": {"uv": [6.75, 4.25, 7.75, 4.5], "texture": "#0"},
				"west": {"uv": [8, 5.5, 8.25, 5.75], "texture": "#0"},
				"up": {"uv": [7.75, 4.75, 6.75, 4.5], "texture": "#0"},
				"down": {"uv": [7.75, 4.75, 6.75, 5], "texture": "#0"}
			}
		},
		{
			"name": "mouth",
			"from": [10, 4, 0],
			"to": [11, 6, 1],
			"faces": {
				"north": {"uv": [7.75, 4.5, 8, 5], "texture": "#0", "tintindex": 0},
				"east": {"uv": [7.75, 4.75, 8, 5], "texture": "#0", "tintindex": 0},
				"south": {"uv": [7.75, 6, 8, 6.25], "texture": "#0", "tintindex": 0},
				"west": {"uv": [7.75, 6.25, 8, 6.5], "texture": "#0", "tintindex": 0},
				"up": {"uv": [6.75, 8, 6.5, 7.75], "texture": "#0", "tintindex": 0},
				"down": {"uv": [8, 6.5, 7.75, 6.75], "texture": "#0", "tintindex": 0}
			}
		},
		{
			"name": "mouth",
			"from": [9, 3, 0],
			"to": [10, 4, 2],
			"faces": {
				"north": {"uv": [0, 4, 0.25, 4.25], "texture": "#0", "tintindex": 0},
				"east": {"uv": [0.5, 7.25, 0.75, 8], "texture": "#0"},
				"south": {"uv": [1, 4, 2, 4.75], "texture": "#0"},
				"west": {"uv": [0.75, 7.25, 1, 8], "texture": "#0"},
				"up": {"uv": [7.75, 0.25, 6.75, 0], "texture": "#0"},
				"down": {"uv": [7.75, 0.25, 6.75, 0.5], "texture": "#0"}
			}
		},
		{
			"name": "mouth",
			"from": [7, 1, 0],
			"to": [9, 4, 2],
			"faces": {
				"north": {"uv": [0, 4, 0.5, 4.75], "texture": "#0", "tintindex": 0},
				"east": {"uv": [0.5, 7.25, 0.75, 8], "texture": "#0"},
				"south": {"uv": [1, 4, 2, 4.75], "texture": "#0"},
				"west": {"uv": [0.75, 7.25, 1, 8], "texture": "#0"},
				"up": {"uv": [7.75, 0.25, 6.75, 0], "texture": "#0"},
				"down": {"uv": [7.75, 0.25, 6.75, 0.5], "texture": "#0"}
			}
		},
		{
			"name": "mouth",
			"from": [6, 3, 0],
			"to": [7, 4, 2],
			"faces": {
				"north": {"uv": [0, 4, 0.25, 4.25], "texture": "#0", "tintindex": 0},
				"east": {"uv": [0.5, 7.25, 0.75, 8], "texture": "#0"},
				"south": {"uv": [1, 4, 2, 4.75], "texture": "#0"},
				"west": {"uv": [0.75, 7.25, 1, 8], "texture": "#0"},
				"up": {"uv": [7.75, 0.25, 6.75, 0], "texture": "#0"},
				"down": {"uv": [7.75, 0.25, 6.75, 0.5], "texture": "#0"}
			}
		}
	],
	"display": {
		"thirdperson_righthand": {
			"rotation": [56, 0, 0],
			"translation": [0, -0.75, -2.25],
			"scale": [0.5, 0.5, 0.5]
		},
		"firstperson_righthand": {
			"translation": [5.25, -0.25, 0]
		},
		"firstperson_lefthand": {
			"translation": [0, -0.25, 0]
		},
		"ground": {
			"translation": [0, 0.5, 0],
			"scale": [0.5, 0.5, 0.5]
		},
		"gui": {
			"rotation": [17, -159, 0],
			"translation": [0, 1.25, 0],
			"scale": [0.6, 0.6, 0.6]
		},
		"head": {
			"translation": [0, 0.5, 0]
		},
		"fixed": {
			"translation": [0, 1.25, 6.75]
		}
	},
	"groups": [
		0,
		1,
		2,
		3,
		4,
		5,
		6,
		7,
		8,
		9,
		10,
		11,
		12,
		13,
		14,
		15,
		16,
		17,
		18,
		19,
		20,
		21,
		22,
		23,
		24,
		25,
		26,
		27,
		28,
		29,
		30,
		31,
		32,
		33,
		34,
		35,
		36,
		37,
		38,
		39,
		40,
		41,
		{
			"name": "color",
			"origin": [0, 0, 0],
			"color": 0,
			"children": [42, 43, 44, 45, 46, 47, 48, 49, 50, 51, 52, 53, 54, 55, 56, 57, 58]
		}
	]
}