{
	"credit": "Made with Blockbench",
	"textures": {
		"0": "mctc:hats/horn",
		"particle": "mctc:hats/horn"
	},
	"elements": [
		{
			"from": [14, 5, 7],
			"to": [15, 7, 9],
			"rotation": {"angle": 0, "axis": "z", "origin": [1, 1, 0]},
			"faces": {
				"north": {"uv": [12, 4, 13, 6], "texture": "#0", "tintindex": 0},
				"east": {"uv": [10, 8, 12, 10], "texture": "#0", "tintindex": 0},
				"south": {"uv": [12, 6, 13, 8], "texture": "#0", "tintindex": 0},
				"west": {"uv": [10, 10, 12, 12], "texture": "#0", "tintindex": 0},
				"up": {"uv": [9, 14, 8, 12], "texture": "#0", "tintindex": 0},
				"down": {"uv": [13, 8, 12, 10], "texture": "#0", "tintindex": 0}
			}
		},
		{
			"from": [14, 2, 7],
			"to": [16, 5, 9],
			"rotation": {"angle": 0, "axis": "z", "origin": [1, 1, 0]},
			"faces": {
				"north": {"uv": [0, 0, 2, 4], "texture": "#0", "tintindex": 0},
				"east": {"uv": [2, 0, 4, 4], "texture": "#0", "tintindex": 0},
				"south": {"uv": [0, 4, 2, 8], "texture": "#0", "tintindex": 0},
				"west": {"uv": [4, 0, 6, 4], "texture": "#0", "tintindex": 0},
				"up": {"uv": [12, 2, 10, 0], "texture": "#0", "tintindex": 0},
				"down": {"uv": [12, 2, 10, 4], "texture": "#0", "tintindex": 0}
			}
		},
		{
			"from": [14, 1, 7],
			"to": [15, 2, 9],
			"rotation": {"angle": 0, "axis": "z", "origin": [1, 1, 0]},
			"faces": {
				"north": {"uv": [0, 0, 2, 4], "texture": "#0", "tintindex": 0},
				"east": {"uv": [2, 0, 4, 4], "texture": "#0", "tintindex": 0},
				"south": {"uv": [0, 4, 2, 8], "texture": "#0", "tintindex": 0},
				"west": {"uv": [4, 0, 6, 4], "texture": "#0", "tintindex": 0},
				"up": {"uv": [12, 2, 10, 0], "texture": "#0", "tintindex": 0},
				"down": {"uv": [12, 2, 10, 4], "texture": "#0", "tintindex": 0}
			}
		},
		{
			"from": [1, 5, 7],
			"to": [2, 7, 9],
			"rotation": {"angle": 0, "axis": "z", "origin": [-1, 1, 0]},
			"faces": {
				"north": {"uv": [9, 12, 10, 14], "texture": "#0", "tintindex": 0},
				"east": {"uv": [0, 11, 2, 13], "texture": "#0", "tintindex": 0},
				"south": {"uv": [10, 12, 11, 14], "texture": "#0", "tintindex": 0},
				"west": {"uv": [2, 11, 4, 13], "texture": "#0", "tintindex": 0},
				"up": {"uv": [13, 12, 12, 10], "texture": "#0", "tintindex": 0},
				"down": {"uv": [12, 12, 11, 14], "texture": "#0", "tintindex": 0}
			}
		},
		{
			"from": [2, 2, 7],
			"to": [3, 4, 9],
			"rotation": {"angle": 0, "axis": "z", "origin": [-1, 1, 0]},
			"faces": {
				"north": {"uv": [9, 12, 10, 14], "texture": "#0", "tintindex": 0},
				"east": {"uv": [0, 11, 2, 13], "texture": "#0", "tintindex": 0},
				"south": {"uv": [10, 12, 11, 14], "texture": "#0", "tintindex": 0},
				"west": {"uv": [2, 11, 4, 13], "texture": "#0", "tintindex": 0},
				"up": {"uv": [13, 12, 12, 10], "texture": "#0", "tintindex": 0},
				"down": {"uv": [12, 12, 11, 14], "texture": "#0", "tintindex": 0}
			}
		},
		{
			"from": [13, 2, 7],
			"to": [14, 4, 9],
			"rotation": {"angle": 0, "axis": "z", "origin": [-1, 1, 0]},
			"faces": {
				"north": {"uv": [9, 12, 10, 14], "texture": "#0", "tintindex": 0},
				"east": {"uv": [0, 11, 2, 13], "texture": "#0", "tintindex": 0},
				"south": {"uv": [10, 12, 11, 14], "texture": "#0", "tintindex": 0},
				"west": {"uv": [2, 11, 4, 13], "texture": "#0", "tintindex": 0},
				"up": {"uv": [13, 12, 12, 10], "texture": "#0", "tintindex": 0},
				"down": {"uv": [12, 12, 11, 14], "texture": "#0", "tintindex": 0}
			}
		},
		{
			"from": [0, 2, 7],
			"to": [2, 5, 9],
			"rotation": {"angle": 0, "axis": "z", "origin": [-1, 1, 0]},
			"faces": {
				"north": {"uv": [2, 4, 4, 8], "texture": "#0", "tintindex": 0},
				"east": {"uv": [4, 4, 6, 8], "texture": "#0", "tintindex": 0},
				"south": {"uv": [6, 0, 8, 4], "texture": "#0", "tintindex": 0},
				"west": {"uv": [6, 4, 8, 8], "texture": "#0", "tintindex": 0},
				"up": {"uv": [12, 6, 10, 4], "texture": "#0", "tintindex": 0},
				"down": {"uv": [12, 6, 10, 8], "texture": "#0", "tintindex": 0}
			}
		},
		{
			"from": [1, 1, 7],
			"to": [2, 2, 9],
			"rotation": {"angle": 0, "axis": "z", "origin": [-1, 1, 0]},
			"faces": {
				"north": {"uv": [0, 0, 2, 4], "texture": "#0", "tintindex": 0},
				"east": {"uv": [2, 0, 4, 4], "texture": "#0", "tintindex": 0},
				"south": {"uv": [0, 4, 2, 8], "texture": "#0", "tintindex": 0},
				"west": {"uv": [4, 0, 6, 4], "texture": "#0", "tintindex": 0},
				"up": {"uv": [12, 2, 10, 0], "texture": "#0", "tintindex": 0},
				"down": {"uv": [12, 2, 10, 4], "texture": "#0", "tintindex": 0}
			}
		}
	],
	"display": {
		"thirdperson_righthand": {
			"scale": [0.77, 0.77, 0.77]
		},
		"ground": {
			"translation": [0, 3.25, 0]
		},
		"gui": {
			"translation": [0, 3.75, 0]
		},
		"head": {
			"translation": [0, 12.25, 0]
		},
		"fixed": {
			"translation": [0, 4.75, 0]
		}
	},
	"groups": [
		{
			"name": "group",
			"origin": [0, 4, 0],
			"color": 0,
			"children": [0, 1, 2]
		},
		{
			"name": "group",
			"origin": [0, 4, 0],
			"color": 0,
			"children": [3, 4, 5, 6, 7]
		}
	]
}