{
	"credit": "Made with Blockbench",
	"texture_size": [32, 32],
	"textures": {
		"0": "mctc:hats/legs",
		"particle": "mctc:hats/legs"
	},
	"elements": [
		{
			"from": [5.5, 1, 3],
			"to": [6.5, 2, 8],
			"faces": {
				"north": {"uv": [8, 1, 8.5, 1.5], "texture": "#0"},
				"east": {"uv": [3, 0, 5.5, 0.5], "texture": "#0"},
				"south": {"uv": [8, 1.5, 8.5, 2], "texture": "#0"},
				"west": {"uv": [3, 0.5, 5.5, 1], "texture": "#0"},
				"up": {"uv": [3.5, 3.5, 3, 1], "texture": "#0"},
				"down": {"uv": [1.5, 5, 1, 7.5], "texture": "#0"}
			}
		},
		{
			"from": [9, 1, 3],
			"to": [10, 2, 8],
			"faces": {
				"north": {"uv": [2, 8, 2.5, 8.5], "texture": "#0"},
				"east": {"uv": [3, 3.5, 5.5, 4], "texture": "#0"},
				"south": {"uv": [8, 2, 8.5, 2.5], "texture": "#0"},
				"west": {"uv": [4, 1, 6.5, 1.5], "texture": "#0"},
				"up": {"uv": [3.5, 6.5, 3, 4], "texture": "#0"},
				"down": {"uv": [4.5, 6, 4, 8.5], "texture": "#0"}
			}
		},
		{
			"from": [6.5, 1, 2],
			"to": [9, 2, 3],
			"faces": {
				"north": {"uv": [5.5, 5.5, 6.75, 6], "texture": "#0"},
				"east": {"uv": [2.5, 8, 3, 8.5], "texture": "#0"},
				"south": {"uv": [0, 6, 1.5, 6.5], "texture": "#0"},
				"west": {"uv": [8, 2.5, 8.5, 3], "texture": "#0"},
				"up": {"uv": [7, 6.5, 5.5, 6], "texture": "#0"},
				"down": {"uv": [1.5, 6.5, 0, 7], "texture": "#0"}
			}
		},
		{
			"from": [4.5, 1, 4],
			"to": [5.5, 2, 5],
			"faces": {
				"north": {"uv": [3, 8, 3.5, 8.5], "texture": "#0"},
				"east": {"uv": [8, 3, 8.5, 3.5], "texture": "#0"},
				"south": {"uv": [3.5, 8, 4, 8.5], "texture": "#0"},
				"west": {"uv": [4, 8, 4.5, 8.5], "texture": "#0"},
				"up": {"uv": [5, 8.5, 4.5, 8], "texture": "#0"},
				"down": {"uv": [5.5, 8, 5, 8.5], "texture": "#0"}
			}
		},
		{
			"from": [10, 1, 4],
			"to": [11, 2, 5],
			"faces": {
				"north": {"uv": [5.5, 8, 6, 8.5], "texture": "#0"},
				"east": {"uv": [6, 8, 6.5, 8.5], "texture": "#0"},
				"south": {"uv": [7, 8, 7.5, 8.5], "texture": "#0"},
				"west": {"uv": [7.5, 8, 8, 8.5], "texture": "#0"},
				"up": {"uv": [8.5, 8, 8, 7.5], "texture": "#0"},
				"down": {"uv": [8.5, 8, 8, 8.5], "texture": "#0"}
			}
		},
		{
			"from": [10, 1, 1],
			"to": [11, 1.5, 4],
			"faces": {
				"north": {"uv": [0, 8.5, 0.5, 8.75], "texture": "#0"},
				"east": {"uv": [6.5, 1, 8, 1.5], "texture": "#0"},
				"south": {"uv": [0.5, 8.5, 1, 9], "texture": "#0"},
				"west": {"uv": [6.5, 1.5, 8, 2], "texture": "#0"},
				"up": {"uv": [2, 7.5, 1.5, 6], "texture": "#0"},
				"down": {"uv": [2.5, 6, 2, 7.5], "texture": "#0"}
			}
		},
		{
			"from": [4.5, 1, 1],
			"to": [5.5, 1.5, 4],
			"faces": {
				"north": {"uv": [1, 8.5, 1.5, 8.75], "texture": "#0"},
				"east": {"uv": [6.5, 2, 8, 2.5], "texture": "#0"},
				"south": {"uv": [8.5, 1, 9, 1.5], "texture": "#0"},
				"west": {"uv": [6.5, 2.5, 8, 3], "texture": "#0"},
				"up": {"uv": [3.5, 8, 3, 6.5], "texture": "#0"},
				"down": {"uv": [4, 6.5, 3.5, 8], "texture": "#0"}
			}
		},
		{
			"from": [4.5, 0.3, 0.5],
			"to": [5.5, 1.2, 1],
			"faces": {
				"north": {"uv": [1.5, 8.5, 2, 8.95], "texture": "#0"},
				"east": {"uv": [8.5, 1.5, 9, 2], "texture": "#0"},
				"south": {"uv": [2, 8.5, 2.5, 9], "texture": "#0"},
				"west": {"uv": [8.5, 2, 9, 2.5], "texture": "#0"},
				"up": {"uv": [3, 9, 2.5, 8.5], "texture": "#0"},
				"down": {"uv": [9, 2.5, 8.5, 3], "texture": "#0"}
			}
		},
		{
			"from": [10, 0.3, 0.5],
			"to": [11, 1.2, 1],
			"faces": {
				"north": {"uv": [3, 8.5, 3.5, 8.95], "texture": "#0"},
				"east": {"uv": [8.5, 3, 9, 3.5], "texture": "#0"},
				"south": {"uv": [3.5, 8.5, 4, 9], "texture": "#0"},
				"west": {"uv": [4, 8.5, 4.5, 9], "texture": "#0"},
				"up": {"uv": [5, 9, 4.5, 8.5], "texture": "#0"},
				"down": {"uv": [5.5, 8.5, 5, 9], "texture": "#0"}
			}
		},
		{
			"from": [4.5, 1, 8],
			"to": [5.5, 1.5, 11.2],
			"faces": {
				"north": {"uv": [5.5, 8.5, 6, 8.75], "texture": "#0"},
				"east": {"uv": [6.5, 3, 8, 3.5], "texture": "#0"},
				"south": {"uv": [6, 8.5, 6.5, 9], "texture": "#0"},
				"west": {"uv": [5.5, 6.5, 7, 7], "texture": "#0"},
				"up": {"uv": [4.5, 8, 4, 6.5], "texture": "#0"},
				"down": {"uv": [5, 6.5, 4.5, 8], "texture": "#0"}
			}
		},
		{
			"from": [4.5, 1, 7],
			"to": [5.5, 2, 8],
			"faces": {
				"north": {"uv": [6.5, 8.5, 7, 9], "texture": "#0"},
				"east": {"uv": [7, 8.5, 7.5, 9], "texture": "#0"},
				"south": {"uv": [8.5, 7, 9, 7.5], "texture": "#0"},
				"west": {"uv": [7.5, 8.5, 8, 9], "texture": "#0"},
				"up": {"uv": [9, 8, 8.5, 7.5], "texture": "#0"},
				"down": {"uv": [8.5, 8.5, 8, 9], "texture": "#0"}
			}
		},
		{
			"from": [10, 1, 8],
			"to": [11, 1.5, 11.2],
			"faces": {
				"north": {"uv": [8.5, 8, 9, 8.25], "texture": "#0"},
				"east": {"uv": [0, 7, 1.5, 7.5], "texture": "#0"},
				"south": {"uv": [8.5, 8.5, 9, 9], "texture": "#0"},
				"west": {"uv": [5, 7, 6.5, 7.5], "texture": "#0"},
				"up": {"uv": [7.5, 7, 7, 5.5], "texture": "#0"},
				"down": {"uv": [7, 8, 6.5, 9.5], "texture": "#0"}
			}
		},
		{
			"from": [10, 1, 7],
			"to": [11, 2, 8],
			"faces": {
				"north": {"uv": [0, 9, 0.5, 9.5], "texture": "#0"},
				"east": {"uv": [9, 0, 9.5, 0.5], "texture": "#0"},
				"south": {"uv": [0.5, 9, 1, 9.5], "texture": "#0"},
				"west": {"uv": [9, 0.5, 9.5, 1], "texture": "#0"},
				"up": {"uv": [1.5, 9.5, 1, 9], "texture": "#0"},
				"down": {"uv": [9.5, 1, 9, 1.5], "texture": "#0"}
			}
		},
		{
			"from": [4.5, 0, 0.5],
			"to": [5.1, 0.3, 1],
			"faces": {
				"north": {"uv": [1.5, 9, 1.8, 9.15], "texture": "#0"},
				"east": {"uv": [9, 1.5, 9.5, 2], "texture": "#0"},
				"south": {"uv": [2, 9, 2.5, 9.5], "texture": "#0"},
				"west": {"uv": [9, 2, 9.5, 2.5], "texture": "#0"},
				"up": {"uv": [3, 9.5, 2.5, 9], "texture": "#0"},
				"down": {"uv": [9.5, 2.5, 9, 3], "texture": "#0"}
			}
		},
		{
			"from": [10.4, 0, 0.5],
			"to": [11, 0.3, 1],
			"faces": {
				"north": {"uv": [3, 9, 3.3, 9.15], "texture": "#0"},
				"east": {"uv": [9, 3, 9.5, 3.5], "texture": "#0"},
				"south": {"uv": [3.5, 9, 4, 9.5], "texture": "#0"},
				"west": {"uv": [9, 3.5, 9.5, 4], "texture": "#0"},
				"up": {"uv": [4.5, 9.5, 4, 9], "texture": "#0"},
				"down": {"uv": [9.5, 4, 9, 4.5], "texture": "#0"}
			}
		},
		{
			"from": [4.9, 1, 11.2],
			"to": [5.5, 1.5, 11.5],
			"faces": {
				"north": {"uv": [4.5, 9, 4.8, 9.25], "texture": "#0"},
				"east": {"uv": [9, 4.5, 9.5, 5], "texture": "#0"},
				"south": {"uv": [5, 9, 5.5, 9.5], "texture": "#0"},
				"west": {"uv": [9, 5, 9.5, 5.5], "texture": "#0"},
				"up": {"uv": [6, 9.5, 5.5, 9], "texture": "#0"},
				"down": {"uv": [9.5, 5.5, 9, 6], "texture": "#0"}
			}
		},
		{
			"from": [10, 1, 11.2],
			"to": [10.6, 1.5, 11.5],
			"faces": {
				"north": {"uv": [6, 9, 6.3, 9.25], "texture": "#0"},
				"east": {"uv": [9, 6, 9.5, 6.5], "texture": "#0"},
				"south": {"uv": [6.5, 9, 7, 9.5], "texture": "#0"},
				"west": {"uv": [9, 6.5, 9.5, 7], "texture": "#0"},
				"up": {"uv": [7.5, 9.5, 7, 9], "texture": "#0"},
				"down": {"uv": [9.5, 7, 9, 7.5], "texture": "#0"}
			}
		},
		{
			"from": [6.5, 2, 3],
			"to": [9, 3, 8],
			"faces": {
				"north": {"uv": [4, 7, 8.95, 7.45], "texture": "#0"},
				"east": {"uv": [4, 1.5, 13.5, 2], "texture": "#0"},
				"south": {"uv": [0, 7.5, 1.25, 8], "texture": "#0"},
				"west": {"uv": [4, 2, 13.5, 2.5], "texture": "#0"},
				"up": {"uv": [3.5, 3.15, 0, 0], "texture": "#0"},
				"down": {"uv": [2.75, 0, 1.5, 2.5], "texture": "#0"}
			}
		},
		{
			"from": [6.25, 2, 2.3],
			"to": [9.25, 2.6, 3],
			"faces": {
				"north": {"uv": [11.5, 14.5, 16, 15.3], "texture": "#0"},
				"east": {"uv": [8.5, 9, 9, 9.5], "texture": "#0"},
				"south": {"uv": [5, 7.5, 6.5, 8], "texture": "#0"},
				"west": {"uv": [9, 8.5, 9.5, 9], "texture": "#0"},
				"up": {"uv": [9, 5.35, 7.5, 5], "texture": "#0"},
				"down": {"uv": [9, 5.5, 7.5, 6], "texture": "#0"}
			}
		},
		{
			"from": [6, 2, 3],
			"to": [6.5, 2.8, 8],
			"faces": {
				"north": {"uv": [9, 9, 9.25, 9.4], "texture": "#0"},
				"east": {"uv": [4, 2.5, 6.5, 3], "texture": "#0"},
				"south": {"uv": [0, 9.5, 0.5, 10], "texture": "#0"},
				"west": {"uv": [4, 3, 6.5, 3.5], "texture": "#0"},
				"up": {"uv": [4.5, 6.5, 4, 4], "texture": "#0"},
				"down": {"uv": [5, 4, 4.5, 6.5], "texture": "#0"}
			}
		},
		{
			"from": [9, 2, 3],
			"to": [9.5, 2.8, 8],
			"faces": {
				"north": {"uv": [9.5, 0, 9.75, 0.4], "texture": "#0"},
				"east": {"uv": [0, 5, 2.5, 5.5], "texture": "#0"},
				"south": {"uv": [0.5, 9.5, 1, 10], "texture": "#0"},
				"west": {"uv": [5, 4, 7.5, 4.5], "texture": "#0"},
				"up": {"uv": [3, 7.5, 2.5, 5], "texture": "#0"},
				"down": {"uv": [5.5, 4.5, 5, 7], "texture": "#0"}
			}
		},
		{
			"from": [6.5, 1, 3],
			"to": [9, 2, 8],
			"faces": {
				"north": {"uv": [7.5, 6, 8.75, 6.5], "texture": "#0"},
				"east": {"uv": [0, 5.5, 2.5, 6], "texture": "#0"},
				"south": {"uv": [7.5, 6.5, 9, 7], "texture": "#0"},
				"west": {"uv": [5.5, 0, 8, 0.5], "texture": "#0"},
				"up": {"uv": [1.5, 5, 0, 2.5], "texture": "#0"},
				"down": {"uv": [4.5, 5.5, 3, 8], "texture": "#0"}
			}
		},
		{
			"from": [5.8, 1, 2.5],
			"to": [6.5, 2, 3],
			"faces": {
				"north": {"uv": [9.5, 0.5, 9.85, 1], "texture": "#0"},
				"east": {"uv": [1, 9.5, 1.5, 10], "texture": "#0"},
				"south": {"uv": [9.5, 1, 10, 1.5], "texture": "#0"},
				"west": {"uv": [1.5, 9.5, 2, 10], "texture": "#0"},
				"up": {"uv": [10, 2, 9.5, 1.5], "texture": "#0"},
				"down": {"uv": [2.5, 9.5, 2, 10], "texture": "#0"}
			}
		},
		{
			"from": [9, 1, 2.5],
			"to": [9.7, 2, 3],
			"faces": {
				"north": {"uv": [9.5, 2, 9.85, 2.5], "texture": "#0"},
				"east": {"uv": [2.5, 9.5, 3, 10], "texture": "#0"},
				"south": {"uv": [9.5, 2.5, 10, 3], "texture": "#0"},
				"west": {"uv": [3, 9.5, 3.5, 10], "texture": "#0"},
				"up": {"uv": [10, 3.5, 9.5, 3], "texture": "#0"},
				"down": {"uv": [4, 9.5, 3.5, 10], "texture": "#0"}
			}
		},
		{
			"from": [6, 1, 2.1],
			"to": [6.5, 2, 2.5],
			"faces": {
				"north": {"uv": [9.5, 3.5, 9.75, 5], "texture": "#0"},
				"east": {"uv": [4, 9.5, 4.5, 10], "texture": "#0"},
				"south": {"uv": [9.5, 4, 10, 4.5], "texture": "#0"},
				"west": {"uv": [4.5, 9.5, 5, 10], "texture": "#0"},
				"up": {"uv": [10, 5, 9.5, 4.5], "texture": "#0"},
				"down": {"uv": [5.5, 9.5, 5, 10], "texture": "#0"}
			}
		},
		{
			"from": [9, 1, 2.1],
			"to": [9.5, 2, 2.5],
			"faces": {
				"north": {"uv": [9.5, 5, 9.75, 6.5], "texture": "#0"},
				"east": {"uv": [5.5, 9.5, 6, 10], "texture": "#0"},
				"south": {"uv": [9.5, 5.5, 10, 6], "texture": "#0"},
				"west": {"uv": [6, 9.5, 6.5, 10], "texture": "#0"},
				"up": {"uv": [10, 6.5, 9.5, 6], "texture": "#0"},
				"down": {"uv": [7, 9.5, 6.5, 10], "texture": "#0"}
			}
		},
		{
			"from": [6.8, 1, 1.7],
			"to": [8.7, 2, 2],
			"faces": {
				"north": {"uv": [7, 7.5, 7.95, 8], "texture": "#0"},
				"east": {"uv": [9.5, 6.5, 10, 7], "texture": "#0"},
				"south": {"uv": [0, 8, 1, 8.5], "texture": "#0"},
				"west": {"uv": [7, 9.5, 7.5, 10], "texture": "#0"},
				"up": {"uv": [9, 0.5, 8, 0], "texture": "#0"},
				"down": {"uv": [2, 8, 1, 8.5], "texture": "#0"}
			}
		},
		{
			"from": [6, 1, 7.5],
			"to": [6.5, 2, 8.9],
			"faces": {
				"north": {"uv": [9.5, 5.5, 9.75, 6], "texture": "#0"},
				"east": {"uv": [6, 9.5, 6.5, 10], "texture": "#0"},
				"south": {"uv": [7, 3.5, 7.5, 4], "texture": "#0"},
				"west": {"uv": [5.5, 9.5, 6, 10], "texture": "#0"},
				"up": {"uv": [10, 6.5, 9.5, 6], "rotation": 180, "texture": "#0"},
				"down": {"uv": [7, 9.5, 6.5, 10], "rotation": 180, "texture": "#0"}
			}
		},
		{
			"from": [6.5, 1, 8],
			"to": [9, 2, 9],
			"faces": {
				"north": {"uv": [0, 6, 1.25, 6.5], "texture": "#0"},
				"east": {"uv": [8, 2.5, 8.5, 3], "texture": "#0"},
				"south": {"uv": [5.5, 5.5, 7, 6], "texture": "#0"},
				"west": {"uv": [2.5, 8, 3, 8.5], "texture": "#0"},
				"up": {"uv": [7, 6.5, 5.5, 6], "rotation": 180, "texture": "#0"},
				"down": {"uv": [1.5, 6.5, 0, 7], "rotation": 180, "texture": "#0"}
			}
		},
		{
			"from": [6.8, 1, 9],
			"to": [8.7, 2, 9.3],
			"faces": {
				"north": {"uv": [0, 8, 0.95, 8.5], "texture": "#0"},
				"east": {"uv": [7, 9.5, 7.5, 10], "texture": "#0"},
				"south": {"uv": [7, 7.5, 8, 8], "texture": "#0"},
				"west": {"uv": [9.5, 6.5, 10, 7], "texture": "#0"},
				"up": {"uv": [9, 0.5, 8, 0], "rotation": 180, "texture": "#0"},
				"down": {"uv": [2, 8, 1, 8.5], "rotation": 180, "texture": "#0"}
			}
		},
		{
			"from": [9, 1, 7.5],
			"to": [9.5, 2, 8.9],
			"faces": {
				"north": {"uv": [9.5, 4, 9.75, 4.5], "texture": "#0"},
				"east": {"uv": [4.5, 9.5, 5, 10], "texture": "#0"},
				"south": {"uv": [7, 3, 7.5, 3.5], "texture": "#0"},
				"west": {"uv": [4, 9.5, 4.5, 10], "texture": "#0"},
				"up": {"uv": [10, 5, 9.5, 4.5], "rotation": 180, "texture": "#0"},
				"down": {"uv": [5.5, 9.5, 5, 10], "rotation": 180, "texture": "#0"}
			}
		},
		{
			"from": [6.25, 2, 8],
			"to": [9.25, 2.6, 8.7],
			"faces": {
				"north": {"uv": [0.5, 7, 2, 7.3], "texture": "#0"},
				"east": {"uv": [4.5, 8, 5, 8.5], "texture": "#0"},
				"south": {"uv": [3, 4, 4.5, 4.5], "texture": "#0"},
				"west": {"uv": [4, 8.5, 4.5, 9], "texture": "#0"},
				"up": {"uv": [4, 10.5, 0, 10], "rotation": 180, "texture": "#0"},
				"down": {"uv": [4.5, 5, 3, 5.5], "rotation": 180, "texture": "#0"}
			}
		}
	],
	"display": {
		"head": {
			"translation": [0, 13.25, 0.75]
		}
	}
}