{
	"credit": "Made with Blockbench",
	"texture_size": [32, 32],
	"textures": {
		"0": "mctc:hats/lovebird",
		"2": "mctc:hats/lb_beak_feet",
		"4": "mctc:hats/lb_heart",
		"particle": "mctc:hats/lovebird"
	},
	"elements": [
		{
			"from": [6.2, 3.6, 6.4],
			"to": [7.8, 4.8, 7.8],
			"rotation": {"angle": 0, "axis": "x", "origin": [0, -0.8, 0.5]},
			"faces": {
				"north": {"uv": [8, 12.5, 16, 16], "texture": "#0"},
				"east": {"uv": [12.5, 0.5, 16, 3.5], "texture": "#0"},
				"south": {"uv": [0, 5.5, 1.5, 6.5], "texture": "#0"},
				"west": {"uv": [12.5, 4, 16, 7], "texture": "#0"},
				"up": {"uv": [3.5, 4.5, 2, 3], "texture": "#0"},
				"down": {"uv": [5, 3, 3.5, 4.5], "texture": "#0"}
			}
		},
		{
			"from": [6.3, 4.8, 6.5],
			"to": [7.7, 5, 7.7],
			"rotation": {"angle": 0, "axis": "x", "origin": [0, -0.8, 0.5]},
			"faces": {
				"north": {"uv": [6.5, 3, 8, 3.5], "texture": "#0"},
				"east": {"uv": [6.5, 3.5, 8, 4], "texture": "#0"},
				"south": {"uv": [6.5, 4, 8, 4.5], "texture": "#0"},
				"west": {"uv": [6.5, 4.5, 8, 5], "texture": "#0"},
				"up": {"uv": [16, 10.5, 12.5, 7.5], "texture": "#0"},
				"down": {"uv": [5.5, 0, 4, 1.5], "texture": "#0"}
			}
		},
		{
			"from": [6.1, -2.2, 7.8],
			"to": [7.9, 0.8, 9.2],
			"rotation": {"angle": -22.5, "axis": "x", "origin": [0, -0.8, 0.5]},
			"faces": {
				"north": {"uv": [15.5, 11.5, 16, 12.5], "texture": "#0"},
				"east": {"uv": [0, 11, 1, 12], "texture": "#0"},
				"south": {"uv": [15.5, 11, 16, 11.5], "texture": "#0"},
				"west": {"uv": [0.5, 11, 1.5, 12], "texture": "#0"},
				"up": {"uv": [16, 12, 15.5, 11], "texture": "#0"},
				"down": {"uv": [16, 11, 15.5, 11.5], "texture": "#0"}
			}
		},
		{
			"from": [5.9, -2, 7.8],
			"to": [6.1, 0.5, 9.2],
			"rotation": {"angle": -22.5, "axis": "x", "origin": [0, -0.8, 0.5]},
			"faces": {
				"north": {"uv": [15.5, 11, 16, 11.5], "texture": "#0"},
				"east": {"uv": [15.5, 11, 16, 11.5], "texture": "#0"},
				"south": {"uv": [15.5, 11, 16, 11.5], "texture": "#0"},
				"west": {"uv": [15.5, 11, 16, 11.5], "texture": "#0"},
				"up": {"uv": [16, 11.5, 15.5, 11], "texture": "#0"},
				"down": {"uv": [16, 11, 15.5, 11.5], "texture": "#0"}
			}
		},
		{
			"from": [7.9, -2, 7.8],
			"to": [8.1, 0.5, 9.2],
			"rotation": {"angle": -22.5, "axis": "x", "origin": [0, -0.8, 0.5]},
			"faces": {
				"north": {"uv": [15.5, 11, 16, 11.5], "texture": "#0"},
				"east": {"uv": [15.5, 11, 16, 11.5], "texture": "#0"},
				"south": {"uv": [15.5, 11, 16, 11.5], "texture": "#0"},
				"west": {"uv": [15.5, 11, 16, 11.5], "texture": "#0"},
				"up": {"uv": [16, 11.5, 15.5, 11], "texture": "#0"},
				"down": {"uv": [16, 11, 15.5, 11.5], "texture": "#0"}
			}
		},
		{
			"from": [5.7, -1.6, 8.1],
			"to": [5.9, 0.2, 9],
			"rotation": {"angle": -22.5, "axis": "x", "origin": [0, -0.8, 0.5]},
			"faces": {
				"north": {"uv": [15, 11, 15.5, 12], "texture": "#0"},
				"east": {"uv": [3.5, 5.5, 4.5, 7], "texture": "#0"},
				"south": {"uv": [15, 11, 15.5, 11.5], "texture": "#0"},
				"west": {"uv": [10, 7, 12, 10.5], "texture": "#0"},
				"up": {"uv": [11, 6.5, 10.5, 4.5], "texture": "#0"},
				"down": {"uv": [15.5, 11.5, 15, 12], "texture": "#0"}
			}
		},
		{
			"from": [5.7, -1.9, 8.2],
			"to": [5.9, -1.6, 9],
			"rotation": {"angle": -22.5, "axis": "x", "origin": [0, -0.8, 0.5]},
			"faces": {
				"north": {"uv": [8, 6, 8.5, 6.5], "texture": "#0"},
				"east": {"uv": [8, 1.5, 9, 2], "texture": "#0"},
				"south": {"uv": [6.5, 8, 7, 8.5], "texture": "#0"},
				"west": {"uv": [8, 3, 9, 3.5], "texture": "#0"},
				"up": {"uv": [4, 9, 3.5, 8], "texture": "#0"},
				"down": {"uv": [8.5, 3.5, 8, 4.5], "texture": "#0"}
			}
		},
		{
			"from": [5.7, -1.3, 7.9],
			"to": [5.9, 0, 8.1],
			"rotation": {"angle": -22.5, "axis": "x", "origin": [0, -0.8, 0.5]},
			"faces": {
				"north": {"uv": [7, 1.5, 7.5, 2.5], "texture": "#0"},
				"east": {"uv": [3.5, 7, 4, 8], "texture": "#0"},
				"south": {"uv": [4, 7, 4.5, 8], "texture": "#0"},
				"west": {"uv": [4.5, 7, 5, 8], "texture": "#0"},
				"up": {"uv": [2, 4.5, 1.5, 4], "texture": "#0"},
				"down": {"uv": [6, 1, 5.5, 1.5], "texture": "#0"}
			}
		},
		{
			"from": [8.1, -1.6, 8.1],
			"to": [8.3, 0.2, 9],
			"rotation": {"angle": -22.5, "axis": "x", "origin": [0, -0.8, 0.5]},
			"faces": {
				"north": {"uv": [15, 11, 15.5, 12], "texture": "#0"},
				"east": {"uv": [10, 0.5, 12, 4], "texture": "#0"},
				"south": {"uv": [15, 12, 15.5, 12.5], "texture": "#0"},
				"west": {"uv": [10, 0.5, 12, 4], "texture": "#0"},
				"up": {"uv": [12, 6.5, 11.5, 4.5], "texture": "#0"},
				"down": {"uv": [15.5, 11.5, 15, 12], "texture": "#0"}
			}
		},
		{
			"from": [8.1, -1.3, 7.9],
			"to": [8.3, 0, 8.1],
			"rotation": {"angle": -22.5, "axis": "x", "origin": [0, -0.8, 0.5]},
			"faces": {
				"north": {"uv": [7, 1.5, 7.5, 2.5], "texture": "#0"},
				"east": {"uv": [3.5, 7, 4, 8], "texture": "#0"},
				"south": {"uv": [4, 7, 4.5, 8], "texture": "#0"},
				"west": {"uv": [4.5, 7, 5, 8], "texture": "#0"},
				"up": {"uv": [2, 4.5, 1.5, 4], "texture": "#0"},
				"down": {"uv": [6, 1, 5.5, 1.5], "texture": "#0"}
			}
		},
		{
			"from": [8.1, -1.9, 8.2],
			"to": [8.3, -1.6, 9],
			"rotation": {"angle": -22.5, "axis": "x", "origin": [0, -0.8, 0.5]},
			"faces": {
				"north": {"uv": [8, 6, 8.5, 6.5], "texture": "#0"},
				"east": {"uv": [8, 1.5, 9, 2], "texture": "#0"},
				"south": {"uv": [6.5, 8, 7, 8.5], "texture": "#0"},
				"west": {"uv": [8, 3, 9, 3.5], "texture": "#0"},
				"up": {"uv": [4, 9, 3.5, 8], "texture": "#0"},
				"down": {"uv": [8.5, 3.5, 8, 4.5], "texture": "#0"}
			}
		},
		{
			"from": [6.3, -6.9, 7.7],
			"to": [7.7, -5.1, 8.1],
			"rotation": {"angle": -45, "axis": "x", "origin": [0, -0.8, 0.5]},
			"faces": {
				"north": {"uv": [4.5, 12.5, 7, 16], "texture": "#0"},
				"east": {"uv": [6, 10, 6.5, 12], "texture": "#0"},
				"south": {"uv": [4.5, 12.5, 7, 16], "texture": "#0"},
				"west": {"uv": [5, 10, 5.5, 12], "texture": "#0"},
				"up": {"uv": [6.5, 10.5, 6, 10], "texture": "#0"},
				"down": {"uv": [7, 11, 6.5, 11.5], "texture": "#0"}
			}
		},
		{
			"from": [6.1, -1.4, 7.6],
			"to": [7.9, 0.6, 7.8],
			"rotation": {"angle": -22.5, "axis": "x", "origin": [0, -0.8, 0.5]},
			"faces": {
				"north": {"uv": [0, 12.5, 3, 16], "texture": "#0"},
				"east": {"uv": [3.5, 14.5, 4, 16], "texture": "#0"},
				"south": {"uv": [0, 0, 2, 1.5], "texture": "#0"},
				"west": {"uv": [3.5, 12.5, 4, 14], "texture": "#0"},
				"up": {"uv": [3, 7, 1, 6.5], "texture": "#0"},
				"down": {"uv": [8.5, 2.5, 6.5, 3], "texture": "#0"}
			}
		},
		{
			"from": [6.2, -1.8, 7.6],
			"to": [7.8, -1.4, 7.8],
			"rotation": {"angle": -22.5, "axis": "x", "origin": [0, -0.8, 0.5]},
			"faces": {
				"north": {"uv": [4, 3, 5, 3.5], "texture": "#0"},
				"east": {"uv": [4, 8, 4.5, 8.5], "texture": "#0"},
				"south": {"uv": [7, 6, 8, 6.5], "texture": "#0"},
				"west": {"uv": [4.5, 8, 5, 8.5], "texture": "#0"},
				"up": {"uv": [8, 7, 7, 6.5], "texture": "#0"},
				"down": {"uv": [8, 7, 7, 7.5], "texture": "#0"}
			}
		},
		{
			"from": [6.2, 0, 8.4],
			"to": [6.6, 1, 8.4],
			"faces": {
				"north": {"uv": [0, 2, 1, 4], "texture": "#2"},
				"east": {"uv": [0, 0, 0, 2], "texture": "#2"},
				"south": {"uv": [2, 0, 3, 2], "texture": "#2"},
				"west": {"uv": [0, 0, 0, 2], "texture": "#2"},
				"up": {"uv": [1, 0, 0, 0], "texture": "#2"},
				"down": {"uv": [1, 0, 0, 0], "texture": "#2"}
			}
		},
		{
			"from": [7.4, 0, 8.4],
			"to": [7.8, 1, 8.4],
			"faces": {
				"north": {"uv": [0, 0, 1, 2], "texture": "#2"},
				"east": {"uv": [0, 0, 0, 2], "texture": "#2"},
				"south": {"uv": [1, 0, 2, 2], "texture": "#2"},
				"west": {"uv": [0, 0, 0, 2], "texture": "#2"},
				"up": {"uv": [1, 0, 0, 0], "texture": "#2"},
				"down": {"uv": [1, 0, 0, 0], "texture": "#2"}
			}
		},
		{
			"from": [7.4, 0, 7.9],
			"to": [7.8, 0, 8.4],
			"faces": {
				"north": {"uv": [0, 0, 1, 0], "texture": "#2"},
				"east": {"uv": [0, 0, 1, 0], "texture": "#2"},
				"south": {"uv": [0, 0, 1, 0], "texture": "#2"},
				"west": {"uv": [0, 0, 1, 0], "texture": "#2"},
				"up": {"uv": [2, 3, 1, 2], "texture": "#2"},
				"down": {"uv": [3, 2, 2, 3], "texture": "#2"}
			}
		},
		{
			"from": [6.2, 0, 7.9],
			"to": [6.6, 0, 8.4],
			"faces": {
				"north": {"uv": [0, 0, 1, 0], "texture": "#2"},
				"east": {"uv": [0, 0, 1, 0], "texture": "#2"},
				"south": {"uv": [0, 0, 1, 0], "texture": "#2"},
				"west": {"uv": [0, 0, 1, 0], "texture": "#2"},
				"up": {"uv": [4, 1, 3, 0], "texture": "#2"},
				"down": {"uv": [2, 3, 1, 4], "texture": "#2"}
			}
		},
		{
			"from": [6.925, 3.8, 6.075],
			"to": [7.075, 4.2, 6.25],
			"rotation": {"angle": 0, "axis": "y", "origin": [0, -0.8, 0.5]},
			"faces": {
				"north": {"uv": [5, 2, 6, 3], "texture": "#2"},
				"east": {"uv": [3, 5, 4, 6], "texture": "#2"},
				"south": {"uv": [5, 3, 6, 4], "texture": "#2"},
				"west": {"uv": [4, 5, 5, 6], "texture": "#2"},
				"up": {"uv": [6, 5, 5, 4], "texture": "#2"},
				"down": {"uv": [6, 5, 5, 6], "texture": "#2"}
			}
		},
		{
			"from": [6.85, 3.9, 6.2],
			"to": [7.15, 4.3, 6.4],
			"rotation": {"angle": 0, "axis": "y", "origin": [0, -0.8, 0.5]},
			"faces": {
				"north": {"uv": [4, 4, 5, 5], "texture": "#2"},
				"east": {"uv": [0, 5, 1, 6], "texture": "#2"},
				"south": {"uv": [5, 0, 6, 1], "texture": "#2"},
				"west": {"uv": [1, 5, 2, 6], "texture": "#2"},
				"up": {"uv": [6, 2, 5, 1], "texture": "#2"},
				"down": {"uv": [3, 5, 2, 6], "texture": "#2"}
			}
		},
		{
			"from": [6.9, 4.3, 6.2],
			"to": [7.1, 4.4, 6.4],
			"rotation": {"angle": 0, "axis": "y", "origin": [0, -0.8, 0.5]},
			"faces": {
				"north": {"uv": [4, 4, 5, 5], "texture": "#2"},
				"east": {"uv": [0, 5, 1, 6], "texture": "#2"},
				"south": {"uv": [5, 0, 6, 1], "texture": "#2"},
				"west": {"uv": [1, 5, 2, 6], "texture": "#2"},
				"up": {"uv": [6, 2, 5, 1], "texture": "#2"},
				"down": {"uv": [3, 5, 2, 6], "texture": "#2"}
			}
		},
		{
			"from": [7.06, 3.82, 6.116],
			"to": [7.18, 3.94, 6.224],
			"rotation": {"angle": 0, "axis": "y", "origin": [7.04, 0, 7.04]},
			"faces": {
				"north": {"uv": [2.5, 4, 2.75, 4.25], "texture": "#4", "tintindex": 0},
				"east": {"uv": [4, 2.5, 4.25, 2.75], "texture": "#4", "tintindex": 0},
				"south": {"uv": [3, 4, 3.25, 4.25], "texture": "#4", "tintindex": 0},
				"west": {"uv": [4, 3, 4.25, 3.25], "texture": "#4", "tintindex": 0},
				"up": {"uv": [3.75, 4.25, 3.5, 4], "texture": "#4", "tintindex": 0},
				"down": {"uv": [4.25, 3.5, 4, 3.75], "texture": "#4", "tintindex": 0}
			}
		},
		{
			"from": [7.18, 3.82, 6.116],
			"to": [7.3, 3.94, 6.224],
			"rotation": {"angle": 0, "axis": "y", "origin": [7.04, 0, 7.04]},
			"faces": {
				"north": {"uv": [4, 4, 4.25, 4.25], "texture": "#4", "tintindex": 0},
				"east": {"uv": [0, 4.5, 0.25, 4.75], "texture": "#4", "tintindex": 0},
				"south": {"uv": [4.5, 0, 4.75, 0.25], "texture": "#4", "tintindex": 0},
				"west": {"uv": [0.5, 4.5, 0.75, 4.75], "texture": "#4", "tintindex": 0},
				"up": {"uv": [4.75, 0.75, 4.5, 0.5], "texture": "#4", "tintindex": 0},
				"down": {"uv": [1.25, 4.5, 1, 4.75], "texture": "#4", "tintindex": 0}
			}
		},
		{
			"from": [7.06, 3.7, 6.116],
			"to": [7.18, 3.82, 6.224],
			"rotation": {"angle": 0, "axis": "y", "origin": [7.04, 0, 7.04]},
			"faces": {
				"north": {"uv": [4.5, 1, 4.75, 1.25], "texture": "#4", "tintindex": 0},
				"east": {"uv": [1.5, 4.5, 1.75, 4.75], "texture": "#4", "tintindex": 0},
				"south": {"uv": [4.5, 1.5, 4.75, 1.75], "texture": "#4", "tintindex": 0},
				"west": {"uv": [2, 4.5, 2.25, 4.75], "texture": "#4", "tintindex": 0},
				"up": {"uv": [4.75, 2.25, 4.5, 2], "texture": "#4", "tintindex": 0},
				"down": {"uv": [2.75, 4.5, 2.5, 4.75], "texture": "#4", "tintindex": 0}
			}
		},
		{
			"from": [6.94, 3.58, 6.116],
			"to": [7.06, 3.7, 6.224],
			"rotation": {"angle": 0, "axis": "y", "origin": [7.04, 0, 7.04]},
			"faces": {
				"north": {"uv": [4.5, 2.5, 4.75, 2.75], "texture": "#4", "tintindex": 0},
				"east": {"uv": [3, 4.5, 3.25, 4.75], "texture": "#4", "tintindex": 0},
				"south": {"uv": [4.5, 3, 4.75, 3.25], "texture": "#4", "tintindex": 0},
				"west": {"uv": [3.5, 4.5, 3.75, 4.75], "texture": "#4", "tintindex": 0},
				"up": {"uv": [4.75, 3.75, 4.5, 3.5], "texture": "#4", "tintindex": 0},
				"down": {"uv": [4.25, 4.5, 4, 4.75], "texture": "#4", "tintindex": 0}
			}
		},
		{
			"from": [6.94, 3.7, 6.116],
			"to": [7.06, 3.82, 6.224],
			"rotation": {"angle": 0, "axis": "y", "origin": [7.04, 0, 7.04]},
			"faces": {
				"north": {"uv": [4.5, 4, 4.75, 4.25], "texture": "#4", "tintindex": 0},
				"east": {"uv": [4.5, 4.5, 4.75, 4.75], "texture": "#4", "tintindex": 0},
				"south": {"uv": [0, 5, 0.25, 5.25], "texture": "#4", "tintindex": 0},
				"west": {"uv": [5, 0, 5.25, 0.25], "texture": "#4", "tintindex": 0},
				"up": {"uv": [0.75, 5.25, 0.5, 5], "texture": "#4", "tintindex": 0},
				"down": {"uv": [5.25, 0.5, 5, 0.75], "texture": "#4", "tintindex": 0}
			}
		},
		{
			"from": [6.82, 3.7, 6.116],
			"to": [6.94, 3.82, 6.224],
			"rotation": {"angle": 0, "axis": "y", "origin": [7.04, 0, 7.04]},
			"faces": {
				"north": {"uv": [1, 5, 1.25, 5.25], "texture": "#4", "tintindex": 0},
				"east": {"uv": [5, 1, 5.25, 1.25], "texture": "#4", "tintindex": 0},
				"south": {"uv": [1.5, 5, 1.75, 5.25], "texture": "#4", "tintindex": 0},
				"west": {"uv": [5, 1.5, 5.25, 1.75], "texture": "#4", "tintindex": 0},
				"up": {"uv": [2.25, 5.25, 2, 5], "texture": "#4", "tintindex": 0},
				"down": {"uv": [5.25, 2, 5, 2.25], "texture": "#4", "tintindex": 0}
			}
		},
		{
			"from": [6.82, 3.82, 6.116],
			"to": [6.94, 3.94, 6.224],
			"rotation": {"angle": 0, "axis": "y", "origin": [7.04, 0, 7.04]},
			"faces": {
				"north": {"uv": [2.5, 5, 2.75, 5.25], "texture": "#4", "tintindex": 0},
				"east": {"uv": [5, 2.5, 5.25, 2.75], "texture": "#4", "tintindex": 0},
				"south": {"uv": [3, 5, 3.25, 5.25], "texture": "#4", "tintindex": 0},
				"west": {"uv": [5, 3, 5.25, 3.25], "texture": "#4", "tintindex": 0},
				"up": {"uv": [3.75, 5.25, 3.5, 5], "texture": "#4", "tintindex": 0},
				"down": {"uv": [5.25, 3.5, 5, 3.75], "texture": "#4", "tintindex": 0}
			}
		},
		{
			"from": [6.7, 3.82, 6.116],
			"to": [6.82, 3.94, 6.224],
			"rotation": {"angle": 0, "axis": "y", "origin": [7.04, 0, 7.04]},
			"faces": {
				"north": {"uv": [4, 5, 4.25, 5.25], "texture": "#4", "tintindex": 0},
				"east": {"uv": [5, 4, 5.25, 4.25], "texture": "#4", "tintindex": 0},
				"south": {"uv": [4.5, 5, 4.75, 5.25], "texture": "#4", "tintindex": 0},
				"west": {"uv": [5, 4.5, 5.25, 4.75], "texture": "#4", "tintindex": 0},
				"up": {"uv": [5.25, 5.25, 5, 5], "texture": "#4", "tintindex": 0},
				"down": {"uv": [0.25, 5.5, 0, 5.75], "texture": "#4", "tintindex": 0}
			}
		},
		{
			"from": [7.3, 3.82, 6.116],
			"to": [7.42, 3.94, 6.224],
			"rotation": {"angle": 0, "axis": "y", "origin": [7.04, 0, 7.04]},
			"faces": {
				"north": {"uv": [5.5, 0, 5.75, 0.25], "texture": "#4", "tintindex": 0},
				"east": {"uv": [0.5, 5.5, 0.75, 5.75], "texture": "#4", "tintindex": 0},
				"south": {"uv": [5.5, 0.5, 5.75, 0.75], "texture": "#4", "tintindex": 0},
				"west": {"uv": [1, 5.5, 1.25, 5.75], "texture": "#4", "tintindex": 0},
				"up": {"uv": [5.75, 1.25, 5.5, 1], "texture": "#4", "tintindex": 0},
				"down": {"uv": [1.75, 5.5, 1.5, 5.75], "texture": "#4", "tintindex": 0}
			}
		},
		{
			"from": [7.42, 3.82, 6.116],
			"to": [7.54, 3.94, 6.224],
			"rotation": {"angle": 0, "axis": "y", "origin": [7.04, 0, 7.04]},
			"faces": {
				"north": {"uv": [5.5, 1.5, 5.75, 1.75], "texture": "#4", "tintindex": 0},
				"east": {"uv": [2, 5.5, 2.25, 5.75], "texture": "#4", "tintindex": 0},
				"south": {"uv": [5.5, 2, 5.75, 2.25], "texture": "#4", "tintindex": 0},
				"west": {"uv": [2.5, 5.5, 2.75, 5.75], "texture": "#4", "tintindex": 0},
				"up": {"uv": [5.75, 2.75, 5.5, 2.5], "texture": "#4", "tintindex": 0},
				"down": {"uv": [3.25, 5.5, 3, 5.75], "texture": "#4", "tintindex": 0}
			}
		},
		{
			"from": [7.42, 3.7, 6.116],
			"to": [7.54, 3.82, 6.224],
			"rotation": {"angle": 0, "axis": "y", "origin": [7.04, 0, 7.04]},
			"faces": {
				"north": {"uv": [5.5, 3, 5.75, 3.25], "texture": "#4", "tintindex": 0},
				"east": {"uv": [3.5, 5.5, 3.75, 5.75], "texture": "#4", "tintindex": 0},
				"south": {"uv": [5.5, 3.5, 5.75, 3.75], "texture": "#4", "tintindex": 0},
				"west": {"uv": [4, 5.5, 4.25, 5.75], "texture": "#4", "tintindex": 0},
				"up": {"uv": [5.75, 4.25, 5.5, 4], "texture": "#4", "tintindex": 0},
				"down": {"uv": [4.75, 5.5, 4.5, 5.75], "texture": "#4", "tintindex": 0}
			}
		},
		{
			"from": [7.54, 3.7, 6.116],
			"to": [7.66, 3.82, 6.224],
			"rotation": {"angle": 0, "axis": "y", "origin": [7.04, 0, 7.04]},
			"faces": {
				"north": {"uv": [5.5, 4.5, 5.75, 4.75], "texture": "#4", "tintindex": 0},
				"east": {"uv": [5, 5.5, 5.25, 5.75], "texture": "#4", "tintindex": 0},
				"south": {"uv": [5.5, 5, 5.75, 5.25], "texture": "#4", "tintindex": 0},
				"west": {"uv": [5.5, 5.5, 5.75, 5.75], "texture": "#4", "tintindex": 0},
				"up": {"uv": [0.25, 6.25, 0, 6], "texture": "#4", "tintindex": 0},
				"down": {"uv": [6.25, 0, 6, 0.25], "texture": "#4", "tintindex": 0}
			}
		},
		{
			"from": [7.54, 3.58, 6.116],
			"to": [7.66, 3.7, 6.224],
			"rotation": {"angle": 0, "axis": "y", "origin": [7.04, 0, 7.04]},
			"faces": {
				"north": {"uv": [0.5, 6, 0.75, 6.25], "texture": "#4", "tintindex": 0},
				"east": {"uv": [6, 0.5, 6.25, 0.75], "texture": "#4", "tintindex": 0},
				"south": {"uv": [1, 6, 1.25, 6.25], "texture": "#4", "tintindex": 0},
				"west": {"uv": [6, 1, 6.25, 1.25], "texture": "#4", "tintindex": 0},
				"up": {"uv": [1.75, 6.25, 1.5, 6], "texture": "#4", "tintindex": 0},
				"down": {"uv": [6.25, 1.5, 6, 1.75], "texture": "#4", "tintindex": 0}
			}
		},
		{
			"from": [7.54, 3.46, 6.116],
			"to": [7.66, 3.58, 6.224],
			"rotation": {"angle": 0, "axis": "y", "origin": [7.04, 0, 7.04]},
			"faces": {
				"north": {"uv": [2, 6, 2.25, 6.25], "texture": "#4", "tintindex": 0},
				"east": {"uv": [6, 2, 6.25, 2.25], "texture": "#4", "tintindex": 0},
				"south": {"uv": [2.5, 6, 2.75, 6.25], "texture": "#4", "tintindex": 0},
				"west": {"uv": [6, 2.5, 6.25, 2.75], "texture": "#4", "tintindex": 0},
				"up": {"uv": [3.25, 6.25, 3, 6], "texture": "#4", "tintindex": 0},
				"down": {"uv": [6.25, 3, 6, 3.25], "texture": "#4", "tintindex": 0}
			}
		},
		{
			"from": [7.54, 3.34, 6.116],
			"to": [7.66, 3.46, 6.224],
			"rotation": {"angle": 0, "axis": "y", "origin": [7.04, 0, 7.04]},
			"faces": {
				"north": {"uv": [3.5, 6, 3.75, 6.25], "texture": "#4", "tintindex": 0},
				"east": {"uv": [6, 3.5, 6.25, 3.75], "texture": "#4", "tintindex": 0},
				"south": {"uv": [4, 6, 4.25, 6.25], "texture": "#4", "tintindex": 0},
				"west": {"uv": [6, 4, 6.25, 4.25], "texture": "#4", "tintindex": 0},
				"up": {"uv": [4.75, 6.25, 4.5, 6], "texture": "#4", "tintindex": 0},
				"down": {"uv": [6.25, 4.5, 6, 4.75], "texture": "#4", "tintindex": 0}
			}
		},
		{
			"from": [7.42, 3.34, 6.116],
			"to": [7.54, 3.46, 6.224],
			"rotation": {"angle": 0, "axis": "y", "origin": [7.04, 0, 7.04]},
			"faces": {
				"north": {"uv": [5, 6, 5.25, 6.25], "texture": "#4", "tintindex": 0},
				"east": {"uv": [6, 5, 6.25, 5.25], "texture": "#4", "tintindex": 0},
				"south": {"uv": [5.5, 6, 5.75, 6.25], "texture": "#4", "tintindex": 0},
				"west": {"uv": [6, 5.5, 6.25, 5.75], "texture": "#4", "tintindex": 0},
				"up": {"uv": [6.25, 6.25, 6, 6], "texture": "#4", "tintindex": 0},
				"down": {"uv": [0.25, 6.5, 0, 6.75], "texture": "#4", "tintindex": 0}
			}
		},
		{
			"from": [7.42, 3.22, 6.116],
			"to": [7.54, 3.34, 6.224],
			"rotation": {"angle": 0, "axis": "y", "origin": [7.04, 0, 7.04]},
			"faces": {
				"north": {"uv": [6.5, 0, 6.75, 0.25], "texture": "#4", "tintindex": 0},
				"east": {"uv": [0.5, 6.5, 0.75, 6.75], "texture": "#4", "tintindex": 0},
				"south": {"uv": [6.5, 0.5, 6.75, 0.75], "texture": "#4", "tintindex": 0},
				"west": {"uv": [1, 6.5, 1.25, 6.75], "texture": "#4", "tintindex": 0},
				"up": {"uv": [6.75, 1.25, 6.5, 1], "texture": "#4", "tintindex": 0},
				"down": {"uv": [1.75, 6.5, 1.5, 6.75], "texture": "#4", "tintindex": 0}
			}
		},
		{
			"from": [7.3, 3.22, 6.116],
			"to": [7.42, 3.34, 6.224],
			"rotation": {"angle": 0, "axis": "y", "origin": [7.04, 0, 7.04]},
			"faces": {
				"north": {"uv": [6.5, 1.5, 6.75, 1.75], "texture": "#4", "tintindex": 0},
				"east": {"uv": [2, 6.5, 2.25, 6.75], "texture": "#4", "tintindex": 0},
				"south": {"uv": [6.5, 2, 6.75, 2.25], "texture": "#4", "tintindex": 0},
				"west": {"uv": [2.5, 6.5, 2.75, 6.75], "texture": "#4", "tintindex": 0},
				"up": {"uv": [6.75, 2.75, 6.5, 2.5], "texture": "#4", "tintindex": 0},
				"down": {"uv": [3.25, 6.5, 3, 6.75], "texture": "#4", "tintindex": 0}
			}
		},
		{
			"from": [7.3, 3.1, 6.116],
			"to": [7.42, 3.22, 6.224],
			"rotation": {"angle": 0, "axis": "y", "origin": [7.04, 0, 7.04]},
			"faces": {
				"north": {"uv": [6.5, 3, 6.75, 3.25], "texture": "#4", "tintindex": 0},
				"east": {"uv": [3.5, 6.5, 3.75, 6.75], "texture": "#4", "tintindex": 0},
				"south": {"uv": [6.5, 3.5, 6.75, 3.75], "texture": "#4", "tintindex": 0},
				"west": {"uv": [4, 6.5, 4.25, 6.75], "texture": "#4", "tintindex": 0},
				"up": {"uv": [6.75, 4.25, 6.5, 4], "texture": "#4", "tintindex": 0},
				"down": {"uv": [4.75, 6.5, 4.5, 6.75], "texture": "#4", "tintindex": 0}
			}
		},
		{
			"from": [7.18, 3.1, 6.116],
			"to": [7.3, 3.22, 6.224],
			"rotation": {"angle": 0, "axis": "y", "origin": [7.04, 0, 7.04]},
			"faces": {
				"north": {"uv": [6.5, 4.5, 6.75, 4.75], "texture": "#4", "tintindex": 0},
				"east": {"uv": [5, 6.5, 5.25, 6.75], "texture": "#4", "tintindex": 0},
				"south": {"uv": [6.5, 5, 6.75, 5.25], "texture": "#4", "tintindex": 0},
				"west": {"uv": [5.5, 6.5, 5.75, 6.75], "texture": "#4", "tintindex": 0},
				"up": {"uv": [6.75, 5.75, 6.5, 5.5], "texture": "#4", "tintindex": 0},
				"down": {"uv": [6.25, 6.5, 6, 6.75], "texture": "#4", "tintindex": 0}
			}
		},
		{
			"from": [7.18, 2.98, 6.116],
			"to": [7.3, 3.1, 6.224],
			"rotation": {"angle": 0, "axis": "y", "origin": [7.04, 0, 7.04]},
			"faces": {
				"north": {"uv": [6.5, 6, 6.75, 6.25], "texture": "#4", "tintindex": 0},
				"east": {"uv": [6.5, 6.5, 6.75, 6.75], "texture": "#4", "tintindex": 0},
				"south": {"uv": [0, 7, 0.25, 7.25], "texture": "#4", "tintindex": 0},
				"west": {"uv": [7, 0, 7.25, 0.25], "texture": "#4", "tintindex": 0},
				"up": {"uv": [0.75, 7.25, 0.5, 7], "texture": "#4", "tintindex": 0},
				"down": {"uv": [7.25, 0.5, 7, 0.75], "texture": "#4", "tintindex": 0}
			}
		},
		{
			"from": [7.06, 2.98, 6.116],
			"to": [7.18, 3.1, 6.224],
			"rotation": {"angle": 0, "axis": "y", "origin": [7.04, 0, 7.04]},
			"faces": {
				"north": {"uv": [1, 7, 1.25, 7.25], "texture": "#4", "tintindex": 0},
				"east": {"uv": [7, 1, 7.25, 1.25], "texture": "#4", "tintindex": 0},
				"south": {"uv": [1.5, 7, 1.75, 7.25], "texture": "#4", "tintindex": 0},
				"west": {"uv": [7, 1.5, 7.25, 1.75], "texture": "#4", "tintindex": 0},
				"up": {"uv": [2.25, 7.25, 2, 7], "texture": "#4", "tintindex": 0},
				"down": {"uv": [7.25, 2, 7, 2.25], "texture": "#4", "tintindex": 0}
			}
		},
		{
			"from": [7.06, 2.86, 6.116],
			"to": [7.18, 2.98, 6.224],
			"rotation": {"angle": 0, "axis": "y", "origin": [7.04, 0, 7.04]},
			"faces": {
				"north": {"uv": [2.5, 7, 2.75, 7.25], "texture": "#4", "tintindex": 0},
				"east": {"uv": [7, 2.5, 7.25, 2.75], "texture": "#4", "tintindex": 0},
				"south": {"uv": [3, 7, 3.25, 7.25], "texture": "#4", "tintindex": 0},
				"west": {"uv": [7, 3, 7.25, 3.25], "texture": "#4", "tintindex": 0},
				"up": {"uv": [3.75, 7.25, 3.5, 7], "texture": "#4", "tintindex": 0},
				"down": {"uv": [7.25, 3.5, 7, 3.75], "texture": "#4", "tintindex": 0}
			}
		},
		{
			"from": [6.94, 2.86, 6.116],
			"to": [7.06, 2.98, 6.224],
			"rotation": {"angle": 0, "axis": "y", "origin": [7.04, 0, 7.04]},
			"faces": {
				"north": {"uv": [4, 7, 4.25, 7.25], "texture": "#4", "tintindex": 0},
				"east": {"uv": [7, 4, 7.25, 4.25], "texture": "#4", "tintindex": 0},
				"south": {"uv": [4.5, 7, 4.75, 7.25], "texture": "#4", "tintindex": 0},
				"west": {"uv": [7, 4.5, 7.25, 4.75], "texture": "#4", "tintindex": 0},
				"up": {"uv": [5.25, 7.25, 5, 7], "texture": "#4", "tintindex": 0},
				"down": {"uv": [7.25, 5, 7, 5.25], "texture": "#4", "tintindex": 0}
			}
		},
		{
			"from": [6.82, 2.86, 6.116],
			"to": [6.94, 2.98, 6.224],
			"rotation": {"angle": 0, "axis": "y", "origin": [7.04, 0, 7.04]},
			"faces": {
				"north": {"uv": [5.5, 7, 5.75, 7.25], "texture": "#4", "tintindex": 0},
				"east": {"uv": [7, 5.5, 7.25, 5.75], "texture": "#4", "tintindex": 0},
				"south": {"uv": [6, 7, 6.25, 7.25], "texture": "#4", "tintindex": 0},
				"west": {"uv": [7, 6, 7.25, 6.25], "texture": "#4", "tintindex": 0},
				"up": {"uv": [6.75, 7.25, 6.5, 7], "texture": "#4", "tintindex": 0},
				"down": {"uv": [7.25, 6.5, 7, 6.75], "texture": "#4", "tintindex": 0}
			}
		},
		{
			"from": [6.58, 3.22, 6.116],
			"to": [6.7, 3.34, 6.224],
			"rotation": {"angle": 0, "axis": "y", "origin": [7.04, 0, 7.04]},
			"faces": {
				"north": {"uv": [7, 7, 7.25, 7.25], "texture": "#4", "tintindex": 0},
				"east": {"uv": [0, 7.5, 0.25, 7.75], "texture": "#4", "tintindex": 0},
				"south": {"uv": [7.5, 0, 7.75, 0.25], "texture": "#4", "tintindex": 0},
				"west": {"uv": [0.5, 7.5, 0.75, 7.75], "texture": "#4", "tintindex": 0},
				"up": {"uv": [7.75, 0.75, 7.5, 0.5], "texture": "#4", "tintindex": 0},
				"down": {"uv": [1.25, 7.5, 1, 7.75], "texture": "#4", "tintindex": 0}
			}
		},
		{
			"from": [6.58, 3.82, 6.116],
			"to": [6.7, 3.94, 6.224],
			"rotation": {"angle": 0, "axis": "y", "origin": [7.04, 0, 7.04]},
			"faces": {
				"north": {"uv": [7.5, 1, 7.75, 1.25], "texture": "#4", "tintindex": 0},
				"east": {"uv": [1.5, 7.5, 1.75, 7.75], "texture": "#4", "tintindex": 0},
				"south": {"uv": [7.5, 1.5, 7.75, 1.75], "texture": "#4", "tintindex": 0},
				"west": {"uv": [2, 7.5, 2.25, 7.75], "texture": "#4", "tintindex": 0},
				"up": {"uv": [7.75, 2.25, 7.5, 2], "texture": "#4", "tintindex": 0},
				"down": {"uv": [2.75, 7.5, 2.5, 7.75], "texture": "#4", "tintindex": 0}
			}
		},
		{
			"from": [6.46, 3.34, 6.116],
			"to": [6.58, 3.46, 6.224],
			"rotation": {"angle": 0, "axis": "y", "origin": [7.04, 0, 7.04]},
			"faces": {
				"north": {"uv": [7.5, 2.5, 7.75, 2.75], "texture": "#4", "tintindex": 0},
				"east": {"uv": [3, 7.5, 3.25, 7.75], "texture": "#4", "tintindex": 0},
				"south": {"uv": [7.5, 3, 7.75, 3.25], "texture": "#4", "tintindex": 0},
				"west": {"uv": [3.5, 7.5, 3.75, 7.75], "texture": "#4", "tintindex": 0},
				"up": {"uv": [7.75, 3.75, 7.5, 3.5], "texture": "#4", "tintindex": 0},
				"down": {"uv": [4.25, 7.5, 4, 7.75], "texture": "#4", "tintindex": 0}
			}
		},
		{
			"from": [6.46, 3.22, 6.116],
			"to": [6.58, 3.34, 6.224],
			"rotation": {"angle": 0, "axis": "y", "origin": [7.04, 0, 7.04]},
			"faces": {
				"north": {"uv": [7.5, 4, 7.75, 4.25], "texture": "#4", "tintindex": 0},
				"east": {"uv": [4.5, 7.5, 4.75, 7.75], "texture": "#4", "tintindex": 0},
				"south": {"uv": [7.5, 4.5, 7.75, 4.75], "texture": "#4", "tintindex": 0},
				"west": {"uv": [5, 7.5, 5.25, 7.75], "texture": "#4", "tintindex": 0},
				"up": {"uv": [7.75, 5.25, 7.5, 5], "texture": "#4", "tintindex": 0},
				"down": {"uv": [5.75, 7.5, 5.5, 7.75], "texture": "#4", "tintindex": 0}
			}
		},
		{
			"from": [6.46, 3.7, 6.116],
			"to": [6.58, 3.82, 6.224],
			"rotation": {"angle": 0, "axis": "y", "origin": [7.04, 0, 7.04]},
			"faces": {
				"north": {"uv": [7.5, 5.5, 7.75, 5.75], "texture": "#4", "tintindex": 0},
				"east": {"uv": [6, 7.5, 6.25, 7.75], "texture": "#4", "tintindex": 0},
				"south": {"uv": [7.5, 6, 7.75, 6.25], "texture": "#4", "tintindex": 0},
				"west": {"uv": [6.5, 7.5, 6.75, 7.75], "texture": "#4", "tintindex": 0},
				"up": {"uv": [7.75, 6.75, 7.5, 6.5], "texture": "#4", "tintindex": 0},
				"down": {"uv": [7.25, 7.5, 7, 7.75], "texture": "#4", "tintindex": 0}
			}
		},
		{
			"from": [6.46, 3.82, 6.116],
			"to": [6.58, 3.94, 6.224],
			"rotation": {"angle": 0, "axis": "y", "origin": [7.04, 0, 7.04]},
			"faces": {
				"north": {"uv": [7.5, 7, 7.75, 7.25], "texture": "#4", "tintindex": 0},
				"east": {"uv": [7.5, 7.5, 7.75, 7.75], "texture": "#4", "tintindex": 0},
				"south": {"uv": [0, 8, 0.25, 8.25], "texture": "#4", "tintindex": 0},
				"west": {"uv": [8, 0, 8.25, 0.25], "texture": "#4", "tintindex": 0},
				"up": {"uv": [0.75, 8.25, 0.5, 8], "texture": "#4", "tintindex": 0},
				"down": {"uv": [8.25, 0.5, 8, 0.75], "texture": "#4", "tintindex": 0}
			}
		},
		{
			"from": [6.34, 3.46, 6.116],
			"to": [6.46, 3.58, 6.224],
			"rotation": {"angle": 0, "axis": "y", "origin": [7.04, 0, 7.04]},
			"faces": {
				"north": {"uv": [1, 8, 1.25, 8.25], "texture": "#4", "tintindex": 0},
				"east": {"uv": [8, 1, 8.25, 1.25], "texture": "#4", "tintindex": 0},
				"south": {"uv": [1.5, 8, 1.75, 8.25], "texture": "#4", "tintindex": 0},
				"west": {"uv": [8, 1.5, 8.25, 1.75], "texture": "#4", "tintindex": 0},
				"up": {"uv": [2.25, 8.25, 2, 8], "texture": "#4", "tintindex": 0},
				"down": {"uv": [8.25, 2, 8, 2.25], "texture": "#4", "tintindex": 0}
			}
		},
		{
			"from": [6.7, 2.98, 6.116],
			"to": [6.82, 3.1, 6.224],
			"rotation": {"angle": 0, "axis": "y", "origin": [7.04, 0, 7.04]},
			"faces": {
				"north": {"uv": [2.5, 8, 2.75, 8.25], "texture": "#4", "tintindex": 0},
				"east": {"uv": [8, 2.5, 8.25, 2.75], "texture": "#4", "tintindex": 0},
				"south": {"uv": [3, 8, 3.25, 8.25], "texture": "#4", "tintindex": 0},
				"west": {"uv": [8, 3, 8.25, 3.25], "texture": "#4", "tintindex": 0},
				"up": {"uv": [3.75, 8.25, 3.5, 8], "texture": "#4", "tintindex": 0},
				"down": {"uv": [8.25, 3.5, 8, 3.75], "texture": "#4", "tintindex": 0}
			}
		},
		{
			"from": [6.7, 3.1, 6.116],
			"to": [6.82, 3.22, 6.224],
			"rotation": {"angle": 0, "axis": "y", "origin": [7.04, 0, 7.04]},
			"faces": {
				"north": {"uv": [4, 8, 4.25, 8.25], "texture": "#4", "tintindex": 0},
				"east": {"uv": [8, 4, 8.25, 4.25], "texture": "#4", "tintindex": 0},
				"south": {"uv": [4.5, 8, 4.75, 8.25], "texture": "#4", "tintindex": 0},
				"west": {"uv": [8, 4.5, 8.25, 4.75], "texture": "#4", "tintindex": 0},
				"up": {"uv": [5.25, 8.25, 5, 8], "texture": "#4", "tintindex": 0},
				"down": {"uv": [8.25, 5, 8, 5.25], "texture": "#4", "tintindex": 0}
			}
		},
		{
			"from": [6.82, 2.98, 6.116],
			"to": [6.94, 3.1, 6.224],
			"rotation": {"angle": 0, "axis": "y", "origin": [7.04, 0, 7.04]},
			"faces": {
				"north": {"uv": [5.5, 8, 5.75, 8.25], "texture": "#4", "tintindex": 0},
				"east": {"uv": [8, 5.5, 8.25, 5.75], "texture": "#4", "tintindex": 0},
				"south": {"uv": [6, 8, 6.25, 8.25], "texture": "#4", "tintindex": 0},
				"west": {"uv": [8, 6, 8.25, 6.25], "texture": "#4", "tintindex": 0},
				"up": {"uv": [6.75, 8.25, 6.5, 8], "texture": "#4", "tintindex": 0},
				"down": {"uv": [8.25, 6.5, 8, 6.75], "texture": "#4", "tintindex": 0}
			}
		},
		{
			"from": [6.34, 3.34, 6.116],
			"to": [6.46, 3.46, 6.224],
			"rotation": {"angle": 0, "axis": "y", "origin": [7.04, 0, 7.04]},
			"faces": {
				"north": {"uv": [7, 8, 7.25, 8.25], "texture": "#4", "tintindex": 0},
				"east": {"uv": [8, 7, 8.25, 7.25], "texture": "#4", "tintindex": 0},
				"south": {"uv": [7.5, 8, 7.75, 8.25], "texture": "#4", "tintindex": 0},
				"west": {"uv": [8, 7.5, 8.25, 7.75], "texture": "#4", "tintindex": 0},
				"up": {"uv": [8.25, 8.25, 8, 8], "texture": "#4", "tintindex": 0},
				"down": {"uv": [0.25, 8.5, 0, 8.75], "texture": "#4", "tintindex": 0}
			}
		},
		{
			"from": [6.58, 3.1, 6.116],
			"to": [6.7, 3.22, 6.224],
			"rotation": {"angle": 0, "axis": "y", "origin": [7.04, 0, 7.04]},
			"faces": {
				"north": {"uv": [8.5, 0, 8.75, 0.25], "texture": "#4", "tintindex": 0},
				"east": {"uv": [0.5, 8.5, 0.75, 8.75], "texture": "#4", "tintindex": 0},
				"south": {"uv": [8.5, 0.5, 8.75, 0.75], "texture": "#4", "tintindex": 0},
				"west": {"uv": [1, 8.5, 1.25, 8.75], "texture": "#4", "tintindex": 0},
				"up": {"uv": [8.75, 1.25, 8.5, 1], "texture": "#4", "tintindex": 0},
				"down": {"uv": [1.75, 8.5, 1.5, 8.75], "texture": "#4", "tintindex": 0}
			}
		},
		{
			"from": [6.34, 3.58, 6.116],
			"to": [6.46, 3.7, 6.224],
			"rotation": {"angle": 0, "axis": "y", "origin": [7.04, 0, 7.04]},
			"faces": {
				"north": {"uv": [8.5, 1.5, 8.75, 1.75], "texture": "#4", "tintindex": 0},
				"east": {"uv": [2, 8.5, 2.25, 8.75], "texture": "#4", "tintindex": 0},
				"south": {"uv": [8.5, 2, 8.75, 2.25], "texture": "#4", "tintindex": 0},
				"west": {"uv": [2.5, 8.5, 2.75, 8.75], "texture": "#4", "tintindex": 0},
				"up": {"uv": [8.75, 2.75, 8.5, 2.5], "texture": "#4", "tintindex": 0},
				"down": {"uv": [3.25, 8.5, 3, 8.75], "texture": "#4", "tintindex": 0}
			}
		},
		{
			"from": [6.34, 3.7, 6.116],
			"to": [6.46, 3.82, 6.224],
			"rotation": {"angle": 0, "axis": "y", "origin": [7.04, 0, 7.04]},
			"faces": {
				"north": {"uv": [8.5, 3, 8.75, 3.25], "texture": "#4", "tintindex": 0},
				"east": {"uv": [3.5, 8.5, 3.75, 8.75], "texture": "#4", "tintindex": 0},
				"south": {"uv": [8.5, 3.5, 8.75, 3.75], "texture": "#4", "tintindex": 0},
				"west": {"uv": [4, 8.5, 4.25, 8.75], "texture": "#4", "tintindex": 0},
				"up": {"uv": [8.75, 4.25, 8.5, 4], "texture": "#4", "tintindex": 0},
				"down": {"uv": [4.75, 8.5, 4.5, 8.75], "texture": "#4", "tintindex": 0}
			}
		},
		{
			"from": [6.58, 3.7, 6.176],
			"to": [6.7, 3.82, 6.176],
			"rotation": {"angle": 0, "axis": "y", "origin": [7.04, 0, 7.04]},
			"faces": {
				"north": {"uv": [0, 0, 0.25, 0.25], "texture": "#4", "tintindex": 0},
				"east": {"uv": [0, 0, 0, 0.25], "texture": "#4", "tintindex": 0},
				"south": {"uv": [0, 0.5, 0.25, 0.75], "texture": "#4", "tintindex": 0},
				"west": {"uv": [0, 0, 0, 0.25], "texture": "#4", "tintindex": 0},
				"up": {"uv": [0.25, 0, 0, 0], "texture": "#4", "tintindex": 0},
				"down": {"uv": [0.25, 0, 0, 0], "texture": "#4", "tintindex": 0}
			}
		},
		{
			"from": [6.7, 3.7, 6.176],
			"to": [6.82, 3.82, 6.176],
			"rotation": {"angle": 0, "axis": "y", "origin": [7.04, 0, 7.04]},
			"faces": {
				"north": {"uv": [0.5, 0, 0.75, 0.25], "texture": "#4", "tintindex": 0},
				"east": {"uv": [0, 0, 0, 0.25], "texture": "#4", "tintindex": 0},
				"south": {"uv": [0.5, 0.5, 0.75, 0.75], "texture": "#4", "tintindex": 0},
				"west": {"uv": [0, 0, 0, 0.25], "texture": "#4", "tintindex": 0},
				"up": {"uv": [0.25, 0, 0, 0], "texture": "#4", "tintindex": 0},
				"down": {"uv": [0.25, 0, 0, 0], "texture": "#4", "tintindex": 0}
			}
		},
		{
			"from": [6.7, 3.58, 6.176],
			"to": [6.82, 3.7, 6.176],
			"rotation": {"angle": 0, "axis": "y", "origin": [7.04, 0, 7.04]},
			"faces": {
				"north": {"uv": [0, 1, 0.25, 1.25], "texture": "#4", "tintindex": 0},
				"east": {"uv": [0, 0, 0, 0.25], "texture": "#4", "tintindex": 0},
				"south": {"uv": [1, 0, 1.25, 0.25], "texture": "#4", "tintindex": 0},
				"west": {"uv": [0, 0, 0, 0.25], "texture": "#4", "tintindex": 0},
				"up": {"uv": [0.25, 0, 0, 0], "texture": "#4", "tintindex": 0},
				"down": {"uv": [0.25, 0, 0, 0], "texture": "#4", "tintindex": 0}
			}
		},
		{
			"from": [6.58, 3.58, 6.176],
			"to": [6.7, 3.7, 6.176],
			"rotation": {"angle": 0, "axis": "y", "origin": [7.04, 0, 7.04]},
			"faces": {
				"north": {"uv": [0.5, 1, 0.75, 1.25], "texture": "#4", "tintindex": 0},
				"east": {"uv": [0, 0, 0, 0.25], "texture": "#4", "tintindex": 0},
				"south": {"uv": [1, 0.5, 1.25, 0.75], "texture": "#4", "tintindex": 0},
				"west": {"uv": [0, 0, 0, 0.25], "texture": "#4", "tintindex": 0},
				"up": {"uv": [0.25, 0, 0, 0], "texture": "#4", "tintindex": 0},
				"down": {"uv": [0.25, 0, 0, 0], "texture": "#4", "tintindex": 0}
			}
		},
		{
			"from": [6.46, 3.58, 6.176],
			"to": [6.58, 3.7, 6.176],
			"rotation": {"angle": 0, "axis": "y", "origin": [7.04, 0, 7.04]},
			"faces": {
				"north": {"uv": [1, 1, 1.25, 1.25], "texture": "#4", "tintindex": 0},
				"east": {"uv": [0, 0, 0, 0.25], "texture": "#4", "tintindex": 0},
				"south": {"uv": [0, 1.5, 0.25, 1.75], "texture": "#4", "tintindex": 0},
				"west": {"uv": [0, 0, 0, 0.25], "texture": "#4", "tintindex": 0},
				"up": {"uv": [0.25, 0, 0, 0], "texture": "#4", "tintindex": 0},
				"down": {"uv": [0.25, 0, 0, 0], "texture": "#4", "tintindex": 0}
			}
		},
		{
			"from": [6.46, 3.46, 6.176],
			"to": [6.58, 3.58, 6.176],
			"rotation": {"angle": 0, "axis": "y", "origin": [7.04, 0, 7.04]},
			"faces": {
				"north": {"uv": [1.5, 0, 1.75, 0.25], "texture": "#4", "tintindex": 0},
				"east": {"uv": [0, 0, 0, 0.25], "texture": "#4", "tintindex": 0},
				"south": {"uv": [0.5, 1.5, 0.75, 1.75], "texture": "#4", "tintindex": 0},
				"west": {"uv": [0, 0, 0, 0.25], "texture": "#4", "tintindex": 0},
				"up": {"uv": [0.25, 0, 0, 0], "texture": "#4", "tintindex": 0},
				"down": {"uv": [0.25, 0, 0, 0], "texture": "#4", "tintindex": 0}
			}
		},
		{
			"from": [6.58, 3.46, 6.176],
			"to": [6.7, 3.58, 6.176],
			"rotation": {"angle": 0, "axis": "y", "origin": [7.04, 0, 7.04]},
			"faces": {
				"north": {"uv": [1.5, 0.5, 1.75, 0.75], "texture": "#4", "tintindex": 0},
				"east": {"uv": [0, 0, 0, 0.25], "texture": "#4", "tintindex": 0},
				"south": {"uv": [1, 1.5, 1.25, 1.75], "texture": "#4", "tintindex": 0},
				"west": {"uv": [0, 0, 0, 0.25], "texture": "#4", "tintindex": 0},
				"up": {"uv": [0.25, 0, 0, 0], "texture": "#4", "tintindex": 0},
				"down": {"uv": [0.25, 0, 0, 0], "texture": "#4", "tintindex": 0}
			}
		},
		{
			"from": [6.7, 3.46, 6.176],
			"to": [6.82, 3.58, 6.176],
			"rotation": {"angle": 0, "axis": "y", "origin": [7.04, 0, 7.04]},
			"faces": {
				"north": {"uv": [1.5, 1, 1.75, 1.25], "texture": "#4", "tintindex": 0},
				"east": {"uv": [0, 0, 0, 0.25], "texture": "#4", "tintindex": 0},
				"south": {"uv": [1.5, 1.5, 1.75, 1.75], "texture": "#4", "tintindex": 0},
				"west": {"uv": [0, 0, 0, 0.25], "texture": "#4", "tintindex": 0},
				"up": {"uv": [0.25, 0, 0, 0], "texture": "#4", "tintindex": 0},
				"down": {"uv": [0.25, 0, 0, 0], "texture": "#4", "tintindex": 0}
			}
		},
		{
			"from": [6.7, 3.34, 6.176],
			"to": [6.82, 3.46, 6.176],
			"rotation": {"angle": 0, "axis": "y", "origin": [7.04, 0, 7.04]},
			"faces": {
				"north": {"uv": [0, 2, 0.25, 2.25], "texture": "#4", "tintindex": 0},
				"east": {"uv": [0, 0, 0, 0.25], "texture": "#4", "tintindex": 0},
				"south": {"uv": [2, 0, 2.25, 0.25], "texture": "#4", "tintindex": 0},
				"west": {"uv": [0, 0, 0, 0.25], "texture": "#4", "tintindex": 0},
				"up": {"uv": [0.25, 0, 0, 0], "texture": "#4", "tintindex": 0},
				"down": {"uv": [0.25, 0, 0, 0], "texture": "#4", "tintindex": 0}
			}
		},
		{
			"from": [6.58, 3.34, 6.176],
			"to": [6.7, 3.46, 6.176],
			"rotation": {"angle": 0, "axis": "y", "origin": [7.04, 0, 7.04]},
			"faces": {
				"north": {"uv": [0.5, 2, 0.75, 2.25], "texture": "#4", "tintindex": 0},
				"east": {"uv": [0, 0, 0, 0.25], "texture": "#4", "tintindex": 0},
				"south": {"uv": [2, 0.5, 2.25, 0.75], "texture": "#4", "tintindex": 0},
				"west": {"uv": [0, 0, 0, 0.25], "texture": "#4", "tintindex": 0},
				"up": {"uv": [0.25, 0, 0, 0], "texture": "#4", "tintindex": 0},
				"down": {"uv": [0.25, 0, 0, 0], "texture": "#4", "tintindex": 0}
			}
		},
		{
			"from": [6.7, 3.22, 6.176],
			"to": [6.82, 3.34, 6.176],
			"rotation": {"angle": 0, "axis": "y", "origin": [7.04, 0, 7.04]},
			"faces": {
				"north": {"uv": [1, 2, 1.25, 2.25], "texture": "#4", "tintindex": 0},
				"east": {"uv": [0, 0, 0, 0.25], "texture": "#4", "tintindex": 0},
				"south": {"uv": [2, 1, 2.25, 1.25], "texture": "#4", "tintindex": 0},
				"west": {"uv": [0, 0, 0, 0.25], "texture": "#4", "tintindex": 0},
				"up": {"uv": [0.25, 0, 0, 0], "texture": "#4", "tintindex": 0},
				"down": {"uv": [0.25, 0, 0, 0], "texture": "#4", "tintindex": 0}
			}
		},
		{
			"from": [6.82, 3.58, 6.176],
			"to": [6.94, 3.7, 6.176],
			"rotation": {"angle": 0, "axis": "y", "origin": [7.04, 0, 7.04]},
			"faces": {
				"north": {"uv": [1.5, 2, 1.75, 2.25], "texture": "#4", "tintindex": 0},
				"east": {"uv": [0, 0, 0, 0.25], "texture": "#4", "tintindex": 0},
				"south": {"uv": [2, 1.5, 2.25, 1.75], "texture": "#4", "tintindex": 0},
				"west": {"uv": [0, 0, 0, 0.25], "texture": "#4", "tintindex": 0},
				"up": {"uv": [0.25, 0, 0, 0], "texture": "#4", "tintindex": 0},
				"down": {"uv": [0.25, 0, 0, 0], "texture": "#4", "tintindex": 0}
			}
		},
		{
			"from": [6.82, 3.46, 6.176],
			"to": [6.94, 3.58, 6.176],
			"rotation": {"angle": 0, "axis": "y", "origin": [7.04, 0, 7.04]},
			"faces": {
				"north": {"uv": [2, 2, 2.25, 2.25], "texture": "#4", "tintindex": 0},
				"east": {"uv": [0, 0, 0, 0.25], "texture": "#4", "tintindex": 0},
				"south": {"uv": [0, 2.5, 0.25, 2.75], "texture": "#4", "tintindex": 0},
				"west": {"uv": [0, 0, 0, 0.25], "texture": "#4", "tintindex": 0},
				"up": {"uv": [0.25, 0, 0, 0], "texture": "#4", "tintindex": 0},
				"down": {"uv": [0.25, 0, 0, 0], "texture": "#4", "tintindex": 0}
			}
		},
		{
			"from": [6.82, 3.34, 6.176],
			"to": [6.94, 3.46, 6.176],
			"rotation": {"angle": 0, "axis": "y", "origin": [7.04, 0, 7.04]},
			"faces": {
				"north": {"uv": [2.5, 0, 2.75, 0.25], "texture": "#4", "tintindex": 0},
				"east": {"uv": [0, 0, 0, 0.25], "texture": "#4", "tintindex": 0},
				"south": {"uv": [0.5, 2.5, 0.75, 2.75], "texture": "#4", "tintindex": 0},
				"west": {"uv": [0, 0, 0, 0.25], "texture": "#4", "tintindex": 0},
				"up": {"uv": [0.25, 0, 0, 0], "texture": "#4", "tintindex": 0},
				"down": {"uv": [0.25, 0, 0, 0], "texture": "#4", "tintindex": 0}
			}
		},
		{
			"from": [6.82, 3.22, 6.176],
			"to": [6.94, 3.34, 6.176],
			"rotation": {"angle": 0, "axis": "y", "origin": [7.04, 0, 7.04]},
			"faces": {
				"north": {"uv": [2.5, 0.5, 2.75, 0.75], "texture": "#4", "tintindex": 0},
				"east": {"uv": [0, 0, 0, 0.25], "texture": "#4", "tintindex": 0},
				"south": {"uv": [1, 2.5, 1.25, 2.75], "texture": "#4", "tintindex": 0},
				"west": {"uv": [0, 0, 0, 0.25], "texture": "#4", "tintindex": 0},
				"up": {"uv": [0.25, 0, 0, 0], "texture": "#4", "tintindex": 0},
				"down": {"uv": [0.25, 0, 0, 0], "texture": "#4", "tintindex": 0}
			}
		},
		{
			"from": [6.82, 3.1, 6.176],
			"to": [6.94, 3.22, 6.176],
			"rotation": {"angle": 0, "axis": "y", "origin": [7.04, 0, 7.04]},
			"faces": {
				"north": {"uv": [2.5, 1, 2.75, 1.25], "texture": "#4", "tintindex": 0},
				"east": {"uv": [0, 0, 0, 0.25], "texture": "#4", "tintindex": 0},
				"south": {"uv": [1.5, 2.5, 1.75, 2.75], "texture": "#4", "tintindex": 0},
				"west": {"uv": [0, 0, 0, 0.25], "texture": "#4", "tintindex": 0},
				"up": {"uv": [0.25, 0, 0, 0], "texture": "#4", "tintindex": 0},
				"down": {"uv": [0.25, 0, 0, 0], "texture": "#4", "tintindex": 0}
			}
		},
		{
			"from": [6.94, 2.98, 6.176],
			"to": [7.06, 3.1, 6.176],
			"rotation": {"angle": 0, "axis": "y", "origin": [7.04, 0, 7.04]},
			"faces": {
				"north": {"uv": [2.5, 1.5, 2.75, 1.75], "texture": "#4", "tintindex": 0},
				"east": {"uv": [0, 0, 0, 0.25], "texture": "#4", "tintindex": 0},
				"south": {"uv": [2, 2.5, 2.25, 2.75], "texture": "#4", "tintindex": 0},
				"west": {"uv": [0, 0, 0, 0.25], "texture": "#4", "tintindex": 0},
				"up": {"uv": [0.25, 0, 0, 0], "texture": "#4", "tintindex": 0},
				"down": {"uv": [0.25, 0, 0, 0], "texture": "#4", "tintindex": 0}
			}
		},
		{
			"from": [6.94, 3.1, 6.176],
			"to": [7.06, 3.22, 6.176],
			"rotation": {"angle": 0, "axis": "y", "origin": [7.04, 0, 7.04]},
			"faces": {
				"north": {"uv": [2.5, 2, 2.75, 2.25], "texture": "#4", "tintindex": 0},
				"east": {"uv": [0, 0, 0, 0.25], "texture": "#4", "tintindex": 0},
				"south": {"uv": [2.5, 2.5, 2.75, 2.75], "texture": "#4", "tintindex": 0},
				"west": {"uv": [0, 0, 0, 0.25], "texture": "#4", "tintindex": 0},
				"up": {"uv": [0.25, 0, 0, 0], "texture": "#4", "tintindex": 0},
				"down": {"uv": [0.25, 0, 0, 0], "texture": "#4", "tintindex": 0}
			}
		},
		{
			"from": [6.94, 3.22, 6.176],
			"to": [7.06, 3.34, 6.176],
			"rotation": {"angle": 0, "axis": "y", "origin": [7.04, 0, 7.04]},
			"faces": {
				"north": {"uv": [0, 3, 0.25, 3.25], "texture": "#4", "tintindex": 0},
				"east": {"uv": [0, 0, 0, 0.25], "texture": "#4", "tintindex": 0},
				"south": {"uv": [3, 0, 3.25, 0.25], "texture": "#4", "tintindex": 0},
				"west": {"uv": [0, 0, 0, 0.25], "texture": "#4", "tintindex": 0},
				"up": {"uv": [0.25, 0, 0, 0], "texture": "#4", "tintindex": 0},
				"down": {"uv": [0.25, 0, 0, 0], "texture": "#4", "tintindex": 0}
			}
		},
		{
			"from": [6.94, 3.34, 6.176],
			"to": [7.06, 3.46, 6.176],
			"rotation": {"angle": 0, "axis": "y", "origin": [7.04, 0, 7.04]},
			"faces": {
				"north": {"uv": [0.5, 3, 0.75, 3.25], "texture": "#4", "tintindex": 0},
				"east": {"uv": [0, 0, 0, 0.25], "texture": "#4", "tintindex": 0},
				"south": {"uv": [3, 0.5, 3.25, 0.75], "texture": "#4", "tintindex": 0},
				"west": {"uv": [0, 0, 0, 0.25], "texture": "#4", "tintindex": 0},
				"up": {"uv": [0.25, 0, 0, 0], "texture": "#4", "tintindex": 0},
				"down": {"uv": [0.25, 0, 0, 0], "texture": "#4", "tintindex": 0}
			}
		},
		{
			"from": [6.94, 3.46, 6.176],
			"to": [7.06, 3.58, 6.176],
			"rotation": {"angle": 0, "axis": "y", "origin": [7.04, 0, 7.04]},
			"faces": {
				"north": {"uv": [1, 3, 1.25, 3.25], "texture": "#4", "tintindex": 0},
				"east": {"uv": [0, 0, 0, 0.25], "texture": "#4", "tintindex": 0},
				"south": {"uv": [3, 1, 3.25, 1.25], "texture": "#4", "tintindex": 0},
				"west": {"uv": [0, 0, 0, 0.25], "texture": "#4", "tintindex": 0},
				"up": {"uv": [0.25, 0, 0, 0], "texture": "#4", "tintindex": 0},
				"down": {"uv": [0.25, 0, 0, 0], "texture": "#4", "tintindex": 0}
			}
		},
		{
			"from": [7.06, 3.58, 6.176],
			"to": [7.18, 3.7, 6.176],
			"rotation": {"angle": 0, "axis": "y", "origin": [7.04, 0, 7.04]},
			"faces": {
				"north": {"uv": [1.5, 3, 1.75, 3.25], "texture": "#4", "tintindex": 0},
				"east": {"uv": [0, 0, 0, 0.25], "texture": "#4", "tintindex": 0},
				"south": {"uv": [3, 1.5, 3.25, 1.75], "texture": "#4", "tintindex": 0},
				"west": {"uv": [0, 0, 0, 0.25], "texture": "#4", "tintindex": 0},
				"up": {"uv": [0.25, 0, 0, 0], "texture": "#4", "tintindex": 0},
				"down": {"uv": [0.25, 0, 0, 0], "texture": "#4", "tintindex": 0}
			}
		},
		{
			"from": [7.18, 3.7, 6.176],
			"to": [7.3, 3.82, 6.176],
			"rotation": {"angle": 0, "axis": "y", "origin": [7.04, 0, 7.04]},
			"faces": {
				"north": {"uv": [2, 3, 2.25, 3.25], "texture": "#4", "tintindex": 0},
				"east": {"uv": [0, 0, 0, 0.25], "texture": "#4", "tintindex": 0},
				"south": {"uv": [3, 2, 3.25, 2.25], "texture": "#4", "tintindex": 0},
				"west": {"uv": [0, 0, 0, 0.25], "texture": "#4", "tintindex": 0},
				"up": {"uv": [0.25, 0, 0, 0], "texture": "#4", "tintindex": 0},
				"down": {"uv": [0.25, 0, 0, 0], "texture": "#4", "tintindex": 0}
			}
		},
		{
			"from": [7.3, 3.7, 6.176],
			"to": [7.42, 3.82, 6.176],
			"rotation": {"angle": 0, "axis": "y", "origin": [7.04, 0, 7.04]},
			"faces": {
				"north": {"uv": [2.5, 3, 2.75, 3.25], "texture": "#4", "tintindex": 0},
				"east": {"uv": [0, 0, 0, 0.25], "texture": "#4", "tintindex": 0},
				"south": {"uv": [3, 2.5, 3.25, 2.75], "texture": "#4", "tintindex": 0},
				"west": {"uv": [0, 0, 0, 0.25], "texture": "#4", "tintindex": 0},
				"up": {"uv": [0.25, 0, 0, 0], "texture": "#4", "tintindex": 0},
				"down": {"uv": [0.25, 0, 0, 0], "texture": "#4", "tintindex": 0}
			}
		},
		{
			"from": [7.42, 3.58, 6.176],
			"to": [7.54, 3.7, 6.176],
			"rotation": {"angle": 0, "axis": "y", "origin": [7.04, 0, 7.04]},
			"faces": {
				"north": {"uv": [3, 3, 3.25, 3.25], "texture": "#4", "tintindex": 0},
				"east": {"uv": [0, 0, 0, 0.25], "texture": "#4", "tintindex": 0},
				"south": {"uv": [0, 3.5, 0.25, 3.75], "texture": "#4", "tintindex": 0},
				"west": {"uv": [0, 0, 0, 0.25], "texture": "#4", "tintindex": 0},
				"up": {"uv": [0.25, 0, 0, 0], "texture": "#4", "tintindex": 0},
				"down": {"uv": [0.25, 0, 0, 0], "texture": "#4", "tintindex": 0}
			}
		},
		{
			"from": [7.3, 3.58, 6.176],
			"to": [7.42, 3.7, 6.176],
			"rotation": {"angle": 0, "axis": "y", "origin": [7.04, 0, 7.04]},
			"faces": {
				"north": {"uv": [3.5, 0, 3.75, 0.25], "texture": "#4", "tintindex": 0},
				"east": {"uv": [0, 0, 0, 0.25], "texture": "#4", "tintindex": 0},
				"south": {"uv": [0.5, 3.5, 0.75, 3.75], "texture": "#4", "tintindex": 0},
				"west": {"uv": [0, 0, 0, 0.25], "texture": "#4", "tintindex": 0},
				"up": {"uv": [0.25, 0, 0, 0], "texture": "#4", "tintindex": 0},
				"down": {"uv": [0.25, 0, 0, 0], "texture": "#4", "tintindex": 0}
			}
		},
		{
			"from": [7.18, 3.58, 6.176],
			"to": [7.3, 3.7, 6.176],
			"rotation": {"angle": 0, "axis": "y", "origin": [7.04, 0, 7.04]},
			"faces": {
				"north": {"uv": [3.5, 0.5, 3.75, 0.75], "texture": "#4", "tintindex": 0},
				"east": {"uv": [0, 0, 0, 0.25], "texture": "#4", "tintindex": 0},
				"south": {"uv": [1, 3.5, 1.25, 3.75], "texture": "#4", "tintindex": 0},
				"west": {"uv": [0, 0, 0, 0.25], "texture": "#4", "tintindex": 0},
				"up": {"uv": [0.25, 0, 0, 0], "texture": "#4", "tintindex": 0},
				"down": {"uv": [0.25, 0, 0, 0], "texture": "#4", "tintindex": 0}
			}
		},
		{
			"from": [7.42, 3.46, 6.176],
			"to": [7.54, 3.58, 6.176],
			"rotation": {"angle": 0, "axis": "y", "origin": [7.04, 0, 7.04]},
			"faces": {
				"north": {"uv": [3.5, 1, 3.75, 1.25], "texture": "#4", "tintindex": 0},
				"east": {"uv": [0, 0, 0, 0.25], "texture": "#4", "tintindex": 0},
				"south": {"uv": [1.5, 3.5, 1.75, 3.75], "texture": "#4", "tintindex": 0},
				"west": {"uv": [0, 0, 0, 0.25], "texture": "#4", "tintindex": 0},
				"up": {"uv": [0.25, 0, 0, 0], "texture": "#4", "tintindex": 0},
				"down": {"uv": [0.25, 0, 0, 0], "texture": "#4", "tintindex": 0}
			}
		},
		{
			"from": [7.3, 3.46, 6.176],
			"to": [7.42, 3.58, 6.176],
			"rotation": {"angle": 0, "axis": "y", "origin": [7.04, 0, 7.04]},
			"faces": {
				"north": {"uv": [3.5, 1.5, 3.75, 1.75], "texture": "#4", "tintindex": 0},
				"east": {"uv": [0, 0, 0, 0.25], "texture": "#4", "tintindex": 0},
				"south": {"uv": [2, 3.5, 2.25, 3.75], "texture": "#4", "tintindex": 0},
				"west": {"uv": [0, 0, 0, 0.25], "texture": "#4", "tintindex": 0},
				"up": {"uv": [0.25, 0, 0, 0], "texture": "#4", "tintindex": 0},
				"down": {"uv": [0.25, 0, 0, 0], "texture": "#4", "tintindex": 0}
			}
		},
		{
			"from": [7.18, 3.46, 6.176],
			"to": [7.3, 3.58, 6.176],
			"rotation": {"angle": 0, "axis": "y", "origin": [7.04, 0, 7.04]},
			"faces": {
				"north": {"uv": [3.5, 2, 3.75, 2.25], "texture": "#4", "tintindex": 0},
				"east": {"uv": [0, 0, 0, 0.25], "texture": "#4", "tintindex": 0},
				"south": {"uv": [2.5, 3.5, 2.75, 3.75], "texture": "#4", "tintindex": 0},
				"west": {"uv": [0, 0, 0, 0.25], "texture": "#4", "tintindex": 0},
				"up": {"uv": [0.25, 0, 0, 0], "texture": "#4", "tintindex": 0},
				"down": {"uv": [0.25, 0, 0, 0], "texture": "#4", "tintindex": 0}
			}
		},
		{
			"from": [7.06, 3.46, 6.176],
			"to": [7.18, 3.58, 6.176],
			"rotation": {"angle": 0, "axis": "y", "origin": [7.04, 0, 7.04]},
			"faces": {
				"north": {"uv": [3.5, 2.5, 3.75, 2.75], "texture": "#4", "tintindex": 0},
				"east": {"uv": [0, 0, 0, 0.25], "texture": "#4", "tintindex": 0},
				"south": {"uv": [3, 3.5, 3.25, 3.75], "texture": "#4", "tintindex": 0},
				"west": {"uv": [0, 0, 0, 0.25], "texture": "#4", "tintindex": 0},
				"up": {"uv": [0.25, 0, 0, 0], "texture": "#4", "tintindex": 0},
				"down": {"uv": [0.25, 0, 0, 0], "texture": "#4", "tintindex": 0}
			}
		},
		{
			"from": [7.3, 3.34, 6.176],
			"to": [7.42, 3.46, 6.176],
			"rotation": {"angle": 0, "axis": "y", "origin": [7.04, 0, 7.04]},
			"faces": {
				"north": {"uv": [3.5, 3, 3.75, 3.25], "texture": "#4", "tintindex": 0},
				"east": {"uv": [0, 0, 0, 0.25], "texture": "#4", "tintindex": 0},
				"south": {"uv": [3.5, 3.5, 3.75, 3.75], "texture": "#4", "tintindex": 0},
				"west": {"uv": [0, 0, 0, 0.25], "texture": "#4", "tintindex": 0},
				"up": {"uv": [0.25, 0, 0, 0], "texture": "#4", "tintindex": 0},
				"down": {"uv": [0.25, 0, 0, 0], "texture": "#4", "tintindex": 0}
			}
		},
		{
			"from": [7.18, 3.34, 6.176],
			"to": [7.3, 3.46, 6.176],
			"rotation": {"angle": 0, "axis": "y", "origin": [7.04, 0, 7.04]},
			"faces": {
				"north": {"uv": [0, 4, 0.25, 4.25], "texture": "#4", "tintindex": 0},
				"east": {"uv": [0, 0, 0, 0.25], "texture": "#4", "tintindex": 0},
				"south": {"uv": [4, 0, 4.25, 0.25], "texture": "#4", "tintindex": 0},
				"west": {"uv": [0, 0, 0, 0.25], "texture": "#4", "tintindex": 0},
				"up": {"uv": [0.25, 0, 0, 0], "texture": "#4", "tintindex": 0},
				"down": {"uv": [0.25, 0, 0, 0], "texture": "#4", "tintindex": 0}
			}
		},
		{
			"from": [7.06, 3.34, 6.176],
			"to": [7.18, 3.46, 6.176],
			"rotation": {"angle": 0, "axis": "y", "origin": [7.04, 0, 7.04]},
			"faces": {
				"north": {"uv": [0.5, 4, 0.75, 4.25], "texture": "#4", "tintindex": 0},
				"east": {"uv": [0, 0, 0, 0.25], "texture": "#4", "tintindex": 0},
				"south": {"uv": [4, 0.5, 4.25, 0.75], "texture": "#4", "tintindex": 0},
				"west": {"uv": [0, 0, 0, 0.25], "texture": "#4", "tintindex": 0},
				"up": {"uv": [0.25, 0, 0, 0], "texture": "#4", "tintindex": 0},
				"down": {"uv": [0.25, 0, 0, 0], "texture": "#4", "tintindex": 0}
			}
		},
		{
			"from": [7.18, 3.22, 6.176],
			"to": [7.3, 3.34, 6.176],
			"rotation": {"angle": 0, "axis": "y", "origin": [7.04, 0, 7.04]},
			"faces": {
				"north": {"uv": [1, 4, 1.25, 4.25], "texture": "#4", "tintindex": 0},
				"east": {"uv": [0, 0, 0, 0.25], "texture": "#4", "tintindex": 0},
				"south": {"uv": [4, 1, 4.25, 1.25], "texture": "#4", "tintindex": 0},
				"west": {"uv": [0, 0, 0, 0.25], "texture": "#4", "tintindex": 0},
				"up": {"uv": [0.25, 0, 0, 0], "texture": "#4", "tintindex": 0},
				"down": {"uv": [0.25, 0, 0, 0], "texture": "#4", "tintindex": 0}
			}
		},
		{
			"from": [7.06, 3.1, 6.176],
			"to": [7.18, 3.22, 6.176],
			"rotation": {"angle": 0, "axis": "y", "origin": [7.04, 0, 7.04]},
			"faces": {
				"north": {"uv": [1.5, 4, 1.75, 4.25], "texture": "#4", "tintindex": 0},
				"east": {"uv": [0, 0, 0, 0.25], "texture": "#4", "tintindex": 0},
				"south": {"uv": [4, 1.5, 4.25, 1.75], "texture": "#4", "tintindex": 0},
				"west": {"uv": [0, 0, 0, 0.25], "texture": "#4", "tintindex": 0},
				"up": {"uv": [0.25, 0, 0, 0], "texture": "#4", "tintindex": 0},
				"down": {"uv": [0.25, 0, 0, 0], "texture": "#4", "tintindex": 0}
			}
		},
		{
			"from": [7.06, 3.22, 6.176],
			"to": [7.18, 3.34, 6.176],
			"rotation": {"angle": 0, "axis": "y", "origin": [7.04, 0, 7.04]},
			"faces": {
				"north": {"uv": [2, 4, 2.25, 4.25], "texture": "#4", "tintindex": 0},
				"east": {"uv": [0, 0, 0, 0.25], "texture": "#4", "tintindex": 0},
				"south": {"uv": [4, 2, 4.25, 2.25], "texture": "#4", "tintindex": 0},
				"west": {"uv": [0, 0, 0, 0.25], "texture": "#4", "tintindex": 0},
				"up": {"uv": [0.25, 0, 0, 0], "texture": "#4", "tintindex": 0},
				"down": {"uv": [0.25, 0, 0, 0], "texture": "#4", "tintindex": 0}
			}
		}
	],
	"display": {
		"thirdperson_righthand": {
			"rotation": [90, 0, 0],
			"translation": [1.5, -2.25, 19.5]
		},
		"thirdperson_lefthand": {
			"rotation": [90, 0, 0],
			"translation": [-0.5, -2.25, 19.5]
		},
		"firstperson_righthand": {
			"translation": [1, 8.75, 4.25]
		},
		"firstperson_lefthand": {
			"translation": [-1, 8.75, 4.25]
		},
		"ground": {
			"translation": [0, 4.75, 0]
		},
		"gui": {
			"rotation": [8, -147, 0],
			"translation": [-2, 13.25, 0],
			"scale": [2.6, 2.6, 2.6]
		},
		"head": {
			"rotation": [0, 8, 0],
			"translation": [4.25, 18.5, 0],
			"scale": [1.5, 1.5, 1.5]
		}
	},
	"groups": [
		0,
		1,
		2,
		3,
		4,
		5,
		6,
		7,
		8,
		9,
		10,
		11,
		12,
		13,
		14,
		15,
		16,
		17,
		18,
		19,
		20,
		{
			"name": "LF",
			"origin": [0, 0, 0],
			"color": 0,
			"children": [21, 22, 23, 24, 25, 26, 27, 28, 29, 30, 31, 32, 33, 34, 35, 36, 37, 38, 39, 40, 41, 42, 43, 44, 45, 46, 47, 48, 49, 50, 51, 52, 53, 54, 55, 56, 57, 58, 59]
		},
		{
			"name": "LL",
			"origin": [0, 0, 0],
			"color": 0,
			"children": [60, 61, 62, 63, 64, 65, 66, 67, 68, 69, 70, 71, 72, 73, 74, 75, 76, 77, 78, 79, 80, 81, 82, 83, 84, 85, 86, 87, 88, 89, 90, 91, 92, 93, 94, 95, 96]
		}
	]
}