{
	"credit": "Made with Blockbench",
	"texture_size": [64, 64],
	"textures": {
		"0": "mctc:hats/mask",
		"particle": "mctc:hats/mask"
	},
	"elements": [
		{
			"name": "color",
			"from": [9, 10, 0],
			"to": [10, 11, 1],
			"faces": {
				"north": {"uv": [1.75, 0.75, 2, 1], "texture": "#0", "tintindex": 0},
				"east": {"uv": [1.75, 1, 2, 1.25], "texture": "#0", "tintindex": 0},
				"south": {"uv": [2, 0.25, 2.25, 0.5], "texture": "#0", "tintindex": 0},
				"west": {"uv": [2, 0.75, 2.25, 1], "texture": "#0", "tintindex": 0},
				"up": {"uv": [2.25, 1.25, 2, 1], "texture": "#0", "tintindex": 0},
				"down": {"uv": [2.5, 0.25, 2.25, 0.5], "texture": "#0", "tintindex": 0}
			}
		},
		{
			"name": "color",
			"from": [8, 9, 0],
			"to": [9, 10, 1],
			"faces": {
				"north": {"uv": [2.25, 0.75, 2.5, 1], "texture": "#0", "tintindex": 0},
				"east": {"uv": [2.25, 1, 2.5, 1.25], "texture": "#0", "tintindex": 0},
				"south": {"uv": [2.5, 0.25, 2.75, 0.5], "texture": "#0", "tintindex": 0},
				"west": {"uv": [2.5, 0.75, 2.75, 1], "texture": "#0", "tintindex": 0},
				"up": {"uv": [2.75, 1.25, 2.5, 1], "texture": "#0", "tintindex": 0},
				"down": {"uv": [3, 0.25, 2.75, 0.5], "texture": "#0", "tintindex": 0}
			}
		},
		{
			"name": "color",
			"from": [7, 9, 0],
			"to": [8, 10, 1],
			"faces": {
				"north": {"uv": [2.75, 0.75, 3, 1], "texture": "#0", "tintindex": 0},
				"east": {"uv": [2.75, 1, 3, 1.25], "texture": "#0", "tintindex": 0},
				"south": {"uv": [2.75, 1.25, 3, 1.5], "texture": "#0", "tintindex": 0},
				"west": {"uv": [2.75, 1.5, 3, 1.75], "texture": "#0", "tintindex": 0},
				"up": {"uv": [3, 2, 2.75, 1.75], "texture": "#0", "tintindex": 0},
				"down": {"uv": [3, 2, 2.75, 2.25], "texture": "#0", "tintindex": 0}
			}
		},
		{
			"name": "color",
			"from": [6, 10, 0],
			"to": [7, 11, 1],
			"faces": {
				"north": {"uv": [2.75, 2.25, 3, 2.5], "texture": "#0", "tintindex": 0},
				"east": {"uv": [2.5, 2.75, 2.75, 3], "texture": "#0", "tintindex": 0},
				"south": {"uv": [2.75, 2.5, 3, 2.75], "texture": "#0", "tintindex": 0},
				"west": {"uv": [2.75, 2.75, 3, 3], "texture": "#0", "tintindex": 0},
				"up": {"uv": [0.25, 3.25, 0, 3], "texture": "#0", "tintindex": 0},
				"down": {"uv": [3.25, 0, 3, 0.25], "texture": "#0", "tintindex": 0}
			}
		},
		{
			"name": "color",
			"from": [5, 4, 0],
			"to": [6, 5, 1],
			"faces": {
				"north": {"uv": [0.25, 3, 0.5, 3.25], "texture": "#0", "tintindex": 0},
				"east": {"uv": [3, 0.25, 3.25, 0.5], "texture": "#0", "tintindex": 0},
				"south": {"uv": [0.5, 3, 0.75, 3.25], "texture": "#0", "tintindex": 0},
				"west": {"uv": [3, 0.5, 3.25, 0.75], "texture": "#0", "tintindex": 0},
				"up": {"uv": [1, 3.25, 0.75, 3], "texture": "#0", "tintindex": 0},
				"down": {"uv": [3.25, 0.75, 3, 1], "texture": "#0", "tintindex": 0}
			}
		},
		{
			"name": "color",
			"from": [4, 3, 0],
			"to": [5, 4, 1],
			"faces": {
				"north": {"uv": [1, 3, 1.25, 3.25], "texture": "#0", "tintindex": 0},
				"east": {"uv": [3, 1, 3.25, 1.25], "texture": "#0", "tintindex": 0},
				"south": {"uv": [1.25, 3, 1.5, 3.25], "texture": "#0", "tintindex": 0},
				"west": {"uv": [3, 1.25, 3.25, 1.5], "texture": "#0", "tintindex": 0},
				"up": {"uv": [3.25, 1.75, 3, 1.5], "texture": "#0", "tintindex": 0},
				"down": {"uv": [3.25, 1.75, 3, 2], "texture": "#0", "tintindex": 0}
			}
		},
		{
			"name": "color",
			"from": [4, 2, 0],
			"to": [5, 3, 1],
			"faces": {
				"north": {"uv": [3, 2, 3.25, 2.25], "texture": "#0", "tintindex": 0},
				"east": {"uv": [3, 2.25, 3.25, 2.5], "texture": "#0", "tintindex": 0},
				"south": {"uv": [2.5, 3, 2.75, 3.25], "texture": "#0", "tintindex": 0},
				"west": {"uv": [3, 2.5, 3.25, 2.75], "texture": "#0", "tintindex": 0},
				"up": {"uv": [3, 3.25, 2.75, 3], "texture": "#0", "tintindex": 0},
				"down": {"uv": [3.25, 2.75, 3, 3], "texture": "#0", "tintindex": 0}
			}
		},
		{
			"name": "color",
			"from": [10, 4, 0],
			"to": [11, 5, 1],
			"faces": {
				"north": {"uv": [3, 3, 3.25, 3.25], "texture": "#0", "tintindex": 0},
				"east": {"uv": [0, 3.25, 0.25, 3.5], "texture": "#0", "tintindex": 0},
				"south": {"uv": [3.25, 0, 3.5, 0.25], "texture": "#0", "tintindex": 0},
				"west": {"uv": [0.25, 3.25, 0.5, 3.5], "texture": "#0", "tintindex": 0},
				"up": {"uv": [3.5, 0.5, 3.25, 0.25], "texture": "#0", "tintindex": 0},
				"down": {"uv": [0.75, 3.25, 0.5, 3.5], "texture": "#0", "tintindex": 0}
			}
		},
		{
			"name": "color",
			"from": [11, 3, 0],
			"to": [12, 4, 1],
			"faces": {
				"north": {"uv": [3.25, 0.5, 3.5, 0.75], "texture": "#0", "tintindex": 0},
				"east": {"uv": [0.75, 3.25, 1, 3.5], "texture": "#0", "tintindex": 0},
				"south": {"uv": [3.25, 0.75, 3.5, 1], "texture": "#0", "tintindex": 0},
				"west": {"uv": [1, 3.25, 1.25, 3.5], "texture": "#0", "tintindex": 0},
				"up": {"uv": [3.5, 1.25, 3.25, 1], "texture": "#0", "tintindex": 0},
				"down": {"uv": [1.5, 3.25, 1.25, 3.5], "texture": "#0", "tintindex": 0}
			}
		},
		{
			"name": "color",
			"from": [11, 2, 0],
			"to": [12, 3, 1],
			"faces": {
				"north": {"uv": [3.25, 1.25, 3.5, 1.5], "texture": "#0", "tintindex": 0},
				"east": {"uv": [3.25, 1.5, 3.5, 1.75], "texture": "#0", "tintindex": 0},
				"south": {"uv": [3.25, 1.75, 3.5, 2], "texture": "#0", "tintindex": 0},
				"west": {"uv": [3.25, 2, 3.5, 2.25], "texture": "#0", "tintindex": 0},
				"up": {"uv": [3.5, 2.5, 3.25, 2.25], "texture": "#0", "tintindex": 0},
				"down": {"uv": [2.75, 3.25, 2.5, 3.5], "texture": "#0", "tintindex": 0}
			}
		},
		{
			"from": [3, 0, 0],
			"to": [13, 1, 1],
			"faces": {
				"north": {"uv": [0.6875, 0.375, 1.3125, 0.4375], "texture": "#0"},
				"east": {"uv": [0.25, 1.125, 0.3125, 1.1875], "texture": "#0"},
				"south": {"uv": [0.6875, 0.4375, 1.3125, 0.5], "texture": "#0"},
				"west": {"uv": [1.3125, 1.25, 1.375, 1.3125], "texture": "#0"},
				"up": {"uv": [1.3125, 0.5625, 0.6875, 0.5], "texture": "#0"},
				"down": {"uv": [1.3125, 0.5625, 0.6875, 0.625], "texture": "#0"}
			}
		},
		{
			"from": [3, 12, 0],
			"to": [13, 13, 1],
			"faces": {
				"north": {"uv": [0.6875, 0.625, 1.3125, 0.6875], "texture": "#0"},
				"east": {"uv": [1.3125, 1.3125, 1.375, 1.375], "texture": "#0"},
				"south": {"uv": [0.6875, 0.6875, 1.3125, 0.75], "texture": "#0"},
				"west": {"uv": [0, 1.375, 0.0625, 1.4375], "texture": "#0"},
				"up": {"uv": [1.3125, 0.8125, 0.6875, 0.75], "texture": "#0"},
				"down": {"uv": [1.3125, 0.8125, 0.6875, 0.875], "texture": "#0"}
			}
		},
		{
			"from": [6, 6, 0],
			"to": [10, 8, 1],
			"faces": {
				"north": {"uv": [0.0625, 0.6875, 0.3125, 0.8125], "texture": "#0"},
				"east": {"uv": [1.25, 0.25, 1.3125, 0.375], "texture": "#0"},
				"south": {"uv": [0.0625, 0.8125, 0.3125, 0.9375], "texture": "#0"},
				"west": {"uv": [0.1875, 1.3125, 0.25, 1.4375], "texture": "#0"},
				"up": {"uv": [1.4375, 1.125, 1.1875, 1.0625], "texture": "#0"},
				"down": {"uv": [1.4375, 1.125, 1.1875, 1.1875], "texture": "#0"}
			}
		},
		{
			"from": [10, 1, 0],
			"to": [11, 4, 1],
			"faces": {
				"north": {"uv": [0.125, 0.9375, 0.1875, 1.125], "texture": "#0"},
				"east": {"uv": [0.25, 0.9375, 0.3125, 1.125], "texture": "#0"},
				"south": {"uv": [0.9375, 0.875, 1.0625, 1.0625], "texture": "#0"},
				"west": {"uv": [0.625, 1.0625, 0.6875, 1.25], "texture": "#0"},
				"up": {"uv": [1.4375, 0.3125, 1.3125, 0.25], "texture": "#0"},
				"down": {"uv": [1.4375, 0.3125, 1.3125, 0.375], "texture": "#0"}
			}
		},
		{
			"from": [5, 1, 0],
			"to": [6, 4, 1],
			"faces": {
				"north": {"uv": [0.5, 1.0625, 0.5625, 1.25], "texture": "#0"},
				"east": {"uv": [1.1875, 1.1875, 1.25, 1.375], "texture": "#0"},
				"south": {"uv": [1.0625, 0.875, 1.1875, 1.0625], "texture": "#0"},
				"west": {"uv": [0.5, 1.25, 0.5625, 1.4375], "texture": "#0"},
				"up": {"uv": [1.4375, 0.4375, 1.3125, 0.375], "texture": "#0"},
				"down": {"uv": [1.4375, 0.4375, 1.3125, 0.5], "texture": "#0"}
			}
		},
		{
			"from": [6, 1, 0],
			"to": [10, 4, 1],
			"faces": {
				"north": {"uv": [0.9375, 1.0625, 1.1875, 1.25], "texture": "#0"},
				"east": {"uv": [0.5625, 1.25, 0.625, 1.4375], "texture": "#0"},
				"south": {"uv": [1.5, 1.0625, 1.75, 1.25], "texture": "#0"},
				"west": {"uv": [0.625, 1.25, 0.6875, 1.4375], "texture": "#0"},
				"up": {"uv": [1.4375, 0.5625, 1.3125, 0.5], "texture": "#0"},
				"down": {"uv": [1.4375, 0.5625, 1.3125, 0.625], "texture": "#0"}
			}
		},
		{
			"from": [12, 1, 0],
			"to": [14, 12, 1],
			"faces": {
				"north": {"uv": [0, 0, 0.125, 0.6875], "texture": "#0"},
				"east": {"uv": [0.5, 0.375, 0.5625, 1.0625], "texture": "#0"},
				"south": {"uv": [0.125, 0, 0.25, 0.6875], "texture": "#0"},
				"west": {"uv": [0.5625, 0.375, 0.625, 1.0625], "texture": "#0"},
				"up": {"uv": [1.4375, 0.6875, 1.3125, 0.625], "texture": "#0"},
				"down": {"uv": [1.4375, 0.6875, 1.3125, 0.75], "texture": "#0"}
			}
		},
		{
			"from": [2, 1, 0],
			"to": [4, 12, 1],
			"faces": {
				"north": {"uv": [0.25, 0, 0.375, 0.6875], "texture": "#0"},
				"east": {"uv": [0.625, 0.375, 0.6875, 1.0625], "texture": "#0"},
				"south": {"uv": [0.375, 0, 0.5, 0.6875], "texture": "#0"},
				"west": {"uv": [0, 0.6875, 0.0625, 1.375], "texture": "#0"},
				"up": {"uv": [1.4375, 0.8125, 1.3125, 0.75], "texture": "#0"},
				"down": {"uv": [1.4375, 0.8125, 1.3125, 0.875], "texture": "#0"}
			}
		},
		{
			"from": [1, 3, 0],
			"to": [2, 11, 1],
			"faces": {
				"north": {"uv": [0.3125, 0.6875, 0.375, 1.1875], "texture": "#0"},
				"east": {"uv": [0.375, 0.6875, 0.4375, 1.1875], "texture": "#0"},
				"south": {"uv": [0.4375, 0.6875, 0.5, 1.1875], "texture": "#0"},
				"west": {"uv": [0.6875, 0.875, 0.75, 1.375], "texture": "#0"},
				"up": {"uv": [1.4375, 0.0625, 1.375, 0], "texture": "#0"},
				"down": {"uv": [1.4375, 0.0625, 1.375, 0.125], "texture": "#0"}
			}
		},
		{
			"from": [14, 3, 0],
			"to": [15, 11, 1],
			"faces": {
				"north": {"uv": [0.75, 0.875, 0.8125, 1.375], "texture": "#0"},
				"east": {"uv": [0.8125, 0.875, 0.875, 1.375], "texture": "#0"},
				"south": {"uv": [0.875, 0.875, 0.9375, 1.375], "texture": "#0"},
				"west": {"uv": [0.0625, 0.9375, 0.125, 1.4375], "texture": "#0"},
				"up": {"uv": [1.4375, 0.1875, 1.375, 0.125], "texture": "#0"},
				"down": {"uv": [1.4375, 0.1875, 1.375, 0.25], "texture": "#0"}
			}
		},
		{
			"from": [10, 9, 0],
			"to": [11, 12, 1],
			"faces": {
				"north": {"uv": [0.5, 0, 0.875, 0.1875], "texture": "#0"},
				"east": {"uv": [0.9375, 1.25, 1, 1.4375], "texture": "#0"},
				"south": {"uv": [0.5, 0.1875, 0.875, 0.375], "texture": "#0"},
				"west": {"uv": [1, 1.25, 1.0625, 1.4375], "texture": "#0"},
				"up": {"uv": [1.25, 0.3125, 0.875, 0.25], "texture": "#0"},
				"down": {"uv": [1.25, 0.3125, 0.875, 0.375], "texture": "#0"}
			}
		},
		{
			"from": [5, 9, 0],
			"to": [6, 12, 1],
			"faces": {
				"north": {"uv": [0.5, 0, 0.875, 0.1875], "texture": "#0"},
				"east": {"uv": [0.9375, 1.25, 1, 1.4375], "texture": "#0"},
				"south": {"uv": [0.5, 0.1875, 0.875, 0.375], "texture": "#0"},
				"west": {"uv": [1, 1.25, 1.0625, 1.4375], "texture": "#0"},
				"up": {"uv": [1.25, 0.3125, 0.875, 0.25], "texture": "#0"},
				"down": {"uv": [1.25, 0.3125, 0.875, 0.375], "texture": "#0"}
			}
		},
		{
			"from": [6, 9, 0],
			"to": [7, 10, 1],
			"faces": {
				"north": {"uv": [0.5, 0, 0.875, 0.1875], "texture": "#0"},
				"east": {"uv": [0.9375, 1.25, 1, 1.4375], "texture": "#0"},
				"south": {"uv": [0.5, 0.1875, 0.875, 0.375], "texture": "#0"},
				"west": {"uv": [1, 1.25, 1.0625, 1.4375], "texture": "#0"},
				"up": {"uv": [1.25, 0.3125, 0.875, 0.25], "texture": "#0"},
				"down": {"uv": [1.25, 0.3125, 0.875, 0.375], "texture": "#0"}
			}
		},
		{
			"from": [9, 9, 0],
			"to": [10, 10, 1],
			"faces": {
				"north": {"uv": [0.5, 0, 0.875, 0.1875], "texture": "#0"},
				"east": {"uv": [0.9375, 1.25, 1, 1.4375], "texture": "#0"},
				"south": {"uv": [0.5, 0.1875, 0.875, 0.375], "texture": "#0"},
				"west": {"uv": [1, 1.25, 1.0625, 1.4375], "texture": "#0"},
				"up": {"uv": [1.25, 0.3125, 0.875, 0.25], "texture": "#0"},
				"down": {"uv": [1.25, 0.3125, 0.875, 0.375], "texture": "#0"}
			}
		},
		{
			"from": [6, 11, 0],
			"to": [10, 12, 1],
			"faces": {
				"north": {"uv": [0.5, 0, 0.875, 0.1875], "texture": "#0"},
				"east": {"uv": [0.9375, 1.25, 1, 1.4375], "texture": "#0"},
				"south": {"uv": [0.5, 0.1875, 0.875, 0.375], "texture": "#0"},
				"west": {"uv": [1, 1.25, 1.0625, 1.4375], "texture": "#0"},
				"up": {"uv": [1.25, 0.3125, 0.875, 0.25], "texture": "#0"},
				"down": {"uv": [1.25, 0.3125, 0.875, 0.375], "texture": "#0"}
			}
		},
		{
			"from": [7, 10, 0],
			"to": [9, 11, 1],
			"faces": {
				"north": {"uv": [0.5, 0, 0.875, 0.1875], "texture": "#0"},
				"east": {"uv": [0.9375, 1.25, 1, 1.4375], "texture": "#0"},
				"south": {"uv": [0.5, 0.1875, 0.875, 0.375], "texture": "#0"},
				"west": {"uv": [1, 1.25, 1.0625, 1.4375], "texture": "#0"},
				"up": {"uv": [1.25, 0.3125, 0.875, 0.25], "texture": "#0"},
				"down": {"uv": [1.25, 0.3125, 0.875, 0.375], "texture": "#0"}
			}
		},
		{
			"from": [4, 9, 0],
			"to": [5, 12, 1],
			"faces": {
				"north": {"uv": [0.25, 1.375, 0.3125, 1.5625], "texture": "#0"},
				"east": {"uv": [0.3125, 1.375, 0.375, 1.4375], "texture": "#0"},
				"south": {"uv": [0.375, 1.375, 0.4375, 1.4375], "texture": "#0"},
				"west": {"uv": [0.4375, 1.375, 0.5, 1.4375], "texture": "#0"},
				"up": {"uv": [0.75, 1.4375, 0.6875, 1.375], "texture": "#0"},
				"down": {"uv": [0.8125, 1.375, 0.75, 1.4375], "texture": "#0"}
			}
		},
		{
			"from": [11, 9, 0],
			"to": [12, 12, 1],
			"faces": {
				"north": {"uv": [0.8125, 1.375, 0.875, 1.5625], "texture": "#0"},
				"east": {"uv": [0.875, 1.375, 0.9375, 1.4375], "texture": "#0"},
				"south": {"uv": [1.1875, 1.375, 1.25, 1.4375], "texture": "#0"},
				"west": {"uv": [1.25, 1.375, 1.3125, 1.4375], "texture": "#0"},
				"up": {"uv": [1.4375, 1.3125, 1.375, 1.25], "texture": "#0"},
				"down": {"uv": [1.375, 1.375, 1.3125, 1.4375], "texture": "#0"}
			}
		},
		{
			"from": [11, 8, 0],
			"to": [12, 9, 1],
			"faces": {
				"north": {"uv": [1.375, 1.3125, 1.4375, 1.375], "texture": "#0"},
				"east": {"uv": [1.375, 1.375, 1.4375, 1.4375], "texture": "#0"},
				"south": {"uv": [0, 1.4375, 0.0625, 1.5], "texture": "#0"},
				"west": {"uv": [1.4375, 0, 1.5, 0.0625], "texture": "#0"},
				"up": {"uv": [0.125, 1.5, 0.0625, 1.4375], "texture": "#0"},
				"down": {"uv": [1.5, 0.0625, 1.4375, 0.125], "texture": "#0"}
			}
		},
		{
			"from": [4, 8, 0],
			"to": [11, 9, 1],
			"faces": {
				"north": {"uv": [1.4375, 0.125, 1.875, 0.1875], "texture": "#0"},
				"east": {"uv": [0.1875, 1.4375, 0.25, 1.5], "texture": "#0"},
				"south": {"uv": [1.4375, 0.1875, 1.5, 0.25], "texture": "#0"},
				"west": {"uv": [0.25, 1.4375, 0.3125, 1.5], "texture": "#0"},
				"up": {"uv": [1.5, 0.3125, 1.4375, 0.25], "texture": "#0"},
				"down": {"uv": [0.375, 1.4375, 0.3125, 1.5], "texture": "#0"}
			}
		},
		{
			"from": [4, 5, 0],
			"to": [6, 8, 1],
			"faces": {
				"north": {"uv": [0.125, 1.125, 0.25, 1.3125], "texture": "#0"},
				"east": {"uv": [1.0625, 1.25, 1.125, 1.4375], "texture": "#0"},
				"south": {"uv": [0.25, 1.1875, 0.375, 1.375], "texture": "#0"},
				"west": {"uv": [1.125, 1.25, 1.1875, 1.4375], "texture": "#0"},
				"up": {"uv": [1.4375, 0.9375, 1.3125, 0.875], "texture": "#0"},
				"down": {"uv": [1.4375, 0.9375, 1.3125, 1], "texture": "#0"}
			}
		},
		{
			"from": [10, 5, 0],
			"to": [12, 8, 1],
			"faces": {
				"north": {"uv": [0.375, 1.1875, 0.5, 1.375], "texture": "#0"},
				"east": {"uv": [1.25, 1.1875, 1.3125, 1.375], "texture": "#0"},
				"south": {"uv": [1.1875, 0.875, 1.3125, 1.0625], "texture": "#0"},
				"west": {"uv": [0.125, 1.3125, 0.1875, 1.5], "texture": "#0"},
				"up": {"uv": [1.4375, 1.0625, 1.3125, 1], "texture": "#0"},
				"down": {"uv": [1.4375, 1.1875, 1.3125, 1.25], "texture": "#0"}
			}
		},
		{
			"from": [6, 4, 0],
			"to": [10, 5, 1],
			"faces": {
				"north": {"uv": [0.875, 0, 1.125, 0.0625], "texture": "#0"},
				"east": {"uv": [0, 1.5, 0.0625, 1.5625], "texture": "#0"},
				"south": {"uv": [0.875, 0.0625, 1.375, 0.125], "texture": "#0"},
				"west": {"uv": [1.5, 0, 1.5625, 0.0625], "texture": "#0"},
				"up": {"uv": [1.375, 0.1875, 0.875, 0.125], "texture": "#0"},
				"down": {"uv": [1.375, 0.1875, 0.875, 0.25], "texture": "#0"}
			}
		},
		{
			"from": [6, 5, 0],
			"to": [10, 6, 1],
			"faces": {
				"north": {"uv": [1.4375, 0.3125, 1.6875, 0.375], "texture": "#0"},
				"east": {"uv": [1.4375, 0.5, 1.5, 0.5625], "texture": "#0"},
				"south": {"uv": [0.375, 1.4375, 0.625, 1.5], "texture": "#0"},
				"west": {"uv": [1.4375, 0.5625, 1.5, 0.625], "texture": "#0"},
				"up": {"uv": [1.6875, 0.4375, 1.4375, 0.375], "texture": "#0"},
				"down": {"uv": [1.6875, 0.4375, 1.4375, 0.5], "texture": "#0"}
			}
		},
		{
			"from": [4, 4, 0],
			"to": [5, 5, 1],
			"faces": {
				"north": {"uv": [1.125, 0, 1.1875, 0.0625], "texture": "#0"},
				"east": {"uv": [1.1875, 0, 1.25, 0.0625], "texture": "#0"},
				"south": {"uv": [1.25, 0, 1.3125, 0.0625], "texture": "#0"},
				"west": {"uv": [1.3125, 0, 1.375, 0.0625], "texture": "#0"},
				"up": {"uv": [0.6875, 1.5, 0.625, 1.4375], "texture": "#0"},
				"down": {"uv": [1.5, 0.625, 1.4375, 0.6875], "texture": "#0"}
			}
		},
		{
			"from": [11, 4, 0],
			"to": [12, 5, 1],
			"faces": {
				"north": {"uv": [0.6875, 1.4375, 0.75, 1.5], "texture": "#0"},
				"east": {"uv": [1.4375, 0.6875, 1.5, 0.75], "texture": "#0"},
				"south": {"uv": [0.75, 1.4375, 0.8125, 1.5], "texture": "#0"},
				"west": {"uv": [1.4375, 0.75, 1.5, 0.8125], "texture": "#0"},
				"up": {"uv": [1.5, 0.875, 1.4375, 0.8125], "texture": "#0"},
				"down": {"uv": [0.9375, 1.4375, 0.875, 1.5], "texture": "#0"}
			}
		},
		{
			"from": [4, 1, 0],
			"to": [5, 2, 1],
			"faces": {
				"north": {"uv": [0.0625, 1.5, 0.125, 1.5625], "texture": "#0"},
				"east": {"uv": [1.5, 0.0625, 1.5625, 0.125], "texture": "#0"},
				"south": {"uv": [0.125, 1.5, 0.1875, 1.5625], "texture": "#0"},
				"west": {"uv": [0.1875, 1.5, 0.25, 1.5625], "texture": "#0"},
				"up": {"uv": [1.5625, 0.25, 1.5, 0.1875], "texture": "#0"},
				"down": {"uv": [1.5625, 0.25, 1.5, 0.3125], "texture": "#0"}
			}
		},
		{
			"from": [11, 1, 0],
			"to": [12, 2, 1],
			"faces": {
				"north": {"uv": [0.3125, 1.5, 0.375, 1.5625], "texture": "#0"},
				"east": {"uv": [0.375, 1.5, 0.4375, 1.5625], "texture": "#0"},
				"south": {"uv": [0.4375, 1.5, 0.5, 1.5625], "texture": "#0"},
				"west": {"uv": [0.5, 1.5, 0.5625, 1.5625], "texture": "#0"},
				"up": {"uv": [1.5625, 0.5625, 1.5, 0.5], "texture": "#0"},
				"down": {"uv": [0.625, 1.5, 0.5625, 1.5625], "texture": "#0"}
			}
		},
		{
			"from": [3, 1, 1],
			"to": [13, 12, 2],
			"faces": {
				"north": {"uv": [1.5, 1.25, 2.75, 2.625], "texture": "#0"},
				"east": {"uv": [1.375, 1.5, 1.5, 2.875], "texture": "#0"},
				"south": {"uv": [0, 1.625, 1.25, 3], "texture": "#0"},
				"west": {"uv": [1.25, 1.625, 1.375, 3], "texture": "#0"},
				"up": {"uv": [2.875, 0.125, 1.625, 0], "texture": "#0"},
				"down": {"uv": [2.875, 0.5, 1.625, 0.625], "texture": "#0"}
			}
		},
		{
			"from": [13, 2, 1],
			"to": [14, 11, 2],
			"faces": {
				"north": {"uv": [2, 2.625, 2.125, 3.75], "texture": "#0"},
				"east": {"uv": [2.125, 2.625, 2.25, 3.75], "texture": "#0"},
				"south": {"uv": [2.25, 2.625, 2.375, 3.75], "texture": "#0"},
				"west": {"uv": [2.375, 2.625, 2.5, 3.75], "texture": "#0"},
				"up": {"uv": [1.75, 1, 1.625, 0.875], "texture": "#0"},
				"down": {"uv": [1.875, 0.25, 1.75, 0.375], "texture": "#0"}
			}
		},
		{
			"from": [2, 2, 1],
			"to": [3, 11, 2],
			"faces": {
				"north": {"uv": [1.5, 2.625, 1.625, 3.75], "texture": "#0"},
				"east": {"uv": [1.625, 2.625, 1.75, 3.75], "texture": "#0"},
				"south": {"uv": [1.75, 2.625, 1.875, 3.75], "texture": "#0"},
				"west": {"uv": [1.875, 2.625, 2, 3.75], "texture": "#0"},
				"up": {"uv": [1.75, 0.75, 1.625, 0.625], "texture": "#0"},
				"down": {"uv": [1.75, 0.75, 1.625, 0.875], "texture": "#0"}
			}
		},
		{
			"from": [1, 6, 1],
			"to": [1, 8, 14],
			"faces": {
				"north": {"uv": [0, 0, 0, 0.5], "texture": "#0"},
				"east": {"uv": [5, 5.25, 8.25, 5.75], "texture": "#0"},
				"south": {"uv": [0, 0, 0, 0.5], "texture": "#0"},
				"west": {"uv": [5, 5.75, 8.25, 6.25], "texture": "#0"},
				"up": {"uv": [0, 3.25, 0, 0], "texture": "#0"},
				"down": {"uv": [0, 0, 0, 3.25], "texture": "#0"}
			}
		},
		{
			"from": [7, 14.4, 0.4],
			"to": [9, 14.4, 14],
			"faces": {
				"north": {"uv": [0, 0, 0.5, 0], "texture": "#0"},
				"east": {"uv": [0, 0, 3.25, 0], "texture": "#0"},
				"south": {"uv": [0, 0, 0.5, 0], "texture": "#0"},
				"west": {"uv": [0, 0, 3.25, 0], "texture": "#0"},
				"up": {"uv": [5, 7.5, 4.5, 4.25], "texture": "#0"},
				"down": {"uv": [1.5, 4.75, 1, 8], "texture": "#0"}
			}
		},
		{
			"from": [15, 6, 1],
			"to": [15, 8, 14],
			"faces": {
				"north": {"uv": [0, 0, 0, 0.5], "texture": "#0"},
				"east": {"uv": [5, 4.25, 8.25, 4.75], "texture": "#0"},
				"south": {"uv": [0, 0, 0, 0.5], "texture": "#0"},
				"west": {"uv": [5, 4.75, 8.25, 5.25], "texture": "#0"},
				"up": {"uv": [0, 3.25, 0, 0], "texture": "#0"},
				"down": {"uv": [0, 0, 0, 3.25], "texture": "#0"}
			}
		},
		{
			"from": [1, 6, 14],
			"to": [15, 8, 14],
			"faces": {
				"north": {"uv": [2.75, 3.75, 6.25, 4.25], "texture": "#0"},
				"east": {"uv": [0, 0, 0, 0.5], "texture": "#0"},
				"south": {"uv": [1, 4.25, 4.5, 4.75], "texture": "#0"},
				"west": {"uv": [0, 0, 0, 0.5], "texture": "#0"},
				"up": {"uv": [3.5, 0, 0, 0], "texture": "#0"},
				"down": {"uv": [3.5, 0, 0, 0], "texture": "#0"}
			}
		},
		{
			"from": [7, 8, 14],
			"to": [9, 14.4, 14],
			"faces": {
				"north": {"uv": [1.5, 4.75, 2, 6.25], "texture": "#0"},
				"east": {"uv": [0, 0, 0, 1.5], "texture": "#0"},
				"south": {"uv": [2, 4.75, 2.5, 6.25], "texture": "#0"},
				"west": {"uv": [0, 0, 0, 1.5], "texture": "#0"},
				"up": {"uv": [0.5, 0, 0, 0], "texture": "#0"},
				"down": {"uv": [0.5, 0, 0, 0], "texture": "#0"}
			}
		},
		{
			"from": [7, 13, 0.4],
			"to": [9, 14.4, 0.4],
			"faces": {
				"north": {"uv": [3.5, 2.25, 4, 2.5], "texture": "#0"},
				"east": {"uv": [0, 0, 0, 0.25], "texture": "#0"},
				"south": {"uv": [1, 4, 1.5, 4.25], "texture": "#0"},
				"west": {"uv": [0, 0, 0, 0.25], "texture": "#0"},
				"up": {"uv": [0.5, 0, 0, 0], "texture": "#0"},
				"down": {"uv": [0.5, 0, 0, 0], "texture": "#0"}
			}
		}
	],
	"display": {
		"thirdperson_righthand": {
			"rotation": [56, 0, 0],
			"translation": [0, -0.75, -2.25],
			"scale": [0.5, 0.5, 0.5]
		},
		"firstperson_righthand": {
			"translation": [5.25, -0.25, 0]
		},
		"firstperson_lefthand": {
			"translation": [0, -0.25, 0]
		},
		"ground": {
			"translation": [0, 0.5, 0],
			"scale": [0.5, 0.5, 0.5]
		},
		"gui": {
			"rotation": [17, -159, 0],
			"translation": [0, 1.25, 0],
			"scale": [0.6, 0.6, 0.6]
		},
		"head": {
			"translation": [0, 1, 0.5]
		},
		"fixed": {
			"translation": [0, 1.25, 6.75]
		}
	}
}