{
	"credit": "Made with Blockbench",
	"textures": {
		"0": "mctc:hats/carb",
		"1": "mctc:hats/ch_base",
		"2": "mctc:hats/ch_antennae",
		"3": "mctc:hats/ch_hearts",
		"4": "mctc:hats/wings",
		"5": "mctc:hats/ca_base",
		"6": "mctc:hats/ca_heart",
		"particle": "mctc:hats/carb"
	},
	"elements": [
		{
			"from": [4, 0, 25],
			"to": [5, 1, 26],
			"rotation": {"angle": 0, "axis": "y", "origin": [0, 0, 21]},
			"faces": {
				"north": {"uv": [0.875, 5.25, 1, 5.375], "texture": "#0"},
				"east": {"uv": [3.5, 5.375, 3.625, 5.5], "texture": "#0"},
				"south": {"uv": [3.625, 5.375, 3.75, 5.5], "texture": "#0"},
				"west": {"uv": [3.75, 5.375, 3.875, 5.5], "texture": "#0"},
				"up": {"uv": [4, 5.5, 3.875, 5.375], "texture": "#0"},
				"down": {"uv": [4.125, 5.375, 4, 5.5], "texture": "#0"}
			}
		},
		{
			"from": [3, 2, 25],
			"to": [4, 3, 26],
			"rotation": {"angle": 0, "axis": "y", "origin": [0, 0, 21]},
			"faces": {
				"north": {"uv": [4.125, 5.375, 4.25, 5.5], "texture": "#0"},
				"east": {"uv": [4.25, 5.375, 4.375, 5.5], "texture": "#0"},
				"south": {"uv": [4.375, 5.375, 4.5, 5.5], "texture": "#0"},
				"west": {"uv": [4.5, 5.375, 4.625, 5.5], "texture": "#0"},
				"up": {"uv": [4.75, 5.5, 4.625, 5.375], "texture": "#0"},
				"down": {"uv": [4.875, 5.375, 4.75, 5.5], "texture": "#0"}
			}
		},
		{
			"from": [2, 3, 24],
			"to": [3, 4, 25],
			"rotation": {"angle": 0, "axis": "y", "origin": [0, 0, 21]},
			"faces": {
				"north": {"uv": [4.875, 5.375, 5, 5.5], "texture": "#0"},
				"east": {"uv": [5, 5.375, 5.125, 5.5], "texture": "#0"},
				"south": {"uv": [5.125, 5.375, 5.25, 5.5], "texture": "#0"},
				"west": {"uv": [5.25, 5.375, 5.375, 5.5], "texture": "#0"},
				"up": {"uv": [5.5, 5.5, 5.375, 5.375], "texture": "#0"},
				"down": {"uv": [0.125, 5.5, 0, 5.625], "texture": "#0"}
			}
		},
		{
			"from": [2, 1, 24],
			"to": [3, 2, 25],
			"rotation": {"angle": 0, "axis": "y", "origin": [0, 0, 21]},
			"faces": {
				"north": {"uv": [0.125, 5.5, 0.25, 5.625], "texture": "#0"},
				"east": {"uv": [0.25, 5.5, 0.375, 5.625], "texture": "#0"},
				"south": {"uv": [0.375, 5.5, 0.5, 5.625], "texture": "#0"},
				"west": {"uv": [0.5, 5.5, 0.625, 5.625], "texture": "#0"},
				"up": {"uv": [0.75, 5.625, 0.625, 5.5], "texture": "#0"},
				"down": {"uv": [0.875, 5.5, 0.75, 5.625], "texture": "#0"}
			}
		},
		{
			"from": [13, 3, 24],
			"to": [14, 5, 25],
			"rotation": {"angle": 0, "axis": "y", "origin": [0, 0, 21]},
			"faces": {
				"north": {"uv": [3.375, 4.875, 3.5, 5.125], "texture": "#0"},
				"east": {"uv": [3.5, 4.875, 3.625, 5.125], "texture": "#0"},
				"south": {"uv": [1.5, 5.125, 1.625, 5.375], "texture": "#0"},
				"west": {"uv": [1.625, 5.125, 1.75, 5.375], "texture": "#0"},
				"up": {"uv": [1, 5.625, 0.875, 5.5], "texture": "#0"},
				"down": {"uv": [1.625, 5.5, 1.5, 5.625], "texture": "#0"}
			}
		},
		{
			"from": [14, 5, 24],
			"to": [15, 6, 25],
			"rotation": {"angle": 0, "axis": "y", "origin": [0, 0, 21]},
			"faces": {
				"north": {"uv": [1.625, 5.5, 1.75, 5.625], "texture": "#0"},
				"east": {"uv": [1.75, 5.5, 1.875, 5.625], "texture": "#0"},
				"south": {"uv": [2.375, 5.5, 2.5, 5.625], "texture": "#0"},
				"west": {"uv": [2.5, 5.5, 2.625, 5.625], "texture": "#0"},
				"up": {"uv": [3.625, 5.625, 3.5, 5.5], "texture": "#0"},
				"down": {"uv": [3.75, 5.5, 3.625, 5.625], "texture": "#0"}
			}
		},
		{
			"from": [14, 4, 24],
			"to": [15, 5, 25],
			"rotation": {"angle": 0, "axis": "y", "origin": [0, 0, 21]},
			"faces": {
				"north": {"uv": [3.75, 5.5, 3.875, 5.625], "texture": "#0"},
				"east": {"uv": [3.875, 5.5, 4, 5.625], "texture": "#0"},
				"south": {"uv": [4, 5.5, 4.125, 5.625], "texture": "#0"},
				"west": {"uv": [4.125, 5.5, 4.25, 5.625], "texture": "#0"},
				"up": {"uv": [4.375, 5.625, 4.25, 5.5], "texture": "#0"},
				"down": {"uv": [4.5, 5.5, 4.375, 5.625], "texture": "#0"}
			}
		},
		{
			"from": [15, 5, 24],
			"to": [16, 6, 25],
			"rotation": {"angle": 0, "axis": "y", "origin": [0, 0, 21]},
			"faces": {
				"north": {"uv": [4.5, 5.5, 4.625, 5.625], "texture": "#0"},
				"east": {"uv": [4.625, 5.5, 4.75, 5.625], "texture": "#0"},
				"south": {"uv": [4.75, 5.5, 4.875, 5.625], "texture": "#0"},
				"west": {"uv": [4.875, 5.5, 5, 5.625], "texture": "#0"},
				"up": {"uv": [5.125, 5.625, 5, 5.5], "texture": "#0"},
				"down": {"uv": [5.25, 5.5, 5.125, 5.625], "texture": "#0"}
			}
		},
		{
			"from": [12, 5, 24],
			"to": [13, 6, 25],
			"rotation": {"angle": 0, "axis": "y", "origin": [0, 0, 21]},
			"faces": {
				"north": {"uv": [5.25, 5.5, 5.375, 5.625], "texture": "#0"},
				"east": {"uv": [5.375, 5.5, 5.5, 5.625], "texture": "#0"},
				"south": {"uv": [5.5, 5.375, 5.625, 5.5], "texture": "#0"},
				"west": {"uv": [5.5, 5.5, 5.625, 5.625], "texture": "#0"},
				"up": {"uv": [0.125, 5.75, 0, 5.625], "texture": "#0"},
				"down": {"uv": [0.25, 5.625, 0.125, 5.75], "texture": "#0"}
			}
		},
		{
			"from": [14, 4, 23],
			"to": [15, 5, 24],
			"rotation": {"angle": 0, "axis": "y", "origin": [0, 0, 21]},
			"faces": {
				"north": {"uv": [0.25, 5.625, 0.375, 5.75], "texture": "#0"},
				"east": {"uv": [0.375, 5.625, 0.5, 5.75], "texture": "#0"},
				"south": {"uv": [0.5, 5.625, 0.625, 5.75], "texture": "#0"},
				"west": {"uv": [0.625, 5.625, 0.75, 5.75], "texture": "#0"},
				"up": {"uv": [0.875, 5.75, 0.75, 5.625], "texture": "#0"},
				"down": {"uv": [1, 5.625, 0.875, 5.75], "texture": "#0"}
			}
		},
		{
			"from": [14, 6, 24],
			"to": [15, 7, 25],
			"rotation": {"angle": 0, "axis": "y", "origin": [0, 0, 21]},
			"faces": {
				"north": {"uv": [1.5, 5.625, 1.625, 5.75], "texture": "#0"},
				"east": {"uv": [1.625, 5.625, 1.75, 5.75], "texture": "#0"},
				"south": {"uv": [1.75, 5.625, 1.875, 5.75], "texture": "#0"},
				"west": {"uv": [2.375, 5.625, 2.5, 5.75], "texture": "#0"},
				"up": {"uv": [2.625, 5.75, 2.5, 5.625], "texture": "#0"},
				"down": {"uv": [2.75, 5.625, 2.625, 5.75], "texture": "#0"}
			}
		},
		{
			"from": [13, 7, 23],
			"to": [15, 8, 24],
			"rotation": {"angle": 0, "axis": "y", "origin": [0, 0, 21]},
			"faces": {
				"north": {"uv": [3.375, 5.125, 3.625, 5.25], "texture": "#0"},
				"east": {"uv": [2.75, 5.625, 2.875, 5.75], "texture": "#0"},
				"south": {"uv": [4.375, 5.25, 4.625, 5.375], "texture": "#0"},
				"west": {"uv": [2.875, 5.625, 3, 5.75], "texture": "#0"},
				"up": {"uv": [1.75, 5.5, 1.5, 5.375], "texture": "#0"},
				"down": {"uv": [2.625, 5.375, 2.375, 5.5], "texture": "#0"}
			}
		},
		{
			"from": [15, 5, 23],
			"to": [16, 7, 24],
			"rotation": {"angle": 0, "axis": "y", "origin": [0, 0, 21]},
			"faces": {
				"north": {"uv": [1.75, 5.25, 1.875, 5.5], "texture": "#0"},
				"east": {"uv": [2.625, 5.375, 2.75, 5.625], "texture": "#0"},
				"south": {"uv": [2.75, 5.375, 2.875, 5.625], "texture": "#0"},
				"west": {"uv": [2.875, 5.375, 3, 5.625], "texture": "#0"},
				"up": {"uv": [3.125, 5.75, 3, 5.625], "texture": "#0"},
				"down": {"uv": [3.25, 5.625, 3.125, 5.75], "texture": "#0"}
			}
		},
		{
			"from": [12, 2, 25],
			"to": [13, 3, 26],
			"rotation": {"angle": 0, "axis": "y", "origin": [0, 0, 21]},
			"faces": {
				"north": {"uv": [3.25, 5.625, 3.375, 5.75], "texture": "#0"},
				"east": {"uv": [3.375, 5.625, 3.5, 5.75], "texture": "#0"},
				"south": {"uv": [3.5, 5.625, 3.625, 5.75], "texture": "#0"},
				"west": {"uv": [3.625, 5.625, 3.75, 5.75], "texture": "#0"},
				"up": {"uv": [3.875, 5.75, 3.75, 5.625], "texture": "#0"},
				"down": {"uv": [4, 5.625, 3.875, 5.75], "texture": "#0"}
			}
		},
		{
			"from": [3, 0, 27],
			"to": [4, 1, 28],
			"rotation": {"angle": 0, "axis": "y", "origin": [0, 0, 21]},
			"faces": {
				"north": {"uv": [4, 5.625, 4.125, 5.75], "texture": "#0"},
				"east": {"uv": [4.125, 5.625, 4.25, 5.75], "texture": "#0"},
				"south": {"uv": [4.25, 5.625, 4.375, 5.75], "texture": "#0"},
				"west": {"uv": [4.375, 5.625, 4.5, 5.75], "texture": "#0"},
				"up": {"uv": [4.625, 5.75, 4.5, 5.625], "texture": "#0"},
				"down": {"uv": [4.75, 5.625, 4.625, 5.75], "texture": "#0"}
			}
		},
		{
			"from": [3, 0, 29],
			"to": [4, 1, 30],
			"rotation": {"angle": 0, "axis": "y", "origin": [0, 0, 21]},
			"faces": {
				"north": {"uv": [4.75, 5.625, 4.875, 5.75], "texture": "#0"},
				"east": {"uv": [4.875, 5.625, 5, 5.75], "texture": "#0"},
				"south": {"uv": [5.625, 4.875, 5.75, 5], "texture": "#0"},
				"west": {"uv": [5, 5.625, 5.125, 5.75], "texture": "#0"},
				"up": {"uv": [5.75, 5.125, 5.625, 5], "texture": "#0"},
				"down": {"uv": [5.25, 5.625, 5.125, 5.75], "texture": "#0"}
			}
		},
		{
			"from": [5, 0, 31],
			"to": [6, 1, 32],
			"rotation": {"angle": 0, "axis": "y", "origin": [0, 0, 21]},
			"faces": {
				"north": {"uv": [5.625, 5.125, 5.75, 5.25], "texture": "#0"},
				"east": {"uv": [5.25, 5.625, 5.375, 5.75], "texture": "#0"},
				"south": {"uv": [5.625, 5.25, 5.75, 5.375], "texture": "#0"},
				"west": {"uv": [5.375, 5.625, 5.5, 5.75], "texture": "#0"},
				"up": {"uv": [5.75, 5.5, 5.625, 5.375], "texture": "#0"},
				"down": {"uv": [5.625, 5.625, 5.5, 5.75], "texture": "#0"}
			}
		},
		{
			"from": [10, 0, 31],
			"to": [11, 1, 32],
			"rotation": {"angle": 0, "axis": "y", "origin": [0, 0, 21]},
			"faces": {
				"north": {"uv": [5.625, 5.5, 5.75, 5.625], "texture": "#0"},
				"east": {"uv": [5.625, 5.625, 5.75, 5.75], "texture": "#0"},
				"south": {"uv": [0, 5.75, 0.125, 5.875], "texture": "#0"},
				"west": {"uv": [5.75, 0, 5.875, 0.125], "texture": "#0"},
				"up": {"uv": [0.25, 5.875, 0.125, 5.75], "texture": "#0"},
				"down": {"uv": [5.875, 0.125, 5.75, 0.25], "texture": "#0"}
			}
		},
		{
			"from": [12, 0, 29],
			"to": [13, 1, 30],
			"rotation": {"angle": 0, "axis": "y", "origin": [0, 0, 21]},
			"faces": {
				"north": {"uv": [0.25, 5.75, 0.375, 5.875], "texture": "#0"},
				"east": {"uv": [5.75, 0.25, 5.875, 0.375], "texture": "#0"},
				"south": {"uv": [0.375, 5.75, 0.5, 5.875], "texture": "#0"},
				"west": {"uv": [5.75, 0.375, 5.875, 0.5], "texture": "#0"},
				"up": {"uv": [0.625, 5.875, 0.5, 5.75], "texture": "#0"},
				"down": {"uv": [5.875, 0.5, 5.75, 0.625], "texture": "#0"}
			}
		},
		{
			"from": [12, 0, 27],
			"to": [13, 1, 28],
			"rotation": {"angle": 0, "axis": "y", "origin": [0, 0, 21]},
			"faces": {
				"north": {"uv": [0.625, 5.75, 0.75, 5.875], "texture": "#0"},
				"east": {"uv": [5.75, 0.625, 5.875, 0.75], "texture": "#0"},
				"south": {"uv": [0.75, 5.75, 0.875, 5.875], "texture": "#0"},
				"west": {"uv": [5.75, 0.75, 5.875, 0.875], "texture": "#0"},
				"up": {"uv": [1, 5.875, 0.875, 5.75], "texture": "#0"},
				"down": {"uv": [5.875, 0.875, 5.75, 1], "texture": "#0"}
			}
		},
		{
			"from": [11, 0, 25],
			"to": [12, 1, 26],
			"rotation": {"angle": 0, "axis": "y", "origin": [0, 0, 21]},
			"faces": {
				"north": {"uv": [1, 5.75, 1.125, 5.875], "texture": "#0"},
				"east": {"uv": [5.75, 1, 5.875, 1.125], "texture": "#0"},
				"south": {"uv": [1.125, 5.75, 1.25, 5.875], "texture": "#0"},
				"west": {"uv": [5.75, 1.125, 5.875, 1.25], "texture": "#0"},
				"up": {"uv": [1.375, 5.875, 1.25, 5.75], "texture": "#0"},
				"down": {"uv": [1.5, 5.75, 1.375, 5.875], "texture": "#0"}
			}
		},
		{
			"from": [4, 0, 27],
			"to": [12, 4, 31],
			"rotation": {"angle": 0, "axis": "y", "origin": [0, 0, 21]},
			"faces": {
				"north": {"uv": [4.875, 1.375, 5.875, 2], "texture": "#0"},
				"east": {"uv": [1, 5.125, 1.5, 5.75], "texture": "#0"},
				"south": {"uv": [4.875, 4.25, 5.875, 4.875], "texture": "#0"},
				"west": {"uv": [1.875, 5.125, 2.375, 5.75], "texture": "#0"},
				"up": {"uv": [5.875, 3.625, 4.875, 3.125], "texture": "#0"},
				"down": {"uv": [5.625, 4.875, 4.625, 5.375], "texture": "#0"}
			}
		},
		{
			"from": [4, 3, 26],
			"to": [12, 4, 27],
			"rotation": {"angle": 0, "axis": "y", "origin": [0, 0, 21]},
			"faces": {
				"north": {"uv": [5, 2, 6, 2.25], "texture": "#0"},
				"east": {"uv": [3, 5.375, 3.125, 5.625], "texture": "#0"},
				"south": {"uv": [5.125, 2.25, 6.125, 2.5], "texture": "#0"},
				"west": {"uv": [3.125, 5.375, 3.25, 5.625], "texture": "#0"},
				"up": {"uv": [6, 1.375, 5, 1.25], "texture": "#0"},
				"down": {"uv": [6.125, 3, 5.125, 3.125], "texture": "#0"}
			}
		},
		{
			"from": [4, 2, 26],
			"to": [5, 3, 27],
			"rotation": {"angle": 0, "axis": "y", "origin": [0, 0, 21]},
			"faces": {
				"north": {"uv": [1.5, 5.75, 1.625, 5.875], "texture": "#0"},
				"east": {"uv": [1.625, 5.75, 1.75, 5.875], "texture": "#0"},
				"south": {"uv": [1.75, 5.75, 1.875, 5.875], "texture": "#0"},
				"west": {"uv": [1.875, 5.75, 2, 5.875], "texture": "#0"},
				"up": {"uv": [2.125, 5.875, 2, 5.75], "texture": "#0"},
				"down": {"uv": [2.25, 5.75, 2.125, 5.875], "texture": "#0"}
			}
		},
		{
			"from": [11, 2, 26],
			"to": [12, 3, 27],
			"rotation": {"angle": 0, "axis": "y", "origin": [0, 0, 21]},
			"faces": {
				"north": {"uv": [2.25, 5.75, 2.375, 5.875], "texture": "#0"},
				"east": {"uv": [2.375, 5.75, 2.5, 5.875], "texture": "#0"},
				"south": {"uv": [2.5, 5.75, 2.625, 5.875], "texture": "#0"},
				"west": {"uv": [2.625, 5.75, 2.75, 5.875], "texture": "#0"},
				"up": {"uv": [2.875, 5.875, 2.75, 5.75], "texture": "#0"},
				"down": {"uv": [5.875, 2.75, 5.75, 2.875], "texture": "#0"}
			}
		},
		{
			"from": [4, 0, 26],
			"to": [12, 2, 27],
			"rotation": {"angle": 0, "axis": "y", "origin": [0, 0, 21]},
			"faces": {
				"north": {"uv": [2.375, 5.125, 3.375, 5.375], "texture": "#0"},
				"east": {"uv": [3.25, 5.375, 3.375, 5.625], "texture": "#0"},
				"south": {"uv": [5.125, 2.5, 6.125, 2.75], "texture": "#0"},
				"west": {"uv": [3.375, 5.375, 3.5, 5.625], "texture": "#0"},
				"up": {"uv": [4.375, 5.375, 3.375, 5.25], "texture": "#0"},
				"down": {"uv": [6.25, 3.625, 5.25, 3.75], "texture": "#0"}
			}
		},
		{
			"from": [6, 2, 26],
			"to": [10, 3, 27],
			"rotation": {"angle": 0, "axis": "y", "origin": [0, 0, 21]},
			"faces": {
				"north": {"uv": [5.25, 4, 5.75, 4.125], "texture": "#0"},
				"east": {"uv": [2.875, 5.75, 3, 5.875], "texture": "#0"},
				"south": {"uv": [5.25, 4.125, 5.75, 4.25], "texture": "#0"},
				"west": {"uv": [5.75, 2.875, 5.875, 3], "texture": "#0"},
				"up": {"uv": [0.5, 5.5, 0, 5.375], "texture": "#0"},
				"down": {"uv": [1, 5.375, 0.5, 5.5], "texture": "#0"}
			}
		},
		{
			"from": [5, 4, 26],
			"to": [11, 5, 31],
			"rotation": {"angle": 0, "axis": "y", "origin": [0, 0, 21]},
			"faces": {
				"north": {"uv": [0.125, 5.25, 0.875, 5.375], "texture": "#0"},
				"east": {"uv": [4, 5.125, 4.625, 5.25], "texture": "#0"},
				"south": {"uv": [5.25, 3.75, 6, 3.875], "texture": "#0"},
				"west": {"uv": [5.25, 3.875, 5.875, 4], "texture": "#0"},
				"up": {"uv": [5.75, 0.625, 5, 0], "texture": "#0"},
				"down": {"uv": [5.75, 0.625, 5, 1.25], "texture": "#0"}
			}
		},
		{
			"from": [5, 2, 26],
			"to": [6, 3, 27],
			"rotation": {"angle": 0, "axis": "y", "origin": [0, 0, 21]},
			"faces": {
				"north": {"uv": [0.125, 0.25, 0.25, 0.375], "texture": "#0"},
				"east": {"uv": [0.25, 0.125, 0.375, 0.25], "texture": "#0"},
				"south": {"uv": [0.25, 0.25, 0.375, 0.375], "texture": "#0"},
				"west": {"uv": [0, 0.375, 0.125, 0.5], "texture": "#0"},
				"up": {"uv": [0.5, 0.125, 0.375, 0], "texture": "#0"},
				"down": {"uv": [0.25, 0.375, 0.125, 0.5], "texture": "#0"}
			}
		},
		{
			"from": [10, 2, 26],
			"to": [11, 3, 27],
			"rotation": {"angle": 0, "axis": "y", "origin": [0, 0, 21]},
			"faces": {
				"north": {"uv": [0, 0, 0.125, 0.125], "texture": "#0"},
				"east": {"uv": [0, 0.125, 0.125, 0.25], "texture": "#0"},
				"south": {"uv": [0.125, 0, 0.25, 0.125], "texture": "#0"},
				"west": {"uv": [0.125, 0.125, 0.25, 0.25], "texture": "#0"},
				"up": {"uv": [0.125, 0.375, 0, 0.25], "texture": "#0"},
				"down": {"uv": [0.375, 0, 0.25, 0.125], "texture": "#0"}
			}
		},
		{
			"from": [4.4, 4, 28],
			"to": [11.4, 5.3, 29],
			"rotation": {"angle": 0, "axis": "y", "origin": [0, 0, 21]},
			"faces": {
				"north": {"uv": [0, 0, 7, 1], "texture": "#1"},
				"east": {"uv": [6, 5, 7, 6], "texture": "#1"},
				"south": {"uv": [0, 1, 7, 2], "texture": "#1"},
				"west": {"uv": [6, 6, 7, 7], "texture": "#1"},
				"up": {"uv": [7, 3, 0, 2], "texture": "#1"},
				"down": {"uv": [7, 3, 0, 4], "texture": "#1"}
			}
		},
		{
			"from": [4.8, 5.3, 28],
			"to": [11.2, 5.6, 29],
			"rotation": {"angle": 0, "axis": "y", "origin": [0, 0, 21]},
			"faces": {
				"north": {"uv": [0, 4, 6, 5], "texture": "#1"},
				"east": {"uv": [0, 7, 1, 8], "texture": "#1"},
				"south": {"uv": [0, 5, 6, 6], "texture": "#1"},
				"west": {"uv": [7, 0, 8, 1], "texture": "#1"},
				"up": {"uv": [6, 7, 0, 6], "texture": "#1"},
				"down": {"uv": [12, 4, 6, 5], "texture": "#1"}
			}
		},
		{
			"from": [8, 7.1, 25.4],
			"to": [8.4, 7.6, 25.8],
			"rotation": {"angle": -22.5, "axis": "y", "origin": [0.3, 0.5, 21]},
			"faces": {
				"north": {"uv": [11, 0, 13, 2], "texture": "#2"},
				"east": {"uv": [13, 2, 15, 4], "texture": "#2"},
				"south": {"uv": [11, 2, 13, 4], "texture": "#2"},
				"west": {"uv": [9, 2, 11, 4], "texture": "#2"},
				"up": {"uv": [11, 2, 9, 0], "texture": "#2"},
				"down": {"uv": [15, 0, 13, 2], "texture": "#2"}
			}
		},
		{
			"from": [9.4, 6.6, 22],
			"to": [9.8, 7.1, 22.4],
			"rotation": {"angle": -45, "axis": "y", "origin": [0.4, 0, 21]},
			"faces": {
				"north": {"uv": [11, 4, 13, 6], "texture": "#2"},
				"east": {"uv": [13, 6, 15, 8], "texture": "#2"},
				"south": {"uv": [11, 6, 13, 8], "texture": "#2"},
				"west": {"uv": [9, 6, 11, 8], "texture": "#2"},
				"up": {"uv": [11, 6, 9, 4], "texture": "#2"},
				"down": {"uv": [15, 4, 13, 6], "texture": "#2"}
			}
		},
		{
			"from": [8.4, 6.1, 25.4],
			"to": [8.8, 6.6, 25.8],
			"rotation": {"angle": -22.5, "axis": "y", "origin": [0.3, 0.5, 21]},
			"faces": {
				"north": {"uv": [11, 8, 13, 10], "texture": "#2"},
				"east": {"uv": [13, 10, 15, 12], "texture": "#2"},
				"south": {"uv": [11, 10, 13, 12], "texture": "#2"},
				"west": {"uv": [9, 10, 11, 12], "texture": "#2"},
				"up": {"uv": [11, 10, 9, 8], "texture": "#2"},
				"down": {"uv": [15, 8, 13, 10], "texture": "#2"}
			}
		},
		{
			"from": [9.4, 5.6, 22],
			"to": [9.8, 6.1, 22.4],
			"rotation": {"angle": -45, "axis": "y", "origin": [0.4, 0, 21]},
			"faces": {
				"north": {"uv": [11, 12, 13, 14], "texture": "#2"},
				"east": {"uv": [13, 14, 15, 16], "texture": "#2"},
				"south": {"uv": [11, 14, 13, 16], "texture": "#2"},
				"west": {"uv": [9, 14, 11, 16], "texture": "#2"},
				"up": {"uv": [11, 14, 9, 12], "texture": "#2"},
				"down": {"uv": [15, 12, 13, 14], "texture": "#2"}
			}
		},
		{
			"from": [6.2, 5.6, 22],
			"to": [6.6, 6.1, 22.4],
			"rotation": {"angle": 45, "axis": "y", "origin": [15.6, 0, 21]},
			"faces": {
				"north": {"uv": [3, 11, 5, 13], "texture": "#2"},
				"east": {"uv": [5, 13, 7, 15], "texture": "#2"},
				"south": {"uv": [3, 13, 5, 15], "texture": "#2"},
				"west": {"uv": [1, 13, 3, 15], "texture": "#2"},
				"up": {"uv": [3, 13, 1, 11], "texture": "#2"},
				"down": {"uv": [7, 11, 5, 13], "texture": "#2"}
			}
		},
		{
			"from": [7.2, 6.1, 25.4],
			"to": [7.6, 6.6, 25.8],
			"rotation": {"angle": 22.5, "axis": "y", "origin": [15.7, 0.5, 21]},
			"faces": {
				"north": {"uv": [3, 6, 5, 8], "texture": "#2"},
				"east": {"uv": [5, 8, 7, 10], "texture": "#2"},
				"south": {"uv": [3, 8, 5, 10], "texture": "#2"},
				"west": {"uv": [1, 8, 3, 10], "texture": "#2"},
				"up": {"uv": [3, 8, 1, 6], "texture": "#2"},
				"down": {"uv": [7, 6, 5, 8], "texture": "#2"}
			}
		},
		{
			"from": [6.2, 6.6, 22],
			"to": [6.6, 7.1, 22.4],
			"rotation": {"angle": 45, "axis": "y", "origin": [15.6, 0, 21]},
			"faces": {
				"north": {"uv": [3, 1, 5, 3], "texture": "#2"},
				"east": {"uv": [5, 3, 7, 5], "texture": "#2"},
				"south": {"uv": [3, 3, 5, 5], "texture": "#2"},
				"west": {"uv": [1, 3, 3, 5], "texture": "#2"},
				"up": {"uv": [3, 3, 1, 1], "texture": "#2"},
				"down": {"uv": [7, 1, 5, 3], "texture": "#2"}
			}
		},
		{
			"from": [9.8, 7.1, 28.1],
			"to": [10.2, 7.3, 28.4],
			"rotation": {"angle": 0, "axis": "y", "origin": [16, 0, 21]},
			"faces": {
				"north": {"uv": [11, 14, 13, 15], "texture": "#3"},
				"east": {"uv": [12, 6, 13, 7], "texture": "#3"},
				"south": {"uv": [11, 6, 13, 7], "texture": "#3"},
				"west": {"uv": [11, 6, 12, 7], "texture": "#3"},
				"up": {"uv": [13, 7, 11, 6], "texture": "#3"},
				"down": {"uv": [13, 6, 11, 7], "texture": "#3"}
			}
		},
		{
			"from": [9.6, 7.3, 28.1],
			"to": [10.4, 7.5, 28.4],
			"rotation": {"angle": 0, "axis": "y", "origin": [16, 0, 21]},
			"faces": {
				"north": {"uv": [10, 13, 14, 14], "texture": "#3"},
				"east": {"uv": [13, 5, 14, 6], "texture": "#3"},
				"south": {"uv": [10, 5, 14, 6], "texture": "#3"},
				"west": {"uv": [10, 5, 11, 6], "texture": "#3"},
				"up": {"uv": [14, 14, 10, 13], "texture": "#3"},
				"down": {"uv": [14, 13, 10, 14], "texture": "#3"}
			}
		},
		{
			"from": [9.3, 7.6, 28.1],
			"to": [9.5, 8.1, 28.4],
			"rotation": {"angle": 0, "axis": "y", "origin": [16, 0, 21]},
			"faces": {
				"north": {"uv": [15, 10, 16, 12], "texture": "#3"},
				"east": {"uv": [15, 2, 16, 4], "texture": "#3"},
				"south": {"uv": [15, 2, 16, 4], "texture": "#3"},
				"west": {"uv": [15, 2, 16, 4], "texture": "#3"},
				"up": {"uv": [16, 3, 15, 2], "texture": "#3"},
				"down": {"uv": [16, 3, 15, 4], "texture": "#3"}
			}
		},
		{
			"from": [10.5, 7.6, 28.1],
			"to": [10.7, 8.1, 28.4],
			"rotation": {"angle": 0, "axis": "y", "origin": [16, 0, 21]},
			"faces": {
				"north": {"uv": [9, 10, 10, 12], "texture": "#3"},
				"east": {"uv": [9, 2, 10, 4], "texture": "#3"},
				"south": {"uv": [9, 2, 10, 4], "texture": "#3"},
				"west": {"uv": [9, 2, 10, 4], "texture": "#3"},
				"up": {"uv": [10, 3, 9, 2], "texture": "#3"},
				"down": {"uv": [10, 3, 9, 4], "texture": "#3"}
			}
		},
		{
			"from": [10.1, 8.1, 28.1],
			"to": [10.5, 8.3, 28.4],
			"rotation": {"angle": 0, "axis": "y", "origin": [16, 0, 21]},
			"faces": {
				"north": {"uv": [10, 9, 12, 10], "texture": "#3"},
				"east": {"uv": [10, 1, 11, 2], "texture": "#3"},
				"south": {"uv": [10, 1, 12, 2], "texture": "#3"},
				"west": {"uv": [11, 1, 12, 2], "texture": "#3"},
				"up": {"uv": [12, 2, 10, 1], "texture": "#3"},
				"down": {"uv": [12, 9, 10, 10], "texture": "#3"}
			}
		},
		{
			"from": [9.5, 8.1, 28.1],
			"to": [9.9, 8.3, 28.4],
			"rotation": {"angle": 0, "axis": "y", "origin": [16, 0, 21]},
			"faces": {
				"north": {"uv": [13, 9, 15, 10], "texture": "#3"},
				"east": {"uv": [10, 1, 11, 2], "texture": "#3"},
				"south": {"uv": [13, 1, 15, 2], "texture": "#3"},
				"west": {"uv": [11, 1, 12, 2], "texture": "#3"},
				"up": {"uv": [15, 10, 13, 9], "texture": "#3"},
				"down": {"uv": [15, 9, 13, 10], "texture": "#3"}
			}
		},
		{
			"from": [9.5, 7.5, 28.1],
			"to": [10.5, 8.1, 28.4],
			"rotation": {"angle": 0, "axis": "y", "origin": [16, 0, 21]},
			"faces": {
				"north": {"uv": [10, 10, 15, 13], "texture": "#3"},
				"east": {"uv": [14, 4, 15, 5], "texture": "#3"},
				"south": {"uv": [10, 2, 15, 5], "texture": "#3"},
				"west": {"uv": [10, 4, 11, 5], "texture": "#3"},
				"up": {"uv": [13, 3, 12, 2], "texture": "#3"},
				"down": {"uv": [11, 5, 10, 6], "texture": "#3"}
			}
		},
		{
			"from": [5.9, 8.6, 28.1],
			"to": [6.3, 8.8, 28.4],
			"rotation": {"angle": 0, "axis": "y", "origin": [0, 0, 21]},
			"faces": {
				"north": {"uv": [2, 9, 4, 10], "texture": "#3"},
				"east": {"uv": [6, 1, 7, 2], "texture": "#3"},
				"south": {"uv": [5, 1, 7, 2], "texture": "#3"},
				"west": {"uv": [5, 1, 6, 2], "texture": "#3"},
				"up": {"uv": [4, 10, 2, 9], "texture": "#3"},
				"down": {"uv": [4, 9, 2, 10], "texture": "#3"}
			}
		},
		{
			"from": [5.3, 8.6, 28.1],
			"to": [5.7, 8.8, 28.4],
			"rotation": {"angle": 0, "axis": "y", "origin": [0, 0, 21]},
			"faces": {
				"north": {"uv": [5, 9, 7, 10], "texture": "#3"},
				"east": {"uv": [3, 1, 4, 2], "texture": "#3"},
				"south": {"uv": [2, 1, 4, 2], "texture": "#3"},
				"west": {"uv": [2, 1, 3, 2], "texture": "#3"},
				"up": {"uv": [4, 2, 2, 1], "texture": "#3"},
				"down": {"uv": [4, 1, 2, 2], "texture": "#3"}
			}
		},
		{
			"from": [5.3, 8, 28.1],
			"to": [6.3, 8.6, 28.4],
			"rotation": {"angle": 0, "axis": "y", "origin": [0, 0, 21]},
			"faces": {
				"north": {"uv": [2, 10, 7, 13], "texture": "#3"},
				"east": {"uv": [6, 4, 7, 5], "texture": "#3"},
				"south": {"uv": [2, 2, 7, 5], "texture": "#3"},
				"west": {"uv": [2, 4, 3, 5], "texture": "#3"},
				"up": {"uv": [5, 3, 4, 2], "texture": "#3"},
				"down": {"uv": [3, 5, 2, 6], "texture": "#3"}
			}
		},
		{
			"from": [5.4, 7.8, 28.1],
			"to": [6.2, 8, 28.4],
			"rotation": {"angle": 0, "axis": "y", "origin": [0, 0, 21]},
			"faces": {
				"north": {"uv": [2, 13, 6, 14], "texture": "#3"},
				"east": {"uv": [5, 5, 6, 6], "texture": "#3"},
				"south": {"uv": [2, 5, 6, 6], "texture": "#3"},
				"west": {"uv": [2, 5, 3, 6], "texture": "#3"},
				"up": {"uv": [6, 14, 2, 13], "texture": "#3"},
				"down": {"uv": [3, 5, 2, 6], "texture": "#3"}
			}
		},
		{
			"from": [5.6, 7.6, 28.1],
			"to": [6, 7.8, 28.4],
			"rotation": {"angle": 0, "axis": "y", "origin": [0, 0, 21]},
			"faces": {
				"north": {"uv": [3, 14, 5, 15], "texture": "#3"},
				"east": {"uv": [3, 6, 4, 7], "texture": "#3"},
				"south": {"uv": [3, 6, 5, 7], "texture": "#3"},
				"west": {"uv": [3, 6, 4, 7], "texture": "#3"},
				"up": {"uv": [5, 7, 3, 6], "texture": "#3"},
				"down": {"uv": [5, 6, 3, 7], "texture": "#3"}
			}
		},
		{
			"from": [6.3, 8.1, 28.1],
			"to": [6.5, 8.6, 28.4],
			"rotation": {"angle": 0, "axis": "y", "origin": [0, 0, 21]},
			"faces": {
				"north": {"uv": [1, 10, 2, 12], "texture": "#3"},
				"east": {"uv": [7, 2, 8, 4], "texture": "#3"},
				"south": {"uv": [7, 2, 8, 4], "texture": "#3"},
				"west": {"uv": [7, 2, 8, 4], "texture": "#3"},
				"up": {"uv": [8, 3, 7, 2], "texture": "#3"},
				"down": {"uv": [8, 3, 7, 4], "texture": "#3"}
			}
		},
		{
			"from": [5.1, 8.1, 28.1],
			"to": [5.3, 8.6, 28.4],
			"rotation": {"angle": 0, "axis": "y", "origin": [0, 0, 21]},
			"faces": {
				"north": {"uv": [7, 10, 8, 12], "texture": "#3"},
				"east": {"uv": [1, 2, 2, 4], "texture": "#3"},
				"south": {"uv": [1, 2, 2, 4], "texture": "#3"},
				"west": {"uv": [1, 2, 2, 4], "texture": "#3"},
				"up": {"uv": [2, 3, 1, 2], "texture": "#3"},
				"down": {"uv": [2, 3, 1, 4], "texture": "#3"}
			}
		},
		{
			"from": [20, 0, 4],
			"to": [21, 1, 5],
			"faces": {
				"north": {"uv": [0.875, 5.25, 1, 5.375], "texture": "#0"},
				"east": {"uv": [3.5, 5.375, 3.625, 5.5], "texture": "#0"},
				"south": {"uv": [3.625, 5.375, 3.75, 5.5], "texture": "#0"},
				"west": {"uv": [3.75, 5.375, 3.875, 5.5], "texture": "#0"},
				"up": {"uv": [4, 5.5, 3.875, 5.375], "texture": "#0"},
				"down": {"uv": [4.125, 5.375, 4, 5.5], "texture": "#0"}
			}
		},
		{
			"from": [19, 2, 4],
			"to": [20, 3, 5],
			"faces": {
				"north": {"uv": [4.125, 5.375, 4.25, 5.5], "texture": "#0"},
				"east": {"uv": [4.25, 5.375, 4.375, 5.5], "texture": "#0"},
				"south": {"uv": [4.375, 5.375, 4.5, 5.5], "texture": "#0"},
				"west": {"uv": [4.5, 5.375, 4.625, 5.5], "texture": "#0"},
				"up": {"uv": [4.75, 5.5, 4.625, 5.375], "texture": "#0"},
				"down": {"uv": [4.875, 5.375, 4.75, 5.5], "texture": "#0"}
			}
		},
		{
			"from": [18, 3, 3],
			"to": [19, 4, 4],
			"faces": {
				"north": {"uv": [4.875, 5.375, 5, 5.5], "texture": "#0"},
				"east": {"uv": [5, 5.375, 5.125, 5.5], "texture": "#0"},
				"south": {"uv": [5.125, 5.375, 5.25, 5.5], "texture": "#0"},
				"west": {"uv": [5.25, 5.375, 5.375, 5.5], "texture": "#0"},
				"up": {"uv": [5.5, 5.5, 5.375, 5.375], "texture": "#0"},
				"down": {"uv": [0.125, 5.5, 0, 5.625], "texture": "#0"}
			}
		},
		{
			"from": [18, 1, 3],
			"to": [19, 2, 4],
			"faces": {
				"north": {"uv": [0.125, 5.5, 0.25, 5.625], "texture": "#0"},
				"east": {"uv": [0.25, 5.5, 0.375, 5.625], "texture": "#0"},
				"south": {"uv": [0.375, 5.5, 0.5, 5.625], "texture": "#0"},
				"west": {"uv": [0.5, 5.5, 0.625, 5.625], "texture": "#0"},
				"up": {"uv": [0.75, 5.625, 0.625, 5.5], "texture": "#0"},
				"down": {"uv": [0.875, 5.5, 0.75, 5.625], "texture": "#0"}
			}
		},
		{
			"from": [29, 3, 3],
			"to": [30, 5, 4],
			"faces": {
				"north": {"uv": [3.375, 4.875, 3.5, 5.125], "texture": "#0"},
				"east": {"uv": [3.5, 4.875, 3.625, 5.125], "texture": "#0"},
				"south": {"uv": [1.5, 5.125, 1.625, 5.375], "texture": "#0"},
				"west": {"uv": [1.625, 5.125, 1.75, 5.375], "texture": "#0"},
				"up": {"uv": [1, 5.625, 0.875, 5.5], "texture": "#0"},
				"down": {"uv": [1.625, 5.5, 1.5, 5.625], "texture": "#0"}
			}
		},
		{
			"from": [30, 5, 3],
			"to": [31, 6, 4],
			"faces": {
				"north": {"uv": [1.625, 5.5, 1.75, 5.625], "texture": "#0"},
				"east": {"uv": [1.75, 5.5, 1.875, 5.625], "texture": "#0"},
				"south": {"uv": [2.375, 5.5, 2.5, 5.625], "texture": "#0"},
				"west": {"uv": [2.5, 5.5, 2.625, 5.625], "texture": "#0"},
				"up": {"uv": [3.625, 5.625, 3.5, 5.5], "texture": "#0"},
				"down": {"uv": [3.75, 5.5, 3.625, 5.625], "texture": "#0"}
			}
		},
		{
			"from": [30, 4, 3],
			"to": [31, 5, 4],
			"faces": {
				"north": {"uv": [3.75, 5.5, 3.875, 5.625], "texture": "#0"},
				"east": {"uv": [3.875, 5.5, 4, 5.625], "texture": "#0"},
				"south": {"uv": [4, 5.5, 4.125, 5.625], "texture": "#0"},
				"west": {"uv": [4.125, 5.5, 4.25, 5.625], "texture": "#0"},
				"up": {"uv": [4.375, 5.625, 4.25, 5.5], "texture": "#0"},
				"down": {"uv": [4.5, 5.5, 4.375, 5.625], "texture": "#0"}
			}
		},
		{
			"from": [31, 5, 3],
			"to": [32, 6, 4],
			"faces": {
				"north": {"uv": [4.5, 5.5, 4.625, 5.625], "texture": "#0"},
				"east": {"uv": [4.625, 5.5, 4.75, 5.625], "texture": "#0"},
				"south": {"uv": [4.75, 5.5, 4.875, 5.625], "texture": "#0"},
				"west": {"uv": [4.875, 5.5, 5, 5.625], "texture": "#0"},
				"up": {"uv": [5.125, 5.625, 5, 5.5], "texture": "#0"},
				"down": {"uv": [5.25, 5.5, 5.125, 5.625], "texture": "#0"}
			}
		},
		{
			"from": [28, 5, 3],
			"to": [29, 6, 4],
			"faces": {
				"north": {"uv": [5.25, 5.5, 5.375, 5.625], "texture": "#0"},
				"east": {"uv": [5.375, 5.5, 5.5, 5.625], "texture": "#0"},
				"south": {"uv": [5.5, 5.375, 5.625, 5.5], "texture": "#0"},
				"west": {"uv": [5.5, 5.5, 5.625, 5.625], "texture": "#0"},
				"up": {"uv": [0.125, 5.75, 0, 5.625], "texture": "#0"},
				"down": {"uv": [0.25, 5.625, 0.125, 5.75], "texture": "#0"}
			}
		},
		{
			"from": [30, 4, 2],
			"to": [31, 5, 3],
			"faces": {
				"north": {"uv": [0.25, 5.625, 0.375, 5.75], "texture": "#0"},
				"east": {"uv": [0.375, 5.625, 0.5, 5.75], "texture": "#0"},
				"south": {"uv": [0.5, 5.625, 0.625, 5.75], "texture": "#0"},
				"west": {"uv": [0.625, 5.625, 0.75, 5.75], "texture": "#0"},
				"up": {"uv": [0.875, 5.75, 0.75, 5.625], "texture": "#0"},
				"down": {"uv": [1, 5.625, 0.875, 5.75], "texture": "#0"}
			}
		},
		{
			"from": [30, 6, 3],
			"to": [31, 7, 4],
			"faces": {
				"north": {"uv": [1.5, 5.625, 1.625, 5.75], "texture": "#0"},
				"east": {"uv": [1.625, 5.625, 1.75, 5.75], "texture": "#0"},
				"south": {"uv": [1.75, 5.625, 1.875, 5.75], "texture": "#0"},
				"west": {"uv": [2.375, 5.625, 2.5, 5.75], "texture": "#0"},
				"up": {"uv": [2.625, 5.75, 2.5, 5.625], "texture": "#0"},
				"down": {"uv": [2.75, 5.625, 2.625, 5.75], "texture": "#0"}
			}
		},
		{
			"from": [29, 7, 2],
			"to": [31, 8, 3],
			"faces": {
				"north": {"uv": [3.375, 5.125, 3.625, 5.25], "texture": "#0"},
				"east": {"uv": [2.75, 5.625, 2.875, 5.75], "texture": "#0"},
				"south": {"uv": [4.375, 5.25, 4.625, 5.375], "texture": "#0"},
				"west": {"uv": [2.875, 5.625, 3, 5.75], "texture": "#0"},
				"up": {"uv": [1.75, 5.5, 1.5, 5.375], "texture": "#0"},
				"down": {"uv": [2.625, 5.375, 2.375, 5.5], "texture": "#0"}
			}
		},
		{
			"from": [31, 5, 2],
			"to": [32, 7, 3],
			"faces": {
				"north": {"uv": [1.75, 5.25, 1.875, 5.5], "texture": "#0"},
				"east": {"uv": [2.625, 5.375, 2.75, 5.625], "texture": "#0"},
				"south": {"uv": [2.75, 5.375, 2.875, 5.625], "texture": "#0"},
				"west": {"uv": [2.875, 5.375, 3, 5.625], "texture": "#0"},
				"up": {"uv": [3.125, 5.75, 3, 5.625], "texture": "#0"},
				"down": {"uv": [3.25, 5.625, 3.125, 5.75], "texture": "#0"}
			}
		},
		{
			"from": [28, 2, 4],
			"to": [29, 3, 5],
			"faces": {
				"north": {"uv": [3.25, 5.625, 3.375, 5.75], "texture": "#0"},
				"east": {"uv": [3.375, 5.625, 3.5, 5.75], "texture": "#0"},
				"south": {"uv": [3.5, 5.625, 3.625, 5.75], "texture": "#0"},
				"west": {"uv": [3.625, 5.625, 3.75, 5.75], "texture": "#0"},
				"up": {"uv": [3.875, 5.75, 3.75, 5.625], "texture": "#0"},
				"down": {"uv": [4, 5.625, 3.875, 5.75], "texture": "#0"}
			}
		},
		{
			"from": [19, 0, 6],
			"to": [20, 1, 7],
			"faces": {
				"north": {"uv": [4, 5.625, 4.125, 5.75], "texture": "#0"},
				"east": {"uv": [4.125, 5.625, 4.25, 5.75], "texture": "#0"},
				"south": {"uv": [4.25, 5.625, 4.375, 5.75], "texture": "#0"},
				"west": {"uv": [4.375, 5.625, 4.5, 5.75], "texture": "#0"},
				"up": {"uv": [4.625, 5.75, 4.5, 5.625], "texture": "#0"},
				"down": {"uv": [4.75, 5.625, 4.625, 5.75], "texture": "#0"}
			}
		},
		{
			"from": [19, 0, 8],
			"to": [20, 1, 9],
			"faces": {
				"north": {"uv": [4.75, 5.625, 4.875, 5.75], "texture": "#0"},
				"east": {"uv": [4.875, 5.625, 5, 5.75], "texture": "#0"},
				"south": {"uv": [5.625, 4.875, 5.75, 5], "texture": "#0"},
				"west": {"uv": [5, 5.625, 5.125, 5.75], "texture": "#0"},
				"up": {"uv": [5.75, 5.125, 5.625, 5], "texture": "#0"},
				"down": {"uv": [5.25, 5.625, 5.125, 5.75], "texture": "#0"}
			}
		},
		{
			"from": [21, 0, 10],
			"to": [22, 1, 11],
			"faces": {
				"north": {"uv": [5.625, 5.125, 5.75, 5.25], "texture": "#0"},
				"east": {"uv": [5.25, 5.625, 5.375, 5.75], "texture": "#0"},
				"south": {"uv": [5.625, 5.25, 5.75, 5.375], "texture": "#0"},
				"west": {"uv": [5.375, 5.625, 5.5, 5.75], "texture": "#0"},
				"up": {"uv": [5.75, 5.5, 5.625, 5.375], "texture": "#0"},
				"down": {"uv": [5.625, 5.625, 5.5, 5.75], "texture": "#0"}
			}
		},
		{
			"from": [26, 0, 10],
			"to": [27, 1, 11],
			"faces": {
				"north": {"uv": [5.625, 5.5, 5.75, 5.625], "texture": "#0"},
				"east": {"uv": [5.625, 5.625, 5.75, 5.75], "texture": "#0"},
				"south": {"uv": [0, 5.75, 0.125, 5.875], "texture": "#0"},
				"west": {"uv": [5.75, 0, 5.875, 0.125], "texture": "#0"},
				"up": {"uv": [0.25, 5.875, 0.125, 5.75], "texture": "#0"},
				"down": {"uv": [5.875, 0.125, 5.75, 0.25], "texture": "#0"}
			}
		},
		{
			"from": [28, 0, 8],
			"to": [29, 1, 9],
			"faces": {
				"north": {"uv": [0.25, 5.75, 0.375, 5.875], "texture": "#0"},
				"east": {"uv": [5.75, 0.25, 5.875, 0.375], "texture": "#0"},
				"south": {"uv": [0.375, 5.75, 0.5, 5.875], "texture": "#0"},
				"west": {"uv": [5.75, 0.375, 5.875, 0.5], "texture": "#0"},
				"up": {"uv": [0.625, 5.875, 0.5, 5.75], "texture": "#0"},
				"down": {"uv": [5.875, 0.5, 5.75, 0.625], "texture": "#0"}
			}
		},
		{
			"from": [28, 0, 6],
			"to": [29, 1, 7],
			"faces": {
				"north": {"uv": [0.625, 5.75, 0.75, 5.875], "texture": "#0"},
				"east": {"uv": [5.75, 0.625, 5.875, 0.75], "texture": "#0"},
				"south": {"uv": [0.75, 5.75, 0.875, 5.875], "texture": "#0"},
				"west": {"uv": [5.75, 0.75, 5.875, 0.875], "texture": "#0"},
				"up": {"uv": [1, 5.875, 0.875, 5.75], "texture": "#0"},
				"down": {"uv": [5.875, 0.875, 5.75, 1], "texture": "#0"}
			}
		},
		{
			"from": [27, 0, 4],
			"to": [28, 1, 5],
			"faces": {
				"north": {"uv": [1, 5.75, 1.125, 5.875], "texture": "#0"},
				"east": {"uv": [5.75, 1, 5.875, 1.125], "texture": "#0"},
				"south": {"uv": [1.125, 5.75, 1.25, 5.875], "texture": "#0"},
				"west": {"uv": [5.75, 1.125, 5.875, 1.25], "texture": "#0"},
				"up": {"uv": [1.375, 5.875, 1.25, 5.75], "texture": "#0"},
				"down": {"uv": [1.5, 5.75, 1.375, 5.875], "texture": "#0"}
			}
		},
		{
			"from": [20, 0, 6],
			"to": [28, 4, 10],
			"faces": {
				"north": {"uv": [4.875, 1.375, 5.875, 2], "texture": "#0"},
				"east": {"uv": [1, 5.125, 1.5, 5.75], "texture": "#0"},
				"south": {"uv": [4.875, 4.25, 5.875, 4.875], "texture": "#0"},
				"west": {"uv": [1.875, 5.125, 2.375, 5.75], "texture": "#0"},
				"up": {"uv": [5.875, 3.625, 4.875, 3.125], "texture": "#0"},
				"down": {"uv": [5.625, 4.875, 4.625, 5.375], "texture": "#0"}
			}
		},
		{
			"from": [20, 3, 5],
			"to": [28, 4, 6],
			"faces": {
				"north": {"uv": [5, 2, 6, 2.25], "texture": "#0"},
				"east": {"uv": [3, 5.375, 3.125, 5.625], "texture": "#0"},
				"south": {"uv": [5.125, 2.25, 6.125, 2.5], "texture": "#0"},
				"west": {"uv": [3.125, 5.375, 3.25, 5.625], "texture": "#0"},
				"up": {"uv": [6, 1.375, 5, 1.25], "texture": "#0"},
				"down": {"uv": [6.125, 3, 5.125, 3.125], "texture": "#0"}
			}
		},
		{
			"from": [20, 2, 5],
			"to": [21, 3, 6],
			"faces": {
				"north": {"uv": [1.5, 5.75, 1.625, 5.875], "texture": "#0"},
				"east": {"uv": [1.625, 5.75, 1.75, 5.875], "texture": "#0"},
				"south": {"uv": [1.75, 5.75, 1.875, 5.875], "texture": "#0"},
				"west": {"uv": [1.875, 5.75, 2, 5.875], "texture": "#0"},
				"up": {"uv": [2.125, 5.875, 2, 5.75], "texture": "#0"},
				"down": {"uv": [2.25, 5.75, 2.125, 5.875], "texture": "#0"}
			}
		},
		{
			"from": [27, 2, 5],
			"to": [28, 3, 6],
			"faces": {
				"north": {"uv": [2.25, 5.75, 2.375, 5.875], "texture": "#0"},
				"east": {"uv": [2.375, 5.75, 2.5, 5.875], "texture": "#0"},
				"south": {"uv": [2.5, 5.75, 2.625, 5.875], "texture": "#0"},
				"west": {"uv": [2.625, 5.75, 2.75, 5.875], "texture": "#0"},
				"up": {"uv": [2.875, 5.875, 2.75, 5.75], "texture": "#0"},
				"down": {"uv": [5.875, 2.75, 5.75, 2.875], "texture": "#0"}
			}
		},
		{
			"from": [20, 0, 5],
			"to": [28, 2, 6],
			"faces": {
				"north": {"uv": [2.375, 5.125, 3.375, 5.375], "texture": "#0"},
				"east": {"uv": [3.25, 5.375, 3.375, 5.625], "texture": "#0"},
				"south": {"uv": [5.125, 2.5, 6.125, 2.75], "texture": "#0"},
				"west": {"uv": [3.375, 5.375, 3.5, 5.625], "texture": "#0"},
				"up": {"uv": [4.375, 5.375, 3.375, 5.25], "texture": "#0"},
				"down": {"uv": [6.25, 3.625, 5.25, 3.75], "texture": "#0"}
			}
		},
		{
			"from": [22, 2, 5],
			"to": [26, 3, 6],
			"faces": {
				"north": {"uv": [5.25, 4, 5.75, 4.125], "texture": "#0"},
				"east": {"uv": [2.875, 5.75, 3, 5.875], "texture": "#0"},
				"south": {"uv": [5.25, 4.125, 5.75, 4.25], "texture": "#0"},
				"west": {"uv": [5.75, 2.875, 5.875, 3], "texture": "#0"},
				"up": {"uv": [0.5, 5.5, 0, 5.375], "texture": "#0"},
				"down": {"uv": [1, 5.375, 0.5, 5.5], "texture": "#0"}
			}
		},
		{
			"from": [21, 4, 5],
			"to": [27, 5, 10],
			"faces": {
				"north": {"uv": [0.125, 5.25, 0.875, 5.375], "texture": "#0"},
				"east": {"uv": [4, 5.125, 4.625, 5.25], "texture": "#0"},
				"south": {"uv": [5.25, 3.75, 6, 3.875], "texture": "#0"},
				"west": {"uv": [5.25, 3.875, 5.875, 4], "texture": "#0"},
				"up": {"uv": [5.75, 0.625, 5, 0], "texture": "#0"},
				"down": {"uv": [5.75, 0.625, 5, 1.25], "texture": "#0"}
			}
		},
		{
			"from": [21, 2, 5],
			"to": [22, 3, 6],
			"faces": {
				"north": {"uv": [0.125, 0.25, 0.25, 0.375], "texture": "#0"},
				"east": {"uv": [0.25, 0.125, 0.375, 0.25], "texture": "#0"},
				"south": {"uv": [0.25, 0.25, 0.375, 0.375], "texture": "#0"},
				"west": {"uv": [0, 0.375, 0.125, 0.5], "texture": "#0"},
				"up": {"uv": [0.5, 0.125, 0.375, 0], "texture": "#0"},
				"down": {"uv": [0.25, 0.375, 0.125, 0.5], "texture": "#0"}
			}
		},
		{
			"from": [26, 2, 5],
			"to": [27, 3, 6],
			"faces": {
				"north": {"uv": [0, 0, 0.125, 0.125], "texture": "#0"},
				"east": {"uv": [0, 0.125, 0.125, 0.25], "texture": "#0"},
				"south": {"uv": [0.125, 0, 0.25, 0.125], "texture": "#0"},
				"west": {"uv": [0.125, 0.125, 0.25, 0.25], "texture": "#0"},
				"up": {"uv": [0.125, 0.375, 0, 0.25], "texture": "#0"},
				"down": {"uv": [0.375, 0, 0.25, 0.125], "texture": "#0"}
			}
		},
		{
			"from": [21, 2, 10],
			"to": [22, 6, 11],
			"faces": {
				"north": {"uv": [8, 0, 9, 4], "texture": "#4"},
				"east": {"uv": [8, 4, 9, 8], "texture": "#4"},
				"south": {"uv": [8, 8, 9, 12], "texture": "#4"},
				"west": {"uv": [9, 0, 10, 4], "texture": "#4"},
				"up": {"uv": [8, 11, 7, 10], "texture": "#4"},
				"down": {"uv": [11, 8, 10, 9], "texture": "#4"}
			}
		},
		{
			"from": [26, 2, 10],
			"to": [27, 6, 11],
			"faces": {
				"north": {"uv": [9, 4, 10, 8], "texture": "#4"},
				"east": {"uv": [9, 8, 10, 12], "texture": "#4"},
				"south": {"uv": [0, 10, 1, 14], "texture": "#4"},
				"west": {"uv": [10, 0, 11, 4], "texture": "#4"},
				"up": {"uv": [11, 10, 10, 9], "texture": "#4"},
				"down": {"uv": [11, 10, 10, 11], "texture": "#4"}
			}
		},
		{
			"from": [20, 1, 11],
			"to": [21, 6, 12],
			"faces": {
				"north": {"uv": [0, 0, 1, 5], "texture": "#4"},
				"east": {"uv": [1, 0, 2, 5], "texture": "#4"},
				"south": {"uv": [2, 0, 3, 5], "texture": "#4"},
				"west": {"uv": [3, 0, 4, 5], "texture": "#4"},
				"up": {"uv": [12, 1, 11, 0], "texture": "#4"},
				"down": {"uv": [12, 1, 11, 2], "texture": "#4"}
			}
		},
		{
			"from": [27, 1, 11],
			"to": [28, 6, 12],
			"faces": {
				"north": {"uv": [4, 0, 5, 5], "texture": "#4"},
				"east": {"uv": [0, 5, 1, 10], "texture": "#4"},
				"south": {"uv": [5, 0, 6, 5], "texture": "#4"},
				"west": {"uv": [1, 5, 2, 10], "texture": "#4"},
				"up": {"uv": [12, 3, 11, 2], "texture": "#4"},
				"down": {"uv": [12, 3, 11, 4], "texture": "#4"}
			}
		},
		{
			"from": [19, 0, 12],
			"to": [20, 5, 13],
			"faces": {
				"north": {"uv": [2, 5, 3, 10], "texture": "#4"},
				"east": {"uv": [3, 5, 4, 10], "texture": "#4"},
				"south": {"uv": [4, 5, 5, 10], "texture": "#4"},
				"west": {"uv": [5, 5, 6, 10], "texture": "#4"},
				"up": {"uv": [12, 5, 11, 4], "texture": "#4"},
				"down": {"uv": [12, 5, 11, 6], "texture": "#4"}
			}
		},
		{
			"from": [28, 0, 12],
			"to": [29, 5, 13],
			"faces": {
				"north": {"uv": [6, 0, 7, 5], "texture": "#4"},
				"east": {"uv": [6, 5, 7, 10], "texture": "#4"},
				"south": {"uv": [7, 0, 8, 5], "texture": "#4"},
				"west": {"uv": [7, 5, 8, 10], "texture": "#4"},
				"up": {"uv": [12, 7, 11, 6], "texture": "#4"},
				"down": {"uv": [8, 11, 7, 12], "texture": "#4"}
			}
		},
		{
			"from": [22, 3, 10],
			"to": [23, 5, 11],
			"faces": {
				"north": {"uv": [1, 10, 2, 12], "texture": "#4"},
				"east": {"uv": [2, 10, 3, 12], "texture": "#4"},
				"south": {"uv": [3, 10, 4, 12], "texture": "#4"},
				"west": {"uv": [4, 10, 5, 12], "texture": "#4"},
				"up": {"uv": [12, 8, 11, 7], "texture": "#4"},
				"down": {"uv": [12, 8, 11, 9], "texture": "#4"}
			}
		},
		{
			"from": [25, 3, 10],
			"to": [26, 5, 11],
			"faces": {
				"north": {"uv": [10, 4, 11, 6], "texture": "#4"},
				"east": {"uv": [5, 10, 6, 12], "texture": "#4"},
				"south": {"uv": [6, 10, 7, 12], "texture": "#4"},
				"west": {"uv": [10, 6, 11, 8], "texture": "#4"},
				"up": {"uv": [12, 10, 11, 9], "texture": "#4"},
				"down": {"uv": [11, 11, 10, 12], "texture": "#4"}
			}
		},
		{
			"from": [4, 0, 4],
			"to": [5, 1, 5],
			"faces": {
				"north": {"uv": [0.875, 5.25, 1, 5.375], "texture": "#0"},
				"east": {"uv": [3.5, 5.375, 3.625, 5.5], "texture": "#0"},
				"south": {"uv": [3.625, 5.375, 3.75, 5.5], "texture": "#0"},
				"west": {"uv": [3.75, 5.375, 3.875, 5.5], "texture": "#0"},
				"up": {"uv": [4, 5.5, 3.875, 5.375], "texture": "#0"},
				"down": {"uv": [4.125, 5.375, 4, 5.5], "texture": "#0"}
			}
		},
		{
			"from": [3, 2, 4],
			"to": [4, 3, 5],
			"faces": {
				"north": {"uv": [4.125, 5.375, 4.25, 5.5], "texture": "#0"},
				"east": {"uv": [4.25, 5.375, 4.375, 5.5], "texture": "#0"},
				"south": {"uv": [4.375, 5.375, 4.5, 5.5], "texture": "#0"},
				"west": {"uv": [4.5, 5.375, 4.625, 5.5], "texture": "#0"},
				"up": {"uv": [4.75, 5.5, 4.625, 5.375], "texture": "#0"},
				"down": {"uv": [4.875, 5.375, 4.75, 5.5], "texture": "#0"}
			}
		},
		{
			"from": [2, 3, 3],
			"to": [3, 4, 4],
			"faces": {
				"north": {"uv": [4.875, 5.375, 5, 5.5], "texture": "#0"},
				"east": {"uv": [5, 5.375, 5.125, 5.5], "texture": "#0"},
				"south": {"uv": [5.125, 5.375, 5.25, 5.5], "texture": "#0"},
				"west": {"uv": [5.25, 5.375, 5.375, 5.5], "texture": "#0"},
				"up": {"uv": [5.5, 5.5, 5.375, 5.375], "texture": "#0"},
				"down": {"uv": [0.125, 5.5, 0, 5.625], "texture": "#0"}
			}
		},
		{
			"from": [2, 1, 3],
			"to": [3, 2, 4],
			"faces": {
				"north": {"uv": [0.125, 5.5, 0.25, 5.625], "texture": "#0"},
				"east": {"uv": [0.25, 5.5, 0.375, 5.625], "texture": "#0"},
				"south": {"uv": [0.375, 5.5, 0.5, 5.625], "texture": "#0"},
				"west": {"uv": [0.5, 5.5, 0.625, 5.625], "texture": "#0"},
				"up": {"uv": [0.75, 5.625, 0.625, 5.5], "texture": "#0"},
				"down": {"uv": [0.875, 5.5, 0.75, 5.625], "texture": "#0"}
			}
		},
		{
			"from": [13, 3, 3],
			"to": [14, 5, 4],
			"faces": {
				"north": {"uv": [3.375, 4.875, 3.5, 5.125], "texture": "#0"},
				"east": {"uv": [3.5, 4.875, 3.625, 5.125], "texture": "#0"},
				"south": {"uv": [1.5, 5.125, 1.625, 5.375], "texture": "#0"},
				"west": {"uv": [1.625, 5.125, 1.75, 5.375], "texture": "#0"},
				"up": {"uv": [1, 5.625, 0.875, 5.5], "texture": "#0"},
				"down": {"uv": [1.625, 5.5, 1.5, 5.625], "texture": "#0"}
			}
		},
		{
			"from": [14, 5, 3],
			"to": [15, 6, 4],
			"faces": {
				"north": {"uv": [1.625, 5.5, 1.75, 5.625], "texture": "#0"},
				"east": {"uv": [1.75, 5.5, 1.875, 5.625], "texture": "#0"},
				"south": {"uv": [2.375, 5.5, 2.5, 5.625], "texture": "#0"},
				"west": {"uv": [2.5, 5.5, 2.625, 5.625], "texture": "#0"},
				"up": {"uv": [3.625, 5.625, 3.5, 5.5], "texture": "#0"},
				"down": {"uv": [3.75, 5.5, 3.625, 5.625], "texture": "#0"}
			}
		},
		{
			"from": [14, 4, 3],
			"to": [15, 5, 4],
			"faces": {
				"north": {"uv": [3.75, 5.5, 3.875, 5.625], "texture": "#0"},
				"east": {"uv": [3.875, 5.5, 4, 5.625], "texture": "#0"},
				"south": {"uv": [4, 5.5, 4.125, 5.625], "texture": "#0"},
				"west": {"uv": [4.125, 5.5, 4.25, 5.625], "texture": "#0"},
				"up": {"uv": [4.375, 5.625, 4.25, 5.5], "texture": "#0"},
				"down": {"uv": [4.5, 5.5, 4.375, 5.625], "texture": "#0"}
			}
		},
		{
			"from": [15, 5, 3],
			"to": [16, 6, 4],
			"faces": {
				"north": {"uv": [4.5, 5.5, 4.625, 5.625], "texture": "#0"},
				"east": {"uv": [4.625, 5.5, 4.75, 5.625], "texture": "#0"},
				"south": {"uv": [4.75, 5.5, 4.875, 5.625], "texture": "#0"},
				"west": {"uv": [4.875, 5.5, 5, 5.625], "texture": "#0"},
				"up": {"uv": [5.125, 5.625, 5, 5.5], "texture": "#0"},
				"down": {"uv": [5.25, 5.5, 5.125, 5.625], "texture": "#0"}
			}
		},
		{
			"from": [12, 5, 3],
			"to": [13, 6, 4],
			"faces": {
				"north": {"uv": [5.25, 5.5, 5.375, 5.625], "texture": "#0"},
				"east": {"uv": [5.375, 5.5, 5.5, 5.625], "texture": "#0"},
				"south": {"uv": [5.5, 5.375, 5.625, 5.5], "texture": "#0"},
				"west": {"uv": [5.5, 5.5, 5.625, 5.625], "texture": "#0"},
				"up": {"uv": [0.125, 5.75, 0, 5.625], "texture": "#0"},
				"down": {"uv": [0.25, 5.625, 0.125, 5.75], "texture": "#0"}
			}
		},
		{
			"from": [14, 4, 2],
			"to": [15, 5, 3],
			"faces": {
				"north": {"uv": [0.25, 5.625, 0.375, 5.75], "texture": "#0"},
				"east": {"uv": [0.375, 5.625, 0.5, 5.75], "texture": "#0"},
				"south": {"uv": [0.5, 5.625, 0.625, 5.75], "texture": "#0"},
				"west": {"uv": [0.625, 5.625, 0.75, 5.75], "texture": "#0"},
				"up": {"uv": [0.875, 5.75, 0.75, 5.625], "texture": "#0"},
				"down": {"uv": [1, 5.625, 0.875, 5.75], "texture": "#0"}
			}
		},
		{
			"from": [14, 6, 3],
			"to": [15, 7, 4],
			"faces": {
				"north": {"uv": [1.5, 5.625, 1.625, 5.75], "texture": "#0"},
				"east": {"uv": [1.625, 5.625, 1.75, 5.75], "texture": "#0"},
				"south": {"uv": [1.75, 5.625, 1.875, 5.75], "texture": "#0"},
				"west": {"uv": [2.375, 5.625, 2.5, 5.75], "texture": "#0"},
				"up": {"uv": [2.625, 5.75, 2.5, 5.625], "texture": "#0"},
				"down": {"uv": [2.75, 5.625, 2.625, 5.75], "texture": "#0"}
			}
		},
		{
			"from": [13, 7, 2],
			"to": [15, 8, 3],
			"faces": {
				"north": {"uv": [3.375, 5.125, 3.625, 5.25], "texture": "#0"},
				"east": {"uv": [2.75, 5.625, 2.875, 5.75], "texture": "#0"},
				"south": {"uv": [4.375, 5.25, 4.625, 5.375], "texture": "#0"},
				"west": {"uv": [2.875, 5.625, 3, 5.75], "texture": "#0"},
				"up": {"uv": [1.75, 5.5, 1.5, 5.375], "texture": "#0"},
				"down": {"uv": [2.625, 5.375, 2.375, 5.5], "texture": "#0"}
			}
		},
		{
			"from": [15, 5, 2],
			"to": [16, 7, 3],
			"faces": {
				"north": {"uv": [1.75, 5.25, 1.875, 5.5], "texture": "#0"},
				"east": {"uv": [2.625, 5.375, 2.75, 5.625], "texture": "#0"},
				"south": {"uv": [2.75, 5.375, 2.875, 5.625], "texture": "#0"},
				"west": {"uv": [2.875, 5.375, 3, 5.625], "texture": "#0"},
				"up": {"uv": [3.125, 5.75, 3, 5.625], "texture": "#0"},
				"down": {"uv": [3.25, 5.625, 3.125, 5.75], "texture": "#0"}
			}
		},
		{
			"from": [12, 2, 4],
			"to": [13, 3, 5],
			"faces": {
				"north": {"uv": [3.25, 5.625, 3.375, 5.75], "texture": "#0"},
				"east": {"uv": [3.375, 5.625, 3.5, 5.75], "texture": "#0"},
				"south": {"uv": [3.5, 5.625, 3.625, 5.75], "texture": "#0"},
				"west": {"uv": [3.625, 5.625, 3.75, 5.75], "texture": "#0"},
				"up": {"uv": [3.875, 5.75, 3.75, 5.625], "texture": "#0"},
				"down": {"uv": [4, 5.625, 3.875, 5.75], "texture": "#0"}
			}
		},
		{
			"from": [3, 0, 6],
			"to": [4, 1, 7],
			"faces": {
				"north": {"uv": [4, 5.625, 4.125, 5.75], "texture": "#0"},
				"east": {"uv": [4.125, 5.625, 4.25, 5.75], "texture": "#0"},
				"south": {"uv": [4.25, 5.625, 4.375, 5.75], "texture": "#0"},
				"west": {"uv": [4.375, 5.625, 4.5, 5.75], "texture": "#0"},
				"up": {"uv": [4.625, 5.75, 4.5, 5.625], "texture": "#0"},
				"down": {"uv": [4.75, 5.625, 4.625, 5.75], "texture": "#0"}
			}
		},
		{
			"from": [3, 0, 8],
			"to": [4, 1, 9],
			"faces": {
				"north": {"uv": [4.75, 5.625, 4.875, 5.75], "texture": "#0"},
				"east": {"uv": [4.875, 5.625, 5, 5.75], "texture": "#0"},
				"south": {"uv": [5.625, 4.875, 5.75, 5], "texture": "#0"},
				"west": {"uv": [5, 5.625, 5.125, 5.75], "texture": "#0"},
				"up": {"uv": [5.75, 5.125, 5.625, 5], "texture": "#0"},
				"down": {"uv": [5.25, 5.625, 5.125, 5.75], "texture": "#0"}
			}
		},
		{
			"from": [5, 0, 10],
			"to": [6, 1, 11],
			"faces": {
				"north": {"uv": [5.625, 5.125, 5.75, 5.25], "texture": "#0"},
				"east": {"uv": [5.25, 5.625, 5.375, 5.75], "texture": "#0"},
				"south": {"uv": [5.625, 5.25, 5.75, 5.375], "texture": "#0"},
				"west": {"uv": [5.375, 5.625, 5.5, 5.75], "texture": "#0"},
				"up": {"uv": [5.75, 5.5, 5.625, 5.375], "texture": "#0"},
				"down": {"uv": [5.625, 5.625, 5.5, 5.75], "texture": "#0"}
			}
		},
		{
			"from": [10, 0, 10],
			"to": [11, 1, 11],
			"faces": {
				"north": {"uv": [5.625, 5.5, 5.75, 5.625], "texture": "#0"},
				"east": {"uv": [5.625, 5.625, 5.75, 5.75], "texture": "#0"},
				"south": {"uv": [0, 5.75, 0.125, 5.875], "texture": "#0"},
				"west": {"uv": [5.75, 0, 5.875, 0.125], "texture": "#0"},
				"up": {"uv": [0.25, 5.875, 0.125, 5.75], "texture": "#0"},
				"down": {"uv": [5.875, 0.125, 5.75, 0.25], "texture": "#0"}
			}
		},
		{
			"from": [12, 0, 8],
			"to": [13, 1, 9],
			"faces": {
				"north": {"uv": [0.25, 5.75, 0.375, 5.875], "texture": "#0"},
				"east": {"uv": [5.75, 0.25, 5.875, 0.375], "texture": "#0"},
				"south": {"uv": [0.375, 5.75, 0.5, 5.875], "texture": "#0"},
				"west": {"uv": [5.75, 0.375, 5.875, 0.5], "texture": "#0"},
				"up": {"uv": [0.625, 5.875, 0.5, 5.75], "texture": "#0"},
				"down": {"uv": [5.875, 0.5, 5.75, 0.625], "texture": "#0"}
			}
		},
		{
			"from": [12, 0, 6],
			"to": [13, 1, 7],
			"faces": {
				"north": {"uv": [0.625, 5.75, 0.75, 5.875], "texture": "#0"},
				"east": {"uv": [5.75, 0.625, 5.875, 0.75], "texture": "#0"},
				"south": {"uv": [0.75, 5.75, 0.875, 5.875], "texture": "#0"},
				"west": {"uv": [5.75, 0.75, 5.875, 0.875], "texture": "#0"},
				"up": {"uv": [1, 5.875, 0.875, 5.75], "texture": "#0"},
				"down": {"uv": [5.875, 0.875, 5.75, 1], "texture": "#0"}
			}
		},
		{
			"from": [11, 0, 4],
			"to": [12, 1, 5],
			"faces": {
				"north": {"uv": [1, 5.75, 1.125, 5.875], "texture": "#0"},
				"east": {"uv": [5.75, 1, 5.875, 1.125], "texture": "#0"},
				"south": {"uv": [1.125, 5.75, 1.25, 5.875], "texture": "#0"},
				"west": {"uv": [5.75, 1.125, 5.875, 1.25], "texture": "#0"},
				"up": {"uv": [1.375, 5.875, 1.25, 5.75], "texture": "#0"},
				"down": {"uv": [1.5, 5.75, 1.375, 5.875], "texture": "#0"}
			}
		},
		{
			"from": [4, 0, 6],
			"to": [12, 4, 10],
			"faces": {
				"north": {"uv": [4.875, 1.375, 5.875, 2], "texture": "#0"},
				"east": {"uv": [1, 5.125, 1.5, 5.75], "texture": "#0"},
				"south": {"uv": [4.875, 4.25, 5.875, 4.875], "texture": "#0"},
				"west": {"uv": [1.875, 5.125, 2.375, 5.75], "texture": "#0"},
				"up": {"uv": [5.875, 3.625, 4.875, 3.125], "texture": "#0"},
				"down": {"uv": [5.625, 4.875, 4.625, 5.375], "texture": "#0"}
			}
		},
		{
			"from": [4, 3, 5],
			"to": [12, 4, 6],
			"faces": {
				"north": {"uv": [5, 2, 6, 2.25], "texture": "#0"},
				"east": {"uv": [3, 5.375, 3.125, 5.625], "texture": "#0"},
				"south": {"uv": [5.125, 2.25, 6.125, 2.5], "texture": "#0"},
				"west": {"uv": [3.125, 5.375, 3.25, 5.625], "texture": "#0"},
				"up": {"uv": [6, 1.375, 5, 1.25], "texture": "#0"},
				"down": {"uv": [6.125, 3, 5.125, 3.125], "texture": "#0"}
			}
		},
		{
			"from": [4, 2, 5],
			"to": [5, 3, 6],
			"faces": {
				"north": {"uv": [1.5, 5.75, 1.625, 5.875], "texture": "#0"},
				"east": {"uv": [1.625, 5.75, 1.75, 5.875], "texture": "#0"},
				"south": {"uv": [1.75, 5.75, 1.875, 5.875], "texture": "#0"},
				"west": {"uv": [1.875, 5.75, 2, 5.875], "texture": "#0"},
				"up": {"uv": [2.125, 5.875, 2, 5.75], "texture": "#0"},
				"down": {"uv": [2.25, 5.75, 2.125, 5.875], "texture": "#0"}
			}
		},
		{
			"from": [11, 2, 5],
			"to": [12, 3, 6],
			"faces": {
				"north": {"uv": [2.25, 5.75, 2.375, 5.875], "texture": "#0"},
				"east": {"uv": [2.375, 5.75, 2.5, 5.875], "texture": "#0"},
				"south": {"uv": [2.5, 5.75, 2.625, 5.875], "texture": "#0"},
				"west": {"uv": [2.625, 5.75, 2.75, 5.875], "texture": "#0"},
				"up": {"uv": [2.875, 5.875, 2.75, 5.75], "texture": "#0"},
				"down": {"uv": [5.875, 2.75, 5.75, 2.875], "texture": "#0"}
			}
		},
		{
			"from": [4, 0, 5],
			"to": [12, 2, 6],
			"faces": {
				"north": {"uv": [2.375, 5.125, 3.375, 5.375], "texture": "#0"},
				"east": {"uv": [3.25, 5.375, 3.375, 5.625], "texture": "#0"},
				"south": {"uv": [5.125, 2.5, 6.125, 2.75], "texture": "#0"},
				"west": {"uv": [3.375, 5.375, 3.5, 5.625], "texture": "#0"},
				"up": {"uv": [4.375, 5.375, 3.375, 5.25], "texture": "#0"},
				"down": {"uv": [6.25, 3.625, 5.25, 3.75], "texture": "#0"}
			}
		},
		{
			"from": [6, 2, 5],
			"to": [10, 3, 6],
			"faces": {
				"north": {"uv": [5.25, 4, 5.75, 4.125], "texture": "#0"},
				"east": {"uv": [2.875, 5.75, 3, 5.875], "texture": "#0"},
				"south": {"uv": [5.25, 4.125, 5.75, 4.25], "texture": "#0"},
				"west": {"uv": [5.75, 2.875, 5.875, 3], "texture": "#0"},
				"up": {"uv": [0.5, 5.5, 0, 5.375], "texture": "#0"},
				"down": {"uv": [1, 5.375, 0.5, 5.5], "texture": "#0"}
			}
		},
		{
			"from": [5, 4, 5],
			"to": [11, 5, 10],
			"faces": {
				"north": {"uv": [0.125, 5.25, 0.875, 5.375], "texture": "#0"},
				"east": {"uv": [4, 5.125, 4.625, 5.25], "texture": "#0"},
				"south": {"uv": [5.25, 3.75, 6, 3.875], "texture": "#0"},
				"west": {"uv": [5.25, 3.875, 5.875, 4], "texture": "#0"},
				"up": {"uv": [5.75, 0.625, 5, 0], "texture": "#0"},
				"down": {"uv": [5.75, 0.625, 5, 1.25], "texture": "#0"}
			}
		},
		{
			"from": [5, 2, 5],
			"to": [6, 3, 6],
			"faces": {
				"north": {"uv": [0.125, 0.25, 0.25, 0.375], "texture": "#0"},
				"east": {"uv": [0.25, 0.125, 0.375, 0.25], "texture": "#0"},
				"south": {"uv": [0.25, 0.25, 0.375, 0.375], "texture": "#0"},
				"west": {"uv": [0, 0.375, 0.125, 0.5], "texture": "#0"},
				"up": {"uv": [0.5, 0.125, 0.375, 0], "texture": "#0"},
				"down": {"uv": [0.25, 0.375, 0.125, 0.5], "texture": "#0"}
			}
		},
		{
			"from": [10, 2, 5],
			"to": [11, 3, 6],
			"faces": {
				"north": {"uv": [0, 0, 0.125, 0.125], "texture": "#0"},
				"east": {"uv": [0, 0.125, 0.125, 0.25], "texture": "#0"},
				"south": {"uv": [0.125, 0, 0.25, 0.125], "texture": "#0"},
				"west": {"uv": [0.125, 0.125, 0.25, 0.25], "texture": "#0"},
				"up": {"uv": [0.125, 0.375, 0, 0.25], "texture": "#0"},
				"down": {"uv": [0.375, 0, 0.25, 0.125], "texture": "#0"}
			}
		},
		{
			"from": [4.4, 4, 7],
			"to": [11.4, 5.3, 8],
			"faces": {
				"north": {"uv": [0, 4, 7, 5], "texture": "#5"},
				"east": {"uv": [2, 8, 3, 9], "texture": "#5"},
				"south": {"uv": [0, 5, 7, 6], "texture": "#5"},
				"west": {"uv": [3, 8, 4, 9], "texture": "#5"},
				"up": {"uv": [7, 7, 0, 6], "texture": "#5"},
				"down": {"uv": [7, 7, 0, 8], "texture": "#5"}
			}
		},
		{
			"from": [4.8, 5.3, 7],
			"to": [11.2, 5.6, 8],
			"faces": {
				"north": {"uv": [7, 4, 13, 5], "texture": "#5"},
				"east": {"uv": [4, 8, 5, 9], "texture": "#5"},
				"south": {"uv": [7, 5, 13, 6], "texture": "#5"},
				"west": {"uv": [5, 8, 6, 9], "texture": "#5"},
				"up": {"uv": [13, 7, 7, 6], "texture": "#5"},
				"down": {"uv": [13, 7, 7, 8], "texture": "#5"}
			}
		},
		{
			"from": [1.4, 4.4, 7.4],
			"to": [1.9, 5.5, 7.6],
			"rotation": {"angle": 0, "axis": "y", "origin": [0.1, -0.2, 0]},
			"faces": {
				"north": {"uv": [12.5, 10.9, 15, 15], "texture": "#6"},
				"east": {"uv": [0, 1, 0.2, 2.1], "texture": "#6"},
				"south": {"uv": [10, 10.9, 12.5, 15], "texture": "#6"},
				"west": {"uv": [1, 1, 1.2, 2.1], "texture": "#6"},
				"up": {"uv": [0.5, 2.2, 0, 2], "texture": "#6"},
				"down": {"uv": [2.5, 0, 2, 0.2], "texture": "#6"}
			}
		},
		{
			"from": [1, 4.4, 7.4],
			"to": [1.2, 5, 7.6],
			"rotation": {"angle": 0, "axis": "y", "origin": [0.1, -0.2, 0]},
			"faces": {
				"north": {"uv": [1, 2, 1.2, 3.6], "texture": "#6"},
				"east": {"uv": [2, 1, 2.2, 1.6], "texture": "#6"},
				"south": {"uv": [1, 2, 1.2, 3.6], "texture": "#6"},
				"west": {"uv": [1, 2, 1.2, 3.6], "texture": "#6"},
				"up": {"uv": [3.2, 0.2, 3, 0], "texture": "#6"},
				"down": {"uv": [1.2, 3, 1, 3.2], "texture": "#6"}
			}
		},
		{
			"from": [1.9, 5, 7.4],
			"to": [2.7, 5.5, 7.6],
			"rotation": {"angle": 0, "axis": "y", "origin": [0.1, -0.2, 0]},
			"faces": {
				"north": {"uv": [3, 1, 3.8, 1.5], "texture": "#6"},
				"east": {"uv": [2, 3, 2.2, 3.5], "texture": "#6"},
				"south": {"uv": [3, 2, 3.8, 2.5], "texture": "#6"},
				"west": {"uv": [3, 3, 3.2, 3.5], "texture": "#6"},
				"up": {"uv": [0.8, 4.2, 0, 4], "texture": "#6"},
				"down": {"uv": [4.8, 0, 4, 0.2], "texture": "#6"}
			}
		},
		{
			"from": [1.9, 4.4, 7.4],
			"to": [2.4, 5, 7.6],
			"rotation": {"angle": 0, "axis": "y", "origin": [0.1, -0.2, 0]},
			"faces": {
				"north": {"uv": [1, 3, 1.5, 4.6], "texture": "#6"},
				"east": {"uv": [4, 1, 4.2, 1.6], "texture": "#6"},
				"south": {"uv": [1, 3, 1.5, 4.6], "texture": "#6"},
				"west": {"uv": [4, 2, 4.2, 2.6], "texture": "#6"},
				"up": {"uv": [3.5, 4.2, 3, 4], "texture": "#6"},
				"down": {"uv": [4.5, 3, 4, 3.2], "texture": "#6"}
			}
		},
		{
			"from": [1.6, 5.5, 7.4],
			"to": [2.5, 5.7, 7.6],
			"rotation": {"angle": 0, "axis": "y", "origin": [0.1, -0.2, 0]},
			"faces": {
				"north": {"uv": [4, 4, 7.9, 4.2], "texture": "#6"},
				"east": {"uv": [0, 5, 0.2, 5.2], "texture": "#6"},
				"south": {"uv": [4, 3.75, 7.9, 3.95], "texture": "#6"},
				"west": {"uv": [1, 5, 1.2, 5.2], "texture": "#6"},
				"up": {"uv": [7.9, 4.2, 4, 4], "texture": "#6"},
				"down": {"uv": [2.9, 5, 2, 5.2], "texture": "#6"}
			}
		},
		{
			"from": [1.2, 4.4, 7.4],
			"to": [1.4, 5.3, 7.6],
			"rotation": {"angle": 0, "axis": "y", "origin": [0.1, -0.2, 0]},
			"faces": {
				"north": {"uv": [3, 12, 3.2, 15.9], "texture": "#6"},
				"east": {"uv": [3, 5, 3.2, 5.9], "texture": "#6"},
				"south": {"uv": [3, 12, 3.2, 15.9], "texture": "#6"},
				"west": {"uv": [3, 12.1, 3.2, 16], "texture": "#6"},
				"up": {"uv": [5.2, 4.2, 5, 4], "texture": "#6"},
				"down": {"uv": [5.2, 5, 5, 5.2], "texture": "#6"}
			}
		},
		{
			"from": [0.8, 4.4, 7.4],
			"to": [1, 4.7, 7.6],
			"rotation": {"angle": 0, "axis": "y", "origin": [0.1, -0.2, 0]},
			"faces": {
				"north": {"uv": [0, 6, 0.2, 7.3], "texture": "#6"},
				"east": {"uv": [6, 0, 6.2, 0.3], "texture": "#6"},
				"south": {"uv": [0, 6, 0.2, 7.3], "texture": "#6"},
				"west": {"uv": [0, 6, 0.2, 7.3], "texture": "#6"},
				"up": {"uv": [2.2, 6.2, 2, 6], "texture": "#6"},
				"down": {"uv": [6.2, 2, 6, 2.2], "texture": "#6"}
			}
		},
		{
			"from": [1.6, 3.3, 7.4],
			"to": [2.5, 3.5, 7.6],
			"rotation": {"angle": 0, "axis": "y", "origin": [0.1, 16.2, 0]},
			"faces": {
				"north": {"uv": [3, 6, 3.9, 6.2], "texture": "#6"},
				"east": {"uv": [2, 8, 2.2, 8.2], "texture": "#6"},
				"south": {"uv": [3, 6, 3.9, 6.2], "texture": "#6"},
				"west": {"uv": [2, 8, 2.2, 8.2], "texture": "#6"},
				"up": {"uv": [5.9, 6.2, 5, 6], "texture": "#6"},
				"down": {"uv": [2.9, 8, 2, 8.2], "texture": "#6"}
			}
		},
		{
			"from": [1, 4, 7.4],
			"to": [1.2, 4.4, 7.6],
			"rotation": {"angle": 0, "axis": "y", "origin": [0.1, 16.2, 0]},
			"faces": {
				"north": {"uv": [6, 6, 6.2, 6.4], "texture": "#6"},
				"east": {"uv": [6, 6, 6.2, 6.4], "texture": "#6"},
				"south": {"uv": [6, 6, 6.2, 6.4], "texture": "#6"},
				"west": {"uv": [3, 7, 3.2, 7.4], "texture": "#6"},
				"up": {"uv": [6.2, 6.2, 6, 6], "texture": "#6"},
				"down": {"uv": [3.2, 7, 3, 7.2], "texture": "#6"}
			}
		},
		{
			"from": [1.4, 3.5, 7.4],
			"to": [1.9, 4.4, 7.6],
			"rotation": {"angle": 0, "axis": "y", "origin": [0.1, 16.2, 0]},
			"faces": {
				"north": {"uv": [0, 11, 3, 15.9], "texture": "#6"},
				"east": {"uv": [3, 7, 3.2, 7.9], "texture": "#6"},
				"south": {"uv": [10, 4, 13, 8.9], "texture": "#6"},
				"west": {"uv": [2, 8, 2.2, 8.9], "texture": "#6"},
				"up": {"uv": [7.5, 4.2, 7, 4], "texture": "#6"},
				"down": {"uv": [2.5, 8, 2, 8.2], "texture": "#6"}
			}
		},
		{
			"from": [1.2, 3.7, 7.4],
			"to": [1.4, 4.4, 7.6],
			"rotation": {"angle": 0, "axis": "y", "origin": [0.1, 16.2, 0]},
			"faces": {
				"north": {"uv": [14, 4, 14.2, 6.7], "texture": "#6"},
				"east": {"uv": [6, 7, 6.2, 7.7], "texture": "#6"},
				"south": {"uv": [14, 4, 14.2, 6.7], "texture": "#6"},
				"west": {"uv": [3, 7, 3.2, 7.7], "texture": "#6"},
				"up": {"uv": [0.2, 8.2, 0, 8], "texture": "#6"},
				"down": {"uv": [2.2, 8, 2, 8.2], "texture": "#6"}
			}
		},
		{
			"from": [1.9, 4, 7.4],
			"to": [2.4, 4.4, 7.6],
			"rotation": {"angle": 0, "axis": "y", "origin": [0.1, 16.2, 0]},
			"faces": {
				"north": {"uv": [1, 7, 3.5, 8.4], "texture": "#6"},
				"east": {"uv": [2, 8, 2.2, 8.4], "texture": "#6"},
				"south": {"uv": [13.5, 0, 16, 1.4], "texture": "#6"},
				"west": {"uv": [8, 2, 8.2, 2.4], "texture": "#6"},
				"up": {"uv": [3.5, 8.2, 3, 8], "texture": "#6"},
				"down": {"uv": [8.5, 3, 8, 3.2], "texture": "#6"}
			}
		},
		{
			"from": [1.9, 3.5, 7.4],
			"to": [2.7, 4, 7.6],
			"rotation": {"angle": 0, "axis": "y", "origin": [0.1, 16.2, 0]},
			"faces": {
				"north": {"uv": [4, 8, 8.8, 11], "texture": "#6"},
				"east": {"uv": [2, 8, 2.2, 8.5], "texture": "#6"},
				"south": {"uv": [4, 11, 8.8, 14], "texture": "#6"},
				"west": {"uv": [8, 5, 8.2, 5.5], "texture": "#6"},
				"up": {"uv": [2.8, 8.2, 2, 8], "texture": "#6"},
				"down": {"uv": [2.8, 8, 2, 8.2], "texture": "#6"}
			}
		},
		{
			"from": [0.8, 4.3, 7.4],
			"to": [1, 4.4, 7.6],
			"rotation": {"angle": 0, "axis": "y", "origin": [0.1, 16.2, 0]},
			"faces": {
				"north": {"uv": [7, 8, 7.2, 8.1], "texture": "#6"},
				"east": {"uv": [8, 7, 8.2, 7.1], "texture": "#6"},
				"south": {"uv": [8, 8, 8.2, 8.1], "texture": "#6"},
				"west": {"uv": [0, 9, 0.2, 9.1], "texture": "#6"},
				"up": {"uv": [9.2, 0.2, 9, 0], "texture": "#6"},
				"down": {"uv": [1.2, 9, 1, 9.2], "texture": "#6"}
			}
		},
		{
			"from": [0.6, 4.4, 7.4],
			"to": [0.8, 4.6, 7.6],
			"rotation": {"angle": 0, "axis": "y", "origin": [0.1, -0.2, 0]},
			"faces": {
				"north": {"uv": [9, 1, 9.2, 1.2], "texture": "#6"},
				"east": {"uv": [9, 1, 9.2, 1.2], "texture": "#6"},
				"south": {"uv": [9, 1, 9.2, 1.2], "texture": "#6"},
				"west": {"uv": [9, 1, 9.2, 1.2], "texture": "#6"},
				"up": {"uv": [9.2, 1.2, 9, 1], "texture": "#6"},
				"down": {"uv": [9.2, 1, 9, 1.2], "texture": "#6"}
			}
		},
		{
			"from": [14, 0.3, 8.3],
			"to": [15.2, 2.2, 8.5],
			"rotation": {"angle": -22.5, "axis": "x", "origin": [1.1, 0.8, 0]},
			"faces": {
				"north": {"uv": [0, 0, 1, 2], "texture": "#missing"},
				"east": {"uv": [1, 0, 2, 2], "texture": "#missing"},
				"south": {"uv": [0, 2, 1, 4], "texture": "#missing"},
				"west": {"uv": [2, 0, 3, 2], "texture": "#missing"},
				"up": {"uv": [1, 5, 0, 4], "texture": "#missing"},
				"down": {"uv": [5, 0, 4, 1], "texture": "#missing"}
			}
		},
		{
			"from": [15.2, 1.7, 8.3],
			"to": [15.8, 2.2, 8.5],
			"rotation": {"angle": -22.5, "axis": "x", "origin": [2.3, 0.8, 0]},
			"faces": {
				"north": {"uv": [1, 4, 2, 5], "texture": "#missing"},
				"east": {"uv": [4, 1, 5, 2], "texture": "#missing"},
				"south": {"uv": [2, 4, 3, 5], "texture": "#missing"},
				"west": {"uv": [4, 2, 5, 3], "texture": "#missing"},
				"up": {"uv": [4, 5, 3, 4], "texture": "#missing"},
				"down": {"uv": [5, 3, 4, 4], "texture": "#missing"}
			}
		},
		{
			"from": [14, 6.1, 5.4],
			"to": [15.2, 8, 5.6],
			"rotation": {"angle": 22.5, "axis": "x", "origin": [1.1, 0.8, 0]},
			"faces": {
				"north": {"uv": [1, 2, 2, 4], "texture": "#missing"},
				"east": {"uv": [2, 2, 3, 4], "texture": "#missing"},
				"south": {"uv": [3, 0, 4, 2], "texture": "#missing"},
				"west": {"uv": [3, 2, 4, 4], "texture": "#missing"},
				"up": {"uv": [5, 5, 4, 4], "texture": "#missing"},
				"down": {"uv": [1, 5, 0, 6], "texture": "#missing"}
			}
		},
		{
			"from": [15.2, 7.5, 5.4],
			"to": [15.8, 8, 5.6],
			"rotation": {"angle": 22.5, "axis": "x", "origin": [2.3, 0.8, 0]},
			"faces": {
				"north": {"uv": [5, 0, 6, 1], "texture": "#missing"},
				"east": {"uv": [1, 5, 2, 6], "texture": "#missing"},
				"south": {"uv": [5, 1, 6, 2], "texture": "#missing"},
				"west": {"uv": [2, 5, 3, 6], "texture": "#missing"},
				"up": {"uv": [6, 3, 5, 2], "texture": "#missing"},
				"down": {"uv": [4, 5, 3, 6], "texture": "#missing"}
			}
		},
		{
			"from": [15.2, 6.1, 5.4],
			"to": [15.8, 6.6, 5.6],
			"rotation": {"angle": 22.5, "axis": "x", "origin": [2.3, 0.8, 0]},
			"faces": {
				"north": {"uv": [5, 3, 6, 4], "texture": "#missing"},
				"east": {"uv": [4, 5, 5, 6], "texture": "#missing"},
				"south": {"uv": [5, 4, 6, 5], "texture": "#missing"},
				"west": {"uv": [5, 5, 6, 6], "texture": "#missing"},
				"up": {"uv": [1, 7, 0, 6], "texture": "#missing"},
				"down": {"uv": [7, 0, 6, 1], "texture": "#missing"}
			}
		},
		{
			"from": [15.2, 0.3, 8.3],
			"to": [15.8, 0.8, 8.5],
			"rotation": {"angle": -22.5, "axis": "x", "origin": [2.3, 0.8, 0]},
			"faces": {
				"north": {"uv": [1, 6, 2, 7], "texture": "#missing"},
				"east": {"uv": [6, 1, 7, 2], "texture": "#missing"},
				"south": {"uv": [2, 6, 3, 7], "texture": "#missing"},
				"west": {"uv": [6, 2, 7, 3], "texture": "#missing"},
				"up": {"uv": [4, 7, 3, 6], "texture": "#missing"},
				"down": {"uv": [7, 3, 6, 4], "texture": "#missing"}
			}
		},
		{
			"name": "stick",
			"from": [2, 4.2, 7.2],
			"to": [15, 4.8, 7.8],
			"faces": {
				"north": {"uv": [0, 10, 16, 13], "texture": "#5"},
				"east": {"uv": [15, 11, 16, 12], "texture": "#5"},
				"south": {"uv": [0, 10, 16, 13], "texture": "#5"},
				"west": {"uv": [15, 11, 16, 12], "texture": "#5"},
				"up": {"uv": [16, 13, 0, 10], "texture": "#5"},
				"down": {"uv": [16, 13, 0, 16], "texture": "#5"}
			}
		}
	],
	"groups": [
		{
			"name": "hearts",
			"origin": [8, 8, 8],
			"color": 0,
			"children": [
				{
					"name": "carb",
					"origin": [0, 0, 0],
					"color": 0,
					"children": [0, 1, 2, 3, 4, 5, 6, 7, 8, 9, 10, 11, 12, 13, 14, 15, 16, 17, 18, 19, 20, 21, 22, 23, 24, 25, 26, 27, 28, 29]
				},
				{
					"name": "band",
					"origin": [0, 0, 0],
					"color": 0,
					"children": [30, 31]
				},
				{
					"name": "antennae",
					"origin": [15.6, 0, 0],
					"color": 0,
					"children": [32, 33, 34, 35, 36, 37, 38]
				},
				{
					"name": "hearts",
					"origin": [0, 0, 0],
					"color": 0,
					"children": [39, 40, 41, 42, 43, 44, 45, 46, 47, 48, 49, 50, 51, 52]
				}
			]
		},
		{
			"name": "wings",
			"origin": [8, 8, 8],
			"color": 0,
			"children": [
				{
					"name": "carb",
					"origin": [0, 0, 0],
					"color": 0,
					"children": [53, 54, 55, 56, 57, 58, 59, 60, 61, 62, 63, 64, 65, 66, 67, 68, 69, 70, 71, 72, 73, 74, 75, 76, 77, 78, 79, 80, 81, 82]
				},
				{
					"name": "wings",
					"origin": [0, 0, 0],
					"color": 0,
					"children": [83, 84, 85, 86, 87, 88, 89, 90]
				}
			]
		},
		{
			"name": "arrow",
			"origin": [8, 8, 8],
			"color": 0,
			"children": [
				{
					"name": "carb",
					"origin": [0, 0, 0],
					"color": 0,
					"children": [91, 92, 93, 94, 95, 96, 97, 98, 99, 100, 101, 102, 103, 104, 105, 106, 107, 108, 109, 110, 111, 112, 113, 114, 115, 116, 117, 118, 119, 120]
				},
				{
					"name": "band",
					"origin": [0, 0, 0],
					"color": 0,
					"children": [121, 122]
				},
				{
					"name": "heart",
					"origin": [0.1, -0.2, 0],
					"color": 0,
					"children": [123, 124, 125, 126, 127, 128, 129, 130, 131, 132, 133, 134, 135, 136, 137]
				},
				{
					"name": "feather",
					"origin": [2.3, 0.8, 0],
					"color": 0,
					"children": [138, 139, 140, 141, 142, 143]
				},
				144
			]
		}
	]
}