{
	"credit": "Made with Blockbench",
	"texture_size": [32, 32],
	"textures": {
		"0": "mctc:hats/pummy",
		"particle": "mctc:hats/pummy"
	},
	"elements": [
		{
			"from": [7, 3, 2],
			"to": [9, 4, 3],
			"faces": {
				"north": {"uv": [1.375, 1.25, 1.625, 1.375], "texture": "#0"},
				"east": {"uv": [1.875, 0.125, 2, 0.25], "texture": "#0"},
				"south": {"uv": [1.375, 1.375, 1.625, 1.5], "texture": "#0"},
				"west": {"uv": [0.375, 1.875, 0.5, 2], "texture": "#0"},
				"up": {"uv": [1.75, 1.125, 1.5, 1], "texture": "#0"},
				"down": {"uv": [1.75, 1.125, 1.5, 1.25], "texture": "#0"}
			}
		},
		{
			"from": [7, 3, 7],
			"to": [9, 4, 8],
			"faces": {
				"north": {"uv": [1.375, 1.5, 1.625, 1.625], "texture": "#0"},
				"east": {"uv": [1.875, 0.375, 2, 0.5], "texture": "#0"},
				"south": {"uv": [0.375, 1.625, 0.625, 1.75], "texture": "#0"},
				"west": {"uv": [0.5, 1.875, 0.625, 2], "texture": "#0"},
				"up": {"uv": [0.875, 1.75, 0.625, 1.625], "texture": "#0"},
				"down": {"uv": [1.125, 1.625, 0.875, 1.75], "texture": "#0"}
			}
		},
		{
			"from": [5, 3, 4],
			"to": [6, 4, 6],
			"faces": {
				"north": {"uv": [1.875, 0.5, 2, 0.625], "texture": "#0"},
				"east": {"uv": [1.125, 1.625, 1.375, 1.75], "texture": "#0"},
				"south": {"uv": [0.75, 1.875, 0.875, 2], "texture": "#0"},
				"west": {"uv": [1.625, 1.25, 1.875, 1.375], "texture": "#0"},
				"up": {"uv": [0.5, 1.625, 0.375, 1.375], "texture": "#0"},
				"down": {"uv": [1.5, 1.625, 1.375, 1.875], "texture": "#0"}
			}
		},
		{
			"from": [10, 3, 4],
			"to": [11, 4, 6],
			"faces": {
				"north": {"uv": [1.875, 0.75, 2, 0.875], "texture": "#0"},
				"east": {"uv": [1.625, 1.375, 1.875, 1.5], "texture": "#0"},
				"south": {"uv": [0.875, 1.875, 1, 2], "texture": "#0"},
				"west": {"uv": [1.5, 1.625, 1.75, 1.75], "texture": "#0"},
				"up": {"uv": [0.125, 2, 0, 1.75], "texture": "#0"},
				"down": {"uv": [1.875, 0, 1.75, 0.25], "texture": "#0"}
			}
		},
		{
			"name": "color",
			"from": [5, 1, 2],
			"to": [6, 2, 3],
			"faces": {
				"north": {"uv": [3, 7, 3.5, 7.5], "texture": "#0", "tintindex": 0},
				"east": {"uv": [7, 3, 7.5, 3.5], "texture": "#0", "tintindex": 0},
				"south": {"uv": [3.5, 7, 4, 7.5], "texture": "#0", "tintindex": 0},
				"west": {"uv": [7, 3.5, 7.5, 4], "texture": "#0", "tintindex": 0},
				"up": {"uv": [4.5, 7.5, 4, 7], "texture": "#0", "tintindex": 0},
				"down": {"uv": [5, 7, 4.5, 7.5], "texture": "#0", "tintindex": 0}
			}
		},
		{
			"name": "color",
			"from": [10, 1, 2],
			"to": [11, 2, 3],
			"faces": {
				"north": {"uv": [7, 0.5, 7.5, 1], "texture": "#0", "tintindex": 0},
				"east": {"uv": [7, 1, 7.5, 1.5], "texture": "#0", "tintindex": 0},
				"south": {"uv": [1.5, 7, 2, 7.5], "texture": "#0", "tintindex": 0},
				"west": {"uv": [7, 1.5, 7.5, 2], "texture": "#0", "tintindex": 0},
				"up": {"uv": [7.5, 2.5, 7, 2], "texture": "#0", "tintindex": 0},
				"down": {"uv": [7.5, 2.5, 7, 3], "texture": "#0", "tintindex": 0}
			}
		},
		{
			"name": "color",
			"from": [10, 1, 7],
			"to": [11, 2, 8],
			"faces": {
				"north": {"uv": [6.5, 3, 7, 3.5], "texture": "#0", "tintindex": 0},
				"east": {"uv": [3.5, 6.5, 4, 7], "texture": "#0", "tintindex": 0},
				"south": {"uv": [6.5, 3.5, 7, 4], "texture": "#0", "tintindex": 0},
				"west": {"uv": [4, 6.5, 4.5, 7], "texture": "#0", "tintindex": 0},
				"up": {"uv": [5, 7, 4.5, 6.5], "texture": "#0", "tintindex": 0},
				"down": {"uv": [5.5, 6.5, 5, 7], "texture": "#0", "tintindex": 0}
			}
		},
		{
			"name": "color",
			"from": [5, 1, 7],
			"to": [6, 2, 8],
			"faces": {
				"north": {"uv": [0.5, 1, 1, 1.5], "texture": "#0", "tintindex": 0},
				"east": {"uv": [3, 2, 3.5, 2.5], "texture": "#0", "tintindex": 0},
				"south": {"uv": [3.5, 0.5, 4, 1], "texture": "#0", "tintindex": 0},
				"west": {"uv": [3, 3.5, 3.5, 4], "texture": "#0", "tintindex": 0},
				"up": {"uv": [7, 1.5, 6.5, 1], "texture": "#0", "tintindex": 0},
				"down": {"uv": [2, 6.5, 1.5, 7], "texture": "#0", "tintindex": 0}
			}
		},
		{
			"from": [6, 3, 3],
			"to": [7, 4, 4],
			"faces": {
				"north": {"uv": [0.875, 2, 1, 2.125], "texture": "#0"},
				"east": {"uv": [2, 0.875, 2.125, 1], "texture": "#0"},
				"south": {"uv": [1, 2, 1.125, 2.125], "texture": "#0"},
				"west": {"uv": [2, 1, 2.125, 1.125], "texture": "#0"},
				"up": {"uv": [1.25, 2.125, 1.125, 2], "texture": "#0"},
				"down": {"uv": [2.125, 1.125, 2, 1.25], "texture": "#0"}
			}
		},
		{
			"from": [9, 3, 3],
			"to": [10, 4, 4],
			"faces": {
				"north": {"uv": [1.25, 2, 1.375, 2.125], "texture": "#0"},
				"east": {"uv": [2, 1.25, 2.125, 1.375], "texture": "#0"},
				"south": {"uv": [1.375, 2, 1.5, 2.125], "texture": "#0"},
				"west": {"uv": [2, 1.375, 2.125, 1.5], "texture": "#0"},
				"up": {"uv": [1.625, 2.125, 1.5, 2], "texture": "#0"},
				"down": {"uv": [2.125, 1.5, 2, 1.625], "texture": "#0"}
			}
		},
		{
			"from": [9, 3, 6],
			"to": [10, 4, 7],
			"faces": {
				"north": {"uv": [1.625, 2, 1.75, 2.125], "texture": "#0"},
				"east": {"uv": [2, 1.625, 2.125, 1.75], "texture": "#0"},
				"south": {"uv": [1.75, 2, 1.875, 2.125], "texture": "#0"},
				"west": {"uv": [2, 1.75, 2.125, 1.875], "texture": "#0"},
				"up": {"uv": [2, 2.125, 1.875, 2], "texture": "#0"},
				"down": {"uv": [2.125, 1.875, 2, 2], "texture": "#0"}
			}
		},
		{
			"from": [6, 3, 6],
			"to": [7, 4, 7],
			"faces": {
				"north": {"uv": [2, 2, 2.125, 2.125], "texture": "#0"},
				"east": {"uv": [0, 2.125, 0.125, 2.25], "texture": "#0"},
				"south": {"uv": [2.125, 0, 2.25, 0.125], "texture": "#0"},
				"west": {"uv": [0.125, 2.125, 0.25, 2.25], "texture": "#0"},
				"up": {"uv": [2.25, 0.25, 2.125, 0.125], "texture": "#0"},
				"down": {"uv": [0.375, 2.125, 0.25, 2.25], "texture": "#0"}
			}
		},
		{
			"from": [7, 4, 3],
			"to": [9, 5, 7],
			"faces": {
				"north": {"uv": [1.625, 1.5, 1.875, 1.625], "texture": "#0"},
				"east": {"uv": [1, 1.125, 1.5, 1.25], "texture": "#0"},
				"south": {"uv": [0.125, 1.75, 0.375, 1.875], "texture": "#0"},
				"west": {"uv": [0, 1.25, 0.5, 1.375], "texture": "#0"},
				"up": {"uv": [1.25, 0.5, 1, 0], "texture": "#0"},
				"down": {"uv": [1.25, 0.5, 1, 1], "texture": "#0"}
			}
		},
		{
			"from": [6, 4, 4],
			"to": [7, 5, 6],
			"faces": {
				"north": {"uv": [2.125, 0.25, 2.25, 0.375], "texture": "#0"},
				"east": {"uv": [1.75, 0.25, 2, 0.375], "texture": "#0"},
				"south": {"uv": [0.375, 2.125, 0.5, 2.25], "texture": "#0"},
				"west": {"uv": [0.375, 1.75, 0.625, 1.875], "texture": "#0"},
				"up": {"uv": [1.875, 0.625, 1.75, 0.375], "texture": "#0"},
				"down": {"uv": [0.75, 1.75, 0.625, 2], "texture": "#0"}
			}
		},
		{
			"from": [9, 4, 4],
			"to": [10, 5, 6],
			"faces": {
				"north": {"uv": [2.125, 0.375, 2.25, 0.5], "texture": "#0"},
				"east": {"uv": [1.75, 0.625, 2, 0.75], "texture": "#0"},
				"south": {"uv": [0.5, 2.125, 0.625, 2.25], "texture": "#0"},
				"west": {"uv": [0.75, 1.75, 1, 1.875], "texture": "#0"},
				"up": {"uv": [1.875, 1, 1.75, 0.75], "texture": "#0"},
				"down": {"uv": [1.125, 1.75, 1, 2], "texture": "#0"}
			}
		},
		{
			"from": [6, 2, 2],
			"to": [10, 3, 3],
			"faces": {
				"north": {"uv": [1.25, 0, 1.75, 0.125], "texture": "#0"},
				"east": {"uv": [2.125, 0.5, 2.25, 0.625], "texture": "#0"},
				"south": {"uv": [1.25, 0.125, 1.75, 0.25], "texture": "#0"},
				"west": {"uv": [0.625, 2.125, 0.75, 2.25], "texture": "#0"},
				"up": {"uv": [1.75, 0.375, 1.25, 0.25], "texture": "#0"},
				"down": {"uv": [1.75, 0.375, 1.25, 0.5], "texture": "#0"}
			}
		},
		{
			"name": "color",
			"from": [6, 0, 2],
			"to": [10, 1, 3],
			"faces": {
				"north": {"uv": [4.5, 2, 6.5, 2.5], "texture": "#0", "tintindex": 0},
				"east": {"uv": [7, 0, 7.5, 0.5], "texture": "#0", "tintindex": 0},
				"south": {"uv": [4.5, 2.5, 6.5, 3], "texture": "#0", "tintindex": 0},
				"west": {"uv": [0.5, 7, 1, 7.5], "texture": "#0", "tintindex": 0},
				"up": {"uv": [6.5, 3.5, 4.5, 3], "texture": "#0", "tintindex": 0},
				"down": {"uv": [6.5, 3.5, 4.5, 4], "texture": "#0", "tintindex": 0}
			}
		},
		{
			"from": [7, 1, 2],
			"to": [9, 2, 3],
			"faces": {
				"north": {"uv": [1.75, 1, 2, 1.125], "texture": "#0"},
				"east": {"uv": [2.125, 0.75, 2.25, 0.875], "texture": "#0"},
				"south": {"uv": [1.125, 1.75, 1.375, 1.875], "texture": "#0"},
				"west": {"uv": [0.875, 2.125, 1, 2.25], "texture": "#0"},
				"up": {"uv": [2, 1.25, 1.75, 1.125], "texture": "#0"},
				"down": {"uv": [1.75, 1.75, 1.5, 1.875], "texture": "#0"}
			}
		},
		{
			"from": [6, 1, 3],
			"to": [7, 2, 4],
			"faces": {
				"north": {"uv": [2.25, 2, 2.5, 2.25], "texture": "#0"},
				"east": {"uv": [2.25, 2.25, 2.5, 2.5], "texture": "#0"},
				"south": {"uv": [0, 2.5, 0.25, 2.75], "texture": "#0"},
				"west": {"uv": [2.5, 0, 2.75, 0.25], "texture": "#0"},
				"up": {"uv": [1.25, 2.75, 1, 2.5], "texture": "#0"},
				"down": {"uv": [1.5, 2.5, 1.25, 2.75], "texture": "#0"}
			}
		},
		{
			"from": [9, 1, 3],
			"to": [10, 2, 4],
			"faces": {
				"north": {"uv": [2.25, 1.25, 2.5, 1.5], "texture": "#0"},
				"east": {"uv": [1.5, 2.25, 1.75, 2.5], "texture": "#0"},
				"south": {"uv": [2.25, 1.5, 2.5, 1.75], "texture": "#0"},
				"west": {"uv": [1.75, 2.25, 2, 2.5], "texture": "#0"},
				"up": {"uv": [2.5, 2, 2.25, 1.75], "texture": "#0"},
				"down": {"uv": [2.25, 2.25, 2, 2.5], "texture": "#0"}
			}
		},
		{
			"from": [8, 5, 5],
			"to": [9, 6, 6],
			"faces": {
				"north": {"uv": [2.125, 1.625, 2.25, 1.75], "texture": "#0"},
				"east": {"uv": [1.75, 2.125, 1.875, 2.25], "texture": "#0"},
				"south": {"uv": [2.125, 1.75, 2.25, 1.875], "texture": "#0"},
				"west": {"uv": [1.875, 2.125, 2, 2.25], "texture": "#0"},
				"up": {"uv": [2.25, 2, 2.125, 1.875], "texture": "#0"},
				"down": {"uv": [2.125, 2.125, 2, 2.25], "texture": "#0"}
			}
		},
		{
			"name": "color",
			"from": [11, 5, 5],
			"to": [12, 6, 6],
			"faces": {
				"north": {"uv": [5.5, 7, 6, 7.5], "texture": "#0", "tintindex": 0},
				"east": {"uv": [7, 5.5, 7.5, 6], "texture": "#0", "tintindex": 0},
				"south": {"uv": [6, 7, 6.5, 7.5], "texture": "#0", "tintindex": 0},
				"west": {"uv": [7, 6, 7.5, 6.5], "texture": "#0", "tintindex": 0},
				"up": {"uv": [7, 7.5, 6.5, 7], "texture": "#0", "tintindex": 0},
				"down": {"uv": [7.5, 6.5, 7, 7], "texture": "#0", "tintindex": 0}
			}
		},
		{
			"from": [9, 6, 6],
			"to": [11, 7, 7],
			"faces": {
				"north": {"uv": [1.75, 1.625, 2, 1.75], "texture": "#0"},
				"east": {"uv": [0.25, 2.25, 0.375, 2.375], "texture": "#0"},
				"south": {"uv": [1.75, 1.75, 2, 1.875], "texture": "#0"},
				"west": {"uv": [2.25, 0.25, 2.375, 0.375], "texture": "#0"},
				"up": {"uv": [2.125, 0.125, 1.875, 0], "texture": "#0"},
				"down": {"uv": [0.375, 1.875, 0.125, 2], "texture": "#0"}
			}
		},
		{
			"name": "color",
			"from": [6, 0, 3],
			"to": [10, 1, 7],
			"faces": {
				"north": {"uv": [3, 6, 5, 6.5], "texture": "#0", "tintindex": 0},
				"east": {"uv": [6, 4, 8, 4.5], "texture": "#0", "tintindex": 0},
				"south": {"uv": [6, 4.5, 8, 5], "texture": "#0", "tintindex": 0},
				"west": {"uv": [5, 6, 7, 6.5], "texture": "#0", "tintindex": 0},
				"up": {"uv": [6, 6, 4, 4], "texture": "#0", "tintindex": 0},
				"down": {"uv": [2, 4.5, 0, 6.5], "texture": "#0", "tintindex": 0}
			}
		},
		{
			"name": "color",
			"from": [5, 0, 3],
			"to": [6, 1, 7],
			"faces": {
				"north": {"uv": [5, 7, 5.5, 7.5], "texture": "#0", "tintindex": 0},
				"east": {"uv": [2, 5, 4, 5.5], "texture": "#0", "tintindex": 0},
				"south": {"uv": [7, 5, 7.5, 5.5], "texture": "#0", "tintindex": 0},
				"west": {"uv": [2, 5.5, 4, 6], "texture": "#0", "tintindex": 0},
				"up": {"uv": [2.5, 8, 2, 6], "texture": "#0", "tintindex": 0},
				"down": {"uv": [3, 6, 2.5, 8], "texture": "#0", "tintindex": 0}
			}
		},
		{
			"from": [5, 1, 4],
			"to": [6, 2, 6],
			"faces": {
				"north": {"uv": [3.5, 7.5, 4, 8], "texture": "#0"},
				"east": {"uv": [7.5, 1.5, 8.5, 2], "texture": "#0"},
				"south": {"uv": [7.5, 3.5, 8, 4], "texture": "#0"},
				"west": {"uv": [7.5, 2, 8.5, 2.5], "texture": "#0", "tintindex": 0},
				"up": {"uv": [8, 3.5, 7.5, 2.5], "texture": "#0"},
				"down": {"uv": [3.5, 7.5, 3, 8.5], "texture": "#0"}
			}
		},
		{
			"from": [5, 2, 4],
			"to": [6, 3, 6],
			"faces": {
				"north": {"uv": [0.75, 4.25, 1, 4.5], "texture": "#0"},
				"east": {"uv": [3.5, 1.25, 4, 1.5], "texture": "#0"},
				"south": {"uv": [4.25, 0.75, 4.5, 1], "texture": "#0"},
				"west": {"uv": [3.5, 1.5, 4, 1.75], "texture": "#0"},
				"up": {"uv": [2.75, 3.75, 2.5, 3.25], "texture": "#0"},
				"down": {"uv": [3.75, 1.75, 3.5, 2.25], "texture": "#0"}
			}
		},
		{
			"from": [5, 1, 3],
			"to": [6, 2, 4],
			"faces": {
				"north": {"uv": [1.75, 4.25, 2, 4.5], "texture": "#0"},
				"east": {"uv": [4.25, 1.75, 4.5, 2], "texture": "#0"},
				"south": {"uv": [2, 4.25, 2.25, 4.5], "texture": "#0"},
				"west": {"uv": [4.25, 2, 4.5, 2.25], "texture": "#0"},
				"up": {"uv": [2.5, 4.5, 2.25, 4.25], "texture": "#0"},
				"down": {"uv": [4.5, 2.25, 4.25, 2.5], "texture": "#0"}
			}
		},
		{
			"from": [5, 2, 3],
			"to": [6, 3, 4],
			"faces": {
				"north": {"uv": [1, 4.25, 1.25, 4.5], "texture": "#0"},
				"east": {"uv": [4.25, 1, 4.5, 1.25], "texture": "#0"},
				"south": {"uv": [1.25, 4.25, 1.5, 4.5], "texture": "#0"},
				"west": {"uv": [4.25, 1.25, 4.5, 1.5], "texture": "#0"},
				"up": {"uv": [1.75, 4.5, 1.5, 4.25], "texture": "#0"},
				"down": {"uv": [4.5, 1.5, 4.25, 1.75], "texture": "#0"}
			}
		},
		{
			"from": [5, 1, 6],
			"to": [6, 2, 7],
			"faces": {
				"north": {"uv": [2.75, 4.25, 3, 4.5], "texture": "#0"},
				"east": {"uv": [4.25, 2.75, 4.5, 3], "texture": "#0"},
				"south": {"uv": [3, 4.25, 3.25, 4.5], "texture": "#0"},
				"west": {"uv": [4.25, 3, 4.5, 3.25], "texture": "#0"},
				"up": {"uv": [3.5, 4.5, 3.25, 4.25], "texture": "#0"},
				"down": {"uv": [4.5, 3.25, 4.25, 3.5], "texture": "#0"}
			}
		},
		{
			"from": [5, 2, 6],
			"to": [6, 3, 7],
			"faces": {
				"north": {"uv": [0, 4.25, 0.25, 4.5], "texture": "#0"},
				"east": {"uv": [4.25, 0, 4.5, 0.25], "texture": "#0"},
				"south": {"uv": [0.25, 4.25, 0.5, 4.5], "texture": "#0"},
				"west": {"uv": [4.25, 0.25, 4.5, 0.5], "texture": "#0"},
				"up": {"uv": [0.75, 4.5, 0.5, 4.25], "texture": "#0"},
				"down": {"uv": [4.5, 0.5, 4.25, 0.75], "texture": "#0"}
			}
		},
		{
			"name": "color",
			"from": [6, 0, 7],
			"to": [10, 1, 8],
			"faces": {
				"north": {"uv": [1.5, 2.5, 3.5, 3], "texture": "#0", "tintindex": 0},
				"east": {"uv": [6.5, 1.5, 7, 2], "texture": "#0", "tintindex": 0},
				"south": {"uv": [4.5, 0, 6.5, 0.5], "texture": "#0", "tintindex": 0},
				"west": {"uv": [6.5, 2, 7, 2.5], "texture": "#0", "tintindex": 0},
				"up": {"uv": [6.5, 1, 4.5, 0.5], "texture": "#0", "tintindex": 0},
				"down": {"uv": [6.5, 1, 4.5, 1.5], "texture": "#0", "tintindex": 0}
			}
		},
		{
			"name": "color",
			"from": [7, 1, 7],
			"to": [9, 2, 8],
			"faces": {
				"north": {"uv": [0, 0, 1, 0.5], "texture": "#0", "tintindex": 0},
				"east": {"uv": [6.5, 2.5, 7, 3], "texture": "#0", "tintindex": 0},
				"south": {"uv": [0, 0.5, 1, 1], "texture": "#0", "tintindex": 0},
				"west": {"uv": [3, 6.5, 3.5, 7], "texture": "#0", "tintindex": 0},
				"up": {"uv": [1, 3.5, 0, 3], "texture": "#0", "tintindex": 0},
				"down": {"uv": [7, 5, 6, 5.5], "texture": "#0", "tintindex": 0}
			}
		},
		{
			"from": [7, 2, 7],
			"to": [9, 3, 8],
			"faces": {
				"north": {"uv": [2, 3.25, 2.5, 3.5], "texture": "#0"},
				"east": {"uv": [4, 1, 4.25, 1.25], "texture": "#0"},
				"south": {"uv": [3, 3.25, 3.5, 3.5], "texture": "#0"},
				"west": {"uv": [1.25, 4, 1.5, 4.25], "texture": "#0"},
				"up": {"uv": [0.75, 3.75, 0.25, 3.5], "texture": "#0"},
				"down": {"uv": [4, 0.25, 3.5, 0.5], "texture": "#0"}
			}
		},
		{
			"from": [6, 1, 7],
			"to": [7, 2, 8],
			"faces": {
				"north": {"uv": [4, 2, 4.25, 2.25], "texture": "#0"},
				"east": {"uv": [2.25, 4, 2.5, 4.25], "texture": "#0"},
				"south": {"uv": [4, 2.25, 4.25, 2.5], "texture": "#0"},
				"west": {"uv": [2.5, 4, 2.75, 4.25], "texture": "#0"},
				"up": {"uv": [4.25, 2.75, 4, 2.5], "texture": "#0"},
				"down": {"uv": [3, 4, 2.75, 4.25], "texture": "#0"}
			}
		},
		{
			"from": [6, 2, 7],
			"to": [7, 3, 8],
			"faces": {
				"north": {"uv": [4, 1.25, 4.25, 1.5], "texture": "#0"},
				"east": {"uv": [1.5, 4, 1.75, 4.25], "texture": "#0"},
				"south": {"uv": [4, 1.5, 4.25, 1.75], "texture": "#0"},
				"west": {"uv": [1.75, 4, 2, 4.25], "texture": "#0"},
				"up": {"uv": [4.25, 2, 4, 1.75], "texture": "#0"},
				"down": {"uv": [2.25, 4, 2, 4.25], "texture": "#0"}
			}
		},
		{
			"from": [9, 1, 7],
			"to": [10, 2, 8],
			"faces": {
				"north": {"uv": [4, 3, 4.25, 3.25], "texture": "#0"},
				"east": {"uv": [3.25, 4, 3.5, 4.25], "texture": "#0"},
				"south": {"uv": [4, 3.25, 4.25, 3.5], "texture": "#0"},
				"west": {"uv": [3.5, 4, 3.75, 4.25], "texture": "#0"},
				"up": {"uv": [4.25, 3.75, 4, 3.5], "texture": "#0"},
				"down": {"uv": [4, 4, 3.75, 4.25], "texture": "#0"}
			}
		},
		{
			"from": [9, 2, 7],
			"to": [10, 3, 8],
			"faces": {
				"north": {"uv": [4, 0.25, 4.25, 0.5], "texture": "#0"},
				"east": {"uv": [0.5, 4, 0.75, 4.25], "texture": "#0"},
				"south": {"uv": [4, 0.5, 4.25, 0.75], "texture": "#0"},
				"west": {"uv": [0.75, 4, 1, 4.25], "texture": "#0"},
				"up": {"uv": [4.25, 1, 4, 0.75], "texture": "#0"},
				"down": {"uv": [1.25, 4, 1, 4.25], "texture": "#0"}
			}
		},
		{
			"name": "color",
			"from": [10, 0, 3],
			"to": [11, 1, 7],
			"faces": {
				"north": {"uv": [5.5, 6.5, 6, 7], "texture": "#0", "tintindex": 0},
				"east": {"uv": [4.5, 1.5, 6.5, 2], "texture": "#0", "tintindex": 0},
				"south": {"uv": [6, 6.5, 6.5, 7], "texture": "#0", "tintindex": 0},
				"west": {"uv": [2, 4.5, 4, 5], "texture": "#0", "tintindex": 0},
				"up": {"uv": [3, 2.5, 2.5, 0.5], "texture": "#0", "tintindex": 0},
				"down": {"uv": [3.5, 0, 3, 2], "texture": "#0", "tintindex": 0}
			}
		},
		{
			"name": "color",
			"from": [10, 1, 4],
			"to": [11, 2, 6],
			"faces": {
				"north": {"uv": [6.5, 6.5, 7, 7], "texture": "#0", "tintindex": 0},
				"east": {"uv": [6, 5.5, 7, 6], "texture": "#0", "tintindex": 0},
				"south": {"uv": [0, 7, 0.5, 7.5], "texture": "#0", "tintindex": 0},
				"west": {"uv": [0, 6.5, 1, 7], "texture": "#0", "tintindex": 0},
				"up": {"uv": [7, 1, 6.5, 0], "texture": "#0", "tintindex": 0},
				"down": {"uv": [1.5, 6.5, 1, 7.5], "texture": "#0", "tintindex": 0}
			}
		},
		{
			"from": [10, 2, 4],
			"to": [11, 3, 6],
			"faces": {
				"north": {"uv": [3.75, 1.75, 4, 2], "texture": "#0"},
				"east": {"uv": [1.25, 0.75, 1.75, 1], "texture": "#0"},
				"south": {"uv": [2, 3.75, 2.25, 4], "texture": "#0"},
				"west": {"uv": [1, 3.25, 1.5, 3.5], "texture": "#0"},
				"up": {"uv": [1.75, 3.75, 1.5, 3.25], "texture": "#0"},
				"down": {"uv": [2, 3.25, 1.75, 3.75], "texture": "#0"}
			}
		},
		{
			"from": [10, 1, 3],
			"to": [11, 2, 4],
			"faces": {
				"north": {"uv": [0.5, 3.75, 0.75, 4], "texture": "#0"},
				"east": {"uv": [0.75, 3.75, 1, 4], "texture": "#0"},
				"south": {"uv": [1, 3.75, 1.25, 4], "texture": "#0"},
				"west": {"uv": [1.25, 3.75, 1.5, 4], "texture": "#0"},
				"up": {"uv": [1.75, 4, 1.5, 3.75], "texture": "#0"},
				"down": {"uv": [2, 3.75, 1.75, 4], "texture": "#0"}
			}
		},
		{
			"from": [10, 2, 3],
			"to": [11, 3, 4],
			"faces": {
				"north": {"uv": [3.75, 2, 4, 2.25], "texture": "#0"},
				"east": {"uv": [2.25, 3.75, 2.5, 4], "texture": "#0"},
				"south": {"uv": [2.5, 3.75, 2.75, 4], "texture": "#0"},
				"west": {"uv": [3.75, 2.5, 4, 2.75], "texture": "#0"},
				"up": {"uv": [3, 4, 2.75, 3.75], "texture": "#0"},
				"down": {"uv": [4, 3.25, 3.75, 3.5], "texture": "#0"}
			}
		},
		{
			"from": [10, 1, 6],
			"to": [11, 2, 7],
			"faces": {
				"north": {"uv": [2.25, 1, 2.5, 1.25], "texture": "#0"},
				"east": {"uv": [0.75, 2.5, 1, 2.75], "texture": "#0"},
				"south": {"uv": [3.5, 2.5, 3.75, 2.75], "texture": "#0"},
				"west": {"uv": [3.5, 3.25, 3.75, 3.5], "texture": "#0"},
				"up": {"uv": [3.75, 3.75, 3.5, 3.5], "texture": "#0"},
				"down": {"uv": [0.25, 3.75, 0, 4], "texture": "#0"}
			}
		},
		{
			"from": [10, 2, 6],
			"to": [11, 3, 7],
			"faces": {
				"north": {"uv": [3.5, 3.75, 3.75, 4], "texture": "#0"},
				"east": {"uv": [3.75, 3.5, 4, 3.75], "texture": "#0"},
				"south": {"uv": [3.75, 3.75, 4, 4], "texture": "#0"},
				"west": {"uv": [0, 4, 0.25, 4.25], "texture": "#0"},
				"up": {"uv": [4.25, 0.25, 4, 0], "texture": "#0"},
				"down": {"uv": [0.5, 4, 0.25, 4.25], "texture": "#0"}
			}
		}
	],
	"display": {
		"thirdperson_righthand": {
			"rotation": [64, 0, 0],
			"translation": [0, 0.25, 4.25]
		},
		"ground": {
			"translation": [0, 4.25, 0]
		},
		"head": {
			"translation": [0, 14.5, 3]
		},
		"fixed": {
			"translation": [0, 8, 2.75],
			"scale": [1.68, 1.68, 1.68]
		}
	}
}