{
	"credit": "Made with Blockbench",
	"texture_size": [64, 64],
	"textures": {
		"0": "mctc:hats/scarf2",
		"1": "mctc:hats/cubetm",
		"particle": "mctc:hats/scarf2"
	},
	"elements": [
		{
			"from": [11, 8, 1],
			"to": [12, 9, 2],
			"faces": {
				"north": {"uv": [5.25, 6.5, 5.5, 6.75], "texture": "#0"},
				"east": {"uv": [6.5, 5.25, 6.75, 5.5], "texture": "#0"},
				"south": {"uv": [5.5, 6.5, 5.75, 6.75], "texture": "#0"},
				"west": {"uv": [6.5, 5.5, 6.75, 5.75], "texture": "#0"},
				"up": {"uv": [6, 6.75, 5.75, 6.5], "texture": "#0"},
				"down": {"uv": [6.75, 5.75, 6.5, 6], "texture": "#0"}
			}
		},
		{
			"from": [11, 7, 1],
			"to": [12, 8, 2],
			"faces": {
				"north": {"uv": [6.25, 2.5, 6.5, 2.75], "texture": "#0"},
				"east": {"uv": [2.75, 6.25, 3, 6.5], "texture": "#0"},
				"south": {"uv": [6.25, 2.75, 6.5, 3], "texture": "#0"},
				"west": {"uv": [3, 6.25, 3.25, 6.5], "texture": "#0"},
				"up": {"uv": [6.5, 3.25, 6.25, 3], "texture": "#0"},
				"down": {"uv": [3.5, 6.25, 3.25, 6.5], "texture": "#0"}
			}
		},
		{
			"from": [11, 6, 2],
			"to": [12, 7, 3],
			"faces": {
				"north": {"uv": [5.75, 4, 6, 4.25], "texture": "#0"},
				"east": {"uv": [4.25, 5.75, 4.5, 6], "texture": "#0"},
				"south": {"uv": [5.75, 4.25, 6, 4.5], "texture": "#0"},
				"west": {"uv": [4.5, 5.75, 4.75, 6], "texture": "#0"},
				"up": {"uv": [6, 4.75, 5.75, 4.5], "texture": "#0"},
				"down": {"uv": [5, 5.75, 4.75, 6], "texture": "#0"}
			}
		},
		{
			"from": [11, 5, 3],
			"to": [12, 6, 4],
			"faces": {
				"north": {"uv": [2.25, 5.5, 2.5, 5.75], "texture": "#0"},
				"east": {"uv": [5.5, 2.25, 5.75, 2.5], "texture": "#0"},
				"south": {"uv": [2.5, 5.5, 2.75, 5.75], "texture": "#0"},
				"west": {"uv": [5.5, 2.5, 5.75, 2.75], "texture": "#0"},
				"up": {"uv": [3, 5.75, 2.75, 5.5], "texture": "#0"},
				"down": {"uv": [5.75, 2.75, 5.5, 3], "texture": "#0"}
			}
		},
		{
			"from": [12, 5, 4],
			"to": [13, 6, 5],
			"faces": {
				"north": {"uv": [9.25, 7.75, 9.5, 8], "texture": "#0"},
				"east": {"uv": [8, 9.25, 8.25, 9.5], "texture": "#0"},
				"south": {"uv": [9.25, 8, 9.5, 8.25], "texture": "#0"},
				"west": {"uv": [8.25, 9.25, 8.5, 9.5], "texture": "#0"},
				"up": {"uv": [9.5, 8.5, 9.25, 8.25], "texture": "#0"},
				"down": {"uv": [8.75, 9.25, 8.5, 9.5], "texture": "#0"}
			}
		},
		{
			"from": [13, 6, 4],
			"to": [14, 7, 5],
			"faces": {
				"north": {"uv": [8.75, 1, 9, 1.25], "texture": "#0"},
				"east": {"uv": [1.25, 8.75, 1.5, 9], "texture": "#0"},
				"south": {"uv": [8.75, 1.25, 9, 1.5], "texture": "#0"},
				"west": {"uv": [1.5, 8.75, 1.75, 9], "texture": "#0"},
				"up": {"uv": [9, 1.75, 8.75, 1.5], "texture": "#0"},
				"down": {"uv": [2, 8.75, 1.75, 9], "texture": "#0"}
			}
		},
		{
			"from": [8, 5, 3],
			"to": [9, 6, 4],
			"faces": {
				"north": {"uv": [0, 5.5, 0.25, 5.75], "texture": "#0"},
				"east": {"uv": [5.5, 0, 5.75, 0.25], "texture": "#0"},
				"south": {"uv": [0.25, 5.5, 0.5, 5.75], "texture": "#0"},
				"west": {"uv": [5.5, 0.25, 5.75, 0.5], "texture": "#0"},
				"up": {"uv": [0.75, 5.75, 0.5, 5.5], "texture": "#0"},
				"down": {"uv": [5.75, 0.5, 5.5, 0.75], "texture": "#0"}
			}
		},
		{
			"from": [8, 6, 2],
			"to": [9, 7, 3],
			"faces": {
				"north": {"uv": [5.75, 1.75, 6, 2], "texture": "#0"},
				"east": {"uv": [2, 5.75, 2.25, 6], "texture": "#0"},
				"south": {"uv": [5.75, 2, 6, 2.25], "texture": "#0"},
				"west": {"uv": [2.25, 5.75, 2.5, 6], "texture": "#0"},
				"up": {"uv": [6, 2.5, 5.75, 2.25], "texture": "#0"},
				"down": {"uv": [2.75, 5.75, 2.5, 6], "texture": "#0"}
			}
		},
		{
			"from": [8, 8, 1],
			"to": [9, 9, 2],
			"faces": {
				"north": {"uv": [3, 6.5, 3.25, 6.75], "texture": "#0"},
				"east": {"uv": [6.5, 3, 6.75, 3.25], "texture": "#0"},
				"south": {"uv": [3.25, 6.5, 3.5, 6.75], "texture": "#0"},
				"west": {"uv": [6.5, 3.25, 6.75, 3.5], "texture": "#0"},
				"up": {"uv": [3.75, 6.75, 3.5, 6.5], "texture": "#0"},
				"down": {"uv": [6.75, 3.5, 6.5, 3.75], "texture": "#0"}
			}
		},
		{
			"from": [8, 7, 1],
			"to": [9, 8, 2],
			"faces": {
				"north": {"uv": [6.25, 0.25, 6.5, 0.5], "texture": "#0"},
				"east": {"uv": [0.5, 6.25, 0.75, 6.5], "texture": "#0"},
				"south": {"uv": [6.25, 0.5, 6.5, 0.75], "texture": "#0"},
				"west": {"uv": [0.75, 6.25, 1, 6.5], "texture": "#0"},
				"up": {"uv": [6.5, 1, 6.25, 0.75], "texture": "#0"},
				"down": {"uv": [1.25, 6.25, 1, 6.5], "texture": "#0"}
			}
		},
		{
			"from": [5, 8, 1],
			"to": [6, 9, 2],
			"faces": {
				"north": {"uv": [0, 6.5, 0.25, 6.75], "texture": "#0"},
				"east": {"uv": [6.5, 0, 6.75, 0.25], "texture": "#0"},
				"south": {"uv": [0.25, 6.5, 0.5, 6.75], "texture": "#0"},
				"west": {"uv": [6.5, 0.25, 6.75, 0.5], "texture": "#0"},
				"up": {"uv": [0.75, 6.75, 0.5, 6.5], "texture": "#0"},
				"down": {"uv": [6.75, 0.5, 6.5, 0.75], "texture": "#0"}
			}
		},
		{
			"from": [5, 7, 1],
			"to": [6, 8, 2],
			"faces": {
				"north": {"uv": [4.25, 6, 4.5, 6.25], "texture": "#0"},
				"east": {"uv": [6, 4.25, 6.25, 4.5], "texture": "#0"},
				"south": {"uv": [4.5, 6, 4.75, 6.25], "texture": "#0"},
				"west": {"uv": [6, 4.5, 6.25, 4.75], "texture": "#0"},
				"up": {"uv": [5, 6.25, 4.75, 6], "texture": "#0"},
				"down": {"uv": [6.25, 4.75, 6, 5], "texture": "#0"}
			}
		},
		{
			"from": [5, 6, 2],
			"to": [6, 7, 3],
			"faces": {
				"north": {"uv": [5.25, 5.5, 5.5, 5.75], "texture": "#0"},
				"east": {"uv": [5.5, 5.25, 5.75, 5.5], "texture": "#0"},
				"south": {"uv": [5.5, 5.5, 5.75, 5.75], "texture": "#0"},
				"west": {"uv": [0, 5.75, 0.25, 6], "texture": "#0"},
				"up": {"uv": [6, 0.25, 5.75, 0], "texture": "#0"},
				"down": {"uv": [0.5, 5.75, 0.25, 6], "texture": "#0"}
			}
		},
		{
			"from": [5, 5, 3],
			"to": [6, 6, 4],
			"faces": {
				"north": {"uv": [5.25, 3, 5.5, 3.25], "texture": "#0"},
				"east": {"uv": [3.25, 5.25, 3.5, 5.5], "texture": "#0"},
				"south": {"uv": [5.25, 3.25, 5.5, 3.5], "texture": "#0"},
				"west": {"uv": [3.5, 5.25, 3.75, 5.5], "texture": "#0"},
				"up": {"uv": [5.5, 3.75, 5.25, 3.5], "texture": "#0"},
				"down": {"uv": [4, 5.25, 3.75, 5.5], "texture": "#0"}
			}
		},
		{
			"from": [2, 5, 3],
			"to": [3, 6, 4],
			"faces": {
				"north": {"uv": [2.75, 5, 3, 5.25], "texture": "#0"},
				"east": {"uv": [5, 2.75, 5.25, 3], "texture": "#0"},
				"south": {"uv": [3, 5, 3.25, 5.25], "texture": "#0"},
				"west": {"uv": [5, 3, 5.25, 3.25], "texture": "#0"},
				"up": {"uv": [3.5, 5.25, 3.25, 5], "texture": "#0"},
				"down": {"uv": [5.25, 3.25, 5, 3.5], "texture": "#0"}
			}
		},
		{
			"from": [2, 6, 2],
			"to": [3, 7, 3],
			"faces": {
				"north": {"uv": [3, 5.5, 3.25, 5.75], "texture": "#0"},
				"east": {"uv": [5.5, 3, 5.75, 3.25], "texture": "#0"},
				"south": {"uv": [3.25, 5.5, 3.5, 5.75], "texture": "#0"},
				"west": {"uv": [5.5, 3.25, 5.75, 3.5], "texture": "#0"},
				"up": {"uv": [3.75, 5.75, 3.5, 5.5], "texture": "#0"},
				"down": {"uv": [5.75, 3.5, 5.5, 3.75], "texture": "#0"}
			}
		},
		{
			"from": [1, 6, 3],
			"to": [2, 7, 4],
			"faces": {
				"north": {"uv": [5.75, 4.75, 6, 5], "texture": "#0"},
				"east": {"uv": [5, 5.75, 5.25, 6], "texture": "#0"},
				"south": {"uv": [5.75, 5, 6, 5.25], "texture": "#0"},
				"west": {"uv": [5.25, 5.75, 5.5, 6], "texture": "#0"},
				"up": {"uv": [6, 5.5, 5.75, 5.25], "texture": "#0"},
				"down": {"uv": [5.75, 5.75, 5.5, 6], "texture": "#0"}
			}
		},
		{
			"from": [2, 7, 1],
			"to": [3, 8, 2],
			"faces": {
				"north": {"uv": [2, 6, 2.25, 6.25], "texture": "#0"},
				"east": {"uv": [6, 2, 6.25, 2.25], "texture": "#0"},
				"south": {"uv": [2.25, 6, 2.5, 6.25], "texture": "#0"},
				"west": {"uv": [6, 2.25, 6.25, 2.5], "texture": "#0"},
				"up": {"uv": [2.75, 6.25, 2.5, 6], "texture": "#0"},
				"down": {"uv": [6.25, 2.5, 6, 2.75], "texture": "#0"}
			}
		},
		{
			"from": [2, 8, 1],
			"to": [3, 9, 2],
			"faces": {
				"north": {"uv": [6.25, 4, 6.5, 4.25], "texture": "#0"},
				"east": {"uv": [4.25, 6.25, 4.5, 6.5], "texture": "#0"},
				"south": {"uv": [6.25, 4.25, 6.5, 4.5], "texture": "#0"},
				"west": {"uv": [4.5, 6.25, 4.75, 6.5], "texture": "#0"},
				"up": {"uv": [6.5, 4.75, 6.25, 4.5], "texture": "#0"},
				"down": {"uv": [5, 6.25, 4.75, 6.5], "texture": "#0"}
			}
		},
		{
			"from": [3, 3, 3],
			"to": [4, 4, 4],
			"faces": {
				"north": {"uv": [4.5, 3.75, 4.75, 4], "texture": "#0"},
				"east": {"uv": [4, 4.5, 4.25, 4.75], "texture": "#0"},
				"south": {"uv": [4.5, 4, 4.75, 4.25], "texture": "#0"},
				"west": {"uv": [4.25, 4.5, 4.5, 4.75], "texture": "#0"},
				"up": {"uv": [4.75, 4.5, 4.5, 4.25], "texture": "#0"},
				"down": {"uv": [4.75, 4.5, 4.5, 4.75], "texture": "#0"}
			}
		},
		{
			"from": [4, 3, 3],
			"to": [5, 4, 4],
			"faces": {
				"north": {"uv": [4.25, 3.25, 4.5, 3.5], "texture": "#0"},
				"east": {"uv": [3.5, 4.25, 3.75, 4.5], "texture": "#0"},
				"south": {"uv": [4.25, 3.5, 4.5, 3.75], "texture": "#0"},
				"west": {"uv": [3.75, 4.25, 4, 4.5], "texture": "#0"},
				"up": {"uv": [4.5, 4, 4.25, 3.75], "texture": "#0"},
				"down": {"uv": [4.25, 4.25, 4, 4.5], "texture": "#0"}
			}
		},
		{
			"from": [5, 3, 4],
			"to": [6, 4, 5],
			"faces": {
				"north": {"uv": [3.75, 2, 4, 2.25], "texture": "#0"},
				"east": {"uv": [3.75, 2.25, 4, 2.5], "texture": "#0"},
				"south": {"uv": [3.75, 2.5, 4, 2.75], "texture": "#0"},
				"west": {"uv": [2.75, 3.75, 3, 4], "texture": "#0"},
				"up": {"uv": [4, 3, 3.75, 2.75], "texture": "#0"},
				"down": {"uv": [3.25, 3.75, 3, 4], "texture": "#0"}
			}
		},
		{
			"from": [5, 0, 4],
			"to": [6, 1, 5],
			"faces": {
				"north": {"uv": [3.5, 1, 3.75, 1.25], "texture": "#0"},
				"east": {"uv": [3.5, 1.25, 3.75, 1.5], "texture": "#0"},
				"south": {"uv": [3.5, 1.5, 3.75, 1.75], "texture": "#0"},
				"west": {"uv": [3.5, 1.75, 3.75, 2], "texture": "#0"},
				"up": {"uv": [3.75, 2.25, 3.5, 2], "texture": "#0"},
				"down": {"uv": [3.75, 2.25, 3.5, 2.5], "texture": "#0"}
			}
		},
		{
			"from": [4, 0, 4],
			"to": [5, 1, 5],
			"faces": {
				"north": {"uv": [3.75, 3, 4, 3.25], "texture": "#0"},
				"east": {"uv": [3.25, 3.75, 3.5, 4], "texture": "#0"},
				"south": {"uv": [3.75, 3.25, 4, 3.5], "texture": "#0"},
				"west": {"uv": [3.5, 3.75, 3.75, 4], "texture": "#0"},
				"up": {"uv": [4, 3.75, 3.75, 3.5], "texture": "#0"},
				"down": {"uv": [4, 3.75, 3.75, 4], "texture": "#0"}
			}
		},
		{
			"from": [3, 0, 3],
			"to": [4, 1, 4],
			"faces": {
				"north": {"uv": [4, 2.5, 4.25, 2.75], "texture": "#0"},
				"east": {"uv": [2.75, 4, 3, 4.25], "texture": "#0"},
				"south": {"uv": [4, 2.75, 4.25, 3], "texture": "#0"},
				"west": {"uv": [3, 4, 3.25, 4.25], "texture": "#0"},
				"up": {"uv": [4.25, 3.25, 4, 3], "texture": "#0"},
				"down": {"uv": [3.5, 4, 3.25, 4.25], "texture": "#0"}
			}
		},
		{
			"from": [3, -3, 4],
			"to": [4, -2, 5],
			"faces": {
				"north": {"uv": [2.75, 2.5, 3, 2.75], "texture": "#0"},
				"east": {"uv": [2.75, 2.75, 3, 3], "texture": "#0"},
				"south": {"uv": [3, 1, 3.25, 1.25], "texture": "#0"},
				"west": {"uv": [3, 1.25, 3.25, 1.5], "texture": "#0"},
				"up": {"uv": [3.25, 1.75, 3, 1.5], "texture": "#0"},
				"down": {"uv": [3.25, 1.75, 3, 2], "texture": "#0"}
			}
		},
		{
			"from": [14, 7, 4],
			"to": [15, 8, 5],
			"faces": {
				"north": {"uv": [8.75, 2.5, 9, 2.75], "texture": "#0"},
				"east": {"uv": [2.75, 8.75, 3, 9], "texture": "#0"},
				"south": {"uv": [8.75, 2.75, 9, 3], "texture": "#0"},
				"west": {"uv": [3, 8.75, 3.25, 9], "texture": "#0"},
				"up": {"uv": [9, 3.25, 8.75, 3], "texture": "#0"},
				"down": {"uv": [3.5, 8.75, 3.25, 9], "texture": "#0"}
			}
		},
		{
			"from": [14, 8, 4],
			"to": [15, 9, 5],
			"faces": {
				"north": {"uv": [2, 9, 2.25, 9.25], "texture": "#0"},
				"east": {"uv": [9, 2, 9.25, 2.25], "texture": "#0"},
				"south": {"uv": [2.25, 9, 2.5, 9.25], "texture": "#0"},
				"west": {"uv": [9, 2.25, 9.25, 2.5], "texture": "#0"},
				"up": {"uv": [2.75, 9.25, 2.5, 9], "texture": "#0"},
				"down": {"uv": [9.25, 2.5, 9, 2.75], "texture": "#0"}
			}
		},
		{
			"from": [14, 8, 7],
			"to": [15, 9, 8],
			"faces": {
				"north": {"uv": [4.25, 9, 4.5, 9.25], "texture": "#0"},
				"east": {"uv": [9, 4.25, 9.25, 4.5], "texture": "#0"},
				"south": {"uv": [4.5, 9, 4.75, 9.25], "texture": "#0"},
				"west": {"uv": [9, 4.5, 9.25, 4.75], "texture": "#0"},
				"up": {"uv": [5, 9.25, 4.75, 9], "texture": "#0"},
				"down": {"uv": [9.25, 4.75, 9, 5], "texture": "#0"}
			}
		},
		{
			"from": [14, 7, 7],
			"to": [15, 8, 8],
			"faces": {
				"north": {"uv": [8.75, 4.75, 9, 5], "texture": "#0"},
				"east": {"uv": [5, 8.75, 5.25, 9], "texture": "#0"},
				"south": {"uv": [8.75, 5, 9, 5.25], "texture": "#0"},
				"west": {"uv": [5.25, 8.75, 5.5, 9], "texture": "#0"},
				"up": {"uv": [9, 5.5, 8.75, 5.25], "texture": "#0"},
				"down": {"uv": [5.75, 8.75, 5.5, 9], "texture": "#0"}
			}
		},
		{
			"from": [13, 6, 7],
			"to": [14, 7, 8],
			"faces": {
				"north": {"uv": [6, 8.5, 6.25, 8.75], "texture": "#0"},
				"east": {"uv": [8.5, 6, 8.75, 6.25], "texture": "#0"},
				"south": {"uv": [6.25, 8.5, 6.5, 8.75], "texture": "#0"},
				"west": {"uv": [8.5, 6.25, 8.75, 6.5], "texture": "#0"},
				"up": {"uv": [6.75, 8.75, 6.5, 8.5], "texture": "#0"},
				"down": {"uv": [8.75, 6.5, 8.5, 6.75], "texture": "#0"}
			}
		},
		{
			"from": [13, 6, 10],
			"to": [14, 7, 11],
			"faces": {
				"north": {"uv": [8.25, 8.5, 8.5, 8.75], "texture": "#0"},
				"east": {"uv": [8.5, 8.25, 8.75, 8.5], "texture": "#0"},
				"south": {"uv": [8.5, 8.5, 8.75, 8.75], "texture": "#0"},
				"west": {"uv": [0, 8.75, 0.25, 9], "texture": "#0"},
				"up": {"uv": [9, 0.25, 8.75, 0], "texture": "#0"},
				"down": {"uv": [0.5, 8.75, 0.25, 9], "texture": "#0"}
			}
		},
		{
			"from": [14, 7, 10],
			"to": [15, 8, 11],
			"faces": {
				"north": {"uv": [8.75, 7, 9, 7.25], "texture": "#0"},
				"east": {"uv": [7.25, 8.75, 7.5, 9], "texture": "#0"},
				"south": {"uv": [8.75, 7.25, 9, 7.5], "texture": "#0"},
				"west": {"uv": [7.5, 8.75, 7.75, 9], "texture": "#0"},
				"up": {"uv": [9, 7.75, 8.75, 7.5], "texture": "#0"},
				"down": {"uv": [8, 8.75, 7.75, 9], "texture": "#0"}
			}
		},
		{
			"from": [14, 8, 10],
			"to": [15, 9, 11],
			"faces": {
				"north": {"uv": [6.5, 9, 6.75, 9.25], "texture": "#0"},
				"east": {"uv": [9, 6.5, 9.25, 6.75], "texture": "#0"},
				"south": {"uv": [6.75, 9, 7, 9.25], "texture": "#0"},
				"west": {"uv": [9, 6.75, 9.25, 7], "texture": "#0"},
				"up": {"uv": [7.25, 9.25, 7, 9], "texture": "#0"},
				"down": {"uv": [9.25, 7, 9, 7.25], "texture": "#0"}
			}
		},
		{
			"from": [14, 8, 13],
			"to": [15, 9, 14],
			"faces": {
				"north": {"uv": [8.75, 9, 9, 9.25], "texture": "#0"},
				"east": {"uv": [9, 8.75, 9.25, 9], "texture": "#0"},
				"south": {"uv": [9, 9, 9.25, 9.25], "texture": "#0"},
				"west": {"uv": [0, 9.25, 0.25, 9.5], "texture": "#0"},
				"up": {"uv": [9.5, 0.25, 9.25, 0], "texture": "#0"},
				"down": {"uv": [0.5, 9.25, 0.25, 9.5], "texture": "#0"}
			}
		},
		{
			"from": [14, 7, 13],
			"to": [15, 8, 14],
			"faces": {
				"north": {"uv": [0.5, 9, 0.75, 9.25], "texture": "#0"},
				"east": {"uv": [9, 0.5, 9.25, 0.75], "texture": "#0"},
				"south": {"uv": [0.75, 9, 1, 9.25], "texture": "#0"},
				"west": {"uv": [9, 0.75, 9.25, 1], "texture": "#0"},
				"up": {"uv": [1.25, 9.25, 1, 9], "texture": "#0"},
				"down": {"uv": [9.25, 1, 9, 1.25], "texture": "#0"}
			}
		},
		{
			"from": [13, 6, 13],
			"to": [14, 7, 14],
			"faces": {
				"north": {"uv": [2.25, 8.5, 2.5, 8.75], "texture": "#0"},
				"east": {"uv": [8.5, 2.25, 8.75, 2.5], "texture": "#0"},
				"south": {"uv": [2.5, 8.5, 2.75, 8.75], "texture": "#0"},
				"west": {"uv": [8.5, 2.5, 8.75, 2.75], "texture": "#0"},
				"up": {"uv": [3, 8.75, 2.75, 8.5], "texture": "#0"},
				"down": {"uv": [8.75, 2.75, 8.5, 3], "texture": "#0"}
			}
		},
		{
			"from": [12, 7, 14],
			"to": [13, 8, 15],
			"faces": {
				"north": {"uv": [7.5, 8, 7.75, 8.25], "texture": "#0"},
				"east": {"uv": [8, 7.5, 8.25, 7.75], "texture": "#0"},
				"south": {"uv": [7.75, 8, 8, 8.25], "texture": "#0"},
				"west": {"uv": [8, 7.75, 8.25, 8], "texture": "#0"},
				"up": {"uv": [8.25, 8.25, 8, 8], "texture": "#0"},
				"down": {"uv": [0.25, 8.25, 0, 8.5], "texture": "#0"}
			}
		},
		{
			"from": [12, 8, 14],
			"to": [13, 9, 15],
			"faces": {
				"north": {"uv": [0, 8.5, 0.25, 8.75], "texture": "#0"},
				"east": {"uv": [8.5, 0, 8.75, 0.25], "texture": "#0"},
				"south": {"uv": [0.25, 8.5, 0.5, 8.75], "texture": "#0"},
				"west": {"uv": [8.5, 0.25, 8.75, 0.5], "texture": "#0"},
				"up": {"uv": [0.75, 8.75, 0.5, 8.5], "texture": "#0"},
				"down": {"uv": [8.75, 0.5, 8.5, 0.75], "texture": "#0"}
			}
		},
		{
			"from": [9, 8, 14],
			"to": [10, 9, 15],
			"faces": {
				"north": {"uv": [8.25, 6, 8.5, 6.25], "texture": "#0"},
				"east": {"uv": [6.25, 8.25, 6.5, 8.5], "texture": "#0"},
				"south": {"uv": [8.25, 6.25, 8.5, 6.5], "texture": "#0"},
				"west": {"uv": [6.5, 8.25, 6.75, 8.5], "texture": "#0"},
				"up": {"uv": [8.5, 6.75, 8.25, 6.5], "texture": "#0"},
				"down": {"uv": [7, 8.25, 6.75, 8.5], "texture": "#0"}
			}
		},
		{
			"from": [9, 7, 14],
			"to": [10, 8, 15],
			"faces": {
				"north": {"uv": [5.25, 8, 5.5, 8.25], "texture": "#0"},
				"east": {"uv": [8, 5.25, 8.25, 5.5], "texture": "#0"},
				"south": {"uv": [5.5, 8, 5.75, 8.25], "texture": "#0"},
				"west": {"uv": [8, 5.5, 8.25, 5.75], "texture": "#0"},
				"up": {"uv": [6, 8.25, 5.75, 8], "texture": "#0"},
				"down": {"uv": [8.25, 5.75, 8, 6], "texture": "#0"}
			}
		},
		{
			"from": [9, 6, 14],
			"to": [10, 7, 15],
			"faces": {
				"north": {"uv": [7.75, 5.5, 8, 5.75], "texture": "#0"},
				"east": {"uv": [5.75, 7.75, 6, 8], "texture": "#0"},
				"south": {"uv": [7.75, 5.75, 8, 6], "texture": "#0"},
				"west": {"uv": [6, 7.75, 6.25, 8], "texture": "#0"},
				"up": {"uv": [8, 6.25, 7.75, 6], "texture": "#0"},
				"down": {"uv": [6.5, 7.75, 6.25, 8], "texture": "#0"}
			}
		},
		{
			"from": [6, 6, 14],
			"to": [7, 7, 15],
			"faces": {
				"north": {"uv": [7.75, 3.25, 8, 3.5], "texture": "#0"},
				"east": {"uv": [3.5, 7.75, 3.75, 8], "texture": "#0"},
				"south": {"uv": [7.75, 3.5, 8, 3.75], "texture": "#0"},
				"west": {"uv": [3.75, 7.75, 4, 8], "texture": "#0"},
				"up": {"uv": [8, 4, 7.75, 3.75], "texture": "#0"},
				"down": {"uv": [4.25, 7.75, 4, 8], "texture": "#0"}
			}
		},
		{
			"from": [6, 7, 14],
			"to": [7, 8, 15],
			"faces": {
				"north": {"uv": [3, 8, 3.25, 8.25], "texture": "#0"},
				"east": {"uv": [8, 3, 8.25, 3.25], "texture": "#0"},
				"south": {"uv": [3.25, 8, 3.5, 8.25], "texture": "#0"},
				"west": {"uv": [8, 3.25, 8.25, 3.5], "texture": "#0"},
				"up": {"uv": [3.75, 8.25, 3.5, 8], "texture": "#0"},
				"down": {"uv": [8.25, 3.5, 8, 3.75], "texture": "#0"}
			}
		},
		{
			"from": [6, 8, 14],
			"to": [7, 9, 15],
			"faces": {
				"north": {"uv": [8.25, 3.75, 8.5, 4], "texture": "#0"},
				"east": {"uv": [4, 8.25, 4.25, 8.5], "texture": "#0"},
				"south": {"uv": [8.25, 4, 8.5, 4.25], "texture": "#0"},
				"west": {"uv": [4.25, 8.25, 4.5, 8.5], "texture": "#0"},
				"up": {"uv": [8.5, 4.5, 8.25, 4.25], "texture": "#0"},
				"down": {"uv": [4.75, 8.25, 4.5, 8.5], "texture": "#0"}
			}
		},
		{
			"from": [3, 8, 14],
			"to": [4, 9, 15],
			"faces": {
				"north": {"uv": [8.25, 1.5, 8.5, 1.75], "texture": "#0"},
				"east": {"uv": [1.75, 8.25, 2, 8.5], "texture": "#0"},
				"south": {"uv": [8.25, 1.75, 8.5, 2], "texture": "#0"},
				"west": {"uv": [2, 8.25, 2.25, 8.5], "texture": "#0"},
				"up": {"uv": [8.5, 2.25, 8.25, 2], "texture": "#0"},
				"down": {"uv": [2.5, 8.25, 2.25, 8.5], "texture": "#0"}
			}
		},
		{
			"from": [3, 7, 14],
			"to": [4, 8, 15],
			"faces": {
				"north": {"uv": [0, 8, 0.25, 8.25], "texture": "#0"},
				"east": {"uv": [8, 0, 8.25, 0.25], "texture": "#0"},
				"south": {"uv": [0.25, 8, 0.5, 8.25], "texture": "#0"},
				"west": {"uv": [8, 0.25, 8.25, 0.5], "texture": "#0"},
				"up": {"uv": [0.75, 8.25, 0.5, 8], "texture": "#0"},
				"down": {"uv": [8.25, 0.5, 8, 0.75], "texture": "#0"}
			}
		},
		{
			"from": [3, 6, 14],
			"to": [4, 7, 15],
			"faces": {
				"north": {"uv": [7.75, 1, 8, 1.25], "texture": "#0"},
				"east": {"uv": [1.25, 7.75, 1.5, 8], "texture": "#0"},
				"south": {"uv": [7.75, 1.25, 8, 1.5], "texture": "#0"},
				"west": {"uv": [1.5, 7.75, 1.75, 8], "texture": "#0"},
				"up": {"uv": [8, 1.75, 7.75, 1.5], "texture": "#0"},
				"down": {"uv": [2, 7.75, 1.75, 8], "texture": "#0"}
			}
		},
		{
			"from": [1, 6, 12],
			"to": [2, 7, 13],
			"faces": {
				"north": {"uv": [3, 7, 3.25, 7.25], "texture": "#0"},
				"east": {"uv": [7, 3, 7.25, 3.25], "texture": "#0"},
				"south": {"uv": [3.25, 7, 3.5, 7.25], "texture": "#0"},
				"west": {"uv": [7, 3.25, 7.25, 3.5], "texture": "#0"},
				"up": {"uv": [3.75, 7.25, 3.5, 7], "texture": "#0"},
				"down": {"uv": [7.25, 3.5, 7, 3.75], "texture": "#0"}
			}
		},
		{
			"from": [1, 8, 12],
			"to": [2, 9, 13],
			"faces": {
				"north": {"uv": [7.25, 0.25, 7.5, 0.5], "texture": "#0"},
				"east": {"uv": [0.5, 7.25, 0.75, 7.5], "texture": "#0"},
				"south": {"uv": [7.25, 0.5, 7.5, 0.75], "texture": "#0"},
				"west": {"uv": [0.75, 7.25, 1, 7.5], "texture": "#0"},
				"up": {"uv": [7.5, 1, 7.25, 0.75], "texture": "#0"},
				"down": {"uv": [1.25, 7.25, 1, 7.5], "texture": "#0"}
			}
		},
		{
			"from": [1, 7, 12],
			"to": [2, 8, 13],
			"faces": {
				"north": {"uv": [6, 7, 6.25, 7.25], "texture": "#0"},
				"east": {"uv": [7, 6, 7.25, 6.25], "texture": "#0"},
				"south": {"uv": [6.25, 7, 6.5, 7.25], "texture": "#0"},
				"west": {"uv": [7, 6.25, 7.25, 6.5], "texture": "#0"},
				"up": {"uv": [6.75, 7.25, 6.5, 7], "texture": "#0"},
				"down": {"uv": [7.25, 6.5, 7, 6.75], "texture": "#0"}
			}
		},
		{
			"from": [1, 8, 9],
			"to": [2, 9, 10],
			"faces": {
				"north": {"uv": [3.5, 7.5, 3.75, 7.75], "texture": "#0"},
				"east": {"uv": [7.5, 3.5, 7.75, 3.75], "texture": "#0"},
				"south": {"uv": [3.75, 7.5, 4, 7.75], "texture": "#0"},
				"west": {"uv": [7.5, 3.75, 7.75, 4], "texture": "#0"},
				"up": {"uv": [4.25, 7.75, 4, 7.5], "texture": "#0"},
				"down": {"uv": [7.75, 4, 7.5, 4.25], "texture": "#0"}
			}
		},
		{
			"from": [1, 7, 9],
			"to": [2, 8, 10],
			"faces": {
				"north": {"uv": [2, 7.5, 2.25, 7.75], "texture": "#0"},
				"east": {"uv": [7.5, 2, 7.75, 2.25], "texture": "#0"},
				"south": {"uv": [2.25, 7.5, 2.5, 7.75], "texture": "#0"},
				"west": {"uv": [7.5, 2.25, 7.75, 2.5], "texture": "#0"},
				"up": {"uv": [2.75, 7.75, 2.5, 7.5], "texture": "#0"},
				"down": {"uv": [7.75, 2.5, 7.5, 2.75], "texture": "#0"}
			}
		},
		{
			"from": [1, 6, 9],
			"to": [2, 7, 10],
			"faces": {
				"north": {"uv": [1.5, 7, 1.75, 7.25], "texture": "#0"},
				"east": {"uv": [7, 1.5, 7.25, 1.75], "texture": "#0"},
				"south": {"uv": [1.75, 7, 2, 7.25], "texture": "#0"},
				"west": {"uv": [7, 1.75, 7.25, 2], "texture": "#0"},
				"up": {"uv": [2.25, 7.25, 2, 7], "texture": "#0"},
				"down": {"uv": [7.25, 2, 7, 2.25], "texture": "#0"}
			}
		},
		{
			"from": [1, 8, 6],
			"to": [2, 9, 7],
			"faces": {
				"north": {"uv": [7.25, 6.25, 7.5, 6.5], "texture": "#0"},
				"east": {"uv": [6.5, 7.25, 6.75, 7.5], "texture": "#0"},
				"south": {"uv": [7.25, 6.5, 7.5, 6.75], "texture": "#0"},
				"west": {"uv": [6.75, 7.25, 7, 7.5], "texture": "#0"},
				"up": {"uv": [7.5, 7, 7.25, 6.75], "texture": "#0"},
				"down": {"uv": [7.25, 7.25, 7, 7.5], "texture": "#0"}
			}
		},
		{
			"from": [1, 7, 6],
			"to": [2, 8, 7],
			"faces": {
				"north": {"uv": [7.25, 5.5, 7.5, 5.75], "texture": "#0"},
				"east": {"uv": [5.75, 7.25, 6, 7.5], "texture": "#0"},
				"south": {"uv": [7.25, 5.75, 7.5, 6], "texture": "#0"},
				"west": {"uv": [6, 7.25, 6.25, 7.5], "texture": "#0"},
				"up": {"uv": [7.5, 6.25, 7.25, 6], "texture": "#0"},
				"down": {"uv": [6.5, 7.25, 6.25, 7.5], "texture": "#0"}
			}
		},
		{
			"from": [1, 6, 6],
			"to": [2, 7, 7],
			"faces": {
				"north": {"uv": [6.75, 5.25, 7, 5.5], "texture": "#0"},
				"east": {"uv": [5.5, 6.75, 5.75, 7], "texture": "#0"},
				"south": {"uv": [6.75, 5.5, 7, 5.75], "texture": "#0"},
				"west": {"uv": [5.75, 6.75, 6, 7], "texture": "#0"},
				"up": {"uv": [7, 6, 6.75, 5.75], "texture": "#0"},
				"down": {"uv": [6.25, 6.75, 6, 7], "texture": "#0"}
			}
		},
		{
			"from": [1, 7, 3],
			"to": [2, 8, 4],
			"faces": {
				"north": {"uv": [7.25, 1, 7.5, 1.25], "texture": "#0"},
				"east": {"uv": [1.25, 7.25, 1.5, 7.5], "texture": "#0"},
				"south": {"uv": [7.25, 1.25, 7.5, 1.5], "texture": "#0"},
				"west": {"uv": [1.5, 7.25, 1.75, 7.5], "texture": "#0"},
				"up": {"uv": [7.5, 1.75, 7.25, 1.5], "texture": "#0"},
				"down": {"uv": [2, 7.25, 1.75, 7.5], "texture": "#0"}
			}
		},
		{
			"from": [1, 8, 3],
			"to": [2, 9, 4],
			"faces": {
				"north": {"uv": [7.25, 1.75, 7.5, 2], "texture": "#0"},
				"east": {"uv": [2, 7.25, 2.25, 7.5], "texture": "#0"},
				"south": {"uv": [7.25, 2, 7.5, 2.25], "texture": "#0"},
				"west": {"uv": [2.25, 7.25, 2.5, 7.5], "texture": "#0"},
				"up": {"uv": [7.5, 2.5, 7.25, 2.25], "texture": "#0"},
				"down": {"uv": [2.75, 7.25, 2.5, 7.5], "texture": "#0"}
			}
		},
		{
			"from": [3, 3, 4],
			"to": [4, 4, 5],
			"faces": {
				"north": {"uv": [1.25, 5, 1.5, 5.25], "texture": "#0"},
				"east": {"uv": [5, 1.25, 5.25, 1.5], "texture": "#0"},
				"south": {"uv": [1.5, 5, 1.75, 5.25], "texture": "#0"},
				"west": {"uv": [5, 1.5, 5.25, 1.75], "texture": "#0"},
				"up": {"uv": [2, 5.25, 1.75, 5], "texture": "#0"},
				"down": {"uv": [5.25, 1.75, 5, 2], "texture": "#0"}
			}
		},
		{
			"from": [4, 3, 4],
			"to": [5, 4, 5],
			"faces": {
				"north": {"uv": [5, 5, 5.25, 5.25], "texture": "#0"},
				"east": {"uv": [0, 5.25, 0.25, 5.5], "texture": "#0"},
				"south": {"uv": [0.25, 5.25, 0.5, 5.5], "texture": "#0"},
				"west": {"uv": [0.5, 5.25, 0.75, 5.5], "texture": "#0"},
				"up": {"uv": [5.5, 0.75, 5.25, 0.5], "texture": "#0"},
				"down": {"uv": [1, 5.25, 0.75, 5.5], "texture": "#0"}
			}
		},
		{
			"from": [3, 0, 4],
			"to": [4, 1, 5],
			"faces": {
				"north": {"uv": [4.75, 3.25, 5, 3.5], "texture": "#0"},
				"east": {"uv": [3.5, 4.75, 3.75, 5], "texture": "#0"},
				"south": {"uv": [4.75, 3.5, 5, 3.75], "texture": "#0"},
				"west": {"uv": [3.75, 4.75, 4, 5], "texture": "#0"},
				"up": {"uv": [5, 4, 4.75, 3.75], "texture": "#0"},
				"down": {"uv": [4.25, 4.75, 4, 5], "texture": "#0"}
			}
		},
		{
			"from": [2, 6, 4],
			"to": [13, 7, 14],
			"faces": {
				"north": {"uv": [2.75, 0, 5.5, 0.25], "texture": "#0", "tintindex": 0},
				"east": {"uv": [2.75, 0.5, 5.25, 0.75], "texture": "#0", "tintindex": 0},
				"south": {"uv": [2.75, 0.25, 5.5, 0.5], "texture": "#0", "tintindex": 0},
				"west": {"uv": [2.75, 0.75, 5.25, 1], "texture": "#0", "tintindex": 0},
				"up": {"uv": [2.75, 2.5, 0, 0], "texture": "#0", "tintindex": 0},
				"down": {"uv": [2.75, 2.5, 0, 5], "texture": "#0", "tintindex": 0}
			}
		},
		{
			"from": [11, 5, 4],
			"to": [12, 6, 5],
			"faces": {
				"north": {"uv": [9.25, 7, 9.5, 7.25], "texture": "#0"},
				"east": {"uv": [7.25, 9.25, 7.5, 9.5], "texture": "#0"},
				"south": {"uv": [9.25, 7.25, 9.5, 7.5], "texture": "#0"},
				"west": {"uv": [7.5, 9.25, 7.75, 9.5], "texture": "#0"},
				"up": {"uv": [9.5, 7.75, 9.25, 7.5], "texture": "#0"},
				"down": {"uv": [8, 9.25, 7.75, 9.5], "texture": "#0"}
			}
		},
		{
			"from": [8, 5, 4],
			"to": [9, 6, 5],
			"faces": {
				"north": {"uv": [9.25, 4.75, 9.5, 5], "texture": "#0"},
				"east": {"uv": [5, 9.25, 5.25, 9.5], "texture": "#0"},
				"south": {"uv": [9.25, 5, 9.5, 5.25], "texture": "#0"},
				"west": {"uv": [5.25, 9.25, 5.5, 9.5], "texture": "#0"},
				"up": {"uv": [9.5, 5.5, 9.25, 5.25], "texture": "#0"},
				"down": {"uv": [5.75, 9.25, 5.5, 9.5], "texture": "#0"}
			}
		},
		{
			"from": [3, -4, 4],
			"to": [4, -3, 5],
			"faces": {
				"north": {"uv": [2.75, 1, 3, 1.25], "texture": "#0", "tintindex": 0},
				"east": {"uv": [2.75, 1.25, 3, 1.5], "texture": "#0", "tintindex": 0},
				"south": {"uv": [2.75, 1.5, 3, 1.75], "texture": "#0", "tintindex": 0},
				"west": {"uv": [2.75, 1.75, 3, 2], "texture": "#0", "tintindex": 0},
				"up": {"uv": [3, 2.25, 2.75, 2], "texture": "#0", "tintindex": 0},
				"down": {"uv": [3, 2.25, 2.75, 2.5], "texture": "#0", "tintindex": 0}
			}
		},
		{
			"from": [4, -2, 4],
			"to": [5, -1, 5],
			"faces": {
				"north": {"uv": [3, 2, 3.25, 2.25], "texture": "#0", "tintindex": 0},
				"east": {"uv": [3, 2.25, 3.25, 2.5], "texture": "#0", "tintindex": 0},
				"south": {"uv": [3, 2.5, 3.25, 2.75], "texture": "#0", "tintindex": 0},
				"west": {"uv": [2.75, 3, 3, 3.25], "texture": "#0", "tintindex": 0},
				"up": {"uv": [3.25, 3, 3, 2.75], "texture": "#0", "tintindex": 0},
				"down": {"uv": [3.25, 3, 3, 3.25], "texture": "#0", "tintindex": 0}
			}
		},
		{
			"from": [3, -2, 4],
			"to": [4, -1, 5],
			"faces": {
				"north": {"uv": [3.25, 1, 3.5, 1.25], "texture": "#0", "tintindex": 0},
				"east": {"uv": [3.25, 1.25, 3.5, 1.5], "texture": "#0", "tintindex": 0},
				"south": {"uv": [3.25, 1.5, 3.5, 1.75], "texture": "#0", "tintindex": 0},
				"west": {"uv": [3.25, 1.75, 3.5, 2], "texture": "#0", "tintindex": 0},
				"up": {"uv": [3.5, 2.25, 3.25, 2], "texture": "#0", "tintindex": 0},
				"down": {"uv": [3.5, 2.25, 3.25, 2.5], "texture": "#0", "tintindex": 0}
			}
		},
		{
			"from": [4, -1, 4],
			"to": [5, 0, 5],
			"faces": {
				"north": {"uv": [3.25, 2.5, 3.5, 2.75], "texture": "#0", "tintindex": 0},
				"east": {"uv": [2.75, 3.25, 3, 3.5], "texture": "#0", "tintindex": 0},
				"south": {"uv": [3.25, 2.75, 3.5, 3], "texture": "#0", "tintindex": 0},
				"west": {"uv": [3, 3.25, 3.25, 3.5], "texture": "#0", "tintindex": 0},
				"up": {"uv": [3.5, 3.25, 3.25, 3], "texture": "#0", "tintindex": 0},
				"down": {"uv": [3.5, 3.25, 3.25, 3.5], "texture": "#0", "tintindex": 0}
			}
		},
		{
			"from": [5, 1, 4],
			"to": [6, 2, 5],
			"faces": {
				"north": {"uv": [3.5, 2.5, 3.75, 2.75], "texture": "#0", "tintindex": 0},
				"east": {"uv": [2.75, 3.5, 3, 3.75], "texture": "#0", "tintindex": 0},
				"south": {"uv": [3.5, 2.75, 3.75, 3], "texture": "#0", "tintindex": 0},
				"west": {"uv": [3, 3.5, 3.25, 3.75], "texture": "#0", "tintindex": 0},
				"up": {"uv": [3.75, 3.25, 3.5, 3], "texture": "#0", "tintindex": 0},
				"down": {"uv": [3.5, 3.5, 3.25, 3.75], "texture": "#0", "tintindex": 0}
			}
		},
		{
			"from": [5, 2, 4],
			"to": [6, 3, 5],
			"faces": {
				"north": {"uv": [3.5, 3.25, 3.75, 3.5], "texture": "#0", "tintindex": 0},
				"east": {"uv": [3.5, 3.5, 3.75, 3.75], "texture": "#0", "tintindex": 0},
				"south": {"uv": [3.75, 1, 4, 1.25], "texture": "#0", "tintindex": 0},
				"west": {"uv": [3.75, 1.25, 4, 1.5], "texture": "#0", "tintindex": 0},
				"up": {"uv": [4, 1.75, 3.75, 1.5], "texture": "#0", "tintindex": 0},
				"down": {"uv": [4, 1.75, 3.75, 2], "texture": "#0", "tintindex": 0}
			}
		},
		{
			"from": [3, -1, 3],
			"to": [4, 0, 4],
			"faces": {
				"north": {"uv": [4, 1, 4.25, 1.25], "texture": "#0", "tintindex": 0},
				"east": {"uv": [4, 1.25, 4.25, 1.5], "texture": "#0", "tintindex": 0},
				"south": {"uv": [4, 1.5, 4.25, 1.75], "texture": "#0", "tintindex": 0},
				"west": {"uv": [4, 1.75, 4.25, 2], "texture": "#0", "tintindex": 0},
				"up": {"uv": [4.25, 2.25, 4, 2], "texture": "#0", "tintindex": 0},
				"down": {"uv": [4.25, 2.25, 4, 2.5], "texture": "#0", "tintindex": 0}
			}
		},
		{
			"from": [5, 4, 4],
			"to": [6, 5, 5],
			"faces": {
				"north": {"uv": [4, 3.25, 4.25, 3.5], "texture": "#0", "tintindex": 0},
				"east": {"uv": [3.5, 4, 3.75, 4.25], "texture": "#0", "tintindex": 0},
				"south": {"uv": [4, 3.5, 4.25, 3.75], "texture": "#0", "tintindex": 0},
				"west": {"uv": [3.75, 4, 4, 4.25], "texture": "#0", "tintindex": 0},
				"up": {"uv": [4.25, 4, 4, 3.75], "texture": "#0", "tintindex": 0},
				"down": {"uv": [4.25, 4, 4, 4.25], "texture": "#0", "tintindex": 0}
			}
		},
		{
			"from": [4, 1, 3],
			"to": [5, 2, 4],
			"faces": {
				"north": {"uv": [4.25, 1, 4.5, 1.25], "texture": "#0", "tintindex": 0},
				"east": {"uv": [4.25, 1.25, 4.5, 1.5], "texture": "#0", "tintindex": 0},
				"south": {"uv": [4.25, 1.5, 4.5, 1.75], "texture": "#0", "tintindex": 0},
				"west": {"uv": [4.25, 1.75, 4.5, 2], "texture": "#0", "tintindex": 0},
				"up": {"uv": [4.5, 2.25, 4.25, 2], "texture": "#0", "tintindex": 0},
				"down": {"uv": [4.5, 2.25, 4.25, 2.5], "texture": "#0", "tintindex": 0}
			}
		},
		{
			"from": [4, 2, 3],
			"to": [5, 3, 4],
			"faces": {
				"north": {"uv": [4.25, 2.5, 4.5, 2.75], "texture": "#0", "tintindex": 0},
				"east": {"uv": [2.75, 4.25, 3, 4.5], "texture": "#0", "tintindex": 0},
				"south": {"uv": [4.25, 2.75, 4.5, 3], "texture": "#0", "tintindex": 0},
				"west": {"uv": [3, 4.25, 3.25, 4.5], "texture": "#0", "tintindex": 0},
				"up": {"uv": [4.5, 3.25, 4.25, 3], "texture": "#0", "tintindex": 0},
				"down": {"uv": [3.5, 4.25, 3.25, 4.5], "texture": "#0", "tintindex": 0}
			}
		},
		{
			"from": [4, 4, 3],
			"to": [5, 5, 4],
			"faces": {
				"north": {"uv": [4.25, 4, 4.5, 4.25], "texture": "#0", "tintindex": 0},
				"east": {"uv": [4.25, 4.25, 4.5, 4.5], "texture": "#0", "tintindex": 0},
				"south": {"uv": [4.5, 1, 4.75, 1.25], "texture": "#0", "tintindex": 0},
				"west": {"uv": [4.5, 1.25, 4.75, 1.5], "texture": "#0", "tintindex": 0},
				"up": {"uv": [4.75, 1.75, 4.5, 1.5], "texture": "#0", "tintindex": 0},
				"down": {"uv": [4.75, 1.75, 4.5, 2], "texture": "#0", "tintindex": 0}
			}
		},
		{
			"from": [3, 1, 3],
			"to": [4, 2, 4],
			"faces": {
				"north": {"uv": [4.5, 2, 4.75, 2.25], "texture": "#0", "tintindex": 0},
				"east": {"uv": [4.5, 2.25, 4.75, 2.5], "texture": "#0", "tintindex": 0},
				"south": {"uv": [4.5, 2.5, 4.75, 2.75], "texture": "#0", "tintindex": 0},
				"west": {"uv": [2.75, 4.5, 3, 4.75], "texture": "#0", "tintindex": 0},
				"up": {"uv": [4.75, 3, 4.5, 2.75], "texture": "#0", "tintindex": 0},
				"down": {"uv": [3.25, 4.5, 3, 4.75], "texture": "#0", "tintindex": 0}
			}
		},
		{
			"from": [3, 2, 3],
			"to": [4, 3, 4],
			"faces": {
				"north": {"uv": [4.5, 3, 4.75, 3.25], "texture": "#0", "tintindex": 0},
				"east": {"uv": [3.25, 4.5, 3.5, 4.75], "texture": "#0", "tintindex": 0},
				"south": {"uv": [4.5, 3.25, 4.75, 3.5], "texture": "#0", "tintindex": 0},
				"west": {"uv": [3.5, 4.5, 3.75, 4.75], "texture": "#0", "tintindex": 0},
				"up": {"uv": [4.75, 3.75, 4.5, 3.5], "texture": "#0", "tintindex": 0},
				"down": {"uv": [4, 4.5, 3.75, 4.75], "texture": "#0", "tintindex": 0}
			}
		},
		{
			"from": [3, 4, 3],
			"to": [4, 5, 4],
			"faces": {
				"north": {"uv": [4.75, 1, 5, 1.25], "texture": "#0", "tintindex": 0},
				"east": {"uv": [4.75, 1.25, 5, 1.5], "texture": "#0", "tintindex": 0},
				"south": {"uv": [4.75, 1.5, 5, 1.75], "texture": "#0", "tintindex": 0},
				"west": {"uv": [4.75, 1.75, 5, 2], "texture": "#0", "tintindex": 0},
				"up": {"uv": [5, 2.25, 4.75, 2], "texture": "#0", "tintindex": 0},
				"down": {"uv": [5, 2.25, 4.75, 2.5], "texture": "#0", "tintindex": 0}
			}
		},
		{
			"from": [3, -1, 4],
			"to": [4, 0, 5],
			"faces": {
				"north": {"uv": [4.75, 2.5, 5, 2.75], "texture": "#0", "tintindex": 0},
				"east": {"uv": [2.75, 4.75, 3, 5], "texture": "#0", "tintindex": 0},
				"south": {"uv": [4.75, 2.75, 5, 3], "texture": "#0", "tintindex": 0},
				"west": {"uv": [3, 4.75, 3.25, 5], "texture": "#0", "tintindex": 0},
				"up": {"uv": [5, 3.25, 4.75, 3], "texture": "#0", "tintindex": 0},
				"down": {"uv": [3.5, 4.75, 3.25, 5], "texture": "#0", "tintindex": 0}
			}
		},
		{
			"from": [3, 1, 4],
			"to": [4, 2, 5],
			"faces": {
				"north": {"uv": [4.75, 4, 5, 4.25], "texture": "#0", "tintindex": 0},
				"east": {"uv": [4.25, 4.75, 4.5, 5], "texture": "#0", "tintindex": 0},
				"south": {"uv": [4.75, 4.25, 5, 4.5], "texture": "#0", "tintindex": 0},
				"west": {"uv": [4.5, 4.75, 4.75, 5], "texture": "#0", "tintindex": 0},
				"up": {"uv": [5, 4.75, 4.75, 4.5], "texture": "#0", "tintindex": 0},
				"down": {"uv": [5, 4.75, 4.75, 5], "texture": "#0", "tintindex": 0}
			}
		},
		{
			"from": [3, 2, 4],
			"to": [4, 3, 5],
			"faces": {
				"north": {"uv": [0, 5, 0.25, 5.25], "texture": "#0", "tintindex": 0},
				"east": {"uv": [0.25, 5, 0.5, 5.25], "texture": "#0", "tintindex": 0},
				"south": {"uv": [0.5, 5, 0.75, 5.25], "texture": "#0", "tintindex": 0},
				"west": {"uv": [0.75, 5, 1, 5.25], "texture": "#0", "tintindex": 0},
				"up": {"uv": [1.25, 5.25, 1, 5], "texture": "#0", "tintindex": 0},
				"down": {"uv": [5.25, 1, 5, 1.25], "texture": "#0", "tintindex": 0}
			}
		},
		{
			"from": [3, 4, 4],
			"to": [4, 5, 5],
			"faces": {
				"north": {"uv": [2, 5, 2.25, 5.25], "texture": "#0", "tintindex": 0},
				"east": {"uv": [5, 2, 5.25, 2.25], "texture": "#0", "tintindex": 0},
				"south": {"uv": [2.25, 5, 2.5, 5.25], "texture": "#0", "tintindex": 0},
				"west": {"uv": [5, 2.25, 5.25, 2.5], "texture": "#0", "tintindex": 0},
				"up": {"uv": [2.75, 5.25, 2.5, 5], "texture": "#0", "tintindex": 0},
				"down": {"uv": [5.25, 2.5, 5, 2.75], "texture": "#0", "tintindex": 0}
			}
		},
		{
			"from": [4, 1, 4],
			"to": [5, 2, 5],
			"faces": {
				"north": {"uv": [3.5, 5, 3.75, 5.25], "texture": "#0", "tintindex": 0},
				"east": {"uv": [5, 3.5, 5.25, 3.75], "texture": "#0", "tintindex": 0},
				"south": {"uv": [3.75, 5, 4, 5.25], "texture": "#0", "tintindex": 0},
				"west": {"uv": [5, 3.75, 5.25, 4], "texture": "#0", "tintindex": 0},
				"up": {"uv": [4.25, 5.25, 4, 5], "texture": "#0", "tintindex": 0},
				"down": {"uv": [5.25, 4, 5, 4.25], "texture": "#0", "tintindex": 0}
			}
		},
		{
			"from": [4, 2, 4],
			"to": [5, 3, 5],
			"faces": {
				"north": {"uv": [4.25, 5, 4.5, 5.25], "texture": "#0", "tintindex": 0},
				"east": {"uv": [5, 4.25, 5.25, 4.5], "texture": "#0", "tintindex": 0},
				"south": {"uv": [4.5, 5, 4.75, 5.25], "texture": "#0", "tintindex": 0},
				"west": {"uv": [5, 4.5, 5.25, 4.75], "texture": "#0", "tintindex": 0},
				"up": {"uv": [5, 5.25, 4.75, 5], "texture": "#0", "tintindex": 0},
				"down": {"uv": [5.25, 4.75, 5, 5], "texture": "#0", "tintindex": 0}
			}
		},
		{
			"from": [4, 4, 4],
			"to": [5, 5, 5],
			"faces": {
				"north": {"uv": [5.25, 0.75, 5.5, 1], "texture": "#0", "tintindex": 0},
				"east": {"uv": [1, 5.25, 1.25, 5.5], "texture": "#0", "tintindex": 0},
				"south": {"uv": [5.25, 1, 5.5, 1.25], "texture": "#0", "tintindex": 0},
				"west": {"uv": [1.25, 5.25, 1.5, 5.5], "texture": "#0", "tintindex": 0},
				"up": {"uv": [5.5, 1.5, 5.25, 1.25], "texture": "#0", "tintindex": 0},
				"down": {"uv": [1.75, 5.25, 1.5, 5.5], "texture": "#0", "tintindex": 0}
			}
		},
		{
			"from": [3, 5, 3],
			"to": [4, 6, 4],
			"faces": {
				"north": {"uv": [5.25, 1.5, 5.5, 1.75], "texture": "#0", "tintindex": 0},
				"east": {"uv": [1.75, 5.25, 2, 5.5], "texture": "#0", "tintindex": 0},
				"south": {"uv": [5.25, 1.75, 5.5, 2], "texture": "#0", "tintindex": 0},
				"west": {"uv": [2, 5.25, 2.25, 5.5], "texture": "#0", "tintindex": 0},
				"up": {"uv": [5.5, 2.25, 5.25, 2], "texture": "#0", "tintindex": 0},
				"down": {"uv": [2.5, 5.25, 2.25, 5.5], "texture": "#0", "tintindex": 0}
			}
		},
		{
			"from": [4, 5, 3],
			"to": [5, 6, 4],
			"faces": {
				"north": {"uv": [5.25, 2.25, 5.5, 2.5], "texture": "#0", "tintindex": 0},
				"east": {"uv": [2.5, 5.25, 2.75, 5.5], "texture": "#0", "tintindex": 0},
				"south": {"uv": [5.25, 2.5, 5.5, 2.75], "texture": "#0", "tintindex": 0},
				"west": {"uv": [2.75, 5.25, 3, 5.5], "texture": "#0", "tintindex": 0},
				"up": {"uv": [5.5, 3, 5.25, 2.75], "texture": "#0", "tintindex": 0},
				"down": {"uv": [3.25, 5.25, 3, 5.5], "texture": "#0", "tintindex": 0}
			}
		},
		{
			"from": [6, 5, 3],
			"to": [7, 6, 4],
			"faces": {
				"north": {"uv": [5.25, 3.75, 5.5, 4], "texture": "#0", "tintindex": 0},
				"east": {"uv": [4, 5.25, 4.25, 5.5], "texture": "#0", "tintindex": 0},
				"south": {"uv": [5.25, 4, 5.5, 4.25], "texture": "#0", "tintindex": 0},
				"west": {"uv": [4.25, 5.25, 4.5, 5.5], "texture": "#0", "tintindex": 0},
				"up": {"uv": [5.5, 4.5, 5.25, 4.25], "texture": "#0", "tintindex": 0},
				"down": {"uv": [4.75, 5.25, 4.5, 5.5], "texture": "#0", "tintindex": 0}
			}
		},
		{
			"from": [7, 5, 3],
			"to": [8, 6, 4],
			"faces": {
				"north": {"uv": [5.25, 4.5, 5.5, 4.75], "texture": "#0", "tintindex": 0},
				"east": {"uv": [4.75, 5.25, 5, 5.5], "texture": "#0", "tintindex": 0},
				"south": {"uv": [5.25, 4.75, 5.5, 5], "texture": "#0", "tintindex": 0},
				"west": {"uv": [5, 5.25, 5.25, 5.5], "texture": "#0", "tintindex": 0},
				"up": {"uv": [5.5, 5.25, 5.25, 5], "texture": "#0", "tintindex": 0},
				"down": {"uv": [5.5, 5.25, 5.25, 5.5], "texture": "#0", "tintindex": 0}
			}
		},
		{
			"from": [9, 5, 3],
			"to": [10, 6, 4],
			"faces": {
				"north": {"uv": [0.75, 5.5, 1, 5.75], "texture": "#0", "tintindex": 0},
				"east": {"uv": [5.5, 0.75, 5.75, 1], "texture": "#0", "tintindex": 0},
				"south": {"uv": [1, 5.5, 1.25, 5.75], "texture": "#0", "tintindex": 0},
				"west": {"uv": [5.5, 1, 5.75, 1.25], "texture": "#0", "tintindex": 0},
				"up": {"uv": [1.5, 5.75, 1.25, 5.5], "texture": "#0", "tintindex": 0},
				"down": {"uv": [5.75, 1.25, 5.5, 1.5], "texture": "#0", "tintindex": 0}
			}
		},
		{
			"from": [10, 5, 3],
			"to": [11, 6, 4],
			"faces": {
				"north": {"uv": [1.5, 5.5, 1.75, 5.75], "texture": "#0", "tintindex": 0},
				"east": {"uv": [5.5, 1.5, 5.75, 1.75], "texture": "#0", "tintindex": 0},
				"south": {"uv": [1.75, 5.5, 2, 5.75], "texture": "#0", "tintindex": 0},
				"west": {"uv": [5.5, 1.75, 5.75, 2], "texture": "#0", "tintindex": 0},
				"up": {"uv": [2.25, 5.75, 2, 5.5], "texture": "#0", "tintindex": 0},
				"down": {"uv": [5.75, 2, 5.5, 2.25], "texture": "#0", "tintindex": 0}
			}
		},
		{
			"from": [3, 6, 2],
			"to": [4, 7, 3],
			"faces": {
				"north": {"uv": [3.75, 5.5, 4, 5.75], "texture": "#0", "tintindex": 0},
				"east": {"uv": [5.5, 3.75, 5.75, 4], "texture": "#0", "tintindex": 0},
				"south": {"uv": [4, 5.5, 4.25, 5.75], "texture": "#0", "tintindex": 0},
				"west": {"uv": [5.5, 4, 5.75, 4.25], "texture": "#0", "tintindex": 0},
				"up": {"uv": [4.5, 5.75, 4.25, 5.5], "texture": "#0", "tintindex": 0},
				"down": {"uv": [5.75, 4.25, 5.5, 4.5], "texture": "#0", "tintindex": 0}
			}
		},
		{
			"from": [4, 6, 2],
			"to": [5, 7, 3],
			"faces": {
				"north": {"uv": [4.5, 5.5, 4.75, 5.75], "texture": "#0", "tintindex": 0},
				"east": {"uv": [5.5, 4.5, 5.75, 4.75], "texture": "#0", "tintindex": 0},
				"south": {"uv": [4.75, 5.5, 5, 5.75], "texture": "#0", "tintindex": 0},
				"west": {"uv": [5.5, 4.75, 5.75, 5], "texture": "#0", "tintindex": 0},
				"up": {"uv": [5.25, 5.75, 5, 5.5], "texture": "#0", "tintindex": 0},
				"down": {"uv": [5.75, 5, 5.5, 5.25], "texture": "#0", "tintindex": 0}
			}
		},
		{
			"from": [6, 6, 2],
			"to": [7, 7, 3],
			"faces": {
				"north": {"uv": [5.75, 0.25, 6, 0.5], "texture": "#0", "tintindex": 0},
				"east": {"uv": [0.5, 5.75, 0.75, 6], "texture": "#0", "tintindex": 0},
				"south": {"uv": [5.75, 0.5, 6, 0.75], "texture": "#0", "tintindex": 0},
				"west": {"uv": [0.75, 5.75, 1, 6], "texture": "#0", "tintindex": 0},
				"up": {"uv": [6, 1, 5.75, 0.75], "texture": "#0", "tintindex": 0},
				"down": {"uv": [1.25, 5.75, 1, 6], "texture": "#0", "tintindex": 0}
			}
		},
		{
			"from": [7, 6, 2],
			"to": [8, 7, 3],
			"faces": {
				"north": {"uv": [5.75, 1, 6, 1.25], "texture": "#0", "tintindex": 0},
				"east": {"uv": [1.25, 5.75, 1.5, 6], "texture": "#0", "tintindex": 0},
				"south": {"uv": [5.75, 1.25, 6, 1.5], "texture": "#0", "tintindex": 0},
				"west": {"uv": [1.5, 5.75, 1.75, 6], "texture": "#0", "tintindex": 0},
				"up": {"uv": [6, 1.75, 5.75, 1.5], "texture": "#0", "tintindex": 0},
				"down": {"uv": [2, 5.75, 1.75, 6], "texture": "#0", "tintindex": 0}
			}
		},
		{
			"from": [9, 6, 2],
			"to": [10, 7, 3],
			"faces": {
				"north": {"uv": [5.75, 2.5, 6, 2.75], "texture": "#0", "tintindex": 0},
				"east": {"uv": [2.75, 5.75, 3, 6], "texture": "#0", "tintindex": 0},
				"south": {"uv": [5.75, 2.75, 6, 3], "texture": "#0", "tintindex": 0},
				"west": {"uv": [3, 5.75, 3.25, 6], "texture": "#0", "tintindex": 0},
				"up": {"uv": [6, 3.25, 5.75, 3], "texture": "#0", "tintindex": 0},
				"down": {"uv": [3.5, 5.75, 3.25, 6], "texture": "#0", "tintindex": 0}
			}
		},
		{
			"from": [10, 6, 2],
			"to": [11, 7, 3],
			"faces": {
				"north": {"uv": [5.75, 3.25, 6, 3.5], "texture": "#0", "tintindex": 0},
				"east": {"uv": [3.5, 5.75, 3.75, 6], "texture": "#0", "tintindex": 0},
				"south": {"uv": [5.75, 3.5, 6, 3.75], "texture": "#0", "tintindex": 0},
				"west": {"uv": [3.75, 5.75, 4, 6], "texture": "#0", "tintindex": 0},
				"up": {"uv": [6, 4, 5.75, 3.75], "texture": "#0", "tintindex": 0},
				"down": {"uv": [4.25, 5.75, 4, 6], "texture": "#0", "tintindex": 0}
			}
		},
		{
			"from": [1, 7, 2],
			"to": [2, 8, 3],
			"faces": {
				"north": {"uv": [5.75, 5.5, 6, 5.75], "texture": "#0", "tintindex": 0},
				"east": {"uv": [5.75, 5.75, 6, 6], "texture": "#0", "tintindex": 0},
				"south": {"uv": [0, 6, 0.25, 6.25], "texture": "#0", "tintindex": 0},
				"west": {"uv": [6, 0, 6.25, 0.25], "texture": "#0", "tintindex": 0},
				"up": {"uv": [0.5, 6.25, 0.25, 6], "texture": "#0", "tintindex": 0},
				"down": {"uv": [6.25, 0.25, 6, 0.5], "texture": "#0", "tintindex": 0}
			}
		},
		{
			"from": [12, 6, 3],
			"to": [13, 7, 4],
			"faces": {
				"north": {"uv": [0.5, 6, 0.75, 6.25], "texture": "#0", "tintindex": 0},
				"east": {"uv": [6, 0.5, 6.25, 0.75], "texture": "#0", "tintindex": 0},
				"south": {"uv": [0.75, 6, 1, 6.25], "texture": "#0", "tintindex": 0},
				"west": {"uv": [6, 0.75, 6.25, 1], "texture": "#0", "tintindex": 0},
				"up": {"uv": [1.25, 6.25, 1, 6], "texture": "#0", "tintindex": 0},
				"down": {"uv": [6.25, 1, 6, 1.25], "texture": "#0", "tintindex": 0}
			}
		},
		{
			"from": [13, 7, 2],
			"to": [14, 8, 3],
			"faces": {
				"north": {"uv": [1.25, 6, 1.5, 6.25], "texture": "#0", "tintindex": 0},
				"east": {"uv": [6, 1.25, 6.25, 1.5], "texture": "#0", "tintindex": 0},
				"south": {"uv": [1.5, 6, 1.75, 6.25], "texture": "#0", "tintindex": 0},
				"west": {"uv": [6, 1.5, 6.25, 1.75], "texture": "#0", "tintindex": 0},
				"up": {"uv": [2, 6.25, 1.75, 6], "texture": "#0", "tintindex": 0},
				"down": {"uv": [6.25, 1.75, 6, 2], "texture": "#0", "tintindex": 0}
			}
		},
		{
			"from": [3, 7, 1],
			"to": [4, 8, 2],
			"faces": {
				"north": {"uv": [2.75, 6, 3, 6.25], "texture": "#0", "tintindex": 0},
				"east": {"uv": [6, 2.75, 6.25, 3], "texture": "#0", "tintindex": 0},
				"south": {"uv": [3, 6, 3.25, 6.25], "texture": "#0", "tintindex": 0},
				"west": {"uv": [6, 3, 6.25, 3.25], "texture": "#0", "tintindex": 0},
				"up": {"uv": [3.5, 6.25, 3.25, 6], "texture": "#0", "tintindex": 0},
				"down": {"uv": [6.25, 3.25, 6, 3.5], "texture": "#0", "tintindex": 0}
			}
		},
		{
			"from": [4, 7, 1],
			"to": [5, 8, 2],
			"faces": {
				"north": {"uv": [3.5, 6, 3.75, 6.25], "texture": "#0", "tintindex": 0},
				"east": {"uv": [6, 3.5, 6.25, 3.75], "texture": "#0", "tintindex": 0},
				"south": {"uv": [3.75, 6, 4, 6.25], "texture": "#0", "tintindex": 0},
				"west": {"uv": [6, 3.75, 6.25, 4], "texture": "#0", "tintindex": 0},
				"up": {"uv": [4.25, 6.25, 4, 6], "texture": "#0", "tintindex": 0},
				"down": {"uv": [6.25, 4, 6, 4.25], "texture": "#0", "tintindex": 0}
			}
		},
		{
			"from": [6, 7, 1],
			"to": [7, 8, 2],
			"faces": {
				"north": {"uv": [5, 6, 5.25, 6.25], "texture": "#0", "tintindex": 0},
				"east": {"uv": [6, 5, 6.25, 5.25], "texture": "#0", "tintindex": 0},
				"south": {"uv": [5.25, 6, 5.5, 6.25], "texture": "#0", "tintindex": 0},
				"west": {"uv": [6, 5.25, 6.25, 5.5], "texture": "#0", "tintindex": 0},
				"up": {"uv": [5.75, 6.25, 5.5, 6], "texture": "#0", "tintindex": 0},
				"down": {"uv": [6.25, 5.5, 6, 5.75], "texture": "#0", "tintindex": 0}
			}
		},
		{
			"from": [7, 7, 1],
			"to": [8, 8, 2],
			"faces": {
				"north": {"uv": [5.75, 6, 6, 6.25], "texture": "#0", "tintindex": 0},
				"east": {"uv": [6, 5.75, 6.25, 6], "texture": "#0", "tintindex": 0},
				"south": {"uv": [6, 6, 6.25, 6.25], "texture": "#0", "tintindex": 0},
				"west": {"uv": [0, 6.25, 0.25, 6.5], "texture": "#0", "tintindex": 0},
				"up": {"uv": [6.5, 0.25, 6.25, 0], "texture": "#0", "tintindex": 0},
				"down": {"uv": [0.5, 6.25, 0.25, 6.5], "texture": "#0", "tintindex": 0}
			}
		},
		{
			"from": [9, 7, 1],
			"to": [10, 8, 2],
			"faces": {
				"north": {"uv": [6.25, 1, 6.5, 1.25], "texture": "#0", "tintindex": 0},
				"east": {"uv": [1.25, 6.25, 1.5, 6.5], "texture": "#0", "tintindex": 0},
				"south": {"uv": [6.25, 1.25, 6.5, 1.5], "texture": "#0", "tintindex": 0},
				"west": {"uv": [1.5, 6.25, 1.75, 6.5], "texture": "#0", "tintindex": 0},
				"up": {"uv": [6.5, 1.75, 6.25, 1.5], "texture": "#0", "tintindex": 0},
				"down": {"uv": [2, 6.25, 1.75, 6.5], "texture": "#0", "tintindex": 0}
			}
		},
		{
			"from": [10, 7, 1],
			"to": [11, 8, 2],
			"faces": {
				"north": {"uv": [6.25, 1.75, 6.5, 2], "texture": "#0", "tintindex": 0},
				"east": {"uv": [2, 6.25, 2.25, 6.5], "texture": "#0", "tintindex": 0},
				"south": {"uv": [6.25, 2, 6.5, 2.25], "texture": "#0", "tintindex": 0},
				"west": {"uv": [2.25, 6.25, 2.5, 6.5], "texture": "#0", "tintindex": 0},
				"up": {"uv": [6.5, 2.5, 6.25, 2.25], "texture": "#0", "tintindex": 0},
				"down": {"uv": [2.75, 6.25, 2.5, 6.5], "texture": "#0", "tintindex": 0}
			}
		},
		{
			"from": [12, 7, 1],
			"to": [13, 8, 2],
			"faces": {
				"north": {"uv": [6.25, 3.25, 6.5, 3.5], "texture": "#0", "tintindex": 0},
				"east": {"uv": [3.5, 6.25, 3.75, 6.5], "texture": "#0", "tintindex": 0},
				"south": {"uv": [6.25, 3.5, 6.5, 3.75], "texture": "#0", "tintindex": 0},
				"west": {"uv": [3.75, 6.25, 4, 6.5], "texture": "#0", "tintindex": 0},
				"up": {"uv": [6.5, 4, 6.25, 3.75], "texture": "#0", "tintindex": 0},
				"down": {"uv": [4.25, 6.25, 4, 6.5], "texture": "#0", "tintindex": 0}
			}
		},
		{
			"from": [3, 8, 1],
			"to": [4, 9, 2],
			"faces": {
				"north": {"uv": [6.25, 4.75, 6.5, 5], "texture": "#0", "tintindex": 0},
				"east": {"uv": [5, 6.25, 5.25, 6.5], "texture": "#0", "tintindex": 0},
				"south": {"uv": [6.25, 5, 6.5, 5.25], "texture": "#0", "tintindex": 0},
				"west": {"uv": [5.25, 6.25, 5.5, 6.5], "texture": "#0", "tintindex": 0},
				"up": {"uv": [6.5, 5.5, 6.25, 5.25], "texture": "#0", "tintindex": 0},
				"down": {"uv": [5.75, 6.25, 5.5, 6.5], "texture": "#0", "tintindex": 0}
			}
		},
		{
			"from": [4, 8, 1],
			"to": [5, 9, 2],
			"faces": {
				"north": {"uv": [6.25, 5.5, 6.5, 5.75], "texture": "#0", "tintindex": 0},
				"east": {"uv": [5.75, 6.25, 6, 6.5], "texture": "#0", "tintindex": 0},
				"south": {"uv": [6.25, 5.75, 6.5, 6], "texture": "#0", "tintindex": 0},
				"west": {"uv": [6, 6.25, 6.25, 6.5], "texture": "#0", "tintindex": 0},
				"up": {"uv": [6.5, 6.25, 6.25, 6], "texture": "#0", "tintindex": 0},
				"down": {"uv": [6.5, 6.25, 6.25, 6.5], "texture": "#0", "tintindex": 0}
			}
		},
		{
			"from": [6, 8, 1],
			"to": [8, 9, 2],
			"faces": {
				"north": {"uv": [2.25, 6.5, 2.5, 6.75], "texture": "#0", "tintindex": 0},
				"east": {"uv": [6.5, 2.25, 6.75, 2.5], "texture": "#0", "tintindex": 0},
				"south": {"uv": [2.5, 6.5, 2.75, 6.75], "texture": "#0", "tintindex": 0},
				"west": {"uv": [6.5, 2.5, 6.75, 2.75], "texture": "#0", "tintindex": 0},
				"up": {"uv": [3, 6.75, 2.75, 6.5], "texture": "#0", "tintindex": 0},
				"down": {"uv": [6.75, 2.75, 6.5, 3], "texture": "#0", "tintindex": 0}
			}
		},
		{
			"from": [9, 8, 1],
			"to": [10, 9, 2],
			"faces": {
				"north": {"uv": [3.75, 6.5, 4, 6.75], "texture": "#0", "tintindex": 0},
				"east": {"uv": [6.5, 3.75, 6.75, 4], "texture": "#0", "tintindex": 0},
				"south": {"uv": [4, 6.5, 4.25, 6.75], "texture": "#0", "tintindex": 0},
				"west": {"uv": [6.5, 4, 6.75, 4.25], "texture": "#0", "tintindex": 0},
				"up": {"uv": [4.5, 6.75, 4.25, 6.5], "texture": "#0", "tintindex": 0},
				"down": {"uv": [6.75, 4.25, 6.5, 4.5], "texture": "#0", "tintindex": 0}
			}
		},
		{
			"from": [10, 8, 1],
			"to": [11, 9, 2],
			"faces": {
				"north": {"uv": [4.5, 6.5, 4.75, 6.75], "texture": "#0", "tintindex": 0},
				"east": {"uv": [6.5, 4.5, 6.75, 4.75], "texture": "#0", "tintindex": 0},
				"south": {"uv": [4.75, 6.5, 5, 6.75], "texture": "#0", "tintindex": 0},
				"west": {"uv": [6.5, 4.75, 6.75, 5], "texture": "#0", "tintindex": 0},
				"up": {"uv": [5.25, 6.75, 5, 6.5], "texture": "#0", "tintindex": 0},
				"down": {"uv": [6.75, 5, 6.5, 5.25], "texture": "#0", "tintindex": 0}
			}
		},
		{
			"from": [12, 8, 1],
			"to": [13, 9, 2],
			"faces": {
				"north": {"uv": [6, 6.5, 6.25, 6.75], "texture": "#0", "tintindex": 0},
				"east": {"uv": [6.5, 6, 6.75, 6.25], "texture": "#0", "tintindex": 0},
				"south": {"uv": [6.25, 6.5, 6.5, 6.75], "texture": "#0", "tintindex": 0},
				"west": {"uv": [6.5, 6.25, 6.75, 6.5], "texture": "#0", "tintindex": 0},
				"up": {"uv": [6.75, 6.75, 6.5, 6.5], "texture": "#0", "tintindex": 0},
				"down": {"uv": [0.25, 6.75, 0, 7], "texture": "#0", "tintindex": 0}
			}
		},
		{
			"from": [13, 8, 1],
			"to": [14, 9, 2],
			"faces": {
				"north": {"uv": [6.75, 0, 7, 0.25], "texture": "#0", "tintindex": 0},
				"east": {"uv": [0.25, 6.75, 0.5, 7], "texture": "#0", "tintindex": 0},
				"south": {"uv": [6.75, 0.25, 7, 0.5], "texture": "#0", "tintindex": 0},
				"west": {"uv": [0.5, 6.75, 0.75, 7], "texture": "#0", "tintindex": 0},
				"up": {"uv": [7, 0.75, 6.75, 0.5], "texture": "#0", "tintindex": 0},
				"down": {"uv": [1, 6.75, 0.75, 7], "texture": "#0", "tintindex": 0}
			}
		},
		{
			"from": [12, 7, 2],
			"to": [13, 8, 3],
			"faces": {
				"north": {"uv": [6.75, 1.5, 7, 1.75], "texture": "#0", "tintindex": 0},
				"east": {"uv": [1.75, 6.75, 2, 7], "texture": "#0", "tintindex": 0},
				"south": {"uv": [6.75, 1.75, 7, 2], "texture": "#0", "tintindex": 0},
				"west": {"uv": [2, 6.75, 2.25, 7], "texture": "#0", "tintindex": 0},
				"up": {"uv": [7, 2.25, 6.75, 2], "texture": "#0", "tintindex": 0},
				"down": {"uv": [2.5, 6.75, 2.25, 7], "texture": "#0", "tintindex": 0}
			}
		},
		{
			"from": [1, 8, 2],
			"to": [2, 9, 3],
			"faces": {
				"north": {"uv": [6.75, 2.25, 7, 2.5], "texture": "#0", "tintindex": 0},
				"east": {"uv": [2.5, 6.75, 2.75, 7], "texture": "#0", "tintindex": 0},
				"south": {"uv": [6.75, 2.5, 7, 2.75], "texture": "#0", "tintindex": 0},
				"west": {"uv": [2.75, 6.75, 3, 7], "texture": "#0", "tintindex": 0},
				"up": {"uv": [7, 3, 6.75, 2.75], "texture": "#0", "tintindex": 0},
				"down": {"uv": [3.25, 6.75, 3, 7], "texture": "#0", "tintindex": 0}
			}
		},
		{
			"from": [2, 5, 4],
			"to": [3, 6, 5],
			"faces": {
				"north": {"uv": [6.75, 3, 7, 3.25], "texture": "#0", "tintindex": 0},
				"east": {"uv": [3.25, 6.75, 3.5, 7], "texture": "#0", "tintindex": 0},
				"south": {"uv": [6.75, 3.25, 7, 3.5], "texture": "#0", "tintindex": 0},
				"west": {"uv": [3.5, 6.75, 3.75, 7], "texture": "#0", "tintindex": 0},
				"up": {"uv": [7, 3.75, 6.75, 3.5], "texture": "#0", "tintindex": 0},
				"down": {"uv": [4, 6.75, 3.75, 7], "texture": "#0", "tintindex": 0}
			}
		},
		{
			"from": [1, 6, 4],
			"to": [2, 7, 5],
			"faces": {
				"north": {"uv": [6.75, 3.75, 7, 4], "texture": "#0", "tintindex": 0},
				"east": {"uv": [4, 6.75, 4.25, 7], "texture": "#0", "tintindex": 0},
				"south": {"uv": [6.75, 4, 7, 4.25], "texture": "#0", "tintindex": 0},
				"west": {"uv": [4.25, 6.75, 4.5, 7], "texture": "#0", "tintindex": 0},
				"up": {"uv": [7, 4.5, 6.75, 4.25], "texture": "#0", "tintindex": 0},
				"down": {"uv": [4.75, 6.75, 4.5, 7], "texture": "#0", "tintindex": 0}
			}
		},
		{
			"from": [1, 6, 5],
			"to": [2, 7, 6],
			"faces": {
				"north": {"uv": [6.75, 4.5, 7, 4.75], "texture": "#0", "tintindex": 0},
				"east": {"uv": [4.75, 6.75, 5, 7], "texture": "#0", "tintindex": 0},
				"south": {"uv": [6.75, 4.75, 7, 5], "texture": "#0", "tintindex": 0},
				"west": {"uv": [5, 6.75, 5.25, 7], "texture": "#0", "tintindex": 0},
				"up": {"uv": [7, 5.25, 6.75, 5], "texture": "#0", "tintindex": 0},
				"down": {"uv": [5.5, 6.75, 5.25, 7], "texture": "#0", "tintindex": 0}
			}
		},
		{
			"from": [1, 6, 7],
			"to": [2, 7, 8],
			"faces": {
				"north": {"uv": [6.75, 6, 7, 6.25], "texture": "#0", "tintindex": 0},
				"east": {"uv": [6.25, 6.75, 6.5, 7], "texture": "#0", "tintindex": 0},
				"south": {"uv": [6.75, 6.25, 7, 6.5], "texture": "#0", "tintindex": 0},
				"west": {"uv": [6.5, 6.75, 6.75, 7], "texture": "#0", "tintindex": 0},
				"up": {"uv": [7, 6.75, 6.75, 6.5], "texture": "#0", "tintindex": 0},
				"down": {"uv": [7, 6.75, 6.75, 7], "texture": "#0", "tintindex": 0}
			}
		},
		{
			"from": [1, 6, 8],
			"to": [2, 7, 9],
			"faces": {
				"north": {"uv": [0, 7, 0.25, 7.25], "texture": "#0", "tintindex": 0},
				"east": {"uv": [7, 0, 7.25, 0.25], "texture": "#0", "tintindex": 0},
				"south": {"uv": [0.25, 7, 0.5, 7.25], "texture": "#0", "tintindex": 0},
				"west": {"uv": [7, 0.25, 7.25, 0.5], "texture": "#0", "tintindex": 0},
				"up": {"uv": [0.75, 7.25, 0.5, 7], "texture": "#0", "tintindex": 0},
				"down": {"uv": [7.25, 0.5, 7, 0.75], "texture": "#0", "tintindex": 0}
			}
		},
		{
			"from": [1, 6, 10],
			"to": [2, 7, 11],
			"faces": {
				"north": {"uv": [0.75, 7, 1, 7.25], "texture": "#0", "tintindex": 0},
				"east": {"uv": [7, 0.75, 7.25, 1], "texture": "#0", "tintindex": 0},
				"south": {"uv": [1, 7, 1.25, 7.25], "texture": "#0", "tintindex": 0},
				"west": {"uv": [7, 1, 7.25, 1.25], "texture": "#0", "tintindex": 0},
				"up": {"uv": [1.5, 7.25, 1.25, 7], "texture": "#0", "tintindex": 0},
				"down": {"uv": [7.25, 1.25, 7, 1.5], "texture": "#0", "tintindex": 0}
			}
		},
		{
			"from": [1, 6, 11],
			"to": [2, 7, 12],
			"faces": {
				"north": {"uv": [2.25, 7, 2.5, 7.25], "texture": "#0", "tintindex": 0},
				"east": {"uv": [7, 2.25, 7.25, 2.5], "texture": "#0", "tintindex": 0},
				"south": {"uv": [2.5, 7, 2.75, 7.25], "texture": "#0", "tintindex": 0},
				"west": {"uv": [7, 2.5, 7.25, 2.75], "texture": "#0", "tintindex": 0},
				"up": {"uv": [3, 7.25, 2.75, 7], "texture": "#0", "tintindex": 0},
				"down": {"uv": [7.25, 2.75, 7, 3], "texture": "#0", "tintindex": 0}
			}
		},
		{
			"from": [1, 6, 13],
			"to": [2, 7, 14],
			"faces": {
				"north": {"uv": [3.75, 7, 4, 7.25], "texture": "#0", "tintindex": 0},
				"east": {"uv": [7, 3.75, 7.25, 4], "texture": "#0", "tintindex": 0},
				"south": {"uv": [4, 7, 4.25, 7.25], "texture": "#0", "tintindex": 0},
				"west": {"uv": [7, 4, 7.25, 4.25], "texture": "#0", "tintindex": 0},
				"up": {"uv": [4.5, 7.25, 4.25, 7], "texture": "#0", "tintindex": 0},
				"down": {"uv": [7.25, 4.25, 7, 4.5], "texture": "#0", "tintindex": 0}
			}
		},
		{
			"from": [1, 7, 13],
			"to": [2, 8, 14],
			"faces": {
				"north": {"uv": [4.5, 7, 4.75, 7.25], "texture": "#0", "tintindex": 0},
				"east": {"uv": [7, 4.5, 7.25, 4.75], "texture": "#0", "tintindex": 0},
				"south": {"uv": [4.75, 7, 5, 7.25], "texture": "#0", "tintindex": 0},
				"west": {"uv": [7, 4.75, 7.25, 5], "texture": "#0", "tintindex": 0},
				"up": {"uv": [5.25, 7.25, 5, 7], "texture": "#0", "tintindex": 0},
				"down": {"uv": [7.25, 5, 7, 5.25], "texture": "#0", "tintindex": 0}
			}
		},
		{
			"from": [1, 8, 13],
			"to": [2, 9, 14],
			"faces": {
				"north": {"uv": [5.25, 7, 5.5, 7.25], "texture": "#0", "tintindex": 0},
				"east": {"uv": [7, 5.25, 7.25, 5.5], "texture": "#0", "tintindex": 0},
				"south": {"uv": [5.5, 7, 5.75, 7.25], "texture": "#0", "tintindex": 0},
				"west": {"uv": [7, 5.5, 7.25, 5.75], "texture": "#0", "tintindex": 0},
				"up": {"uv": [6, 7.25, 5.75, 7], "texture": "#0", "tintindex": 0},
				"down": {"uv": [7.25, 5.75, 7, 6], "texture": "#0", "tintindex": 0}
			}
		},
		{
			"from": [1, 7, 11],
			"to": [2, 8, 12],
			"faces": {
				"north": {"uv": [6.75, 7, 7, 7.25], "texture": "#0", "tintindex": 0},
				"east": {"uv": [7, 6.75, 7.25, 7], "texture": "#0", "tintindex": 0},
				"south": {"uv": [7, 7, 7.25, 7.25], "texture": "#0", "tintindex": 0},
				"west": {"uv": [0, 7.25, 0.25, 7.5], "texture": "#0", "tintindex": 0},
				"up": {"uv": [7.5, 0.25, 7.25, 0], "texture": "#0", "tintindex": 0},
				"down": {"uv": [0.5, 7.25, 0.25, 7.5], "texture": "#0", "tintindex": 0}
			}
		},
		{
			"from": [1, 7, 4],
			"to": [2, 8, 5],
			"faces": {
				"north": {"uv": [7.25, 2.5, 7.5, 2.75], "texture": "#0", "tintindex": 0},
				"east": {"uv": [2.75, 7.25, 3, 7.5], "texture": "#0", "tintindex": 0},
				"south": {"uv": [7.25, 2.75, 7.5, 3], "texture": "#0", "tintindex": 0},
				"west": {"uv": [3, 7.25, 3.25, 7.5], "texture": "#0", "tintindex": 0},
				"up": {"uv": [7.5, 3.25, 7.25, 3], "texture": "#0", "tintindex": 0},
				"down": {"uv": [3.5, 7.25, 3.25, 7.5], "texture": "#0", "tintindex": 0}
			}
		},
		{
			"from": [1, 8, 4],
			"to": [2, 9, 5],
			"faces": {
				"north": {"uv": [7.25, 3.25, 7.5, 3.5], "texture": "#0", "tintindex": 0},
				"east": {"uv": [3.5, 7.25, 3.75, 7.5], "texture": "#0", "tintindex": 0},
				"south": {"uv": [7.25, 3.5, 7.5, 3.75], "texture": "#0", "tintindex": 0},
				"west": {"uv": [3.75, 7.25, 4, 7.5], "texture": "#0", "tintindex": 0},
				"up": {"uv": [7.5, 4, 7.25, 3.75], "texture": "#0", "tintindex": 0},
				"down": {"uv": [4.25, 7.25, 4, 7.5], "texture": "#0", "tintindex": 0}
			}
		},
		{
			"from": [1, 7, 5],
			"to": [2, 8, 6],
			"faces": {
				"north": {"uv": [7.25, 4, 7.5, 4.25], "texture": "#0", "tintindex": 0},
				"east": {"uv": [4.25, 7.25, 4.5, 7.5], "texture": "#0", "tintindex": 0},
				"south": {"uv": [7.25, 4.25, 7.5, 4.5], "texture": "#0", "tintindex": 0},
				"west": {"uv": [4.5, 7.25, 4.75, 7.5], "texture": "#0", "tintindex": 0},
				"up": {"uv": [7.5, 4.75, 7.25, 4.5], "texture": "#0", "tintindex": 0},
				"down": {"uv": [5, 7.25, 4.75, 7.5], "texture": "#0", "tintindex": 0}
			}
		},
		{
			"from": [1, 8, 5],
			"to": [2, 9, 6],
			"faces": {
				"north": {"uv": [7.25, 4.75, 7.5, 5], "texture": "#0", "tintindex": 0},
				"east": {"uv": [5, 7.25, 5.25, 7.5], "texture": "#0", "tintindex": 0},
				"south": {"uv": [7.25, 5, 7.5, 5.25], "texture": "#0", "tintindex": 0},
				"west": {"uv": [5.25, 7.25, 5.5, 7.5], "texture": "#0", "tintindex": 0},
				"up": {"uv": [7.5, 5.5, 7.25, 5.25], "texture": "#0", "tintindex": 0},
				"down": {"uv": [5.75, 7.25, 5.5, 7.5], "texture": "#0", "tintindex": 0}
			}
		},
		{
			"from": [1, 7, 7],
			"to": [2, 8, 8],
			"faces": {
				"north": {"uv": [7.25, 7, 7.5, 7.25], "texture": "#0", "tintindex": 0},
				"east": {"uv": [7.25, 7.25, 7.5, 7.5], "texture": "#0", "tintindex": 0},
				"south": {"uv": [0, 7.5, 0.25, 7.75], "texture": "#0", "tintindex": 0},
				"west": {"uv": [7.5, 0, 7.75, 0.25], "texture": "#0", "tintindex": 0},
				"up": {"uv": [0.5, 7.75, 0.25, 7.5], "texture": "#0", "tintindex": 0},
				"down": {"uv": [7.75, 0.25, 7.5, 0.5], "texture": "#0", "tintindex": 0}
			}
		},
		{
			"from": [1, 7, 8],
			"to": [2, 8, 9],
			"faces": {
				"north": {"uv": [0.5, 7.5, 0.75, 7.75], "texture": "#0", "tintindex": 0},
				"east": {"uv": [7.5, 0.5, 7.75, 0.75], "texture": "#0", "tintindex": 0},
				"south": {"uv": [0.75, 7.5, 1, 7.75], "texture": "#0", "tintindex": 0},
				"west": {"uv": [7.5, 0.75, 7.75, 1], "texture": "#0", "tintindex": 0},
				"up": {"uv": [1.25, 7.75, 1, 7.5], "texture": "#0", "tintindex": 0},
				"down": {"uv": [7.75, 1, 7.5, 1.25], "texture": "#0", "tintindex": 0}
			}
		},
		{
			"from": [1, 8, 11],
			"to": [2, 9, 12],
			"faces": {
				"north": {"uv": [1.25, 7.5, 1.5, 7.75], "texture": "#0", "tintindex": 0},
				"east": {"uv": [7.5, 1.25, 7.75, 1.5], "texture": "#0", "tintindex": 0},
				"south": {"uv": [1.5, 7.5, 1.75, 7.75], "texture": "#0", "tintindex": 0},
				"west": {"uv": [7.5, 1.5, 7.75, 1.75], "texture": "#0", "tintindex": 0},
				"up": {"uv": [2, 7.75, 1.75, 7.5], "texture": "#0", "tintindex": 0},
				"down": {"uv": [7.75, 1.75, 7.5, 2], "texture": "#0", "tintindex": 0}
			}
		},
		{
			"from": [1, 7, 10],
			"to": [2, 8, 11],
			"faces": {
				"north": {"uv": [2.75, 7.5, 3, 7.75], "texture": "#0", "tintindex": 0},
				"east": {"uv": [7.5, 2.75, 7.75, 3], "texture": "#0", "tintindex": 0},
				"south": {"uv": [3, 7.5, 3.25, 7.75], "texture": "#0", "tintindex": 0},
				"west": {"uv": [7.5, 3, 7.75, 3.25], "texture": "#0", "tintindex": 0},
				"up": {"uv": [3.5, 7.75, 3.25, 7.5], "texture": "#0", "tintindex": 0},
				"down": {"uv": [7.75, 3.25, 7.5, 3.5], "texture": "#0", "tintindex": 0}
			}
		},
		{
			"from": [1, 8, 10],
			"to": [2, 9, 11],
			"faces": {
				"north": {"uv": [4.25, 7.5, 4.5, 7.75], "texture": "#0", "tintindex": 0},
				"east": {"uv": [7.5, 4.25, 7.75, 4.5], "texture": "#0", "tintindex": 0},
				"south": {"uv": [4.5, 7.5, 4.75, 7.75], "texture": "#0", "tintindex": 0},
				"west": {"uv": [7.5, 4.5, 7.75, 4.75], "texture": "#0", "tintindex": 0},
				"up": {"uv": [5, 7.75, 4.75, 7.5], "texture": "#0", "tintindex": 0},
				"down": {"uv": [7.75, 4.75, 7.5, 5], "texture": "#0", "tintindex": 0}
			}
		},
		{
			"from": [1, 8, 8],
			"to": [2, 9, 9],
			"faces": {
				"north": {"uv": [5, 7.5, 5.25, 7.75], "texture": "#0", "tintindex": 0},
				"east": {"uv": [7.5, 5, 7.75, 5.25], "texture": "#0", "tintindex": 0},
				"south": {"uv": [5.25, 7.5, 5.5, 7.75], "texture": "#0", "tintindex": 0},
				"west": {"uv": [7.5, 5.25, 7.75, 5.5], "texture": "#0", "tintindex": 0},
				"up": {"uv": [5.75, 7.75, 5.5, 7.5], "texture": "#0", "tintindex": 0},
				"down": {"uv": [7.75, 5.5, 7.5, 5.75], "texture": "#0", "tintindex": 0}
			}
		},
		{
			"from": [1, 8, 7],
			"to": [2, 9, 8],
			"faces": {
				"north": {"uv": [5.75, 7.5, 6, 7.75], "texture": "#0", "tintindex": 0},
				"east": {"uv": [7.5, 5.75, 7.75, 6], "texture": "#0", "tintindex": 0},
				"south": {"uv": [6, 7.5, 6.25, 7.75], "texture": "#0", "tintindex": 0},
				"west": {"uv": [7.5, 6, 7.75, 6.25], "texture": "#0", "tintindex": 0},
				"up": {"uv": [6.5, 7.75, 6.25, 7.5], "texture": "#0", "tintindex": 0},
				"down": {"uv": [7.75, 6.25, 7.5, 6.5], "texture": "#0", "tintindex": 0}
			}
		},
		{
			"from": [1, 7, 14],
			"to": [2, 8, 15],
			"faces": {
				"north": {"uv": [6.5, 7.5, 6.75, 7.75], "texture": "#0", "tintindex": 0},
				"east": {"uv": [7.5, 6.5, 7.75, 6.75], "texture": "#0", "tintindex": 0},
				"south": {"uv": [6.75, 7.5, 7, 7.75], "texture": "#0", "tintindex": 0},
				"west": {"uv": [7.5, 6.75, 7.75, 7], "texture": "#0", "tintindex": 0},
				"up": {"uv": [7.25, 7.75, 7, 7.5], "texture": "#0", "tintindex": 0},
				"down": {"uv": [7.75, 7, 7.5, 7.25], "texture": "#0", "tintindex": 0}
			}
		},
		{
			"from": [1, 8, 14],
			"to": [2, 9, 15],
			"faces": {
				"north": {"uv": [7.25, 7.5, 7.5, 7.75], "texture": "#0", "tintindex": 0},
				"east": {"uv": [7.5, 7.25, 7.75, 7.5], "texture": "#0", "tintindex": 0},
				"south": {"uv": [7.5, 7.5, 7.75, 7.75], "texture": "#0", "tintindex": 0},
				"west": {"uv": [0, 7.75, 0.25, 8], "texture": "#0", "tintindex": 0},
				"up": {"uv": [8, 0.25, 7.75, 0], "texture": "#0", "tintindex": 0},
				"down": {"uv": [0.5, 7.75, 0.25, 8], "texture": "#0", "tintindex": 0}
			}
		},
		{
			"from": [2, 6, 14],
			"to": [3, 7, 15],
			"faces": {
				"north": {"uv": [7.75, 0.25, 8, 0.5], "texture": "#0", "tintindex": 0},
				"east": {"uv": [0.5, 7.75, 0.75, 8], "texture": "#0", "tintindex": 0},
				"south": {"uv": [7.75, 0.5, 8, 0.75], "texture": "#0", "tintindex": 0},
				"west": {"uv": [0.75, 7.75, 1, 8], "texture": "#0", "tintindex": 0},
				"up": {"uv": [8, 1, 7.75, 0.75], "texture": "#0", "tintindex": 0},
				"down": {"uv": [1.25, 7.75, 1, 8], "texture": "#0", "tintindex": 0}
			}
		},
		{
			"from": [4, 6, 14],
			"to": [5, 7, 15],
			"faces": {
				"north": {"uv": [7.75, 1.75, 8, 2], "texture": "#0", "tintindex": 0},
				"east": {"uv": [2, 7.75, 2.25, 8], "texture": "#0", "tintindex": 0},
				"south": {"uv": [7.75, 2, 8, 2.25], "texture": "#0", "tintindex": 0},
				"west": {"uv": [2.25, 7.75, 2.5, 8], "texture": "#0", "tintindex": 0},
				"up": {"uv": [8, 2.5, 7.75, 2.25], "texture": "#0", "tintindex": 0},
				"down": {"uv": [2.75, 7.75, 2.5, 8], "texture": "#0", "tintindex": 0}
			}
		},
		{
			"from": [5, 6, 14],
			"to": [6, 7, 15],
			"faces": {
				"north": {"uv": [7.75, 2.5, 8, 2.75], "texture": "#0", "tintindex": 0},
				"east": {"uv": [2.75, 7.75, 3, 8], "texture": "#0", "tintindex": 0},
				"south": {"uv": [7.75, 2.75, 8, 3], "texture": "#0", "tintindex": 0},
				"west": {"uv": [3, 7.75, 3.25, 8], "texture": "#0", "tintindex": 0},
				"up": {"uv": [8, 3.25, 7.75, 3], "texture": "#0", "tintindex": 0},
				"down": {"uv": [3.5, 7.75, 3.25, 8], "texture": "#0", "tintindex": 0}
			}
		},
		{
			"from": [7, 6, 14],
			"to": [8, 7, 15],
			"faces": {
				"north": {"uv": [7.75, 4, 8, 4.25], "texture": "#0", "tintindex": 0},
				"east": {"uv": [4.25, 7.75, 4.5, 8], "texture": "#0", "tintindex": 0},
				"south": {"uv": [7.75, 4.25, 8, 4.5], "texture": "#0", "tintindex": 0},
				"west": {"uv": [4.5, 7.75, 4.75, 8], "texture": "#0", "tintindex": 0},
				"up": {"uv": [8, 4.75, 7.75, 4.5], "texture": "#0", "tintindex": 0},
				"down": {"uv": [5, 7.75, 4.75, 8], "texture": "#0", "tintindex": 0}
			}
		},
		{
			"from": [8, 6, 14],
			"to": [9, 7, 15],
			"faces": {
				"north": {"uv": [7.75, 4.75, 8, 5], "texture": "#0", "tintindex": 0},
				"east": {"uv": [5, 7.75, 5.25, 8], "texture": "#0", "tintindex": 0},
				"south": {"uv": [7.75, 5, 8, 5.25], "texture": "#0", "tintindex": 0},
				"west": {"uv": [5.25, 7.75, 5.5, 8], "texture": "#0", "tintindex": 0},
				"up": {"uv": [8, 5.5, 7.75, 5.25], "texture": "#0", "tintindex": 0},
				"down": {"uv": [5.75, 7.75, 5.5, 8], "texture": "#0", "tintindex": 0}
			}
		},
		{
			"from": [10, 6, 14],
			"to": [11, 7, 15],
			"faces": {
				"north": {"uv": [7.75, 6.25, 8, 6.5], "texture": "#0", "tintindex": 0},
				"east": {"uv": [6.5, 7.75, 6.75, 8], "texture": "#0", "tintindex": 0},
				"south": {"uv": [7.75, 6.5, 8, 6.75], "texture": "#0", "tintindex": 0},
				"west": {"uv": [6.75, 7.75, 7, 8], "texture": "#0", "tintindex": 0},
				"up": {"uv": [8, 7, 7.75, 6.75], "texture": "#0", "tintindex": 0},
				"down": {"uv": [7.25, 7.75, 7, 8], "texture": "#0", "tintindex": 0}
			}
		},
		{
			"from": [11, 6, 14],
			"to": [12, 7, 15],
			"faces": {
				"north": {"uv": [7.75, 7, 8, 7.25], "texture": "#0", "tintindex": 0},
				"east": {"uv": [7.25, 7.75, 7.5, 8], "texture": "#0", "tintindex": 0},
				"south": {"uv": [7.75, 7.25, 8, 7.5], "texture": "#0", "tintindex": 0},
				"west": {"uv": [7.5, 7.75, 7.75, 8], "texture": "#0", "tintindex": 0},
				"up": {"uv": [8, 7.75, 7.75, 7.5], "texture": "#0", "tintindex": 0},
				"down": {"uv": [8, 7.75, 7.75, 8], "texture": "#0", "tintindex": 0}
			}
		},
		{
			"from": [2, 7, 14],
			"to": [3, 8, 15],
			"faces": {
				"north": {"uv": [0.75, 8, 1, 8.25], "texture": "#0", "tintindex": 0},
				"east": {"uv": [8, 0.75, 8.25, 1], "texture": "#0", "tintindex": 0},
				"south": {"uv": [1, 8, 1.25, 8.25], "texture": "#0", "tintindex": 0},
				"west": {"uv": [8, 1, 8.25, 1.25], "texture": "#0", "tintindex": 0},
				"up": {"uv": [1.5, 8.25, 1.25, 8], "texture": "#0", "tintindex": 0},
				"down": {"uv": [8.25, 1.25, 8, 1.5], "texture": "#0", "tintindex": 0}
			}
		},
		{
			"from": [4, 7, 14],
			"to": [5, 8, 15],
			"faces": {
				"north": {"uv": [1.5, 8, 1.75, 8.25], "texture": "#0", "tintindex": 0},
				"east": {"uv": [8, 1.5, 8.25, 1.75], "texture": "#0", "tintindex": 0},
				"south": {"uv": [1.75, 8, 2, 8.25], "texture": "#0", "tintindex": 0},
				"west": {"uv": [8, 1.75, 8.25, 2], "texture": "#0", "tintindex": 0},
				"up": {"uv": [2.25, 8.25, 2, 8], "texture": "#0", "tintindex": 0},
				"down": {"uv": [8.25, 2, 8, 2.25], "texture": "#0", "tintindex": 0}
			}
		},
		{
			"from": [5, 7, 14],
			"to": [6, 8, 15],
			"faces": {
				"north": {"uv": [2.25, 8, 2.5, 8.25], "texture": "#0", "tintindex": 0},
				"east": {"uv": [8, 2.25, 8.25, 2.5], "texture": "#0", "tintindex": 0},
				"south": {"uv": [2.5, 8, 2.75, 8.25], "texture": "#0", "tintindex": 0},
				"west": {"uv": [8, 2.5, 8.25, 2.75], "texture": "#0", "tintindex": 0},
				"up": {"uv": [3, 8.25, 2.75, 8], "texture": "#0", "tintindex": 0},
				"down": {"uv": [8.25, 2.75, 8, 3], "texture": "#0", "tintindex": 0}
			}
		},
		{
			"from": [7, 7, 14],
			"to": [8, 8, 15],
			"faces": {
				"north": {"uv": [3.75, 8, 4, 8.25], "texture": "#0", "tintindex": 0},
				"east": {"uv": [8, 3.75, 8.25, 4], "texture": "#0", "tintindex": 0},
				"south": {"uv": [4, 8, 4.25, 8.25], "texture": "#0", "tintindex": 0},
				"west": {"uv": [8, 4, 8.25, 4.25], "texture": "#0", "tintindex": 0},
				"up": {"uv": [4.5, 8.25, 4.25, 8], "texture": "#0", "tintindex": 0},
				"down": {"uv": [8.25, 4.25, 8, 4.5], "texture": "#0", "tintindex": 0}
			}
		},
		{
			"from": [8, 7, 14],
			"to": [9, 8, 15],
			"faces": {
				"north": {"uv": [4.5, 8, 4.75, 8.25], "texture": "#0", "tintindex": 0},
				"east": {"uv": [8, 4.5, 8.25, 4.75], "texture": "#0", "tintindex": 0},
				"south": {"uv": [4.75, 8, 5, 8.25], "texture": "#0", "tintindex": 0},
				"west": {"uv": [8, 4.75, 8.25, 5], "texture": "#0", "tintindex": 0},
				"up": {"uv": [5.25, 8.25, 5, 8], "texture": "#0", "tintindex": 0},
				"down": {"uv": [8.25, 5, 8, 5.25], "texture": "#0", "tintindex": 0}
			}
		},
		{
			"from": [10, 7, 14],
			"to": [11, 8, 15],
			"faces": {
				"north": {"uv": [6, 8, 6.25, 8.25], "texture": "#0", "tintindex": 0},
				"east": {"uv": [8, 6, 8.25, 6.25], "texture": "#0", "tintindex": 0},
				"south": {"uv": [6.25, 8, 6.5, 8.25], "texture": "#0", "tintindex": 0},
				"west": {"uv": [8, 6.25, 8.25, 6.5], "texture": "#0", "tintindex": 0},
				"up": {"uv": [6.75, 8.25, 6.5, 8], "texture": "#0", "tintindex": 0},
				"down": {"uv": [8.25, 6.5, 8, 6.75], "texture": "#0", "tintindex": 0}
			}
		},
		{
			"from": [11, 7, 14],
			"to": [12, 8, 15],
			"faces": {
				"north": {"uv": [6.75, 8, 7, 8.25], "texture": "#0", "tintindex": 0},
				"east": {"uv": [8, 6.75, 8.25, 7], "texture": "#0", "tintindex": 0},
				"south": {"uv": [7, 8, 7.25, 8.25], "texture": "#0", "tintindex": 0},
				"west": {"uv": [8, 7, 8.25, 7.25], "texture": "#0", "tintindex": 0},
				"up": {"uv": [7.5, 8.25, 7.25, 8], "texture": "#0", "tintindex": 0},
				"down": {"uv": [8.25, 7.25, 8, 7.5], "texture": "#0", "tintindex": 0}
			}
		},
		{
			"from": [13, 7, 14],
			"to": [14, 8, 15],
			"faces": {
				"north": {"uv": [8.25, 0, 8.5, 0.25], "texture": "#0", "tintindex": 0},
				"east": {"uv": [0.25, 8.25, 0.5, 8.5], "texture": "#0", "tintindex": 0},
				"south": {"uv": [8.25, 0.25, 8.5, 0.5], "texture": "#0", "tintindex": 0},
				"west": {"uv": [0.5, 8.25, 0.75, 8.5], "texture": "#0", "tintindex": 0},
				"up": {"uv": [8.5, 0.75, 8.25, 0.5], "texture": "#0", "tintindex": 0},
				"down": {"uv": [1, 8.25, 0.75, 8.5], "texture": "#0", "tintindex": 0}
			}
		},
		{
			"from": [2, 8, 14],
			"to": [3, 9, 15],
			"faces": {
				"north": {"uv": [8.25, 0.75, 8.5, 1], "texture": "#0", "tintindex": 0},
				"east": {"uv": [1, 8.25, 1.25, 8.5], "texture": "#0", "tintindex": 0},
				"south": {"uv": [8.25, 1, 8.5, 1.25], "texture": "#0", "tintindex": 0},
				"west": {"uv": [1.25, 8.25, 1.5, 8.5], "texture": "#0", "tintindex": 0},
				"up": {"uv": [8.5, 1.5, 8.25, 1.25], "texture": "#0", "tintindex": 0},
				"down": {"uv": [1.75, 8.25, 1.5, 8.5], "texture": "#0", "tintindex": 0}
			}
		},
		{
			"from": [4, 8, 14],
			"to": [5, 9, 15],
			"faces": {
				"north": {"uv": [8.25, 2.25, 8.5, 2.5], "texture": "#0", "tintindex": 0},
				"east": {"uv": [2.5, 8.25, 2.75, 8.5], "texture": "#0", "tintindex": 0},
				"south": {"uv": [8.25, 2.5, 8.5, 2.75], "texture": "#0", "tintindex": 0},
				"west": {"uv": [2.75, 8.25, 3, 8.5], "texture": "#0", "tintindex": 0},
				"up": {"uv": [8.5, 3, 8.25, 2.75], "texture": "#0", "tintindex": 0},
				"down": {"uv": [3.25, 8.25, 3, 8.5], "texture": "#0", "tintindex": 0}
			}
		},
		{
			"from": [5, 8, 14],
			"to": [6, 9, 15],
			"faces": {
				"north": {"uv": [8.25, 3, 8.5, 3.25], "texture": "#0", "tintindex": 0},
				"east": {"uv": [3.25, 8.25, 3.5, 8.5], "texture": "#0", "tintindex": 0},
				"south": {"uv": [8.25, 3.25, 8.5, 3.5], "texture": "#0", "tintindex": 0},
				"west": {"uv": [3.5, 8.25, 3.75, 8.5], "texture": "#0", "tintindex": 0},
				"up": {"uv": [8.5, 3.75, 8.25, 3.5], "texture": "#0", "tintindex": 0},
				"down": {"uv": [4, 8.25, 3.75, 8.5], "texture": "#0", "tintindex": 0}
			}
		},
		{
			"from": [7, 8, 14],
			"to": [8, 9, 15],
			"faces": {
				"north": {"uv": [8.25, 4.5, 8.5, 4.75], "texture": "#0", "tintindex": 0},
				"east": {"uv": [4.75, 8.25, 5, 8.5], "texture": "#0", "tintindex": 0},
				"south": {"uv": [8.25, 4.75, 8.5, 5], "texture": "#0", "tintindex": 0},
				"west": {"uv": [5, 8.25, 5.25, 8.5], "texture": "#0", "tintindex": 0},
				"up": {"uv": [8.5, 5.25, 8.25, 5], "texture": "#0", "tintindex": 0},
				"down": {"uv": [5.5, 8.25, 5.25, 8.5], "texture": "#0", "tintindex": 0}
			}
		},
		{
			"from": [8, 8, 14],
			"to": [9, 9, 15],
			"faces": {
				"north": {"uv": [8.25, 5.25, 8.5, 5.5], "texture": "#0", "tintindex": 0},
				"east": {"uv": [5.5, 8.25, 5.75, 8.5], "texture": "#0", "tintindex": 0},
				"south": {"uv": [8.25, 5.5, 8.5, 5.75], "texture": "#0", "tintindex": 0},
				"west": {"uv": [5.75, 8.25, 6, 8.5], "texture": "#0", "tintindex": 0},
				"up": {"uv": [8.5, 6, 8.25, 5.75], "texture": "#0", "tintindex": 0},
				"down": {"uv": [6.25, 8.25, 6, 8.5], "texture": "#0", "tintindex": 0}
			}
		},
		{
			"from": [10, 8, 14],
			"to": [11, 9, 15],
			"faces": {
				"north": {"uv": [8.25, 6.75, 8.5, 7], "texture": "#0", "tintindex": 0},
				"east": {"uv": [7, 8.25, 7.25, 8.5], "texture": "#0", "tintindex": 0},
				"south": {"uv": [8.25, 7, 8.5, 7.25], "texture": "#0", "tintindex": 0},
				"west": {"uv": [7.25, 8.25, 7.5, 8.5], "texture": "#0", "tintindex": 0},
				"up": {"uv": [8.5, 7.5, 8.25, 7.25], "texture": "#0", "tintindex": 0},
				"down": {"uv": [7.75, 8.25, 7.5, 8.5], "texture": "#0", "tintindex": 0}
			}
		},
		{
			"from": [11, 8, 14],
			"to": [12, 9, 15],
			"faces": {
				"north": {"uv": [8.25, 7.5, 8.5, 7.75], "texture": "#0", "tintindex": 0},
				"east": {"uv": [7.75, 8.25, 8, 8.5], "texture": "#0", "tintindex": 0},
				"south": {"uv": [8.25, 7.75, 8.5, 8], "texture": "#0", "tintindex": 0},
				"west": {"uv": [8, 8.25, 8.25, 8.5], "texture": "#0", "tintindex": 0},
				"up": {"uv": [8.5, 8.25, 8.25, 8], "texture": "#0", "tintindex": 0},
				"down": {"uv": [8.5, 8.25, 8.25, 8.5], "texture": "#0", "tintindex": 0}
			}
		},
		{
			"from": [13, 8, 14],
			"to": [14, 9, 15],
			"faces": {
				"north": {"uv": [0.75, 8.5, 1, 8.75], "texture": "#0", "tintindex": 0},
				"east": {"uv": [8.5, 0.75, 8.75, 1], "texture": "#0", "tintindex": 0},
				"south": {"uv": [1, 8.5, 1.25, 8.75], "texture": "#0", "tintindex": 0},
				"west": {"uv": [8.5, 1, 8.75, 1.25], "texture": "#0", "tintindex": 0},
				"up": {"uv": [1.5, 8.75, 1.25, 8.5], "texture": "#0", "tintindex": 0},
				"down": {"uv": [8.75, 1.25, 8.5, 1.5], "texture": "#0", "tintindex": 0}
			}
		},
		{
			"from": [14, 8, 14],
			"to": [15, 9, 15],
			"faces": {
				"north": {"uv": [1.5, 8.5, 1.75, 8.75], "texture": "#0", "tintindex": 0},
				"east": {"uv": [8.5, 1.5, 8.75, 1.75], "texture": "#0", "tintindex": 0},
				"south": {"uv": [1.75, 8.5, 2, 8.75], "texture": "#0", "tintindex": 0},
				"west": {"uv": [8.5, 1.75, 8.75, 2], "texture": "#0", "tintindex": 0},
				"up": {"uv": [2.25, 8.75, 2, 8.5], "texture": "#0", "tintindex": 0},
				"down": {"uv": [8.75, 2, 8.5, 2.25], "texture": "#0", "tintindex": 0}
			}
		},
		{
			"from": [13, 7, 3],
			"to": [14, 8, 4],
			"faces": {
				"north": {"uv": [3, 8.5, 3.25, 8.75], "texture": "#0", "tintindex": 0},
				"east": {"uv": [8.5, 3, 8.75, 3.25], "texture": "#0", "tintindex": 0},
				"south": {"uv": [3.25, 8.5, 3.5, 8.75], "texture": "#0", "tintindex": 0},
				"west": {"uv": [8.5, 3.25, 8.75, 3.5], "texture": "#0", "tintindex": 0},
				"up": {"uv": [3.75, 8.75, 3.5, 8.5], "texture": "#0", "tintindex": 0},
				"down": {"uv": [8.75, 3.5, 8.5, 3.75], "texture": "#0", "tintindex": 0}
			}
		},
		{
			"from": [13, 6, 12],
			"to": [14, 7, 13],
			"faces": {
				"north": {"uv": [3.75, 8.5, 4, 8.75], "texture": "#0", "tintindex": 0},
				"east": {"uv": [8.5, 3.75, 8.75, 4], "texture": "#0", "tintindex": 0},
				"south": {"uv": [4, 8.5, 4.25, 8.75], "texture": "#0", "tintindex": 0},
				"west": {"uv": [8.5, 4, 8.75, 4.25], "texture": "#0", "tintindex": 0},
				"up": {"uv": [4.5, 8.75, 4.25, 8.5], "texture": "#0", "tintindex": 0},
				"down": {"uv": [8.75, 4.25, 8.5, 4.5], "texture": "#0", "tintindex": 0}
			}
		},
		{
			"from": [13, 6, 5],
			"to": [14, 7, 6],
			"faces": {
				"north": {"uv": [4.5, 8.5, 4.75, 8.75], "texture": "#0", "tintindex": 0},
				"east": {"uv": [8.5, 4.5, 8.75, 4.75], "texture": "#0", "tintindex": 0},
				"south": {"uv": [4.75, 8.5, 5, 8.75], "texture": "#0", "tintindex": 0},
				"west": {"uv": [8.5, 4.75, 8.75, 5], "texture": "#0", "tintindex": 0},
				"up": {"uv": [5.25, 8.75, 5, 8.5], "texture": "#0", "tintindex": 0},
				"down": {"uv": [8.75, 5, 8.5, 5.25], "texture": "#0", "tintindex": 0}
			}
		},
		{
			"from": [13, 6, 6],
			"to": [14, 7, 7],
			"faces": {
				"north": {"uv": [5.25, 8.5, 5.5, 8.75], "texture": "#0", "tintindex": 0},
				"east": {"uv": [8.5, 5.25, 8.75, 5.5], "texture": "#0", "tintindex": 0},
				"south": {"uv": [5.5, 8.5, 5.75, 8.75], "texture": "#0", "tintindex": 0},
				"west": {"uv": [8.5, 5.5, 8.75, 5.75], "texture": "#0", "tintindex": 0},
				"up": {"uv": [6, 8.75, 5.75, 8.5], "texture": "#0", "tintindex": 0},
				"down": {"uv": [8.75, 5.75, 8.5, 6], "texture": "#0", "tintindex": 0}
			}
		},
		{
			"from": [13, 6, 8],
			"to": [14, 7, 9],
			"faces": {
				"north": {"uv": [6.75, 8.5, 7, 8.75], "texture": "#0", "tintindex": 0},
				"east": {"uv": [8.5, 6.75, 8.75, 7], "texture": "#0", "tintindex": 0},
				"south": {"uv": [7, 8.5, 7.25, 8.75], "texture": "#0", "tintindex": 0},
				"west": {"uv": [8.5, 7, 8.75, 7.25], "texture": "#0", "tintindex": 0},
				"up": {"uv": [7.5, 8.75, 7.25, 8.5], "texture": "#0", "tintindex": 0},
				"down": {"uv": [8.75, 7.25, 8.5, 7.5], "texture": "#0", "tintindex": 0}
			}
		},
		{
			"from": [13, 6, 9],
			"to": [14, 7, 10],
			"faces": {
				"north": {"uv": [7.5, 8.5, 7.75, 8.75], "texture": "#0", "tintindex": 0},
				"east": {"uv": [8.5, 7.5, 8.75, 7.75], "texture": "#0", "tintindex": 0},
				"south": {"uv": [7.75, 8.5, 8, 8.75], "texture": "#0", "tintindex": 0},
				"west": {"uv": [8.5, 7.75, 8.75, 8], "texture": "#0", "tintindex": 0},
				"up": {"uv": [8.25, 8.75, 8, 8.5], "texture": "#0", "tintindex": 0},
				"down": {"uv": [8.75, 8, 8.5, 8.25], "texture": "#0", "tintindex": 0}
			}
		},
		{
			"from": [13, 6, 11],
			"to": [14, 7, 12],
			"faces": {
				"north": {"uv": [8.75, 0.25, 9, 0.5], "texture": "#0", "tintindex": 0},
				"east": {"uv": [0.5, 8.75, 0.75, 9], "texture": "#0", "tintindex": 0},
				"south": {"uv": [8.75, 0.5, 9, 0.75], "texture": "#0", "tintindex": 0},
				"west": {"uv": [0.75, 8.75, 1, 9], "texture": "#0", "tintindex": 0},
				"up": {"uv": [9, 1, 8.75, 0.75], "texture": "#0", "tintindex": 0},
				"down": {"uv": [1.25, 8.75, 1, 9], "texture": "#0", "tintindex": 0}
			}
		},
		{
			"from": [14, 7, 3],
			"to": [15, 8, 4],
			"faces": {
				"north": {"uv": [8.75, 1.75, 9, 2], "texture": "#0", "tintindex": 0},
				"east": {"uv": [2, 8.75, 2.25, 9], "texture": "#0", "tintindex": 0},
				"south": {"uv": [8.75, 2, 9, 2.25], "texture": "#0", "tintindex": 0},
				"west": {"uv": [2.25, 8.75, 2.5, 9], "texture": "#0", "tintindex": 0},
				"up": {"uv": [9, 2.5, 8.75, 2.25], "texture": "#0", "tintindex": 0},
				"down": {"uv": [2.75, 8.75, 2.5, 9], "texture": "#0", "tintindex": 0}
			}
		},
		{
			"from": [14, 7, 5],
			"to": [15, 8, 6],
			"faces": {
				"north": {"uv": [8.75, 3.25, 9, 3.5], "texture": "#0", "tintindex": 0},
				"east": {"uv": [3.5, 8.75, 3.75, 9], "texture": "#0", "tintindex": 0},
				"south": {"uv": [8.75, 3.5, 9, 3.75], "texture": "#0", "tintindex": 0},
				"west": {"uv": [3.75, 8.75, 4, 9], "texture": "#0", "tintindex": 0},
				"up": {"uv": [9, 4, 8.75, 3.75], "texture": "#0", "tintindex": 0},
				"down": {"uv": [4.25, 8.75, 4, 9], "texture": "#0", "tintindex": 0}
			}
		},
		{
			"from": [14, 7, 6],
			"to": [15, 8, 7],
			"faces": {
				"north": {"uv": [8.75, 4, 9, 4.25], "texture": "#0", "tintindex": 0},
				"east": {"uv": [4.25, 8.75, 4.5, 9], "texture": "#0", "tintindex": 0},
				"south": {"uv": [8.75, 4.25, 9, 4.5], "texture": "#0", "tintindex": 0},
				"west": {"uv": [4.5, 8.75, 4.75, 9], "texture": "#0", "tintindex": 0},
				"up": {"uv": [9, 4.75, 8.75, 4.5], "texture": "#0", "tintindex": 0},
				"down": {"uv": [5, 8.75, 4.75, 9], "texture": "#0", "tintindex": 0}
			}
		},
		{
			"from": [14, 7, 8],
			"to": [15, 8, 9],
			"faces": {
				"north": {"uv": [8.75, 5.5, 9, 5.75], "texture": "#0", "tintindex": 0},
				"east": {"uv": [5.75, 8.75, 6, 9], "texture": "#0", "tintindex": 0},
				"south": {"uv": [8.75, 5.75, 9, 6], "texture": "#0", "tintindex": 0},
				"west": {"uv": [6, 8.75, 6.25, 9], "texture": "#0", "tintindex": 0},
				"up": {"uv": [9, 6.25, 8.75, 6], "texture": "#0", "tintindex": 0},
				"down": {"uv": [6.5, 8.75, 6.25, 9], "texture": "#0", "tintindex": 0}
			}
		},
		{
			"from": [14, 7, 9],
			"to": [15, 8, 10],
			"faces": {
				"north": {"uv": [8.75, 6.25, 9, 6.5], "texture": "#0", "tintindex": 0},
				"east": {"uv": [6.5, 8.75, 6.75, 9], "texture": "#0", "tintindex": 0},
				"south": {"uv": [8.75, 6.5, 9, 6.75], "texture": "#0", "tintindex": 0},
				"west": {"uv": [6.75, 8.75, 7, 9], "texture": "#0", "tintindex": 0},
				"up": {"uv": [9, 7, 8.75, 6.75], "texture": "#0", "tintindex": 0},
				"down": {"uv": [7.25, 8.75, 7, 9], "texture": "#0", "tintindex": 0}
			}
		},
		{
			"from": [14, 7, 11],
			"to": [15, 8, 12],
			"faces": {
				"north": {"uv": [8.75, 7.75, 9, 8], "texture": "#0", "tintindex": 0},
				"east": {"uv": [8, 8.75, 8.25, 9], "texture": "#0", "tintindex": 0},
				"south": {"uv": [8.75, 8, 9, 8.25], "texture": "#0", "tintindex": 0},
				"west": {"uv": [8.25, 8.75, 8.5, 9], "texture": "#0", "tintindex": 0},
				"up": {"uv": [9, 8.5, 8.75, 8.25], "texture": "#0", "tintindex": 0},
				"down": {"uv": [8.75, 8.75, 8.5, 9], "texture": "#0", "tintindex": 0}
			}
		},
		{
			"from": [14, 7, 12],
			"to": [15, 8, 13],
			"faces": {
				"north": {"uv": [8.75, 8.5, 9, 8.75], "texture": "#0", "tintindex": 0},
				"east": {"uv": [8.75, 8.75, 9, 9], "texture": "#0", "tintindex": 0},
				"south": {"uv": [0, 9, 0.25, 9.25], "texture": "#0", "tintindex": 0},
				"west": {"uv": [9, 0, 9.25, 0.25], "texture": "#0", "tintindex": 0},
				"up": {"uv": [0.5, 9.25, 0.25, 9], "texture": "#0", "tintindex": 0},
				"down": {"uv": [9.25, 0.25, 9, 0.5], "texture": "#0", "tintindex": 0}
			}
		},
		{
			"from": [14, 8, 2],
			"to": [15, 9, 4],
			"faces": {
				"north": {"uv": [1.25, 9, 1.5, 9.25], "texture": "#0", "tintindex": 0},
				"east": {"uv": [9, 1.25, 9.25, 1.5], "texture": "#0", "tintindex": 0},
				"south": {"uv": [1.5, 9, 1.75, 9.25], "texture": "#0", "tintindex": 0},
				"west": {"uv": [9, 1.5, 9.25, 1.75], "texture": "#0", "tintindex": 0},
				"up": {"uv": [2, 9.25, 1.75, 9], "texture": "#0", "tintindex": 0},
				"down": {"uv": [9.25, 1.75, 9, 2], "texture": "#0", "tintindex": 0}
			}
		},
		{
			"from": [14, 8, 5],
			"to": [15, 9, 6],
			"faces": {
				"north": {"uv": [2.75, 9, 3, 9.25], "texture": "#0", "tintindex": 0},
				"east": {"uv": [9, 2.75, 9.25, 3], "texture": "#0", "tintindex": 0},
				"south": {"uv": [3, 9, 3.25, 9.25], "texture": "#0", "tintindex": 0},
				"west": {"uv": [9, 3, 9.25, 3.25], "texture": "#0", "tintindex": 0},
				"up": {"uv": [3.5, 9.25, 3.25, 9], "texture": "#0", "tintindex": 0},
				"down": {"uv": [9.25, 3.25, 9, 3.5], "texture": "#0", "tintindex": 0}
			}
		},
		{
			"from": [14, 8, 6],
			"to": [15, 9, 7],
			"faces": {
				"north": {"uv": [3.5, 9, 3.75, 9.25], "texture": "#0", "tintindex": 0},
				"east": {"uv": [9, 3.5, 9.25, 3.75], "texture": "#0", "tintindex": 0},
				"south": {"uv": [3.75, 9, 4, 9.25], "texture": "#0", "tintindex": 0},
				"west": {"uv": [9, 3.75, 9.25, 4], "texture": "#0", "tintindex": 0},
				"up": {"uv": [4.25, 9.25, 4, 9], "texture": "#0", "tintindex": 0},
				"down": {"uv": [9.25, 4, 9, 4.25], "texture": "#0", "tintindex": 0}
			}
		},
		{
			"from": [14, 8, 8],
			"to": [15, 9, 9],
			"faces": {
				"north": {"uv": [5, 9, 5.25, 9.25], "texture": "#0", "tintindex": 0},
				"east": {"uv": [9, 5, 9.25, 5.25], "texture": "#0", "tintindex": 0},
				"south": {"uv": [5.25, 9, 5.5, 9.25], "texture": "#0", "tintindex": 0},
				"west": {"uv": [9, 5.25, 9.25, 5.5], "texture": "#0", "tintindex": 0},
				"up": {"uv": [5.75, 9.25, 5.5, 9], "texture": "#0", "tintindex": 0},
				"down": {"uv": [9.25, 5.5, 9, 5.75], "texture": "#0", "tintindex": 0}
			}
		},
		{
			"from": [14, 8, 9],
			"to": [15, 9, 10],
			"faces": {
				"north": {"uv": [5.75, 9, 6, 9.25], "texture": "#0", "tintindex": 0},
				"east": {"uv": [9, 5.75, 9.25, 6], "texture": "#0", "tintindex": 0},
				"south": {"uv": [6, 9, 6.25, 9.25], "texture": "#0", "tintindex": 0},
				"west": {"uv": [9, 6, 9.25, 6.25], "texture": "#0", "tintindex": 0},
				"up": {"uv": [6.5, 9.25, 6.25, 9], "texture": "#0", "tintindex": 0},
				"down": {"uv": [9.25, 6.25, 9, 6.5], "texture": "#0", "tintindex": 0}
			}
		},
		{
			"from": [14, 8, 11],
			"to": [15, 9, 12],
			"faces": {
				"north": {"uv": [7.25, 9, 7.5, 9.25], "texture": "#0", "tintindex": 0},
				"east": {"uv": [9, 7.25, 9.25, 7.5], "texture": "#0", "tintindex": 0},
				"south": {"uv": [7.5, 9, 7.75, 9.25], "texture": "#0", "tintindex": 0},
				"west": {"uv": [9, 7.5, 9.25, 7.75], "texture": "#0", "tintindex": 0},
				"up": {"uv": [8, 9.25, 7.75, 9], "texture": "#0", "tintindex": 0},
				"down": {"uv": [9.25, 7.75, 9, 8], "texture": "#0", "tintindex": 0}
			}
		},
		{
			"from": [14, 8, 12],
			"to": [15, 9, 13],
			"faces": {
				"north": {"uv": [8, 9, 8.25, 9.25], "texture": "#0", "tintindex": 0},
				"east": {"uv": [9, 8, 9.25, 8.25], "texture": "#0", "tintindex": 0},
				"south": {"uv": [8.25, 9, 8.5, 9.25], "texture": "#0", "tintindex": 0},
				"west": {"uv": [9, 8.25, 9.25, 8.5], "texture": "#0", "tintindex": 0},
				"up": {"uv": [8.75, 9.25, 8.5, 9], "texture": "#0", "tintindex": 0},
				"down": {"uv": [9.25, 8.5, 9, 8.75], "texture": "#0", "tintindex": 0}
			}
		},
		{
			"from": [3, 5, 4],
			"to": [4, 6, 5],
			"faces": {
				"north": {"uv": [9.25, 1, 9.5, 1.25], "texture": "#0", "tintindex": 0},
				"east": {"uv": [1.25, 9.25, 1.5, 9.5], "texture": "#0", "tintindex": 0},
				"south": {"uv": [9.25, 1.25, 9.5, 1.5], "texture": "#0", "tintindex": 0},
				"west": {"uv": [1.5, 9.25, 1.75, 9.5], "texture": "#0", "tintindex": 0},
				"up": {"uv": [9.5, 1.75, 9.25, 1.5], "texture": "#0", "tintindex": 0},
				"down": {"uv": [2, 9.25, 1.75, 9.5], "texture": "#0", "tintindex": 0}
			}
		},
		{
			"from": [4, 5, 4],
			"to": [5, 6, 5],
			"faces": {
				"north": {"uv": [9.25, 1.75, 9.5, 2], "texture": "#0", "tintindex": 0},
				"east": {"uv": [2, 9.25, 2.25, 9.5], "texture": "#0", "tintindex": 0},
				"south": {"uv": [9.25, 2, 9.5, 2.25], "texture": "#0", "tintindex": 0},
				"west": {"uv": [2.25, 9.25, 2.5, 9.5], "texture": "#0", "tintindex": 0},
				"up": {"uv": [9.5, 2.5, 9.25, 2.25], "texture": "#0", "tintindex": 0},
				"down": {"uv": [2.75, 9.25, 2.5, 9.5], "texture": "#0", "tintindex": 0}
			}
		},
		{
			"from": [5, 5, 4],
			"to": [6, 6, 5],
			"faces": {
				"north": {"uv": [9.25, 2.5, 9.5, 2.75], "texture": "#0", "tintindex": 0},
				"east": {"uv": [2.75, 9.25, 3, 9.5], "texture": "#0", "tintindex": 0},
				"south": {"uv": [9.25, 2.75, 9.5, 3], "texture": "#0", "tintindex": 0},
				"west": {"uv": [3, 9.25, 3.25, 9.5], "texture": "#0", "tintindex": 0},
				"up": {"uv": [9.5, 3.25, 9.25, 3], "texture": "#0", "tintindex": 0},
				"down": {"uv": [3.5, 9.25, 3.25, 9.5], "texture": "#0", "tintindex": 0}
			}
		},
		{
			"from": [6, 5, 4],
			"to": [7, 6, 5],
			"faces": {
				"north": {"uv": [9.25, 3.25, 9.5, 3.5], "texture": "#0", "tintindex": 0},
				"east": {"uv": [3.5, 9.25, 3.75, 9.5], "texture": "#0", "tintindex": 0},
				"south": {"uv": [9.25, 3.5, 9.5, 3.75], "texture": "#0", "tintindex": 0},
				"west": {"uv": [3.75, 9.25, 4, 9.5], "texture": "#0", "tintindex": 0},
				"up": {"uv": [9.5, 4, 9.25, 3.75], "texture": "#0", "tintindex": 0},
				"down": {"uv": [4.25, 9.25, 4, 9.5], "texture": "#0", "tintindex": 0}
			}
		},
		{
			"from": [7, 5, 4],
			"to": [8, 6, 5],
			"faces": {
				"north": {"uv": [9.25, 4, 9.5, 4.25], "texture": "#0", "tintindex": 0},
				"east": {"uv": [4.25, 9.25, 4.5, 9.5], "texture": "#0", "tintindex": 0},
				"south": {"uv": [9.25, 4.25, 9.5, 4.5], "texture": "#0", "tintindex": 0},
				"west": {"uv": [4.5, 9.25, 4.75, 9.5], "texture": "#0", "tintindex": 0},
				"up": {"uv": [9.5, 4.75, 9.25, 4.5], "texture": "#0", "tintindex": 0},
				"down": {"uv": [5, 9.25, 4.75, 9.5], "texture": "#0", "tintindex": 0}
			}
		},
		{
			"from": [9, 5, 4],
			"to": [10, 6, 5],
			"faces": {
				"north": {"uv": [9.25, 5.5, 9.5, 5.75], "texture": "#0", "tintindex": 0},
				"east": {"uv": [5.75, 9.25, 6, 9.5], "texture": "#0", "tintindex": 0},
				"south": {"uv": [9.25, 5.75, 9.5, 6], "texture": "#0", "tintindex": 0},
				"west": {"uv": [6, 9.25, 6.25, 9.5], "texture": "#0", "tintindex": 0},
				"up": {"uv": [9.5, 6.25, 9.25, 6], "texture": "#0", "tintindex": 0},
				"down": {"uv": [6.5, 9.25, 6.25, 9.5], "texture": "#0", "tintindex": 0}
			}
		},
		{
			"from": [10, 5, 4],
			"to": [11, 6, 5],
			"faces": {
				"north": {"uv": [9.25, 6.25, 9.5, 6.5], "texture": "#0", "tintindex": 0},
				"east": {"uv": [6.5, 9.25, 6.75, 9.5], "texture": "#0", "tintindex": 0},
				"south": {"uv": [9.25, 6.5, 9.5, 6.75], "texture": "#0", "tintindex": 0},
				"west": {"uv": [6.75, 9.25, 7, 9.5], "texture": "#0", "tintindex": 0},
				"up": {"uv": [9.5, 7, 9.25, 6.75], "texture": "#0", "tintindex": 0},
				"down": {"uv": [7.25, 9.25, 7, 9.5], "texture": "#0", "tintindex": 0}
			}
		},
		{
			"from": [2, 8, 2],
			"to": [14, 9, 14],
			"faces": {
				"north": {"uv": [3, 0, 6, 0.25], "texture": "#1", "tintindex": 0},
				"east": {"uv": [3, 0.25, 6, 0.5], "texture": "#1", "tintindex": 0},
				"south": {"uv": [3, 0.5, 6, 0.75], "texture": "#1", "tintindex": 0},
				"west": {"uv": [3, 0.75, 6, 1], "texture": "#1", "tintindex": 0},
				"up": {"uv": [3, 3, 0, 0], "texture": "#1", "tintindex": 0},
				"down": {"uv": [3, 3, 0, 6], "texture": "#1", "tintindex": 0}
			}
		}
	],
	"display": {
		"thirdperson_righthand": {
			"rotation": [71, 0, 0],
			"translation": [0, -0.25, 0],
			"scale": [0.34, 0.34, 0.34]
		},
		"thirdperson_lefthand": {
			"rotation": [71, 0, 0],
			"translation": [0, -0.25, 0],
			"scale": [0.34, 0.34, 0.34]
		},
		"ground": {
			"translation": [0, 2.75, 0],
			"scale": [0.56, 0.56, 0.56]
		},
		"gui": {
			"rotation": [17, -141, 0],
			"translation": [0, 3.25, 0],
			"scale": [0.8, 0.8, 0.8]
		},
		"head": {
			"translation": [0, -5.75, 0],
			"scale": [1.1, 1.05, 1.08]
		}
	},
	"groups": [
		{
			"name": "tint",
			"origin": [0, 0, 0],
			"color": 0,
			"children": [
				0,
				1,
				2,
				3,
				4,
				5,
				6,
				7,
				8,
				9,
				10,
				11,
				12,
				13,
				14,
				15,
				16,
				17,
				18,
				19,
				20,
				21,
				22,
				23,
				24,
				25,
				26,
				27,
				28,
				29,
				30,
				31,
				32,
				33,
				34,
				35,
				36,
				37,
				38,
				39,
				40,
				41,
				42,
				43,
				44,
				45,
				46,
				47,
				48,
				49,
				50,
				51,
				52,
				53,
				54,
				55,
				56,
				57,
				58,
				59,
				60,
				61,
				62,
				63,
				64
			]
		},
		{
			"name": "nontint",
			"origin": [0, 0, 0],
			"color": 0,
			"children": [
				65,
				66,
				67,
				68,
				69,
				70,
				71,
				72,
				73,
				74,
				75,
				76,
				77,
				78,
				79,
				80,
				81,
				82,
				83,
				84,
				85,
				86,
				87,
				88,
				89,
				90,
				91,
				92,
				93,
				94,
				95,
				96,
				97,
				98,
				99,
				100,
				101,
				102,
				103,
				104,
				105,
				106,
				107,
				108,
				109,
				110,
				111,
				112,
				113,
				114,
				115,
				116,
				117,
				118,
				119,
				120,
				121,
				122,
				123,
				124,
				125,
				126,
				127,
				128,
				129,
				130,
				131,
				132,
				133,
				134,
				135,
				136,
				137,
				138,
				139,
				140,
				141,
				142,
				143,
				144,
				145,
				146,
				147,
				148,
				149,
				150,
				151,
				152,
				153,
				154,
				155,
				156,
				157,
				158,
				159,
				160,
				161,
				162,
				163,
				164,
				165,
				166,
				167,
				168,
				169,
				170,
				171,
				172,
				173,
				174,
				175,
				176,
				177,
				178,
				179,
				180,
				181,
				182,
				183,
				184,
				185,
				186,
				187,
				188,
				189,
				190,
				191,
				192
			]
		},
		193
	]
}