{
	"credit": "Made with Blockbench",
	"textures": {
		"1": "mctc:hats/snowi_coal",
		"2": "mctc:hats/snowi_tophat",
		"3": "mctc:hats/snowi_body",
		"4": "mctc:hats/snowi_snow",
		"5": "mctc:hats/snowi_sticks",
		"particle": "mctc:hats/snowi_body"
	},
	"elements": [
		{
			"from": [6, 0, 1.3],
			"to": [9.8, 2, 6.7],
			"faces": {
				"north": {"uv": [4, 0, 6, 1], "texture": "#3"},
				"east": {"uv": [3, 2.5, 5.5, 3.5], "texture": "#3"},
				"south": {"uv": [4, 1, 6, 2], "texture": "#3"},
				"west": {"uv": [3, 3.5, 5.5, 4.5], "texture": "#3"},
				"up": {"uv": [2, 2.5, 0, 0], "texture": "#3"},
				"down": {"uv": [4, 0, 2, 2.5], "texture": "#3"}
			}
		},
		{
			"from": [5, 0, 2.3],
			"to": [6, 2, 5.7],
			"faces": {
				"north": {"uv": [3, 8, 3.5, 9], "texture": "#3"},
				"east": {"uv": [5, 5.5, 6.5, 6.5], "texture": "#3"},
				"south": {"uv": [8, 5, 8.5, 6], "texture": "#3"},
				"west": {"uv": [6, 0, 7.5, 1], "texture": "#3"},
				"up": {"uv": [6, 8.5, 5.5, 7], "texture": "#3"},
				"down": {"uv": [7.5, 6.5, 7, 8], "texture": "#3"}
			}
		},
		{
			"from": [9.8, 0, 2.3],
			"to": [10.8, 2, 5.7],
			"faces": {
				"north": {"uv": [7.5, 2.5, 8, 3.5], "texture": "#3"},
				"east": {"uv": [2, 5.5, 3.5, 6.5], "texture": "#3"},
				"south": {"uv": [3.5, 7.5, 4, 8.5], "texture": "#3"},
				"west": {"uv": [5.5, 2, 7, 3], "texture": "#3"},
				"up": {"uv": [7.5, 2.5, 7, 1], "texture": "#3"},
				"down": {"uv": [7.5, 2.5, 7, 4], "texture": "#3"}
			}
		},
		{
			"from": [4, 0, 1],
			"to": [6, 1, 3],
			"faces": {
				"north": {"uv": [1, 8, 2, 8.5], "texture": "#3"},
				"east": {"uv": [2, 8, 3, 8.5], "texture": "#3"},
				"south": {"uv": [8, 2.5, 9, 3], "texture": "#3"},
				"west": {"uv": [8, 3, 9, 3.5], "texture": "#3"},
				"up": {"uv": [7.5, 6.5, 6.5, 5.5], "texture": "#3"},
				"down": {"uv": [7, 6.5, 6, 7.5], "texture": "#3"}
			}
		},
		{
			"from": [9.8, 0, 1],
			"to": [11.8, 1, 3],
			"faces": {
				"north": {"uv": [1.5, 7.5, 2.5, 8], "texture": "#3"},
				"east": {"uv": [7.5, 1.5, 8.5, 2], "texture": "#3"},
				"south": {"uv": [7.5, 2, 8.5, 2.5], "texture": "#3"},
				"west": {"uv": [2.5, 7.5, 3.5, 8], "texture": "#3"},
				"up": {"uv": [7, 2, 6, 1], "texture": "#3"},
				"down": {"uv": [7, 4, 6, 5], "texture": "#3"}
			}
		},
		{
			"from": [6.5, 2, 2],
			"to": [9.3, 4, 6],
			"faces": {
				"north": {"uv": [5.5, 3, 7, 4], "texture": "#3"},
				"east": {"uv": [0, 4.5, 2, 5.5], "texture": "#3"},
				"south": {"uv": [3.5, 5.5, 5, 6.5], "texture": "#3"},
				"west": {"uv": [2, 4.5, 4, 5.5], "texture": "#3"},
				"up": {"uv": [1.5, 4.5, 0, 2.5], "texture": "#3"},
				"down": {"uv": [3, 2.5, 1.5, 4.5], "texture": "#3"}
			}
		},
		{
			"from": [5.5, 2, 3],
			"to": [6.5, 4, 5],
			"faces": {
				"north": {"uv": [6, 7.5, 6.5, 8.5], "texture": "#3"},
				"east": {"uv": [2, 6.5, 3, 7.5], "texture": "#3"},
				"south": {"uv": [6.5, 7.5, 7, 8.5], "texture": "#3"},
				"west": {"uv": [3, 6.5, 4, 7.5], "texture": "#3"},
				"up": {"uv": [8, 7.5, 7.5, 6.5], "texture": "#3"},
				"down": {"uv": [8, 7.5, 7.5, 8.5], "texture": "#3"}
			}
		},
		{
			"from": [9.3, 2, 3],
			"to": [10.3, 4, 5],
			"faces": {
				"north": {"uv": [4, 7.5, 4.5, 8.5], "texture": "#3"},
				"east": {"uv": [0, 6.5, 1, 7.5], "texture": "#3"},
				"south": {"uv": [4.5, 7.5, 5, 8.5], "texture": "#3"},
				"west": {"uv": [1, 6.5, 2, 7.5], "texture": "#3"},
				"up": {"uv": [5.5, 8.5, 5, 7.5], "texture": "#3"},
				"down": {"uv": [8, 5.5, 7.5, 6.5], "texture": "#3"}
			}
		},
		{
			"from": [5.8, 4, 3.1],
			"to": [10, 4.6, 4.9],
			"faces": {
				"north": {"uv": [6, 5, 8, 5.5], "texture": "#3"},
				"east": {"uv": [7.5, 3.5, 8.5, 4], "texture": "#3"},
				"south": {"uv": [4, 6.5, 6, 7], "texture": "#3"},
				"west": {"uv": [0, 8, 1, 8.5], "texture": "#3"},
				"up": {"uv": [6, 5.5, 4, 4.5], "texture": "#3"},
				"down": {"uv": [2, 5.5, 0, 6.5], "texture": "#3"}
			}
		},
		{
			"from": [6.6, 4, 2.2],
			"to": [9.2, 4.6, 3.1],
			"faces": {
				"north": {"uv": [4, 2, 5.5, 2.5], "texture": "#3"},
				"east": {"uv": [5.5, 4, 6, 4.5], "texture": "#3"},
				"south": {"uv": [4, 7, 5.5, 7.5], "texture": "#3"},
				"west": {"uv": [8, 6, 8.5, 6.5], "texture": "#3"},
				"up": {"uv": [8.5, 4.5, 7, 4], "texture": "#3"},
				"down": {"uv": [8.5, 4.5, 7, 5], "texture": "#3"}
			}
		},
		{
			"from": [6.6, 4, 4.9],
			"to": [9.2, 4.6, 5.8],
			"faces": {
				"north": {"uv": [0, 7.5, 1.5, 8], "texture": "#3"},
				"east": {"uv": [8, 6.5, 8.5, 7], "texture": "#3"},
				"south": {"uv": [7.5, 0, 9, 0.5], "texture": "#3"},
				"west": {"uv": [7, 8, 7.5, 8.5], "texture": "#3"},
				"up": {"uv": [9, 1, 7.5, 0.5], "texture": "#3"},
				"down": {"uv": [9, 1, 7.5, 1.5], "texture": "#3"}
			}
		},
		{
			"from": [7.6, 0, 1.2],
			"to": [8.3, 0.7, 1.3],
			"faces": {
				"north": {"uv": [3, 6, 4, 7], "texture": "#1", "tintindex": 0},
				"east": {"uv": [6, 3, 7, 4], "texture": "#1", "tintindex": 0},
				"south": {"uv": [4, 6, 5, 7], "texture": "#1", "tintindex": 0},
				"west": {"uv": [6, 4, 7, 5], "texture": "#1", "tintindex": 0},
				"up": {"uv": [6, 7, 5, 6], "texture": "#1", "tintindex": 0},
				"down": {"uv": [7, 5, 6, 6], "texture": "#1", "tintindex": 0}
			}
		},
		{
			"from": [7.3, 1.1, 1.2],
			"to": [8, 1.8, 1.3],
			"faces": {
				"north": {"uv": [0, 6, 1, 7], "texture": "#1", "tintindex": 0},
				"east": {"uv": [6, 0, 7, 1], "texture": "#1", "tintindex": 0},
				"south": {"uv": [1, 6, 2, 7], "texture": "#1", "tintindex": 0},
				"west": {"uv": [6, 1, 7, 2], "texture": "#1", "tintindex": 0},
				"up": {"uv": [3, 7, 2, 6], "texture": "#1", "tintindex": 0},
				"down": {"uv": [7, 2, 6, 3], "texture": "#1", "tintindex": 0}
			}
		},
		{
			"from": [6.9, 3.2, 1.9],
			"to": [7.4, 3.7, 2],
			"faces": {
				"north": {"uv": [3, 1, 4, 2], "texture": "#1", "tintindex": 0},
				"east": {"uv": [2, 3, 3, 4], "texture": "#1", "tintindex": 0},
				"south": {"uv": [3, 2, 4, 3], "texture": "#1", "tintindex": 0},
				"west": {"uv": [3, 3, 4, 4], "texture": "#1", "tintindex": 0},
				"up": {"uv": [1, 5, 0, 4], "texture": "#1", "tintindex": 0},
				"down": {"uv": [5, 0, 4, 1], "texture": "#1", "tintindex": 0}
			}
		},
		{
			"from": [8.3, 3.3, 1.9],
			"to": [8.8, 3.8, 2],
			"faces": {
				"north": {"uv": [4, 4, 5, 5], "texture": "#1", "tintindex": 0},
				"east": {"uv": [0, 5, 1, 6], "texture": "#1", "tintindex": 0},
				"south": {"uv": [5, 0, 6, 1], "texture": "#1", "tintindex": 0},
				"west": {"uv": [1, 5, 2, 6], "texture": "#1", "tintindex": 0},
				"up": {"uv": [6, 2, 5, 1], "texture": "#1", "tintindex": 0},
				"down": {"uv": [3, 5, 2, 6], "texture": "#1", "tintindex": 0}
			}
		},
		{
			"from": [8.6, 2.5, 1.9],
			"to": [9, 2.9, 2],
			"faces": {
				"north": {"uv": [5, 2, 6, 3], "texture": "#1", "tintindex": 0},
				"east": {"uv": [3, 5, 4, 6], "texture": "#1", "tintindex": 0},
				"south": {"uv": [5, 3, 6, 4], "texture": "#1", "tintindex": 0},
				"west": {"uv": [4, 5, 5, 6], "texture": "#1", "tintindex": 0},
				"up": {"uv": [6, 5, 5, 4], "texture": "#1", "tintindex": 0},
				"down": {"uv": [6, 5, 5, 6], "texture": "#1", "tintindex": 0}
			}
		},
		{
			"from": [8, 2.3, 1.9],
			"to": [8.4, 2.7, 2],
			"faces": {
				"north": {"uv": [1, 4, 2, 5], "texture": "#1", "tintindex": 0},
				"east": {"uv": [4, 1, 5, 2], "texture": "#1", "tintindex": 0},
				"south": {"uv": [2, 4, 3, 5], "texture": "#1", "tintindex": 0},
				"west": {"uv": [4, 2, 5, 3], "texture": "#1", "tintindex": 0},
				"up": {"uv": [4, 5, 3, 4], "texture": "#1", "tintindex": 0},
				"down": {"uv": [5, 3, 4, 4], "texture": "#1", "tintindex": 0}
			}
		},
		{
			"from": [7.3, 2.4, 1.9],
			"to": [7.7, 2.8, 2],
			"faces": {
				"north": {"uv": [0, 0, 1, 1], "texture": "#1", "tintindex": 0},
				"east": {"uv": [0, 1, 1, 2], "texture": "#1", "tintindex": 0},
				"south": {"uv": [1, 0, 2, 1], "texture": "#1", "tintindex": 0},
				"west": {"uv": [1, 1, 2, 2], "texture": "#1", "tintindex": 0},
				"up": {"uv": [1, 3, 0, 2], "texture": "#1", "tintindex": 0},
				"down": {"uv": [3, 0, 2, 1], "texture": "#1", "tintindex": 0}
			}
		},
		{
			"from": [6.7, 2.6, 1.9],
			"to": [7.1, 3, 2],
			"faces": {
				"north": {"uv": [1, 2, 2, 3], "texture": "#1", "tintindex": 0},
				"east": {"uv": [2, 1, 3, 2], "texture": "#1", "tintindex": 0},
				"south": {"uv": [2, 2, 3, 3], "texture": "#1", "tintindex": 0},
				"west": {"uv": [0, 3, 1, 4], "texture": "#1", "tintindex": 0},
				"up": {"uv": [4, 1, 3, 0], "texture": "#1", "tintindex": 0},
				"down": {"uv": [2, 3, 1, 4], "texture": "#1", "tintindex": 0}
			}
		},
		{
			"from": [7.2, 4.6, 3.3],
			"to": [9.1, 5.1, 5.2],
			"faces": {
				"north": {"uv": [2, 4, 4, 5], "texture": "#2"},
				"east": {"uv": [4, 2, 6, 3], "texture": "#2"},
				"south": {"uv": [4, 3, 6, 4], "texture": "#2"},
				"west": {"uv": [4, 4, 6, 5], "texture": "#2"},
				"up": {"uv": [2, 2, 0, 0], "texture": "#2"},
				"down": {"uv": [2, 2, 0, 4], "texture": "#2"}
			}
		},
		{
			"from": [7.4, 5.1, 3.5],
			"to": [8.9, 5.6, 5],
			"faces": {
				"north": {"uv": [2, 5, 4, 6], "texture": "#2", "tintindex": 0},
				"east": {"uv": [4, 5, 6, 6], "texture": "#2", "tintindex": 0},
				"south": {"uv": [0, 6, 2, 7], "texture": "#2", "tintindex": 0},
				"west": {"uv": [6, 0, 8, 1], "texture": "#2", "tintindex": 0},
				"up": {"uv": [4, 2, 2, 0], "texture": "#2", "tintindex": 0},
				"down": {"uv": [4, 2, 2, 4], "texture": "#2", "tintindex": 0}
			}
		},
		{
			"from": [7.5, 5.6, 3.6],
			"to": [8.8, 6.6, 4.9],
			"faces": {
				"north": {"uv": [6, 1, 8, 2], "texture": "#2"},
				"east": {"uv": [2, 6, 4, 7], "texture": "#2"},
				"south": {"uv": [6, 2, 8, 3], "texture": "#2"},
				"west": {"uv": [6, 3, 8, 4], "texture": "#2"},
				"up": {"uv": [2, 6, 0, 4], "texture": "#2"},
				"down": {"uv": [6, 0, 4, 2], "texture": "#2"}
			}
		},
		{
			"from": [4, 0, 4],
			"to": [6, 0.6, 6],
			"faces": {
				"north": {"uv": [0, 8, 2, 9], "texture": "#4"},
				"east": {"uv": [8, 0, 10, 1], "texture": "#4"},
				"south": {"uv": [8, 1, 10, 2], "texture": "#4"},
				"west": {"uv": [2, 8, 4, 9], "texture": "#4"},
				"up": {"uv": [6, 5, 4, 3], "texture": "#4"},
				"down": {"uv": [2, 5, 0, 7], "texture": "#4"}
			}
		},
		{
			"from": [8.5, 0, 5.3],
			"to": [10.5, 0.6, 7.3],
			"faces": {
				"north": {"uv": [6, 6, 8, 7], "texture": "#4"},
				"east": {"uv": [0, 7, 2, 8], "texture": "#4"},
				"south": {"uv": [4, 7, 6, 8], "texture": "#4"},
				"west": {"uv": [6, 7, 8, 8], "texture": "#4"},
				"up": {"uv": [4, 2, 2, 0], "texture": "#4"},
				"down": {"uv": [4, 2, 2, 4], "texture": "#4"}
			}
		},
		{
			"from": [9.1, 0, 4.5],
			"to": [11.1, 0.6, 6.5],
			"faces": {
				"north": {"uv": [6, 3, 8, 4], "texture": "#4"},
				"east": {"uv": [4, 6, 6, 7], "texture": "#4"},
				"south": {"uv": [6, 4, 8, 5], "texture": "#4"},
				"west": {"uv": [6, 5, 8, 6], "texture": "#4"},
				"up": {"uv": [2, 2, 0, 0], "texture": "#4"},
				"down": {"uv": [2, 2, 0, 4], "texture": "#4"}
			}
		},
		{
			"from": [5, 0, 6],
			"to": [6, 0.6, 7],
			"faces": {
				"north": {"uv": [8, 8, 9, 9], "texture": "#4"},
				"east": {"uv": [0, 9, 1, 10], "texture": "#4"},
				"south": {"uv": [1, 9, 2, 10], "texture": "#4"},
				"west": {"uv": [2, 9, 3, 10], "texture": "#4"},
				"up": {"uv": [10, 3, 9, 2], "texture": "#4"},
				"down": {"uv": [4, 9, 3, 10], "texture": "#4"}
			}
		},
		{
			"from": [4, 0, 6],
			"to": [5, 0.4, 7],
			"faces": {
				"north": {"uv": [9, 3, 10, 4], "texture": "#4"},
				"east": {"uv": [4, 9, 5, 10], "texture": "#4"},
				"south": {"uv": [9, 4, 10, 5], "texture": "#4"},
				"west": {"uv": [5, 9, 6, 10], "texture": "#4"},
				"up": {"uv": [10, 6, 9, 5], "texture": "#4"},
				"down": {"uv": [7, 9, 6, 10], "texture": "#4"}
			}
		},
		{
			"from": [3.6, 0, 4],
			"to": [5, 0.4, 5.3],
			"faces": {
				"north": {"uv": [9, 3, 10, 4], "texture": "#4"},
				"east": {"uv": [4, 9, 5, 10], "texture": "#4"},
				"south": {"uv": [9, 4, 10, 5], "texture": "#4"},
				"west": {"uv": [5, 9, 6, 10], "texture": "#4"},
				"up": {"uv": [10, 6, 9, 5], "texture": "#4"},
				"down": {"uv": [7, 9, 6, 10], "texture": "#4"}
			}
		},
		{
			"from": [3.8, 0, 3.4],
			"to": [5, 0.4, 4.7],
			"faces": {
				"north": {"uv": [9, 3, 10, 4], "texture": "#4"},
				"east": {"uv": [4, 9, 5, 10], "texture": "#4"},
				"south": {"uv": [9, 4, 10, 5], "texture": "#4"},
				"west": {"uv": [5, 9, 6, 10], "texture": "#4"},
				"up": {"uv": [10, 6, 9, 5], "texture": "#4"},
				"down": {"uv": [7, 9, 6, 10], "texture": "#4"}
			}
		},
		{
			"from": [9, 0, 7],
			"to": [10, 0.4, 8],
			"faces": {
				"north": {"uv": [5, 8, 6, 9], "texture": "#4"},
				"east": {"uv": [8, 5, 9, 6], "texture": "#4"},
				"south": {"uv": [6, 8, 7, 9], "texture": "#4"},
				"west": {"uv": [8, 6, 9, 7], "texture": "#4"},
				"up": {"uv": [8, 9, 7, 8], "texture": "#4"},
				"down": {"uv": [9, 7, 8, 8], "texture": "#4"}
			}
		},
		{
			"from": [10.3, 0, 3.3],
			"to": [11.5, 0.4, 5.7],
			"faces": {
				"north": {"uv": [8, 2, 9, 3], "texture": "#4"},
				"east": {"uv": [2, 5, 4, 6], "texture": "#4"},
				"south": {"uv": [8, 3, 9, 4], "texture": "#4"},
				"west": {"uv": [4, 5, 6, 6], "texture": "#4"},
				"up": {"uv": [3, 8, 2, 6], "texture": "#4"},
				"down": {"uv": [4, 6, 3, 8], "texture": "#4"}
			}
		},
		{
			"from": [5, 0, 6.7],
			"to": [9.1, 0.4, 7.7],
			"faces": {
				"north": {"uv": [0, 4, 4, 5], "texture": "#4"},
				"east": {"uv": [4, 8, 5, 9], "texture": "#4"},
				"south": {"uv": [4, 0, 8, 1], "texture": "#4"},
				"west": {"uv": [8, 4, 9, 5], "texture": "#4"},
				"up": {"uv": [8, 2, 4, 1], "texture": "#4"},
				"down": {"uv": [8, 2, 4, 3], "texture": "#4"}
			}
		},
		{
			"from": [4, 3.2, 3.9],
			"to": [5.8, 3.4, 4.2],
			"rotation": {"angle": -22.5, "axis": "z", "origin": [4.5, 3.2, 3.9]},
			"faces": {
				"north": {"uv": [2, 1, 4, 2], "texture": "#5"},
				"east": {"uv": [4, 4, 5, 5], "texture": "#5"},
				"south": {"uv": [2, 2, 4, 3], "texture": "#5"},
				"west": {"uv": [0, 5, 1, 6], "texture": "#5"},
				"up": {"uv": [2, 4, 0, 3], "texture": "#5"},
				"down": {"uv": [4, 3, 2, 4], "texture": "#5"}
			}
		},
		{
			"from": [4.7, 3.1, 3.9],
			"to": [4.9, 3.7, 4.2],
			"rotation": {"angle": 22.5, "axis": "z", "origin": [4.5, 3.2, 3.9]},
			"faces": {
				"north": {"uv": [5, 0, 6, 1], "texture": "#5"},
				"east": {"uv": [1, 5, 2, 6], "texture": "#5"},
				"south": {"uv": [5, 1, 6, 2], "texture": "#5"},
				"west": {"uv": [2, 5, 3, 6], "texture": "#5"},
				"up": {"uv": [6, 3, 5, 2], "texture": "#5"},
				"down": {"uv": [4, 5, 3, 6], "texture": "#5"}
			}
		},
		{
			"from": [10.7, 2.3, 3.9],
			"to": [10.9, 2.9, 4.2],
			"rotation": {"angle": 22.5, "axis": "z", "origin": [11.1, 2.8, 3.9]},
			"faces": {
				"north": {"uv": [0, 4, 1, 5], "texture": "#5"},
				"east": {"uv": [4, 0, 5, 1], "texture": "#5"},
				"south": {"uv": [1, 4, 2, 5], "texture": "#5"},
				"west": {"uv": [4, 1, 5, 2], "texture": "#5"},
				"up": {"uv": [3, 5, 2, 4], "texture": "#5"},
				"down": {"uv": [5, 2, 4, 3], "texture": "#5"}
			}
		},
		{
			"from": [9.8, 2.6, 3.9],
			"to": [11.6, 2.8, 4.2],
			"rotation": {"angle": -22.5, "axis": "z", "origin": [11.1, 2.8, 3.9]},
			"faces": {
				"north": {"uv": [0, 0, 2, 1], "texture": "#5"},
				"east": {"uv": [3, 4, 4, 5], "texture": "#5"},
				"south": {"uv": [0, 1, 2, 2], "texture": "#5"},
				"west": {"uv": [4, 3, 5, 4], "texture": "#5"},
				"up": {"uv": [2, 3, 0, 2], "texture": "#5"},
				"down": {"uv": [4, 0, 2, 1], "texture": "#5"}
			}
		}
	],
	"display": {
		"thirdperson_righthand": {
			"rotation": [90, 0, 0],
			"translation": [0, -4, 16],
			"scale": [0.5, 0.5, 0.5]
		},
		"thirdperson_lefthand": {
			"rotation": [90, 0, 0],
			"translation": [0, -4, 16],
			"scale": [0.5, 0.5, 0.5]
		},
		"firstperson_righthand": {
			"translation": [0, 3.5, 0]
		},
		"firstperson_lefthand": {
			"translation": [0, 3.5, 0]
		},
		"ground": {
			"translation": [0, 5, 0]
		},
		"gui": {
			"rotation": [12, -166, 0],
			"translation": [-2.25, 8.5, 0],
			"scale": [1.66, 1.66, 1.66]
		},
		"head": {
			"rotation": [0, -3, 0],
			"translation": [-1.25, 14.25, 1.25]
		}
	}
}