{
	"credit": "Made with Blockbench",
	"texture_size": [32, 32],
	"textures": {
		"0": "mctc:hats/heart_frames",
		"1": "mctc:hats/heart_lenses",
		"2": "mctc:hats/frames",
		"particle": "mctc:hats/heart_frames"
	},
	"elements": [
		{
			"from": [16, 8, 0.3],
			"to": [17, 9, 1.2],
			"faces": {
				"north": {"uv": [3.5, 2, 4, 2.5], "texture": "#0", "tintindex": 0},
				"east": {"uv": [3.5, 2, 4, 2.5], "texture": "#0", "tintindex": 0},
				"south": {"uv": [3.5, 2, 4, 2.5], "texture": "#0", "tintindex": 0},
				"west": {"uv": [3.5, 2, 4, 2.5], "texture": "#0", "tintindex": 0},
				"up": {"uv": [4, 2.5, 3.5, 2], "texture": "#0", "tintindex": 0},
				"down": {"uv": [4, 2, 3.5, 2.5], "texture": "#0", "tintindex": 0}
			}
		},
		{
			"from": [17, 8, 0.3],
			"to": [18, 9, 1.2],
			"faces": {
				"north": {"uv": [3, 2, 3.5, 2.5], "texture": "#0", "tintindex": 0},
				"east": {"uv": [3, 2, 3.5, 2.5], "texture": "#0", "tintindex": 0},
				"south": {"uv": [3, 2, 3.5, 2.5], "texture": "#0", "tintindex": 0},
				"west": {"uv": [3, 2, 3.5, 2.5], "texture": "#0", "tintindex": 0},
				"up": {"uv": [3.5, 2.5, 3, 2], "texture": "#0", "tintindex": 0},
				"down": {"uv": [3.5, 2, 3, 2.5], "texture": "#0", "tintindex": 0}
			}
		},
		{
			"from": [16, 7, 0.3],
			"to": [17, 8, 1.2],
			"faces": {
				"north": {"uv": [3.5, 2.5, 4, 3], "texture": "#0", "tintindex": 0},
				"east": {"uv": [3.5, 2.5, 4, 3], "texture": "#0", "tintindex": 0},
				"south": {"uv": [3.5, 2.5, 4, 3], "texture": "#0", "tintindex": 0},
				"west": {"uv": [3.5, 2.5, 4, 3], "texture": "#0", "tintindex": 0},
				"up": {"uv": [4, 3, 3.5, 2.5], "texture": "#0", "tintindex": 0},
				"down": {"uv": [4, 2.5, 3.5, 3], "texture": "#0", "tintindex": 0}
			}
		},
		{
			"from": [15, 6, 0.3],
			"to": [16, 7, 1.2],
			"faces": {
				"north": {"uv": [4, 3, 4.5, 3.5], "texture": "#0", "tintindex": 0},
				"east": {"uv": [4, 3, 4.5, 3.5], "texture": "#0", "tintindex": 0},
				"south": {"uv": [4, 3, 4.5, 3.5], "texture": "#0", "tintindex": 0},
				"west": {"uv": [4, 3, 4.5, 3.5], "texture": "#0", "tintindex": 0},
				"up": {"uv": [4.5, 3.5, 4, 3], "texture": "#0", "tintindex": 0},
				"down": {"uv": [4.5, 3, 4, 3.5], "texture": "#0", "tintindex": 0}
			}
		},
		{
			"from": [15, 7, 0.3],
			"to": [16, 8, 1.2],
			"faces": {
				"north": {"uv": [4, 2.5, 4.5, 3], "texture": "#0", "tintindex": 0},
				"east": {"uv": [4, 2.5, 4.5, 3], "texture": "#0", "tintindex": 0},
				"south": {"uv": [4, 2.5, 4.5, 3], "texture": "#0", "tintindex": 0},
				"west": {"uv": [4, 2.5, 4.5, 3], "texture": "#0", "tintindex": 0},
				"up": {"uv": [4.5, 3, 4, 2.5], "texture": "#0", "tintindex": 0},
				"down": {"uv": [4.5, 2.5, 4, 3], "texture": "#0", "tintindex": 0}
			}
		},
		{
			"from": [14, 7, 0.3],
			"to": [15, 8, 1.2],
			"faces": {
				"north": {"uv": [4.5, 2.5, 5, 3], "texture": "#0", "tintindex": 0},
				"east": {"uv": [4.5, 2.5, 5, 3], "texture": "#0", "tintindex": 0},
				"south": {"uv": [4.5, 2.5, 5, 3], "texture": "#0", "tintindex": 0},
				"west": {"uv": [4.5, 2.5, 5, 3], "texture": "#0", "tintindex": 0},
				"up": {"uv": [5, 3, 4.5, 2.5], "texture": "#0", "tintindex": 0},
				"down": {"uv": [5, 2.5, 4.5, 3], "texture": "#0", "tintindex": 0}
			}
		},
		{
			"from": [14, 8, 0.3],
			"to": [15, 9, 1.2],
			"faces": {
				"north": {"uv": [4.5, 2, 5, 2.5], "texture": "#0", "tintindex": 0},
				"east": {"uv": [4.5, 2, 5, 2.5], "texture": "#0", "tintindex": 0},
				"south": {"uv": [4.5, 2, 5, 2.5], "texture": "#0", "tintindex": 0},
				"west": {"uv": [4.5, 2, 5, 2.5], "texture": "#0", "tintindex": 0},
				"up": {"uv": [5, 2.5, 4.5, 2], "texture": "#0", "tintindex": 0},
				"down": {"uv": [5, 2, 4.5, 2.5], "texture": "#0", "tintindex": 0}
			}
		},
		{
			"from": [13, 8, 0.3],
			"to": [14, 9, 1.2],
			"faces": {
				"north": {"uv": [5, 2, 5.5, 2.5], "texture": "#0", "tintindex": 0},
				"east": {"uv": [5, 2, 5.5, 2.5], "texture": "#0", "tintindex": 0},
				"south": {"uv": [5, 2, 5.5, 2.5], "texture": "#0", "tintindex": 0},
				"west": {"uv": [5, 2, 5.5, 2.5], "texture": "#0", "tintindex": 0},
				"up": {"uv": [5.5, 2.5, 5, 2], "texture": "#0", "tintindex": 0},
				"down": {"uv": [5.5, 2, 5, 2.5], "texture": "#0", "tintindex": 0}
			}
		},
		{
			"from": [18, 8, 0.3],
			"to": [19, 9, 1.2],
			"faces": {
				"north": {"uv": [2.5, 2, 3, 2.5], "texture": "#0", "tintindex": 0},
				"east": {"uv": [2.5, 2, 3, 2.5], "texture": "#0", "tintindex": 0},
				"south": {"uv": [2.5, 2, 3, 2.5], "texture": "#0", "tintindex": 0},
				"west": {"uv": [2.5, 2, 3, 2.5], "texture": "#0", "tintindex": 0},
				"up": {"uv": [3, 2.5, 2.5, 2], "texture": "#0", "tintindex": 0},
				"down": {"uv": [3, 2, 2.5, 2.5], "texture": "#0", "tintindex": 0}
			}
		},
		{
			"from": [19, 8, 0.3],
			"to": [20, 9, 1.2],
			"faces": {
				"north": {"uv": [2, 2, 2.5, 2.5], "texture": "#0", "tintindex": 0},
				"east": {"uv": [2, 2, 2.5, 2.5], "texture": "#0", "tintindex": 0},
				"south": {"uv": [2, 2, 2.5, 2.5], "texture": "#0", "tintindex": 0},
				"west": {"uv": [2, 2, 2.5, 2.5], "texture": "#0", "tintindex": 0},
				"up": {"uv": [2.5, 2.5, 2, 2], "texture": "#0", "tintindex": 0},
				"down": {"uv": [2.5, 2, 2, 2.5], "texture": "#0", "tintindex": 0}
			}
		},
		{
			"from": [19, 7, 0.3],
			"to": [20, 8, 1.2],
			"faces": {
				"north": {"uv": [2, 2.5, 2.5, 3], "texture": "#0", "tintindex": 0},
				"east": {"uv": [2, 2.5, 2.5, 3], "texture": "#0", "tintindex": 0},
				"south": {"uv": [2, 2.5, 2.5, 3], "texture": "#0", "tintindex": 0},
				"west": {"uv": [2, 2.5, 2.5, 3], "texture": "#0", "tintindex": 0},
				"up": {"uv": [2.5, 3, 2, 2.5], "texture": "#0", "tintindex": 0},
				"down": {"uv": [2.5, 2.5, 2, 3], "texture": "#0", "tintindex": 0}
			}
		},
		{
			"from": [20, 7, 0.3],
			"to": [21, 8, 1.2],
			"faces": {
				"north": {"uv": [1.5, 2.5, 2, 3], "texture": "#0", "tintindex": 0},
				"east": {"uv": [1.5, 2.5, 2, 3], "texture": "#0", "tintindex": 0},
				"south": {"uv": [1.5, 2.5, 2, 3], "texture": "#0", "tintindex": 0},
				"west": {"uv": [1.5, 2.5, 2, 3], "texture": "#0", "tintindex": 0},
				"up": {"uv": [2, 3, 1.5, 2.5], "texture": "#0", "tintindex": 0},
				"down": {"uv": [2, 2.5, 1.5, 3], "texture": "#0", "tintindex": 0}
			}
		},
		{
			"from": [20, 6, 0.3],
			"to": [21, 7, 1.2],
			"faces": {
				"north": {"uv": [1.5, 3, 2, 3.5], "texture": "#0", "tintindex": 0},
				"east": {"uv": [1.5, 3, 2, 3.5], "texture": "#0", "tintindex": 0},
				"south": {"uv": [1.5, 3, 2, 3.5], "texture": "#0", "tintindex": 0},
				"west": {"uv": [1.5, 3, 2, 3.5], "texture": "#0", "tintindex": 0},
				"up": {"uv": [2, 3.5, 1.5, 3], "texture": "#0", "tintindex": 0},
				"down": {"uv": [2, 3, 1.5, 3.5], "texture": "#0", "tintindex": 0}
			}
		},
		{
			"from": [20, 5, 0.3],
			"to": [21, 6, 1.2],
			"faces": {
				"north": {"uv": [1.5, 3.5, 2, 4], "texture": "#0", "tintindex": 0},
				"east": {"uv": [1.5, 3.5, 2, 4], "texture": "#0", "tintindex": 0},
				"south": {"uv": [1.5, 3.5, 2, 4], "texture": "#0", "tintindex": 0},
				"west": {"uv": [1.5, 3.5, 2, 4], "texture": "#0", "tintindex": 0},
				"up": {"uv": [2, 4, 1.5, 3.5], "texture": "#0", "tintindex": 0},
				"down": {"uv": [2, 3.5, 1.5, 4], "texture": "#0", "tintindex": 0}
			}
		},
		{
			"from": [20, 4, 0.3],
			"to": [21, 5, 1.2],
			"faces": {
				"north": {"uv": [1.5, 4, 2, 4.5], "texture": "#0", "tintindex": 0},
				"east": {"uv": [1.5, 4, 2, 4.5], "texture": "#0", "tintindex": 0},
				"south": {"uv": [1.5, 4, 2, 4.5], "texture": "#0", "tintindex": 0},
				"west": {"uv": [1.5, 4, 2, 4.5], "texture": "#0", "tintindex": 0},
				"up": {"uv": [2, 4.5, 1.5, 4], "texture": "#0", "tintindex": 0},
				"down": {"uv": [2, 4, 1.5, 4.5], "texture": "#0", "tintindex": 0}
			}
		},
		{
			"from": [19, 4, 0.3],
			"to": [20, 5, 1.2],
			"faces": {
				"north": {"uv": [2, 4, 2.5, 4.5], "texture": "#0", "tintindex": 0},
				"east": {"uv": [2, 4, 2.5, 4.5], "texture": "#0", "tintindex": 0},
				"south": {"uv": [2, 4, 2.5, 4.5], "texture": "#0", "tintindex": 0},
				"west": {"uv": [2, 4, 2.5, 4.5], "texture": "#0", "tintindex": 0},
				"up": {"uv": [2.5, 4.5, 2, 4], "texture": "#0", "tintindex": 0},
				"down": {"uv": [2.5, 4, 2, 4.5], "texture": "#0", "tintindex": 0}
			}
		},
		{
			"from": [19, 3, 0.3],
			"to": [20, 4, 1.2],
			"faces": {
				"north": {"uv": [2, 4.5, 2.5, 5], "texture": "#0", "tintindex": 0},
				"east": {"uv": [2, 4.5, 2.5, 5], "texture": "#0", "tintindex": 0},
				"south": {"uv": [2, 4.5, 2.5, 5], "texture": "#0", "tintindex": 0},
				"west": {"uv": [2, 4.5, 2.5, 5], "texture": "#0", "tintindex": 0},
				"up": {"uv": [2.5, 5, 2, 4.5], "texture": "#0", "tintindex": 0},
				"down": {"uv": [2.5, 4.5, 2, 5], "texture": "#0", "tintindex": 0}
			}
		},
		{
			"from": [18, 3, 0.3],
			"to": [19, 4, 1.2],
			"faces": {
				"north": {"uv": [2.5, 4.5, 3, 5], "texture": "#0", "tintindex": 0},
				"east": {"uv": [2.5, 4.5, 3, 5], "texture": "#0", "tintindex": 0},
				"south": {"uv": [2.5, 4.5, 3, 5], "texture": "#0", "tintindex": 0},
				"west": {"uv": [2.5, 4.5, 3, 5], "texture": "#0", "tintindex": 0},
				"up": {"uv": [3, 5, 2.5, 4.5], "texture": "#0", "tintindex": 0},
				"down": {"uv": [3, 4.5, 2.5, 5], "texture": "#0", "tintindex": 0}
			}
		},
		{
			"from": [18, 2, 0.3],
			"to": [19, 3, 1.2],
			"faces": {
				"north": {"uv": [2.5, 5, 3, 5.5], "texture": "#0", "tintindex": 0},
				"east": {"uv": [2.5, 5, 3, 5.5], "texture": "#0", "tintindex": 0},
				"south": {"uv": [2.5, 5, 3, 5.5], "texture": "#0", "tintindex": 0},
				"west": {"uv": [2.5, 5, 3, 5.5], "texture": "#0", "tintindex": 0},
				"up": {"uv": [3, 5.5, 2.5, 5], "texture": "#0", "tintindex": 0},
				"down": {"uv": [3, 5, 2.5, 5.5], "texture": "#0", "tintindex": 0}
			}
		},
		{
			"from": [17, 2, 0.3],
			"to": [18, 3, 1.2],
			"faces": {
				"north": {"uv": [3, 5, 3.5, 5.5], "texture": "#0", "tintindex": 0},
				"east": {"uv": [3, 5, 3.5, 5.5], "texture": "#0", "tintindex": 0},
				"south": {"uv": [3, 5, 3.5, 5.5], "texture": "#0", "tintindex": 0},
				"west": {"uv": [3, 5, 3.5, 5.5], "texture": "#0", "tintindex": 0},
				"up": {"uv": [3.5, 5.5, 3, 5], "texture": "#0", "tintindex": 0},
				"down": {"uv": [3.5, 5, 3, 5.5], "texture": "#0", "tintindex": 0}
			}
		},
		{
			"from": [17, 1, 0.3],
			"to": [18, 2, 1.2],
			"faces": {
				"north": {"uv": [3, 5.5, 3.5, 6], "texture": "#0", "tintindex": 0},
				"east": {"uv": [3, 5.5, 3.5, 6], "texture": "#0", "tintindex": 0},
				"south": {"uv": [3, 5.5, 3.5, 6], "texture": "#0", "tintindex": 0},
				"west": {"uv": [3, 5.5, 3.5, 6], "texture": "#0", "tintindex": 0},
				"up": {"uv": [3.5, 6, 3, 5.5], "texture": "#0", "tintindex": 0},
				"down": {"uv": [3.5, 5.5, 3, 6], "texture": "#0", "tintindex": 0}
			}
		},
		{
			"from": [16, 1, 0.3],
			"to": [17, 2, 1.2],
			"faces": {
				"north": {"uv": [3.5, 5.5, 4, 6], "texture": "#0", "tintindex": 0},
				"east": {"uv": [3.5, 5.5, 4, 6], "texture": "#0", "tintindex": 0},
				"south": {"uv": [3.5, 5.5, 4, 6], "texture": "#0", "tintindex": 0},
				"west": {"uv": [3.5, 5.5, 4, 6], "texture": "#0", "tintindex": 0},
				"up": {"uv": [4, 6, 3.5, 5.5], "texture": "#0", "tintindex": 0},
				"down": {"uv": [4, 5.5, 3.5, 6], "texture": "#0", "tintindex": 0}
			}
		},
		{
			"from": [16, 0, 0.3],
			"to": [17, 1, 1.2],
			"faces": {
				"north": {"uv": [3.5, 6, 4, 6.5], "texture": "#0", "tintindex": 0},
				"east": {"uv": [3.5, 6, 4, 6.5], "texture": "#0", "tintindex": 0},
				"south": {"uv": [3.5, 6, 4, 6.5], "texture": "#0", "tintindex": 0},
				"west": {"uv": [3.5, 6, 4, 6.5], "texture": "#0", "tintindex": 0},
				"up": {"uv": [4, 6.5, 3.5, 6], "texture": "#0", "tintindex": 0},
				"down": {"uv": [4, 6, 3.5, 6.5], "texture": "#0", "tintindex": 0}
			}
		},
		{
			"from": [15, 0, 0.3],
			"to": [16, 1, 1.2],
			"faces": {
				"north": {"uv": [4, 6, 4.5, 6.5], "texture": "#0", "tintindex": 0},
				"east": {"uv": [4, 6, 4.5, 6.5], "texture": "#0", "tintindex": 0},
				"south": {"uv": [4, 6, 4.5, 6.5], "texture": "#0", "tintindex": 0},
				"west": {"uv": [4, 6, 4.5, 6.5], "texture": "#0", "tintindex": 0},
				"up": {"uv": [4.5, 6.5, 4, 6], "texture": "#0", "tintindex": 0},
				"down": {"uv": [4.5, 6, 4, 6.5], "texture": "#0", "tintindex": 0}
			}
		},
		{
			"from": [14, 0, 0.3],
			"to": [15, 1, 1.2],
			"faces": {
				"north": {"uv": [4.5, 6, 5, 6.5], "texture": "#0", "tintindex": 0},
				"east": {"uv": [4.5, 6, 5, 6.5], "texture": "#0", "tintindex": 0},
				"south": {"uv": [4.5, 6, 5, 6.5], "texture": "#0", "tintindex": 0},
				"west": {"uv": [4.5, 6, 5, 6.5], "texture": "#0", "tintindex": 0},
				"up": {"uv": [5, 6.5, 4.5, 6], "texture": "#0", "tintindex": 0},
				"down": {"uv": [5, 6, 4.5, 6.5], "texture": "#0", "tintindex": 0}
			}
		},
		{
			"from": [12, 3, 0.3],
			"to": [13, 4, 1.2],
			"faces": {
				"north": {"uv": [5.5, 4.5, 6, 5], "texture": "#0", "tintindex": 0},
				"east": {"uv": [5.5, 4.5, 6, 5], "texture": "#0", "tintindex": 0},
				"south": {"uv": [5.5, 4.5, 6, 5], "texture": "#0", "tintindex": 0},
				"west": {"uv": [5.5, 4.5, 6, 5], "texture": "#0", "tintindex": 0},
				"up": {"uv": [6, 5, 5.5, 4.5], "texture": "#0", "tintindex": 0},
				"down": {"uv": [6, 4.5, 5.5, 5], "texture": "#0", "tintindex": 0}
			}
		},
		{
			"from": [12, 8, 0.3],
			"to": [13, 9, 1.2],
			"faces": {
				"north": {"uv": [5.5, 2, 6, 2.5], "texture": "#0", "tintindex": 0},
				"east": {"uv": [5.5, 2, 6, 2.5], "texture": "#0", "tintindex": 0},
				"south": {"uv": [5.5, 2, 6, 2.5], "texture": "#0", "tintindex": 0},
				"west": {"uv": [5.5, 2, 6, 2.5], "texture": "#0", "tintindex": 0},
				"up": {"uv": [6, 2.5, 5.5, 2], "texture": "#0", "tintindex": 0},
				"down": {"uv": [6, 2, 5.5, 2.5], "texture": "#0", "tintindex": 0}
			}
		},
		{
			"from": [11, 4, 0.3],
			"to": [12, 5, 1.2],
			"faces": {
				"north": {"uv": [6, 4, 6.5, 4.5], "texture": "#0", "tintindex": 0},
				"east": {"uv": [6, 4, 6.5, 4.5], "texture": "#0", "tintindex": 0},
				"south": {"uv": [6, 4, 6.5, 4.5], "texture": "#0", "tintindex": 0},
				"west": {"uv": [6, 4, 6.5, 4.5], "texture": "#0", "tintindex": 0},
				"up": {"uv": [6.5, 4.5, 6, 4], "texture": "#0", "tintindex": 0},
				"down": {"uv": [6.5, 4, 6, 4.5], "texture": "#0", "tintindex": 0}
			}
		},
		{
			"from": [11, 3, 0.3],
			"to": [12, 4, 1.2],
			"faces": {
				"north": {"uv": [6, 4.5, 6.5, 5], "texture": "#0", "tintindex": 0},
				"east": {"uv": [6, 4.5, 6.5, 5], "texture": "#0", "tintindex": 0},
				"south": {"uv": [6, 4.5, 6.5, 5], "texture": "#0", "tintindex": 0},
				"west": {"uv": [6, 4.5, 6.5, 5], "texture": "#0", "tintindex": 0},
				"up": {"uv": [6.5, 5, 6, 4.5], "texture": "#0", "tintindex": 0},
				"down": {"uv": [6.5, 4.5, 6, 5], "texture": "#0", "tintindex": 0}
			}
		},
		{
			"from": [11, 7, 0.3],
			"to": [12, 8, 1.2],
			"faces": {
				"north": {"uv": [6, 2.5, 6.5, 3], "texture": "#0", "tintindex": 0},
				"east": {"uv": [6, 2.5, 6.5, 3], "texture": "#0", "tintindex": 0},
				"south": {"uv": [6, 2.5, 6.5, 3], "texture": "#0", "tintindex": 0},
				"west": {"uv": [6, 2.5, 6.5, 3], "texture": "#0", "tintindex": 0},
				"up": {"uv": [6.5, 3, 6, 2.5], "texture": "#0", "tintindex": 0},
				"down": {"uv": [6.5, 2.5, 6, 3], "texture": "#0", "tintindex": 0}
			}
		},
		{
			"from": [11, 8, 0.3],
			"to": [12, 9, 1.2],
			"faces": {
				"north": {"uv": [6, 2, 6.5, 2.5], "texture": "#0", "tintindex": 0},
				"east": {"uv": [6, 2, 6.5, 2.5], "texture": "#0", "tintindex": 0},
				"south": {"uv": [6, 2, 6.5, 2.5], "texture": "#0", "tintindex": 0},
				"west": {"uv": [6, 2, 6.5, 2.5], "texture": "#0", "tintindex": 0},
				"up": {"uv": [6.5, 2.5, 6, 2], "texture": "#0", "tintindex": 0},
				"down": {"uv": [6.5, 2, 6, 2.5], "texture": "#0", "tintindex": 0}
			}
		},
		{
			"from": [10, 5, 0.3],
			"to": [11, 6, 1.2],
			"faces": {
				"north": {"uv": [6.5, 3.5, 7, 4], "texture": "#0", "tintindex": 0},
				"east": {"uv": [6.5, 3.5, 7, 4], "texture": "#0", "tintindex": 0},
				"south": {"uv": [6.5, 3.5, 7, 4], "texture": "#0", "tintindex": 0},
				"west": {"uv": [6.5, 3.5, 7, 4], "texture": "#0", "tintindex": 0},
				"up": {"uv": [7, 4, 6.5, 3.5], "texture": "#0", "tintindex": 0},
				"down": {"uv": [7, 3.5, 6.5, 4], "texture": "#0", "tintindex": 0}
			}
		},
		{
			"from": [13, 1, 0.3],
			"to": [14, 2, 1.2],
			"faces": {
				"north": {"uv": [5, 5.5, 5.5, 6], "texture": "#0", "tintindex": 0},
				"east": {"uv": [5, 5.5, 5.5, 6], "texture": "#0", "tintindex": 0},
				"south": {"uv": [5, 5.5, 5.5, 6], "texture": "#0", "tintindex": 0},
				"west": {"uv": [5, 5.5, 5.5, 6], "texture": "#0", "tintindex": 0},
				"up": {"uv": [5.5, 6, 5, 5.5], "texture": "#0", "tintindex": 0},
				"down": {"uv": [5.5, 5.5, 5, 6], "texture": "#0", "tintindex": 0}
			}
		},
		{
			"from": [13, 2, 0.3],
			"to": [14, 3, 1.2],
			"faces": {
				"north": {"uv": [5, 5, 5.5, 5.5], "texture": "#0", "tintindex": 0},
				"east": {"uv": [5, 5, 5.5, 5.5], "texture": "#0", "tintindex": 0},
				"south": {"uv": [5, 5, 5.5, 5.5], "texture": "#0", "tintindex": 0},
				"west": {"uv": [5, 5, 5.5, 5.5], "texture": "#0", "tintindex": 0},
				"up": {"uv": [5.5, 5.5, 5, 5], "texture": "#0", "tintindex": 0},
				"down": {"uv": [5.5, 5, 5, 5.5], "texture": "#0", "tintindex": 0}
			}
		},
		{
			"from": [14, 1, 0.3],
			"to": [15, 2, 1.2],
			"faces": {
				"north": {"uv": [4.5, 5.5, 5, 6], "texture": "#0", "tintindex": 0},
				"east": {"uv": [4.5, 5.5, 5, 6], "texture": "#0", "tintindex": 0},
				"south": {"uv": [4.5, 5.5, 5, 6], "texture": "#0", "tintindex": 0},
				"west": {"uv": [4.5, 5.5, 5, 6], "texture": "#0", "tintindex": 0},
				"up": {"uv": [5, 6, 4.5, 5.5], "texture": "#0", "tintindex": 0},
				"down": {"uv": [5, 5.5, 4.5, 6], "texture": "#0", "tintindex": 0}
			}
		},
		{
			"from": [10, 4, 0.3],
			"to": [11, 5, 1.2],
			"faces": {
				"north": {"uv": [6.5, 4, 7, 4.5], "texture": "#0", "tintindex": 0},
				"east": {"uv": [6.5, 4, 7, 4.5], "texture": "#0", "tintindex": 0},
				"south": {"uv": [6.5, 4, 7, 4.5], "texture": "#0", "tintindex": 0},
				"west": {"uv": [6.5, 4, 7, 4.5], "texture": "#0", "tintindex": 0},
				"up": {"uv": [7, 4.5, 6.5, 4], "texture": "#0", "tintindex": 0},
				"down": {"uv": [7, 4, 6.5, 4.5], "texture": "#0", "tintindex": 0}
			}
		},
		{
			"from": [12, 2, 0.3],
			"to": [13, 3, 1.2],
			"faces": {
				"north": {"uv": [5.5, 5, 6, 5.5], "texture": "#0", "tintindex": 0},
				"east": {"uv": [5.5, 5, 6, 5.5], "texture": "#0", "tintindex": 0},
				"south": {"uv": [5.5, 5, 6, 5.5], "texture": "#0", "tintindex": 0},
				"west": {"uv": [5.5, 5, 6, 5.5], "texture": "#0", "tintindex": 0},
				"up": {"uv": [6, 5.5, 5.5, 5], "texture": "#0", "tintindex": 0},
				"down": {"uv": [6, 5, 5.5, 5.5], "texture": "#0", "tintindex": 0}
			}
		},
		{
			"from": [10, 6, 0.3],
			"to": [11, 7, 1.2],
			"faces": {
				"north": {"uv": [6.5, 3, 7, 3.5], "texture": "#0", "tintindex": 0},
				"east": {"uv": [6.5, 3, 7, 3.5], "texture": "#0", "tintindex": 0},
				"south": {"uv": [6.5, 3, 7, 3.5], "texture": "#0", "tintindex": 0},
				"west": {"uv": [6.5, 3, 7, 3.5], "texture": "#0", "tintindex": 0},
				"up": {"uv": [7, 3.5, 6.5, 3], "texture": "#0", "tintindex": 0},
				"down": {"uv": [7, 3, 6.5, 3.5], "texture": "#0", "tintindex": 0}
			}
		},
		{
			"from": [10, 7, 0.3],
			"to": [11, 8, 1.2],
			"faces": {
				"north": {"uv": [6.5, 2.5, 7, 3], "texture": "#0", "tintindex": 0},
				"east": {"uv": [6.5, 2.5, 7, 3], "texture": "#0", "tintindex": 0},
				"south": {"uv": [6.5, 2.5, 7, 3], "texture": "#0", "tintindex": 0},
				"west": {"uv": [6.5, 2.5, 7, 3], "texture": "#0", "tintindex": 0},
				"up": {"uv": [7, 3, 6.5, 2.5], "texture": "#0", "tintindex": 0},
				"down": {"uv": [7, 2.5, 6.5, 3], "texture": "#0", "tintindex": 0}
			}
		},
		{
			"from": [-6, 7, 0.3],
			"to": [-5, 8, 1.2],
			"faces": {
				"north": {"uv": [13.5, 2.5, 14, 3], "texture": "#0", "tintindex": 0},
				"east": {"uv": [13.5, 2.5, 14, 3], "texture": "#0", "tintindex": 0},
				"south": {"uv": [13.5, 2.5, 14, 3], "texture": "#0", "tintindex": 0},
				"west": {"uv": [13.5, 2.5, 14, 3], "texture": "#0", "tintindex": 0},
				"up": {"uv": [14, 3, 13.5, 2.5], "texture": "#0", "tintindex": 0},
				"down": {"uv": [14, 2.5, 13.5, 3], "texture": "#0", "tintindex": 0}
			}
		},
		{
			"from": [-6, 6, 0.3],
			"to": [-5, 7, 1.2],
			"faces": {
				"north": {"uv": [13.5, 3, 14, 3.5], "texture": "#0", "tintindex": 0},
				"east": {"uv": [13.5, 3, 14, 3.5], "texture": "#0", "tintindex": 0},
				"south": {"uv": [13.5, 3, 14, 3.5], "texture": "#0", "tintindex": 0},
				"west": {"uv": [13.5, 3, 14, 3.5], "texture": "#0", "tintindex": 0},
				"up": {"uv": [14, 3.5, 13.5, 3], "texture": "#0", "tintindex": 0},
				"down": {"uv": [14, 3, 13.5, 3.5], "texture": "#0", "tintindex": 0}
			}
		},
		{
			"from": [-4, 2, 0.3],
			"to": [-3, 3, 1.2],
			"faces": {
				"north": {"uv": [12.5, 5, 13, 5.5], "texture": "#0", "tintindex": 0},
				"east": {"uv": [12.5, 5, 13, 5.5], "texture": "#0", "tintindex": 0},
				"south": {"uv": [12.5, 5, 13, 5.5], "texture": "#0", "tintindex": 0},
				"west": {"uv": [12.5, 5, 13, 5.5], "texture": "#0", "tintindex": 0},
				"up": {"uv": [13, 5.5, 12.5, 5], "texture": "#0", "tintindex": 0},
				"down": {"uv": [13, 5, 12.5, 5.5], "texture": "#0", "tintindex": 0}
			}
		},
		{
			"from": [-6, 4, 0.3],
			"to": [-5, 5, 1.2],
			"faces": {
				"north": {"uv": [13.5, 4, 14, 4.5], "texture": "#0", "tintindex": 0},
				"east": {"uv": [13.5, 4, 14, 4.5], "texture": "#0", "tintindex": 0},
				"south": {"uv": [13.5, 4, 14, 4.5], "texture": "#0", "tintindex": 0},
				"west": {"uv": [13.5, 4, 14, 4.5], "texture": "#0", "tintindex": 0},
				"up": {"uv": [14, 4.5, 13.5, 4], "texture": "#0", "tintindex": 0},
				"down": {"uv": [14, 4, 13.5, 4.5], "texture": "#0", "tintindex": 0}
			}
		},
		{
			"from": [-2, 1, 0.3],
			"to": [-1, 2, 1.2],
			"faces": {
				"north": {"uv": [11.5, 5.5, 12, 6], "texture": "#0", "tintindex": 0},
				"east": {"uv": [11.5, 5.5, 12, 6], "texture": "#0", "tintindex": 0},
				"south": {"uv": [11.5, 5.5, 12, 6], "texture": "#0", "tintindex": 0},
				"west": {"uv": [11.5, 5.5, 12, 6], "texture": "#0", "tintindex": 0},
				"up": {"uv": [12, 6, 11.5, 5.5], "texture": "#0", "tintindex": 0},
				"down": {"uv": [12, 5.5, 11.5, 6], "texture": "#0", "tintindex": 0}
			}
		},
		{
			"from": [-3, 2, 0.3],
			"to": [-2, 3, 1.2],
			"faces": {
				"north": {"uv": [12, 5, 12.5, 5.5], "texture": "#0", "tintindex": 0},
				"east": {"uv": [12, 5, 12.5, 5.5], "texture": "#0", "tintindex": 0},
				"south": {"uv": [12, 5, 12.5, 5.5], "texture": "#0", "tintindex": 0},
				"west": {"uv": [12, 5, 12.5, 5.5], "texture": "#0", "tintindex": 0},
				"up": {"uv": [12.5, 5.5, 12, 5], "texture": "#0", "tintindex": 0},
				"down": {"uv": [12.5, 5, 12, 5.5], "texture": "#0", "tintindex": 0}
			}
		},
		{
			"from": [-3, 1, 0.3],
			"to": [-2, 2, 1.2],
			"faces": {
				"north": {"uv": [12, 5.5, 12.5, 6], "texture": "#0", "tintindex": 0},
				"east": {"uv": [12, 5.5, 12.5, 6], "texture": "#0", "tintindex": 0},
				"south": {"uv": [12, 5.5, 12.5, 6], "texture": "#0", "tintindex": 0},
				"west": {"uv": [12, 5.5, 12.5, 6], "texture": "#0", "tintindex": 0},
				"up": {"uv": [12.5, 6, 12, 5.5], "texture": "#0", "tintindex": 0},
				"down": {"uv": [12.5, 5.5, 12, 6], "texture": "#0", "tintindex": 0}
			}
		},
		{
			"from": [-6, 5, 0.3],
			"to": [-5, 6, 1.2],
			"faces": {
				"north": {"uv": [13.5, 3.5, 14, 4], "texture": "#0", "tintindex": 0},
				"east": {"uv": [13.5, 3.5, 14, 4], "texture": "#0", "tintindex": 0},
				"south": {"uv": [13.5, 3.5, 14, 4], "texture": "#0", "tintindex": 0},
				"west": {"uv": [13.5, 3.5, 14, 4], "texture": "#0", "tintindex": 0},
				"up": {"uv": [14, 4, 13.5, 3.5], "texture": "#0", "tintindex": 0},
				"down": {"uv": [14, 3.5, 13.5, 4], "texture": "#0", "tintindex": 0}
			}
		},
		{
			"from": [-5, 8, 0.3],
			"to": [-4, 9, 1.2],
			"faces": {
				"north": {"uv": [13, 2, 13.5, 2.5], "texture": "#0", "tintindex": 0},
				"east": {"uv": [13, 2, 13.5, 2.5], "texture": "#0", "tintindex": 0},
				"south": {"uv": [13, 2, 13.5, 2.5], "texture": "#0", "tintindex": 0},
				"west": {"uv": [13, 2, 13.5, 2.5], "texture": "#0", "tintindex": 0},
				"up": {"uv": [13.5, 2.5, 13, 2], "texture": "#0", "tintindex": 0},
				"down": {"uv": [13.5, 2, 13, 2.5], "texture": "#0", "tintindex": 0}
			}
		},
		{
			"from": [-5, 7, 0.3],
			"to": [-4, 8, 1.2],
			"faces": {
				"north": {"uv": [13, 2.5, 13.5, 3], "texture": "#0", "tintindex": 0},
				"east": {"uv": [13, 2.5, 13.5, 3], "texture": "#0", "tintindex": 0},
				"south": {"uv": [13, 2.5, 13.5, 3], "texture": "#0", "tintindex": 0},
				"west": {"uv": [13, 2.5, 13.5, 3], "texture": "#0", "tintindex": 0},
				"up": {"uv": [13.5, 3, 13, 2.5], "texture": "#0", "tintindex": 0},
				"down": {"uv": [13.5, 2.5, 13, 3], "texture": "#0", "tintindex": 0}
			}
		},
		{
			"from": [-5, 3, 0.3],
			"to": [-4, 4, 1.2],
			"faces": {
				"north": {"uv": [13, 4.5, 13.5, 5], "texture": "#0", "tintindex": 0},
				"east": {"uv": [13, 4.5, 13.5, 5], "texture": "#0", "tintindex": 0},
				"south": {"uv": [13, 4.5, 13.5, 5], "texture": "#0", "tintindex": 0},
				"west": {"uv": [13, 4.5, 13.5, 5], "texture": "#0", "tintindex": 0},
				"up": {"uv": [13.5, 5, 13, 4.5], "texture": "#0", "tintindex": 0},
				"down": {"uv": [13.5, 4.5, 13, 5], "texture": "#0", "tintindex": 0}
			}
		},
		{
			"from": [-5, 4, 0.3],
			"to": [-4, 5, 1.2],
			"faces": {
				"north": {"uv": [13, 4, 13.5, 4.5], "texture": "#0", "tintindex": 0},
				"east": {"uv": [13, 4, 13.5, 4.5], "texture": "#0", "tintindex": 0},
				"south": {"uv": [13, 4, 13.5, 4.5], "texture": "#0", "tintindex": 0},
				"west": {"uv": [13, 4, 13.5, 4.5], "texture": "#0", "tintindex": 0},
				"up": {"uv": [13.5, 4.5, 13, 4], "texture": "#0", "tintindex": 0},
				"down": {"uv": [13.5, 4, 13, 4.5], "texture": "#0", "tintindex": 0}
			}
		},
		{
			"from": [-4, 8, 0.3],
			"to": [-3, 9, 1.2],
			"faces": {
				"north": {"uv": [12.5, 2, 13, 2.5], "texture": "#0", "tintindex": 0},
				"east": {"uv": [12.5, 2, 13, 2.5], "texture": "#0", "tintindex": 0},
				"south": {"uv": [12.5, 2, 13, 2.5], "texture": "#0", "tintindex": 0},
				"west": {"uv": [12.5, 2, 13, 2.5], "texture": "#0", "tintindex": 0},
				"up": {"uv": [13, 2.5, 12.5, 2], "texture": "#0", "tintindex": 0},
				"down": {"uv": [13, 2, 12.5, 2.5], "texture": "#0", "tintindex": 0}
			}
		},
		{
			"from": [-4, 3, 0.3],
			"to": [-3, 4, 1.2],
			"faces": {
				"north": {"uv": [12.5, 5, 13, 4.5], "texture": "#0", "tintindex": 0},
				"east": {"uv": [12.5, 4.5, 13, 5], "texture": "#0", "tintindex": 0},
				"south": {"uv": [12.5, 4.5, 13, 5], "texture": "#0", "tintindex": 0},
				"west": {"uv": [12.5, 4.5, 13, 5], "texture": "#0", "tintindex": 0},
				"up": {"uv": [13, 5, 12.5, 4.5], "texture": "#0", "tintindex": 0},
				"down": {"uv": [13, 4.5, 12.5, 5], "texture": "#0", "tintindex": 0}
			}
		},
		{
			"from": [-2, 0, 0.3],
			"to": [-1, 1, 1.2],
			"faces": {
				"north": {"uv": [11.5, 6, 12, 6.5], "texture": "#0", "tintindex": 0},
				"east": {"uv": [11.5, 6, 12, 6.5], "texture": "#0", "tintindex": 0},
				"south": {"uv": [11.5, 6, 12, 6.5], "texture": "#0", "tintindex": 0},
				"west": {"uv": [11.5, 6, 12, 6.5], "texture": "#0", "tintindex": 0},
				"up": {"uv": [12, 6.5, 11.5, 6], "texture": "#0", "tintindex": 0},
				"down": {"uv": [12, 6, 11.5, 6.5], "texture": "#0", "tintindex": 0}
			}
		},
		{
			"from": [-1, 0, 0.3],
			"to": [0, 1, 1.2],
			"faces": {
				"north": {"uv": [11, 6, 11.5, 6.5], "texture": "#0", "tintindex": 0},
				"east": {"uv": [11, 6, 11.5, 6.5], "texture": "#0", "tintindex": 0},
				"south": {"uv": [11, 6, 11.5, 6.5], "texture": "#0", "tintindex": 0},
				"west": {"uv": [11, 6, 11.5, 6.5], "texture": "#0", "tintindex": 0},
				"up": {"uv": [11.5, 6.5, 11, 6], "texture": "#0", "tintindex": 0},
				"down": {"uv": [11.5, 6, 11, 6.5], "texture": "#0", "tintindex": 0}
			}
		},
		{
			"from": [0, 0, 0.3],
			"to": [1, 1, 1.2],
			"faces": {
				"north": {"uv": [10.5, 6, 11, 6.5], "texture": "#0", "tintindex": 0},
				"east": {"uv": [10.5, 6, 11, 6.5], "texture": "#0", "tintindex": 0},
				"south": {"uv": [10.5, 6, 11, 6.5], "texture": "#0", "tintindex": 0},
				"west": {"uv": [10.5, 6, 11, 6.5], "texture": "#0", "tintindex": 0},
				"up": {"uv": [11, 6.5, 10.5, 6], "texture": "#0", "tintindex": 0},
				"down": {"uv": [11, 6, 10.5, 6.5], "texture": "#0", "tintindex": 0}
			}
		},
		{
			"from": [0, 1, 0.3],
			"to": [1, 2, 1.2],
			"faces": {
				"north": {"uv": [10.5, 5.5, 11, 6], "texture": "#0", "tintindex": 0},
				"east": {"uv": [10.5, 5.5, 11, 6], "texture": "#0", "tintindex": 0},
				"south": {"uv": [10.5, 5.5, 11, 6], "texture": "#0", "tintindex": 0},
				"west": {"uv": [10.5, 5.5, 11, 6], "texture": "#0", "tintindex": 0},
				"up": {"uv": [11, 6, 10.5, 5.5], "texture": "#0", "tintindex": 0},
				"down": {"uv": [11, 5.5, 10.5, 6], "texture": "#0", "tintindex": 0}
			}
		},
		{
			"from": [1, 1, 0.3],
			"to": [2, 2, 1.2],
			"faces": {
				"north": {"uv": [10, 5.5, 10.5, 6], "texture": "#0", "tintindex": 0},
				"east": {"uv": [10, 5.5, 10.5, 6], "texture": "#0", "tintindex": 0},
				"south": {"uv": [10, 5.5, 10.5, 6], "texture": "#0", "tintindex": 0},
				"west": {"uv": [10, 5.5, 10.5, 6], "texture": "#0", "tintindex": 0},
				"up": {"uv": [10.5, 6, 10, 5.5], "texture": "#0", "tintindex": 0},
				"down": {"uv": [10.5, 5.5, 10, 6], "texture": "#0", "tintindex": 0}
			}
		},
		{
			"from": [1, 2, 0.3],
			"to": [2, 3, 1.2],
			"faces": {
				"north": {"uv": [10, 5, 10.5, 5.5], "texture": "#0", "tintindex": 0},
				"east": {"uv": [10, 5, 10.5, 5.5], "texture": "#0", "tintindex": 0},
				"south": {"uv": [10, 5, 10.5, 5.5], "texture": "#0", "tintindex": 0},
				"west": {"uv": [10, 5, 10.5, 5.5], "texture": "#0", "tintindex": 0},
				"up": {"uv": [10.5, 5.5, 10, 5], "texture": "#0", "tintindex": 0},
				"down": {"uv": [10.5, 5, 10, 5.5], "texture": "#0", "tintindex": 0}
			}
		},
		{
			"from": [2, 2, 0.3],
			"to": [3, 3, 1.2],
			"faces": {
				"north": {"uv": [9.5, 5, 10, 5.5], "texture": "#0", "tintindex": 0},
				"east": {"uv": [9.5, 5, 10, 5.5], "texture": "#0", "tintindex": 0},
				"south": {"uv": [9.5, 5, 10, 5.5], "texture": "#0", "tintindex": 0},
				"west": {"uv": [9.5, 5, 10, 5.5], "texture": "#0", "tintindex": 0},
				"up": {"uv": [10, 5.5, 9.5, 5], "texture": "#0", "tintindex": 0},
				"down": {"uv": [10, 5, 9.5, 5.5], "texture": "#0", "tintindex": 0}
			}
		},
		{
			"from": [2, 3, 0.3],
			"to": [3, 4, 1.2],
			"faces": {
				"north": {"uv": [9.5, 4.5, 10, 5], "texture": "#0", "tintindex": 0},
				"east": {"uv": [9.5, 4.5, 10, 5], "texture": "#0", "tintindex": 0},
				"south": {"uv": [9.5, 4.5, 10, 5], "texture": "#0", "tintindex": 0},
				"west": {"uv": [9.5, 4.5, 10, 5], "texture": "#0", "tintindex": 0},
				"up": {"uv": [10, 5, 9.5, 4.5], "texture": "#0", "tintindex": 0},
				"down": {"uv": [10, 4.5, 9.5, 5], "texture": "#0", "tintindex": 0}
			}
		},
		{
			"from": [3, 3, 0.3],
			"to": [4, 4, 1.2],
			"faces": {
				"north": {"uv": [9, 4.5, 9.5, 5], "texture": "#0", "tintindex": 0},
				"east": {"uv": [9, 4.5, 9.5, 5], "texture": "#0", "tintindex": 0},
				"south": {"uv": [9, 4.5, 9.5, 5], "texture": "#0", "tintindex": 0},
				"west": {"uv": [9, 4.5, 9.5, 5], "texture": "#0", "tintindex": 0},
				"up": {"uv": [9.5, 5, 9, 4.5], "texture": "#0", "tintindex": 0},
				"down": {"uv": [9.5, 4.5, 9, 5], "texture": "#0", "tintindex": 0}
			}
		},
		{
			"from": [3, 4, 0.3],
			"to": [4, 5, 1.2],
			"faces": {
				"north": {"uv": [9, 4, 9.5, 4.5], "texture": "#0", "tintindex": 0},
				"east": {"uv": [9, 4, 9.5, 4.5], "texture": "#0", "tintindex": 0},
				"south": {"uv": [9, 4, 9.5, 4.5], "texture": "#0", "tintindex": 0},
				"west": {"uv": [9, 4, 9.5, 4.5], "texture": "#0", "tintindex": 0},
				"up": {"uv": [9.5, 4.5, 9, 4], "texture": "#0", "tintindex": 0},
				"down": {"uv": [9.5, 4, 9, 4.5], "texture": "#0", "tintindex": 0}
			}
		},
		{
			"from": [4, 4, 0.3],
			"to": [5, 5, 1.2],
			"faces": {
				"north": {"uv": [8.5, 4, 9, 4.5], "texture": "#0", "tintindex": 0},
				"east": {"uv": [8.5, 4, 9, 4.5], "texture": "#0", "tintindex": 0},
				"south": {"uv": [8.5, 4, 9, 4.5], "texture": "#0", "tintindex": 0},
				"west": {"uv": [8.5, 4, 9, 4.5], "texture": "#0", "tintindex": 0},
				"up": {"uv": [9, 4.5, 8.5, 4], "texture": "#0", "tintindex": 0},
				"down": {"uv": [9, 4, 8.5, 4.5], "texture": "#0", "tintindex": 0}
			}
		},
		{
			"from": [4, 5, 0.3],
			"to": [5, 6, 1.2],
			"faces": {
				"north": {"uv": [8.5, 3.5, 9, 4], "texture": "#0", "tintindex": 0},
				"east": {"uv": [8.5, 3.5, 9, 4], "texture": "#0", "tintindex": 0},
				"south": {"uv": [8.5, 3.5, 9, 4], "texture": "#0", "tintindex": 0},
				"west": {"uv": [8.5, 3.5, 9, 4], "texture": "#0", "tintindex": 0},
				"up": {"uv": [9, 4, 8.5, 3.5], "texture": "#0", "tintindex": 0},
				"down": {"uv": [9, 3.5, 8.5, 4], "texture": "#0", "tintindex": 0}
			}
		},
		{
			"from": [4, 6, 0.3],
			"to": [5, 7, 1.2],
			"faces": {
				"north": {"uv": [8.5, 3, 9, 3.5], "texture": "#0", "tintindex": 0},
				"east": {"uv": [8.5, 3, 9, 3.5], "texture": "#0", "tintindex": 0},
				"south": {"uv": [8.5, 3, 9, 3.5], "texture": "#0", "tintindex": 0},
				"west": {"uv": [8.5, 3, 9, 3.5], "texture": "#0", "tintindex": 0},
				"up": {"uv": [9, 3.5, 8.5, 3], "texture": "#0", "tintindex": 0},
				"down": {"uv": [9, 3, 8.5, 3.5], "texture": "#0", "tintindex": 0}
			}
		},
		{
			"from": [4, 7, 0.3],
			"to": [5, 8, 1.2],
			"faces": {
				"north": {"uv": [8.5, 2.5, 9, 3], "texture": "#0", "tintindex": 0},
				"east": {"uv": [8.5, 2.5, 9, 3], "texture": "#0", "tintindex": 0},
				"south": {"uv": [8.5, 2.5, 9, 3], "texture": "#0", "tintindex": 0},
				"west": {"uv": [8.5, 2.5, 9, 3], "texture": "#0", "tintindex": 0},
				"up": {"uv": [9, 3, 8.5, 2.5], "texture": "#0", "tintindex": 0},
				"down": {"uv": [9, 2.5, 8.5, 3], "texture": "#0", "tintindex": 0}
			}
		},
		{
			"from": [3, 7, 0.3],
			"to": [4, 8, 1.2],
			"faces": {
				"north": {"uv": [9, 2.5, 9.5, 3], "texture": "#0", "tintindex": 0},
				"east": {"uv": [9, 2.5, 9.5, 3], "texture": "#0", "tintindex": 0},
				"south": {"uv": [9, 2.5, 9.5, 3], "texture": "#0", "tintindex": 0},
				"west": {"uv": [9, 2.5, 9.5, 3], "texture": "#0", "tintindex": 0},
				"up": {"uv": [9.5, 3, 9, 2.5], "texture": "#0", "tintindex": 0},
				"down": {"uv": [9.5, 2.5, 9, 3], "texture": "#0", "tintindex": 0}
			}
		},
		{
			"from": [3, 8, 0.3],
			"to": [4, 9, 1.2],
			"faces": {
				"north": {"uv": [9, 2, 9.5, 2.5], "texture": "#0", "tintindex": 0},
				"east": {"uv": [9, 2, 9.5, 2.5], "texture": "#0", "tintindex": 0},
				"south": {"uv": [9, 2, 9.5, 2.5], "texture": "#0", "tintindex": 0},
				"west": {"uv": [9, 2, 9.5, 2.5], "texture": "#0", "tintindex": 0},
				"up": {"uv": [9.5, 2.5, 9, 2], "texture": "#0", "tintindex": 0},
				"down": {"uv": [9.5, 2, 9, 2.5], "texture": "#0", "tintindex": 0}
			}
		},
		{
			"from": [2, 8, 0.3],
			"to": [3, 9, 1.2],
			"faces": {
				"north": {"uv": [9.5, 2, 10, 2.5], "texture": "#0", "tintindex": 0},
				"east": {"uv": [9.5, 2, 10, 2.5], "texture": "#0", "tintindex": 0},
				"south": {"uv": [9.5, 2, 10, 2.5], "texture": "#0", "tintindex": 0},
				"west": {"uv": [9.5, 2, 10, 2.5], "texture": "#0", "tintindex": 0},
				"up": {"uv": [10, 2.5, 9.5, 2], "texture": "#0", "tintindex": 0},
				"down": {"uv": [10, 2, 9.5, 2.5], "texture": "#0", "tintindex": 0}
			}
		},
		{
			"from": [-3, 8, 0.3],
			"to": [-2, 9, 1.2],
			"faces": {
				"north": {"uv": [12, 2, 12.5, 2.5], "texture": "#0", "tintindex": 0},
				"east": {"uv": [12, 2, 12.5, 2.5], "texture": "#0", "tintindex": 0},
				"south": {"uv": [12, 2, 12.5, 2.5], "texture": "#0", "tintindex": 0},
				"west": {"uv": [12, 2, 12.5, 2.5], "texture": "#0", "tintindex": 0},
				"up": {"uv": [12.5, 2.5, 12, 2], "texture": "#0", "tintindex": 0},
				"down": {"uv": [12.5, 2, 12, 2.5], "texture": "#0", "tintindex": 0}
			}
		},
		{
			"from": [-2, 8, 0.3],
			"to": [-1, 9, 1.2],
			"faces": {
				"north": {"uv": [11.5, 2, 12, 2.5], "texture": "#0", "tintindex": 0},
				"east": {"uv": [11.5, 2, 12, 2.5], "texture": "#0", "tintindex": 0},
				"south": {"uv": [11.5, 2, 12, 2.5], "texture": "#0", "tintindex": 0},
				"west": {"uv": [11.5, 2, 12, 2.5], "texture": "#0", "tintindex": 0},
				"up": {"uv": [12, 2.5, 11.5, 2], "texture": "#0", "tintindex": 0},
				"down": {"uv": [12, 2, 11.5, 2.5], "texture": "#0", "tintindex": 0}
			}
		},
		{
			"from": [-2, 7, 0.3],
			"to": [-1, 8, 1.2],
			"faces": {
				"north": {"uv": [11.5, 2.5, 12, 3], "texture": "#0", "tintindex": 0},
				"east": {"uv": [11.5, 2.5, 12, 3], "texture": "#0", "tintindex": 0},
				"south": {"uv": [11.5, 2.5, 12, 3], "texture": "#0", "tintindex": 0},
				"west": {"uv": [11.5, 2.5, 12, 3], "texture": "#0", "tintindex": 0},
				"up": {"uv": [12, 3, 11.5, 2.5], "texture": "#0", "tintindex": 0},
				"down": {"uv": [12, 2.5, 11.5, 3], "texture": "#0", "tintindex": 0}
			}
		},
		{
			"from": [-1, 7, 0.3],
			"to": [0, 8, 1.2],
			"faces": {
				"north": {"uv": [11, 2.5, 11.5, 3], "texture": "#0", "tintindex": 0},
				"east": {"uv": [11, 2.5, 11.5, 3], "texture": "#0", "tintindex": 0},
				"south": {"uv": [11, 2.5, 11.5, 3], "texture": "#0", "tintindex": 0},
				"west": {"uv": [11, 2.5, 11.5, 3], "texture": "#0", "tintindex": 0},
				"up": {"uv": [11.5, 3, 11, 2.5], "texture": "#0", "tintindex": 0},
				"down": {"uv": [11.5, 2.5, 11, 3], "texture": "#0", "tintindex": 0}
			}
		},
		{
			"from": [-1, 6, 0.3],
			"to": [0, 7, 1.2],
			"faces": {
				"north": {"uv": [11, 3, 11.5, 3.5], "texture": "#0", "tintindex": 0},
				"east": {"uv": [11, 3, 11.5, 3.5], "texture": "#0", "tintindex": 0},
				"south": {"uv": [11, 3, 11.5, 3.5], "texture": "#0", "tintindex": 0},
				"west": {"uv": [11, 3, 11.5, 3.5], "texture": "#0", "tintindex": 0},
				"up": {"uv": [11.5, 3.5, 11, 3], "texture": "#0", "tintindex": 0},
				"down": {"uv": [11.5, 3, 11, 3.5], "texture": "#0", "tintindex": 0}
			}
		},
		{
			"from": [0, 7, 0.3],
			"to": [1, 8, 1.2],
			"faces": {
				"north": {"uv": [10.5, 2.5, 11, 3], "texture": "#0", "tintindex": 0},
				"east": {"uv": [10.5, 2.5, 11, 3], "texture": "#0", "tintindex": 0},
				"south": {"uv": [10.5, 2.5, 11, 3], "texture": "#0", "tintindex": 0},
				"west": {"uv": [10.5, 2.5, 11, 3], "texture": "#0", "tintindex": 0},
				"up": {"uv": [11, 3, 10.5, 2.5], "texture": "#0", "tintindex": 0},
				"down": {"uv": [11, 2.5, 10.5, 3], "texture": "#0", "tintindex": 0}
			}
		},
		{
			"from": [1, 8, 0.3],
			"to": [2, 9, 1.2],
			"faces": {
				"north": {"uv": [10, 2, 10.5, 2.5], "texture": "#0", "tintindex": 0},
				"east": {"uv": [10, 2, 10.5, 2.5], "texture": "#0", "tintindex": 0},
				"south": {"uv": [10, 2, 10.5, 2.5], "texture": "#0", "tintindex": 0},
				"west": {"uv": [10, 2, 10.5, 2.5], "texture": "#0", "tintindex": 0},
				"up": {"uv": [10.5, 2.5, 10, 2], "texture": "#0", "tintindex": 0},
				"down": {"uv": [10.5, 2, 10, 2.5], "texture": "#0", "tintindex": 0}
			}
		},
		{
			"from": [0, 8, 0.3],
			"to": [1, 9, 1.2],
			"faces": {
				"north": {"uv": [10.5, 2, 11, 2.5], "texture": "#0", "tintindex": 0},
				"east": {"uv": [10.5, 2, 11, 2.5], "texture": "#0", "tintindex": 0},
				"south": {"uv": [10.5, 2, 11, 2.5], "texture": "#0", "tintindex": 0},
				"west": {"uv": [10.5, 2, 11, 2.5], "texture": "#0", "tintindex": 0},
				"up": {"uv": [11, 2.5, 10.5, 2], "texture": "#0", "tintindex": 0},
				"down": {"uv": [11, 2, 10.5, 2.5], "texture": "#0", "tintindex": 0}
			}
		},
		{
			"from": [12, 7, 0.8],
			"to": [13, 8, 0.8],
			"faces": {
				"north": {"uv": [9, 4, 10, 5], "texture": "#1", "tintindex": 0},
				"east": {"uv": [9, 4, 9, 5], "texture": "#1", "tintindex": 0},
				"south": {"uv": [9, 4, 10, 5], "texture": "#1", "tintindex": 0},
				"west": {"uv": [10, 4, 10, 5], "texture": "#1", "tintindex": 0},
				"up": {"uv": [10, 4, 9, 4], "texture": "#1", "tintindex": 0},
				"down": {"uv": [10, 5, 9, 5], "texture": "#1", "tintindex": 0}
			}
		},
		{
			"from": [13, 7, 0.8],
			"to": [14, 8, 0.8],
			"faces": {
				"north": {"uv": [8, 4, 9, 5], "texture": "#1", "tintindex": 0},
				"east": {"uv": [8, 4, 8, 5], "texture": "#1", "tintindex": 0},
				"south": {"uv": [8, 4, 9, 5], "texture": "#1", "tintindex": 0},
				"west": {"uv": [9, 4, 9, 5], "texture": "#1", "tintindex": 0},
				"up": {"uv": [9, 4, 8, 4], "texture": "#1", "tintindex": 0},
				"down": {"uv": [9, 5, 8, 5], "texture": "#1", "tintindex": 0}
			}
		},
		{
			"from": [13, 6, 0.8],
			"to": [14, 7, 0.8],
			"faces": {
				"north": {"uv": [8, 5, 9, 6], "texture": "#1", "tintindex": 0},
				"east": {"uv": [9, 5, 9, 6], "texture": "#1", "tintindex": 0},
				"south": {"uv": [8, 5, 9, 6], "texture": "#1", "tintindex": 0},
				"west": {"uv": [8, 5, 8, 6], "texture": "#1", "tintindex": 0},
				"up": {"uv": [9, 5, 8, 5], "texture": "#1", "tintindex": 0},
				"down": {"uv": [9, 6, 8, 6], "texture": "#1", "tintindex": 0}
			}
		},
		{
			"from": [12, 6, 0.8],
			"to": [13, 7, 0.8],
			"faces": {
				"north": {"uv": [9, 5, 10, 6], "texture": "#1", "tintindex": 0},
				"east": {"uv": [10, 5, 10, 6], "texture": "#1", "tintindex": 0},
				"south": {"uv": [9, 5, 10, 6], "texture": "#1", "tintindex": 0},
				"west": {"uv": [9, 5, 9, 6], "texture": "#1", "tintindex": 0},
				"up": {"uv": [10, 5, 9, 5], "texture": "#1", "tintindex": 0},
				"down": {"uv": [10, 6, 9, 6], "texture": "#1", "tintindex": 0}
			}
		},
		{
			"from": [11, 6, 0.8],
			"to": [12, 7, 0.8],
			"faces": {
				"north": {"uv": [10, 5, 11, 6], "texture": "#1", "tintindex": 0},
				"east": {"uv": [10, 5, 10, 6], "texture": "#1", "tintindex": 0},
				"south": {"uv": [10, 5, 11, 6], "texture": "#1", "tintindex": 0},
				"west": {"uv": [11, 5, 11, 6], "texture": "#1", "tintindex": 0},
				"up": {"uv": [11, 5, 10, 5], "texture": "#1", "tintindex": 0},
				"down": {"uv": [11, 6, 10, 6], "texture": "#1", "tintindex": 0}
			}
		},
		{
			"from": [11, 5, 0.8],
			"to": [12, 6, 0.8],
			"faces": {
				"north": {"uv": [10, 6, 11, 7], "texture": "#1", "tintindex": 0},
				"east": {"uv": [10, 6, 10, 7], "texture": "#1", "tintindex": 0},
				"south": {"uv": [10, 6, 11, 7], "texture": "#1", "tintindex": 0},
				"west": {"uv": [11, 6, 11, 7], "texture": "#1", "tintindex": 0},
				"up": {"uv": [11, 6, 10, 6], "texture": "#1", "tintindex": 0},
				"down": {"uv": [11, 7, 10, 7], "texture": "#1", "tintindex": 0}
			}
		},
		{
			"from": [12, 5, 0.8],
			"to": [13, 6, 0.8],
			"faces": {
				"north": {"uv": [9, 6, 10, 7], "texture": "#1", "tintindex": 0},
				"east": {"uv": [10, 6, 10, 7], "texture": "#1", "tintindex": 0},
				"south": {"uv": [9, 6, 10, 7], "texture": "#1", "tintindex": 0},
				"west": {"uv": [9, 6, 9, 7], "texture": "#1", "tintindex": 0},
				"up": {"uv": [10, 6, 9, 6], "texture": "#1", "tintindex": 0},
				"down": {"uv": [10, 7, 9, 7], "texture": "#1", "tintindex": 0}
			}
		},
		{
			"from": [13, 5, 0.8],
			"to": [14, 6, 0.8],
			"faces": {
				"north": {"uv": [8, 6, 9, 7], "texture": "#1", "tintindex": 0},
				"east": {"uv": [9, 6, 9, 7], "texture": "#1", "tintindex": 0},
				"south": {"uv": [8, 6, 9, 7], "texture": "#1", "tintindex": 0},
				"west": {"uv": [8, 6, 8, 7], "texture": "#1", "tintindex": 0},
				"up": {"uv": [9, 6, 8, 6], "texture": "#1", "tintindex": 0},
				"down": {"uv": [9, 7, 8, 7], "texture": "#1", "tintindex": 0}
			}
		},
		{
			"from": [13, 4, 0.8],
			"to": [14, 5, 0.8],
			"faces": {
				"north": {"uv": [8, 7, 9, 8], "texture": "#1", "tintindex": 0},
				"east": {"uv": [9, 7, 9, 8], "texture": "#1", "tintindex": 0},
				"south": {"uv": [8, 7, 9, 8], "texture": "#1", "tintindex": 0},
				"west": {"uv": [8, 7, 8, 8], "texture": "#1", "tintindex": 0},
				"up": {"uv": [9, 7, 8, 7], "texture": "#1", "tintindex": 0},
				"down": {"uv": [9, 8, 8, 8], "texture": "#1", "tintindex": 0}
			}
		},
		{
			"from": [12, 4, 0.8],
			"to": [13, 5, 0.8],
			"faces": {
				"north": {"uv": [9, 7, 10, 8], "texture": "#1", "tintindex": 0},
				"east": {"uv": [9, 7, 9, 8], "texture": "#1", "tintindex": 0},
				"south": {"uv": [9, 7, 10, 8], "texture": "#1", "tintindex": 0},
				"west": {"uv": [10, 7, 10, 8], "texture": "#1", "tintindex": 0},
				"up": {"uv": [10, 7, 9, 7], "texture": "#1", "tintindex": 0},
				"down": {"uv": [10, 8, 9, 8], "texture": "#1", "tintindex": 0}
			}
		},
		{
			"from": [13, 3, 0.8],
			"to": [14, 4, 0.8],
			"faces": {
				"north": {"uv": [8, 8, 9, 9], "texture": "#1", "tintindex": 0},
				"east": {"uv": [8, 8, 8, 9], "texture": "#1", "tintindex": 0},
				"south": {"uv": [8, 8, 9, 9], "texture": "#1", "tintindex": 0},
				"west": {"uv": [9, 8, 9, 9], "texture": "#1", "tintindex": 0},
				"up": {"uv": [9, 8, 8, 8], "texture": "#1", "tintindex": 0},
				"down": {"uv": [9, 9, 8, 9], "texture": "#1", "tintindex": 0}
			}
		},
		{
			"from": [14, 6, 0.8],
			"to": [15, 7, 0.8],
			"faces": {
				"north": {"uv": [7, 5, 8, 6], "texture": "#1", "tintindex": 0},
				"east": {"uv": [7, 5, 7, 6], "texture": "#1", "tintindex": 0},
				"south": {"uv": [7, 5, 8, 6], "texture": "#1", "tintindex": 0},
				"west": {"uv": [8, 5, 8, 6], "texture": "#1", "tintindex": 0},
				"up": {"uv": [8, 5, 7, 5], "texture": "#1", "tintindex": 0},
				"down": {"uv": [8, 6, 7, 6], "texture": "#1", "tintindex": 0}
			}
		},
		{
			"from": [14, 5, 0.8],
			"to": [15, 6, 0.8],
			"faces": {
				"north": {"uv": [7, 6, 8, 7], "texture": "#1", "tintindex": 0},
				"east": {"uv": [7, 6, 7, 7], "texture": "#1", "tintindex": 0},
				"south": {"uv": [7, 6, 8, 7], "texture": "#1", "tintindex": 0},
				"west": {"uv": [8, 6, 8, 7], "texture": "#1", "tintindex": 0},
				"up": {"uv": [8, 6, 7, 6], "texture": "#1", "tintindex": 0},
				"down": {"uv": [8, 7, 7, 7], "texture": "#1", "tintindex": 0}
			}
		},
		{
			"from": [14, 4, 0.8],
			"to": [15, 5, 0.8],
			"faces": {
				"north": {"uv": [7, 7, 8, 8], "texture": "#1", "tintindex": 0},
				"east": {"uv": [7, 7, 7, 8], "texture": "#1", "tintindex": 0},
				"south": {"uv": [7, 7, 8, 8], "texture": "#1", "tintindex": 0},
				"west": {"uv": [8, 7, 8, 8], "texture": "#1", "tintindex": 0},
				"up": {"uv": [8, 7, 7, 7], "texture": "#1", "tintindex": 0},
				"down": {"uv": [8, 8, 7, 8], "texture": "#1", "tintindex": 0}
			}
		},
		{
			"from": [14, 3, 0.8],
			"to": [15, 4, 0.8],
			"faces": {
				"north": {"uv": [7, 8, 8, 9], "texture": "#1", "tintindex": 0},
				"east": {"uv": [7, 8, 7, 9], "texture": "#1", "tintindex": 0},
				"south": {"uv": [7, 8, 8, 9], "texture": "#1", "tintindex": 0},
				"west": {"uv": [8, 8, 8, 9], "texture": "#1", "tintindex": 0},
				"up": {"uv": [8, 8, 7, 8], "texture": "#1", "tintindex": 0},
				"down": {"uv": [8, 9, 7, 9], "texture": "#1", "tintindex": 0}
			}
		},
		{
			"from": [14, 2, 0.8],
			"to": [15, 3, 0.8],
			"faces": {
				"north": {"uv": [7, 9, 8, 10], "texture": "#1", "tintindex": 0},
				"east": {"uv": [7, 9, 7, 10], "texture": "#1", "tintindex": 0},
				"south": {"uv": [7, 9, 8, 10], "texture": "#1", "tintindex": 0},
				"west": {"uv": [8, 9, 8, 10], "texture": "#1", "tintindex": 0},
				"up": {"uv": [8, 9, 7, 9], "texture": "#1", "tintindex": 0},
				"down": {"uv": [8, 10, 7, 10], "texture": "#1", "tintindex": 0}
			}
		},
		{
			"from": [15, 1, 0.8],
			"to": [16, 2, 0.8],
			"faces": {
				"north": {"uv": [6, 10, 7, 11], "texture": "#1", "tintindex": 0},
				"east": {"uv": [6, 10, 6, 11], "texture": "#1", "tintindex": 0},
				"south": {"uv": [6, 10, 7, 11], "texture": "#1", "tintindex": 0},
				"west": {"uv": [7, 10, 7, 11], "texture": "#1", "tintindex": 0},
				"up": {"uv": [7, 10, 6, 10], "texture": "#1", "tintindex": 0},
				"down": {"uv": [7, 11, 6, 11], "texture": "#1", "tintindex": 0}
			}
		},
		{
			"from": [15, 2, 0.8],
			"to": [16, 3, 0.8],
			"faces": {
				"north": {"uv": [6, 9, 7, 10], "texture": "#1", "tintindex": 0},
				"east": {"uv": [6, 9, 6, 10], "texture": "#1", "tintindex": 0},
				"south": {"uv": [6, 9, 7, 10], "texture": "#1", "tintindex": 0},
				"west": {"uv": [7, 9, 7, 10], "texture": "#1", "tintindex": 0},
				"up": {"uv": [7, 9, 6, 9], "texture": "#1", "tintindex": 0},
				"down": {"uv": [7, 10, 6, 10], "texture": "#1", "tintindex": 0}
			}
		},
		{
			"from": [15, 3, 0.8],
			"to": [16, 4, 0.8],
			"faces": {
				"north": {"uv": [6, 8, 7, 9], "texture": "#1", "tintindex": 0},
				"east": {"uv": [6, 8, 6, 9], "texture": "#1", "tintindex": 0},
				"south": {"uv": [6, 8, 7, 9], "texture": "#1", "tintindex": 0},
				"west": {"uv": [7, 8, 7, 9], "texture": "#1", "tintindex": 0},
				"up": {"uv": [7, 8, 6, 8], "texture": "#1", "tintindex": 0},
				"down": {"uv": [7, 9, 6, 9], "texture": "#1", "tintindex": 0}
			}
		},
		{
			"from": [15, 4, 0.8],
			"to": [16, 5, 0.8],
			"faces": {
				"north": {"uv": [6, 7, 7, 8], "texture": "#1", "tintindex": 0},
				"east": {"uv": [6, 7, 6, 8], "texture": "#1", "tintindex": 0},
				"south": {"uv": [6, 7, 7, 8], "texture": "#1", "tintindex": 0},
				"west": {"uv": [7, 7, 7, 8], "texture": "#1", "tintindex": 0},
				"up": {"uv": [7, 7, 6, 7], "texture": "#1", "tintindex": 0},
				"down": {"uv": [7, 8, 6, 8], "texture": "#1", "tintindex": 0}
			}
		},
		{
			"from": [15, 5, 0.8],
			"to": [16, 6, 0.8],
			"faces": {
				"north": {"uv": [6, 6, 7, 7], "texture": "#1", "tintindex": 0},
				"east": {"uv": [6, 6, 6, 7], "texture": "#1", "tintindex": 0},
				"south": {"uv": [6, 6, 7, 7], "texture": "#1", "tintindex": 0},
				"west": {"uv": [7, 6, 7, 7], "texture": "#1", "tintindex": 0},
				"up": {"uv": [7, 6, 6, 6], "texture": "#1", "tintindex": 0},
				"down": {"uv": [7, 7, 6, 7], "texture": "#1", "tintindex": 0}
			}
		},
		{
			"from": [16, 6, 0.8],
			"to": [17, 7, 0.8],
			"faces": {
				"north": {"uv": [5, 5, 6, 6], "texture": "#1", "tintindex": 0},
				"east": {"uv": [5, 5, 5, 6], "texture": "#1", "tintindex": 0},
				"south": {"uv": [5, 5, 6, 6], "texture": "#1", "tintindex": 0},
				"west": {"uv": [6, 5, 6, 6], "texture": "#1", "tintindex": 0},
				"up": {"uv": [6, 5, 5, 5], "texture": "#1", "tintindex": 0},
				"down": {"uv": [6, 6, 5, 6], "texture": "#1", "tintindex": 0}
			}
		},
		{
			"from": [17, 7, 0.8],
			"to": [18, 8, 0.8],
			"faces": {
				"north": {"uv": [4, 4, 5, 5], "texture": "#1", "tintindex": 0},
				"east": {"uv": [4, 4, 4, 5], "texture": "#1", "tintindex": 0},
				"south": {"uv": [4, 4, 5, 5], "texture": "#1", "tintindex": 0},
				"west": {"uv": [5, 4, 5, 5], "texture": "#1", "tintindex": 0},
				"up": {"uv": [5, 4, 4, 4], "texture": "#1", "tintindex": 0},
				"down": {"uv": [5, 5, 4, 5], "texture": "#1", "tintindex": 0}
			}
		},
		{
			"from": [18, 7, 0.8],
			"to": [19, 8, 0.8],
			"faces": {
				"north": {"uv": [3, 4, 4, 5], "texture": "#1", "tintindex": 0},
				"east": {"uv": [3, 4, 3, 5], "texture": "#1", "tintindex": 0},
				"south": {"uv": [3, 4, 4, 5], "texture": "#1", "tintindex": 0},
				"west": {"uv": [4, 4, 4, 5], "texture": "#1", "tintindex": 0},
				"up": {"uv": [4, 4, 3, 4], "texture": "#1", "tintindex": 0},
				"down": {"uv": [4, 5, 3, 5], "texture": "#1", "tintindex": 0}
			}
		},
		{
			"from": [19, 6, 0.8],
			"to": [20, 7, 0.8],
			"faces": {
				"north": {"uv": [2, 5, 3, 6], "texture": "#1", "tintindex": 0},
				"east": {"uv": [2, 5, 2, 6], "texture": "#1", "tintindex": 0},
				"south": {"uv": [2, 5, 3, 6], "texture": "#1", "tintindex": 0},
				"west": {"uv": [3, 5, 3, 6], "texture": "#1", "tintindex": 0},
				"up": {"uv": [3, 5, 2, 5], "texture": "#1", "tintindex": 0},
				"down": {"uv": [3, 6, 2, 6], "texture": "#1", "tintindex": 0}
			}
		},
		{
			"from": [18, 6, 0.8],
			"to": [19, 7, 0.8],
			"faces": {
				"north": {"uv": [3, 5, 4, 6], "texture": "#1", "tintindex": 0},
				"east": {"uv": [3, 5, 3, 6], "texture": "#1", "tintindex": 0},
				"south": {"uv": [3, 5, 4, 6], "texture": "#1", "tintindex": 0},
				"west": {"uv": [4, 5, 4, 6], "texture": "#1", "tintindex": 0},
				"up": {"uv": [4, 5, 3, 5], "texture": "#1", "tintindex": 0},
				"down": {"uv": [4, 6, 3, 6], "texture": "#1", "tintindex": 0}
			}
		},
		{
			"from": [17, 6, 0.8],
			"to": [18, 7, 0.8],
			"faces": {
				"north": {"uv": [4, 5, 5, 6], "texture": "#1", "tintindex": 0},
				"east": {"uv": [4, 5, 4, 6], "texture": "#1", "tintindex": 0},
				"south": {"uv": [4, 5, 5, 6], "texture": "#1", "tintindex": 0},
				"west": {"uv": [5, 5, 5, 6], "texture": "#1", "tintindex": 0},
				"up": {"uv": [5, 5, 4, 5], "texture": "#1", "tintindex": 0},
				"down": {"uv": [5, 6, 4, 6], "texture": "#1", "tintindex": 0}
			}
		},
		{
			"from": [19, 5, 0.8],
			"to": [20, 6, 0.8],
			"faces": {
				"north": {"uv": [2, 6, 3, 7], "texture": "#1", "tintindex": 0},
				"east": {"uv": [2, 6, 2, 7], "texture": "#1", "tintindex": 0},
				"south": {"uv": [2, 6, 3, 7], "texture": "#1", "tintindex": 0},
				"west": {"uv": [3, 6, 3, 7], "texture": "#1", "tintindex": 0},
				"up": {"uv": [3, 6, 2, 6], "texture": "#1", "tintindex": 0},
				"down": {"uv": [3, 7, 2, 7], "texture": "#1", "tintindex": 0}
			}
		},
		{
			"from": [18, 5, 0.8],
			"to": [19, 6, 0.8],
			"faces": {
				"north": {"uv": [3, 6, 4, 7], "texture": "#1", "tintindex": 0},
				"east": {"uv": [3, 6, 3, 7], "texture": "#1", "tintindex": 0},
				"south": {"uv": [3, 6, 4, 7], "texture": "#1", "tintindex": 0},
				"west": {"uv": [4, 6, 4, 7], "texture": "#1", "tintindex": 0},
				"up": {"uv": [4, 6, 3, 6], "texture": "#1", "tintindex": 0},
				"down": {"uv": [4, 7, 3, 7], "texture": "#1", "tintindex": 0}
			}
		},
		{
			"from": [17, 5, 0.8],
			"to": [18, 6, 0.8],
			"faces": {
				"north": {"uv": [4, 6, 5, 7], "texture": "#1", "tintindex": 0},
				"east": {"uv": [4, 6, 4, 7], "texture": "#1", "tintindex": 0},
				"south": {"uv": [4, 6, 5, 7], "texture": "#1", "tintindex": 0},
				"west": {"uv": [5, 6, 5, 7], "texture": "#1", "tintindex": 0},
				"up": {"uv": [5, 6, 4, 6], "texture": "#1", "tintindex": 0},
				"down": {"uv": [5, 7, 4, 7], "texture": "#1", "tintindex": 0}
			}
		},
		{
			"from": [16, 5, 0.8],
			"to": [17, 6, 0.8],
			"faces": {
				"north": {"uv": [5, 6, 6, 7], "texture": "#1", "tintindex": 0},
				"east": {"uv": [5, 6, 5, 7], "texture": "#1", "tintindex": 0},
				"south": {"uv": [5, 6, 6, 7], "texture": "#1", "tintindex": 0},
				"west": {"uv": [6, 6, 6, 7], "texture": "#1", "tintindex": 0},
				"up": {"uv": [6, 6, 5, 6], "texture": "#1", "tintindex": 0},
				"down": {"uv": [6, 7, 5, 7], "texture": "#1", "tintindex": 0}
			}
		},
		{
			"from": [18, 4, 0.8],
			"to": [19, 5, 0.8],
			"faces": {
				"north": {"uv": [3, 7, 4, 8], "texture": "#1", "tintindex": 0},
				"east": {"uv": [3, 7, 3, 8], "texture": "#1", "tintindex": 0},
				"south": {"uv": [3, 7, 4, 8], "texture": "#1", "tintindex": 0},
				"west": {"uv": [4, 7, 4, 8], "texture": "#1", "tintindex": 0},
				"up": {"uv": [4, 7, 3, 7], "texture": "#1", "tintindex": 0},
				"down": {"uv": [4, 8, 3, 8], "texture": "#1", "tintindex": 0}
			}
		},
		{
			"from": [17, 4, 0.8],
			"to": [18, 5, 0.8],
			"faces": {
				"north": {"uv": [4, 7, 5, 8], "texture": "#1", "tintindex": 0},
				"east": {"uv": [4, 7, 4, 8], "texture": "#1", "tintindex": 0},
				"south": {"uv": [4, 7, 5, 8], "texture": "#1", "tintindex": 0},
				"west": {"uv": [5, 7, 5, 8], "texture": "#1", "tintindex": 0},
				"up": {"uv": [5, 7, 4, 7], "texture": "#1", "tintindex": 0},
				"down": {"uv": [5, 8, 4, 8], "texture": "#1", "tintindex": 0}
			}
		},
		{
			"from": [16, 4, 0.8],
			"to": [17, 5, 0.8],
			"faces": {
				"north": {"uv": [5, 7, 6, 8], "texture": "#1", "tintindex": 0},
				"east": {"uv": [5, 7, 5, 8], "texture": "#1", "tintindex": 0},
				"south": {"uv": [5, 7, 6, 8], "texture": "#1", "tintindex": 0},
				"west": {"uv": [6, 7, 6, 8], "texture": "#1", "tintindex": 0},
				"up": {"uv": [6, 7, 5, 7], "texture": "#1", "tintindex": 0},
				"down": {"uv": [6, 8, 5, 8], "texture": "#1", "tintindex": 0}
			}
		},
		{
			"from": [17, 3, 0.8],
			"to": [18, 4, 0.8],
			"faces": {
				"north": {"uv": [4, 8, 5, 9], "texture": "#1", "tintindex": 0},
				"east": {"uv": [4, 8, 4, 9], "texture": "#1", "tintindex": 0},
				"south": {"uv": [4, 8, 5, 9], "texture": "#1", "tintindex": 0},
				"west": {"uv": [5, 8, 5, 9], "texture": "#1", "tintindex": 0},
				"up": {"uv": [5, 8, 4, 8], "texture": "#1", "tintindex": 0},
				"down": {"uv": [5, 9, 4, 9], "texture": "#1", "tintindex": 0}
			}
		},
		{
			"from": [16, 2, 0.8],
			"to": [17, 3, 0.8],
			"faces": {
				"north": {"uv": [5, 9, 6, 10], "texture": "#1", "tintindex": 0},
				"east": {"uv": [5, 9, 5, 10], "texture": "#1", "tintindex": 0},
				"south": {"uv": [5, 9, 6, 10], "texture": "#1", "tintindex": 0},
				"west": {"uv": [6, 9, 6, 10], "texture": "#1", "tintindex": 0},
				"up": {"uv": [6, 9, 5, 9], "texture": "#1", "tintindex": 0},
				"down": {"uv": [6, 10, 5, 10], "texture": "#1", "tintindex": 0}
			}
		},
		{
			"from": [16, 3, 0.8],
			"to": [17, 4, 0.8],
			"faces": {
				"north": {"uv": [5, 8, 6, 9], "texture": "#1", "tintindex": 0},
				"east": {"uv": [5, 8, 5, 9], "texture": "#1", "tintindex": 0},
				"south": {"uv": [5, 8, 6, 9], "texture": "#1", "tintindex": 0},
				"west": {"uv": [6, 8, 6, 9], "texture": "#1", "tintindex": 0},
				"up": {"uv": [6, 8, 5, 8], "texture": "#1", "tintindex": 0},
				"down": {"uv": [6, 9, 5, 9], "texture": "#1", "tintindex": 0}
			}
		},
		{
			"from": [-4, 7, 0.8],
			"to": [-3, 8, 0.8],
			"faces": {
				"north": {"uv": [9, 4, 10, 5], "texture": "#1", "tintindex": 0},
				"east": {"uv": [10, 4, 10, 5], "texture": "#1", "tintindex": 0},
				"south": {"uv": [9, 4, 10, 5], "texture": "#1", "tintindex": 0},
				"west": {"uv": [9, 4, 9, 5], "texture": "#1", "tintindex": 0},
				"up": {"uv": [10, 4, 9, 4], "texture": "#1", "tintindex": 0},
				"down": {"uv": [10, 5, 9, 5], "texture": "#1", "tintindex": 0}
			}
		},
		{
			"from": [-3, 7, 0.8],
			"to": [-2, 8, 0.8],
			"faces": {
				"north": {"uv": [8, 4, 9, 5], "texture": "#1", "tintindex": 0},
				"east": {"uv": [9, 4, 9, 5], "texture": "#1", "tintindex": 0},
				"south": {"uv": [8, 4, 9, 5], "texture": "#1", "tintindex": 0},
				"west": {"uv": [8, 4, 8, 5], "texture": "#1", "tintindex": 0},
				"up": {"uv": [9, 4, 8, 4], "texture": "#1", "tintindex": 0},
				"down": {"uv": [9, 5, 8, 5], "texture": "#1", "tintindex": 0}
			}
		},
		{
			"from": [-3, 6, 0.8],
			"to": [-2, 7, 0.8],
			"faces": {
				"north": {"uv": [8, 5, 9, 6], "texture": "#1", "tintindex": 0},
				"east": {"uv": [9, 5, 9, 6], "texture": "#1", "tintindex": 0},
				"south": {"uv": [8, 5, 9, 6], "texture": "#1", "tintindex": 0},
				"west": {"uv": [8, 5, 8, 6], "texture": "#1", "tintindex": 0},
				"up": {"uv": [9, 5, 8, 5], "texture": "#1", "tintindex": 0},
				"down": {"uv": [9, 6, 8, 6], "texture": "#1", "tintindex": 0}
			}
		},
		{
			"from": [-4, 6, 0.8],
			"to": [-3, 7, 0.8],
			"faces": {
				"north": {"uv": [9, 5, 10, 6], "texture": "#1", "tintindex": 0},
				"east": {"uv": [10, 5, 10, 6], "texture": "#1", "tintindex": 0},
				"south": {"uv": [9, 5, 10, 6], "texture": "#1", "tintindex": 0},
				"west": {"uv": [9, 5, 9, 6], "texture": "#1", "tintindex": 0},
				"up": {"uv": [10, 5, 9, 5], "texture": "#1", "tintindex": 0},
				"down": {"uv": [10, 6, 9, 6], "texture": "#1", "tintindex": 0}
			}
		},
		{
			"from": [-5, 6, 0.8],
			"to": [-4, 7, 0.8],
			"faces": {
				"north": {"uv": [10, 5, 11, 6], "texture": "#1", "tintindex": 0},
				"east": {"uv": [11, 5, 11, 6], "texture": "#1", "tintindex": 0},
				"south": {"uv": [10, 5, 11, 6], "texture": "#1", "tintindex": 0},
				"west": {"uv": [10, 5, 10, 6], "texture": "#1", "tintindex": 0},
				"up": {"uv": [11, 5, 10, 5], "texture": "#1", "tintindex": 0},
				"down": {"uv": [11, 6, 10, 6], "texture": "#1", "tintindex": 0}
			}
		},
		{
			"from": [-5, 5, 0.8],
			"to": [-4, 6, 0.8],
			"faces": {
				"north": {"uv": [10, 6, 11, 7], "texture": "#1", "tintindex": 0},
				"east": {"uv": [11, 6, 11, 7], "texture": "#1", "tintindex": 0},
				"south": {"uv": [10, 6, 11, 7], "texture": "#1", "tintindex": 0},
				"west": {"uv": [10, 6, 10, 7], "texture": "#1", "tintindex": 0},
				"up": {"uv": [11, 6, 10, 6], "texture": "#1", "tintindex": 0},
				"down": {"uv": [11, 7, 10, 7], "texture": "#1", "tintindex": 0}
			}
		},
		{
			"from": [-4, 5, 0.8],
			"to": [-3, 6, 0.8],
			"faces": {
				"north": {"uv": [9, 6, 10, 7], "texture": "#1", "tintindex": 0},
				"east": {"uv": [10, 6, 10, 7], "texture": "#1", "tintindex": 0},
				"south": {"uv": [9, 6, 10, 7], "texture": "#1", "tintindex": 0},
				"west": {"uv": [9, 6, 9, 7], "texture": "#1", "tintindex": 0},
				"up": {"uv": [10, 6, 9, 6], "texture": "#1", "tintindex": 0},
				"down": {"uv": [10, 7, 9, 7], "texture": "#1", "tintindex": 0}
			}
		},
		{
			"from": [-3, 5, 0.8],
			"to": [-2, 6, 0.8],
			"faces": {
				"north": {"uv": [8, 6, 9, 7], "texture": "#1", "tintindex": 0},
				"east": {"uv": [8, 6, 8, 7], "texture": "#1", "tintindex": 0},
				"south": {"uv": [8, 6, 9, 7], "texture": "#1", "tintindex": 0},
				"west": {"uv": [9, 6, 9, 7], "texture": "#1", "tintindex": 0},
				"up": {"uv": [9, 6, 8, 6], "texture": "#1", "tintindex": 0},
				"down": {"uv": [9, 7, 8, 7], "texture": "#1", "tintindex": 0}
			}
		},
		{
			"from": [-3, 4, 0.8],
			"to": [-2, 5, 0.8],
			"faces": {
				"north": {"uv": [8, 7, 9, 8], "texture": "#1", "tintindex": 0},
				"east": {"uv": [9, 7, 9, 8], "texture": "#1", "tintindex": 0},
				"south": {"uv": [8, 7, 9, 8], "texture": "#1", "tintindex": 0},
				"west": {"uv": [8, 7, 8, 8], "texture": "#1", "tintindex": 0},
				"up": {"uv": [9, 7, 8, 7], "texture": "#1", "tintindex": 0},
				"down": {"uv": [9, 8, 8, 8], "texture": "#1", "tintindex": 0}
			}
		},
		{
			"from": [-4, 4, 0.8],
			"to": [-3, 5, 0.8],
			"faces": {
				"north": {"uv": [9, 7, 10, 8], "texture": "#1", "tintindex": 0},
				"east": {"uv": [10, 7, 10, 8], "texture": "#1", "tintindex": 0},
				"south": {"uv": [9, 7, 10, 8], "texture": "#1", "tintindex": 0},
				"west": {"uv": [9, 7, 9, 8], "texture": "#1", "tintindex": 0},
				"up": {"uv": [10, 7, 9, 7], "texture": "#1", "tintindex": 0},
				"down": {"uv": [10, 8, 9, 8], "texture": "#1", "tintindex": 0}
			}
		},
		{
			"from": [-3, 3, 0.8],
			"to": [-2, 4, 0.8],
			"faces": {
				"north": {"uv": [8, 8, 9, 9], "texture": "#1", "tintindex": 0},
				"east": {"uv": [9, 8, 9, 9], "texture": "#1", "tintindex": 0},
				"south": {"uv": [8, 8, 9, 9], "texture": "#1", "tintindex": 0},
				"west": {"uv": [8, 8, 8, 9], "texture": "#1", "tintindex": 0},
				"up": {"uv": [9, 8, 8, 8], "texture": "#1", "tintindex": 0},
				"down": {"uv": [9, 8, 8, 8], "texture": "#1", "tintindex": 0}
			}
		},
		{
			"from": [-2, 6, 0.8],
			"to": [-1, 7, 0.8],
			"faces": {
				"north": {"uv": [7, 5, 8, 6], "texture": "#1", "tintindex": 0},
				"east": {"uv": [8, 5, 8, 6], "texture": "#1", "tintindex": 0},
				"south": {"uv": [7, 5, 8, 6], "texture": "#1", "tintindex": 0},
				"west": {"uv": [7, 5, 7, 6], "texture": "#1", "tintindex": 0},
				"up": {"uv": [8, 5, 7, 5], "texture": "#1", "tintindex": 0},
				"down": {"uv": [8, 6, 7, 6], "texture": "#1", "tintindex": 0}
			}
		},
		{
			"from": [-2, 5, 0.8],
			"to": [-1, 6, 0.8],
			"faces": {
				"north": {"uv": [7, 6, 8, 7], "texture": "#1", "tintindex": 0},
				"east": {"uv": [8, 6, 8, 7], "texture": "#1", "tintindex": 0},
				"south": {"uv": [7, 6, 8, 7], "texture": "#1", "tintindex": 0},
				"west": {"uv": [7, 6, 7, 7], "texture": "#1", "tintindex": 0},
				"up": {"uv": [8, 6, 7, 6], "texture": "#1", "tintindex": 0},
				"down": {"uv": [8, 7, 7, 7], "texture": "#1", "tintindex": 0}
			}
		},
		{
			"from": [-2, 4, 0.8],
			"to": [-1, 5, 0.8],
			"faces": {
				"north": {"uv": [7, 7, 8, 8], "texture": "#1", "tintindex": 0},
				"east": {"uv": [8, 7, 8, 8], "texture": "#1", "tintindex": 0},
				"south": {"uv": [7, 7, 8, 8], "texture": "#1", "tintindex": 0},
				"west": {"uv": [7, 7, 7, 8], "texture": "#1", "tintindex": 0},
				"up": {"uv": [8, 7, 7, 7], "texture": "#1", "tintindex": 0},
				"down": {"uv": [8, 8, 7, 8], "texture": "#1", "tintindex": 0}
			}
		},
		{
			"from": [-2, 3, 0.8],
			"to": [-1, 4, 0.8],
			"faces": {
				"north": {"uv": [7, 8, 8, 9], "texture": "#1", "tintindex": 0},
				"east": {"uv": [8, 8, 8, 9], "texture": "#1", "tintindex": 0},
				"south": {"uv": [7, 8, 8, 9], "texture": "#1", "tintindex": 0},
				"west": {"uv": [7, 8, 7, 9], "texture": "#1", "tintindex": 0},
				"up": {"uv": [8, 8, 7, 8], "texture": "#1", "tintindex": 0},
				"down": {"uv": [8, 9, 7, 9], "texture": "#1", "tintindex": 0}
			}
		},
		{
			"from": [-2, 2, 0.8],
			"to": [-1, 3, 0.8],
			"faces": {
				"north": {"uv": [7, 9, 8, 10], "texture": "#1", "tintindex": 0},
				"east": {"uv": [8, 9, 8, 10], "texture": "#1", "tintindex": 0},
				"south": {"uv": [7, 9, 8, 10], "texture": "#1", "tintindex": 0},
				"west": {"uv": [7, 9, 7, 10], "texture": "#1", "tintindex": 0},
				"up": {"uv": [8, 9, 7, 9], "texture": "#1", "tintindex": 0},
				"down": {"uv": [8, 10, 7, 10], "texture": "#1", "tintindex": 0}
			}
		},
		{
			"from": [-1, 1, 0.8],
			"to": [0, 2, 0.8],
			"faces": {
				"north": {"uv": [6, 10, 7, 11], "texture": "#1", "tintindex": 0},
				"east": {"uv": [7, 10, 7, 11], "texture": "#1", "tintindex": 0},
				"south": {"uv": [6, 10, 7, 11], "texture": "#1", "tintindex": 0},
				"west": {"uv": [6, 10, 6, 11], "texture": "#1", "tintindex": 0},
				"up": {"uv": [7, 10, 6, 10], "texture": "#1", "tintindex": 0},
				"down": {"uv": [7, 11, 6, 11], "texture": "#1", "tintindex": 0}
			}
		},
		{
			"from": [-1, 2, 0.8],
			"to": [0, 3, 0.8],
			"faces": {
				"north": {"uv": [6, 9, 7, 10], "texture": "#1", "tintindex": 0},
				"east": {"uv": [7, 9, 7, 10], "texture": "#1", "tintindex": 0},
				"south": {"uv": [6, 9, 7, 10], "texture": "#1", "tintindex": 0},
				"west": {"uv": [6, 9, 6, 10], "texture": "#1", "tintindex": 0},
				"up": {"uv": [7, 9, 6, 9], "texture": "#1", "tintindex": 0},
				"down": {"uv": [7, 10, 6, 10], "texture": "#1", "tintindex": 0}
			}
		},
		{
			"from": [-1, 3, 0.8],
			"to": [0, 4, 0.8],
			"faces": {
				"north": {"uv": [6, 8, 7, 9], "texture": "#1", "tintindex": 0},
				"east": {"uv": [7, 8, 7, 9], "texture": "#1", "tintindex": 0},
				"south": {"uv": [6, 8, 7, 9], "texture": "#1", "tintindex": 0},
				"west": {"uv": [6, 8, 6, 9], "texture": "#1", "tintindex": 0},
				"up": {"uv": [7, 8, 6, 8], "texture": "#1", "tintindex": 0},
				"down": {"uv": [7, 9, 6, 9], "texture": "#1", "tintindex": 0}
			}
		},
		{
			"from": [-1, 4, 0.8],
			"to": [0, 5, 0.8],
			"faces": {
				"north": {"uv": [6, 7, 7, 8], "texture": "#1", "tintindex": 0},
				"east": {"uv": [7, 7, 7, 8], "texture": "#1", "tintindex": 0},
				"south": {"uv": [6, 7, 7, 8], "texture": "#1", "tintindex": 0},
				"west": {"uv": [6, 7, 6, 8], "texture": "#1", "tintindex": 0},
				"up": {"uv": [7, 7, 6, 7], "texture": "#1", "tintindex": 0},
				"down": {"uv": [7, 8, 6, 8], "texture": "#1", "tintindex": 0}
			}
		},
		{
			"from": [-1, 5, 0.8],
			"to": [0, 6, 0.8],
			"faces": {
				"north": {"uv": [6, 6, 7, 7], "texture": "#1", "tintindex": 0},
				"east": {"uv": [7, 6, 7, 7], "texture": "#1", "tintindex": 0},
				"south": {"uv": [6, 6, 7, 7], "texture": "#1", "tintindex": 0},
				"west": {"uv": [6, 6, 6, 7], "texture": "#1", "tintindex": 0},
				"up": {"uv": [7, 6, 6, 6], "texture": "#1", "tintindex": 0},
				"down": {"uv": [7, 7, 6, 7], "texture": "#1", "tintindex": 0}
			}
		},
		{
			"from": [0, 6, 0.8],
			"to": [1, 7, 0.8],
			"faces": {
				"north": {"uv": [5, 5, 6, 6], "texture": "#1", "tintindex": 0},
				"east": {"uv": [6, 5, 6, 6], "texture": "#1", "tintindex": 0},
				"south": {"uv": [5, 5, 6, 6], "texture": "#1", "tintindex": 0},
				"west": {"uv": [5, 5, 5, 6], "texture": "#1", "tintindex": 0},
				"up": {"uv": [6, 5, 5, 5], "texture": "#1", "tintindex": 0},
				"down": {"uv": [6, 6, 5, 6], "texture": "#1", "tintindex": 0}
			}
		},
		{
			"from": [1, 7, 0.8],
			"to": [2, 8, 0.8],
			"faces": {
				"north": {"uv": [4, 4, 5, 5], "texture": "#1", "tintindex": 0},
				"east": {"uv": [5, 4, 5, 5], "texture": "#1", "tintindex": 0},
				"south": {"uv": [4, 4, 5, 5], "texture": "#1", "tintindex": 0},
				"west": {"uv": [4, 4, 4, 5], "texture": "#1", "tintindex": 0},
				"up": {"uv": [5, 4, 4, 4], "texture": "#1", "tintindex": 0},
				"down": {"uv": [5, 5, 4, 5], "texture": "#1", "tintindex": 0}
			}
		},
		{
			"from": [2, 7, 0.8],
			"to": [3, 8, 0.8],
			"faces": {
				"north": {"uv": [3, 4, 4, 5], "texture": "#1", "tintindex": 0},
				"east": {"uv": [4, 4, 4, 5], "texture": "#1", "tintindex": 0},
				"south": {"uv": [3, 4, 4, 5], "texture": "#1", "tintindex": 0},
				"west": {"uv": [3, 4, 3, 5], "texture": "#1", "tintindex": 0},
				"up": {"uv": [4, 4, 3, 4], "texture": "#1", "tintindex": 0},
				"down": {"uv": [4, 5, 3, 5], "texture": "#1", "tintindex": 0}
			}
		},
		{
			"from": [3, 6, 0.8],
			"to": [4, 7, 0.8],
			"faces": {
				"north": {"uv": [2, 5, 3, 6], "texture": "#1", "tintindex": 0},
				"east": {"uv": [3, 5, 3, 6], "texture": "#1", "tintindex": 0},
				"south": {"uv": [2, 5, 3, 6], "texture": "#1", "tintindex": 0},
				"west": {"uv": [2, 5, 2, 6], "texture": "#1", "tintindex": 0},
				"up": {"uv": [3, 5, 2, 5], "texture": "#1", "tintindex": 0},
				"down": {"uv": [3, 6, 2, 6], "texture": "#1", "tintindex": 0}
			}
		},
		{
			"from": [2, 6, 0.8],
			"to": [3, 7, 0.8],
			"faces": {
				"north": {"uv": [3, 5, 4, 6], "texture": "#1", "tintindex": 0},
				"east": {"uv": [4, 5, 4, 6], "texture": "#1", "tintindex": 0},
				"south": {"uv": [3, 5, 4, 6], "texture": "#1", "tintindex": 0},
				"west": {"uv": [3, 5, 3, 6], "texture": "#1", "tintindex": 0},
				"up": {"uv": [4, 5, 3, 5], "texture": "#1", "tintindex": 0},
				"down": {"uv": [4, 6, 3, 6], "texture": "#1", "tintindex": 0}
			}
		},
		{
			"from": [1, 6, 0.8],
			"to": [2, 7, 0.8],
			"faces": {
				"north": {"uv": [4, 5, 5, 6], "texture": "#1", "tintindex": 0},
				"east": {"uv": [5, 5, 5, 6], "texture": "#1", "tintindex": 0},
				"south": {"uv": [4, 5, 5, 6], "texture": "#1", "tintindex": 0},
				"west": {"uv": [4, 5, 4, 6], "texture": "#1", "tintindex": 0},
				"up": {"uv": [5, 5, 4, 5], "texture": "#1", "tintindex": 0},
				"down": {"uv": [5, 6, 4, 6], "texture": "#1", "tintindex": 0}
			}
		},
		{
			"from": [3, 5, 0.8],
			"to": [4, 6, 0.8],
			"faces": {
				"north": {"uv": [2, 6, 3, 7], "texture": "#1", "tintindex": 0},
				"east": {"uv": [3, 6, 3, 7], "texture": "#1", "tintindex": 0},
				"south": {"uv": [2, 6, 3, 7], "texture": "#1", "tintindex": 0},
				"west": {"uv": [2, 6, 2, 7], "texture": "#1", "tintindex": 0},
				"up": {"uv": [3, 6, 2, 6], "texture": "#1", "tintindex": 0},
				"down": {"uv": [3, 7, 2, 7], "texture": "#1", "tintindex": 0}
			}
		},
		{
			"from": [2, 5, 0.8],
			"to": [3, 6, 0.8],
			"faces": {
				"north": {"uv": [3, 6, 4, 7], "texture": "#1", "tintindex": 0},
				"east": {"uv": [4, 6, 4, 7], "texture": "#1", "tintindex": 0},
				"south": {"uv": [3, 6, 4, 7], "texture": "#1", "tintindex": 0},
				"west": {"uv": [3, 6, 3, 7], "texture": "#1", "tintindex": 0},
				"up": {"uv": [4, 6, 3, 6], "texture": "#1", "tintindex": 0},
				"down": {"uv": [4, 7, 3, 7], "texture": "#1", "tintindex": 0}
			}
		},
		{
			"from": [1, 5, 0.8],
			"to": [2, 6, 0.8],
			"faces": {
				"north": {"uv": [4, 6, 5, 7], "texture": "#1", "tintindex": 0},
				"east": {"uv": [5, 6, 5, 7], "texture": "#1", "tintindex": 0},
				"south": {"uv": [4, 6, 5, 7], "texture": "#1", "tintindex": 0},
				"west": {"uv": [4, 6, 4, 7], "texture": "#1", "tintindex": 0},
				"up": {"uv": [5, 6, 4, 6], "texture": "#1", "tintindex": 0},
				"down": {"uv": [5, 7, 4, 7], "texture": "#1", "tintindex": 0}
			}
		},
		{
			"from": [0, 5, 0.8],
			"to": [1, 6, 0.8],
			"faces": {
				"north": {"uv": [5, 6, 6, 7], "texture": "#1", "tintindex": 0},
				"east": {"uv": [6, 6, 6, 7], "texture": "#1", "tintindex": 0},
				"south": {"uv": [5, 6, 6, 7], "texture": "#1", "tintindex": 0},
				"west": {"uv": [5, 6, 5, 7], "texture": "#1", "tintindex": 0},
				"up": {"uv": [6, 6, 5, 6], "texture": "#1", "tintindex": 0},
				"down": {"uv": [6, 7, 5, 7], "texture": "#1", "tintindex": 0}
			}
		},
		{
			"from": [2, 4, 0.8],
			"to": [3, 5, 0.8],
			"faces": {
				"north": {"uv": [3, 7, 4, 8], "texture": "#1", "tintindex": 0},
				"east": {"uv": [4, 7, 4, 8], "texture": "#1", "tintindex": 0},
				"south": {"uv": [3, 7, 4, 8], "texture": "#1", "tintindex": 0},
				"west": {"uv": [3, 7, 3, 8], "texture": "#1", "tintindex": 0},
				"up": {"uv": [4, 7, 3, 7], "texture": "#1", "tintindex": 0},
				"down": {"uv": [4, 8, 3, 8], "texture": "#1", "tintindex": 0}
			}
		},
		{
			"from": [1, 4, 0.8],
			"to": [2, 5, 0.8],
			"faces": {
				"north": {"uv": [4, 7, 5, 8], "texture": "#1", "tintindex": 0},
				"east": {"uv": [5, 7, 5, 8], "texture": "#1", "tintindex": 0},
				"south": {"uv": [4, 7, 5, 8], "texture": "#1", "tintindex": 0},
				"west": {"uv": [4, 7, 4, 8], "texture": "#1", "tintindex": 0},
				"up": {"uv": [5, 7, 4, 7], "texture": "#1", "tintindex": 0},
				"down": {"uv": [5, 8, 4, 8], "texture": "#1", "tintindex": 0}
			}
		},
		{
			"from": [0, 4, 0.8],
			"to": [1, 5, 0.8],
			"faces": {
				"north": {"uv": [5, 7, 6, 8], "texture": "#1", "tintindex": 0},
				"east": {"uv": [6, 7, 6, 8], "texture": "#1", "tintindex": 0},
				"south": {"uv": [5, 7, 6, 8], "texture": "#1", "tintindex": 0},
				"west": {"uv": [5, 7, 5, 8], "texture": "#1", "tintindex": 0},
				"up": {"uv": [6, 7, 5, 7], "texture": "#1", "tintindex": 0},
				"down": {"uv": [6, 8, 5, 8], "texture": "#1", "tintindex": 0}
			}
		},
		{
			"from": [1, 3, 0.8],
			"to": [2, 4, 0.8],
			"faces": {
				"north": {"uv": [4, 8, 5, 9], "texture": "#1", "tintindex": 0},
				"east": {"uv": [5, 8, 5, 9], "texture": "#1", "tintindex": 0},
				"south": {"uv": [4, 8, 5, 9], "texture": "#1", "tintindex": 0},
				"west": {"uv": [4, 8, 4, 9], "texture": "#1", "tintindex": 0},
				"up": {"uv": [5, 8, 4, 8], "texture": "#1", "tintindex": 0},
				"down": {"uv": [5, 9, 4, 9], "texture": "#1", "tintindex": 0}
			}
		},
		{
			"from": [0, 2, 0.8],
			"to": [1, 3, 0.8],
			"faces": {
				"north": {"uv": [5, 9, 6, 10], "texture": "#1", "tintindex": 0},
				"east": {"uv": [6, 9, 6, 10], "texture": "#1", "tintindex": 0},
				"south": {"uv": [5, 9, 6, 10], "texture": "#1", "tintindex": 0},
				"west": {"uv": [5, 9, 5, 10], "texture": "#1", "tintindex": 0},
				"up": {"uv": [6, 9, 5, 9], "texture": "#1", "tintindex": 0},
				"down": {"uv": [6, 10, 5, 10], "texture": "#1", "tintindex": 0}
			}
		},
		{
			"from": [0, 3, 0.8],
			"to": [1, 4, 0.8],
			"faces": {
				"north": {"uv": [5, 8, 6, 9], "texture": "#1", "tintindex": 0},
				"east": {"uv": [6, 8, 6, 9], "texture": "#1", "tintindex": 0},
				"south": {"uv": [5, 8, 6, 9], "texture": "#1", "tintindex": 0},
				"west": {"uv": [5, 8, 5, 9], "texture": "#1", "tintindex": 0},
				"up": {"uv": [6, 8, 5, 8], "texture": "#1", "tintindex": 0},
				"down": {"uv": [6, 9, 5, 9], "texture": "#1", "tintindex": 0}
			}
		},
		{
			"from": [5, 5, 0.4],
			"to": [6, 7, 1.1],
			"faces": {
				"north": {"uv": [3.75, 13, 4.25, 14], "texture": "#2", "tintindex": 0},
				"east": {"uv": [3.75, 13, 4, 14], "texture": "#2", "tintindex": 0},
				"south": {"uv": [5.75, 13, 6.25, 14], "texture": "#2", "tintindex": 0},
				"west": {"uv": [4, 13, 4.25, 14], "texture": "#2", "tintindex": 0},
				"up": {"uv": [4.25, 13.25, 3.75, 13], "texture": "#2", "tintindex": 0},
				"down": {"uv": [4.25, 13.75, 3.75, 14], "texture": "#2", "tintindex": 0}
			}
		},
		{
			"from": [-6.7, 5, 0.7],
			"to": [-5.7, 7, 17],
			"faces": {
				"north": {"uv": [2.5, 12, 2.75, 13], "texture": "#2", "tintindex": 0},
				"east": {"uv": [2.5, 10.75, 7.75, 11.75], "texture": "#2", "tintindex": 0},
				"south": {"uv": [7.5, 10.75, 7.75, 11.75], "texture": "#2", "tintindex": 0},
				"west": {"uv": [2.5, 10.75, 7.75, 11.75], "texture": "#2", "tintindex": 0},
				"up": {"uv": [1.25, 16, 0.75, 10.75], "texture": "#2", "tintindex": 0},
				"down": {"uv": [2, 10.75, 1.5, 16], "texture": "#2", "tintindex": 0}
			}
		},
		{
			"from": [-6.7, 4, 17],
			"to": [-5.7, 6, 19],
			"faces": {
				"north": {"uv": [8.25, 11.25, 8.5, 12.25], "texture": "#2", "tintindex": 0},
				"east": {"uv": [8.25, 12.5, 9.25, 13.5], "texture": "#2", "tintindex": 0},
				"south": {"uv": [9, 11.25, 9.25, 12.25], "texture": "#2", "tintindex": 0},
				"west": {"uv": [8.25, 11.25, 9.25, 12.25], "texture": "#2", "tintindex": 0},
				"up": {"uv": [10.25, 12.25, 9.75, 11.25], "texture": "#2", "tintindex": 0},
				"down": {"uv": [11, 11.25, 10.5, 12.25], "texture": "#2", "tintindex": 0}
			}
		},
		{
			"from": [20.7, 5, 0.7],
			"to": [21.7, 7, 17],
			"faces": {
				"north": {"uv": [2.5, 12, 2.75, 13], "texture": "#2", "tintindex": 0},
				"east": {"uv": [2.5, 10.75, 7.75, 11.75], "texture": "#2", "tintindex": 0},
				"south": {"uv": [7.5, 10.75, 7.75, 11.75], "texture": "#2", "tintindex": 0},
				"west": {"uv": [2.5, 10.75, 7.75, 11.75], "texture": "#2", "tintindex": 0},
				"up": {"uv": [1.25, 16, 0.75, 10.75], "texture": "#2", "tintindex": 0},
				"down": {"uv": [2, 10.75, 1.5, 16], "texture": "#2", "tintindex": 0}
			}
		},
		{
			"from": [20.7, 4, 17],
			"to": [21.7, 6, 19],
			"faces": {
				"north": {"uv": [8.25, 11.25, 8.5, 12.25], "texture": "#2", "tintindex": 0},
				"east": {"uv": [8.25, 12.5, 9.25, 13.5], "texture": "#2", "tintindex": 0},
				"south": {"uv": [9, 11.25, 9.25, 12.25], "texture": "#2", "tintindex": 0},
				"west": {"uv": [8.25, 11.25, 9.25, 12.25], "texture": "#2", "tintindex": 0},
				"up": {"uv": [10.25, 12.25, 9.75, 11.25], "texture": "#2", "tintindex": 0},
				"down": {"uv": [11, 11.25, 10.5, 12.25], "texture": "#2", "tintindex": 0}
			}
		},
		{
			"from": [9, 5, 0.4],
			"to": [10, 7, 1.1],
			"faces": {
				"north": {"uv": [5.75, 13, 6.25, 14], "texture": "#2", "tintindex": 0},
				"east": {"uv": [5.75, 13, 6, 14], "texture": "#2", "tintindex": 0},
				"south": {"uv": [3.75, 13, 4.25, 14], "texture": "#2", "tintindex": 0},
				"west": {"uv": [6, 13, 6.25, 14], "texture": "#2", "tintindex": 0},
				"up": {"uv": [6.25, 13.25, 5.75, 13], "texture": "#2", "tintindex": 0},
				"down": {"uv": [6.25, 13.75, 5.75, 14], "texture": "#2", "tintindex": 0}
			}
		},
		{
			"from": [6, 5, 0.4],
			"to": [9, 7, 1.1],
			"faces": {
				"north": {"uv": [4.25, 12.5, 5.75, 13.5], "texture": "#2", "tintindex": 0},
				"east": {"uv": [4.25, 12.5, 4.5, 13.5], "texture": "#2", "tintindex": 0},
				"south": {"uv": [4.25, 12.5, 5.75, 13.5], "texture": "#2", "tintindex": 0},
				"west": {"uv": [5.5, 12.5, 5.75, 13.5], "texture": "#2", "tintindex": 0},
				"up": {"uv": [5.75, 12.75, 4.25, 12.5], "texture": "#2", "tintindex": 0},
				"down": {"uv": [5.75, 13.25, 4.25, 13.5], "texture": "#2", "tintindex": 0}
			}
		}
	],
	"display": {
		"thirdperson_righthand": {
			"rotation": [84, -22, 0],
			"translation": [3, 0, -0.25],
			"scale": [0.25, 0.25, 0.25]
		},
		"thirdperson_lefthand": {
			"rotation": [84, -22, 0],
			"translation": [3, 0, -0.25],
			"scale": [0.25, 0.25, 0.25]
		},
		"firstperson_righthand": {
			"rotation": [0, 10, 0],
			"translation": [9, 0, 0]
		},
		"firstperson_lefthand": {
			"rotation": [0, 10, 0],
			"translation": [9, 0, 0]
		},
		"ground": {
			"scale": [0.4, 0.4, 0.4]
		},
		"gui": {
			"rotation": [22, -144, 0],
			"translation": [0, 1.75, 0],
			"scale": [0.44, 0.44, 0.44]
		},
		"head": {
			"translation": [0.25, 0, -4],
			"scale": [0.5, 0.5, 0.5]
		}
	},
	"groups": [
		{
			"name": "LF",
			"origin": [0, 0, 0],
			"color": 0,
			"children": [0, 1, 2, 3, 4, 5, 6, 7, 8, 9, 10, 11, 12, 13, 14, 15, 16, 17, 18, 19, 20, 21, 22, 23, 24, 25, 26, 27, 28, 29, 30, 31, 32, 33, 34, 35, 36, 37, 38]
		},
		{
			"name": "RF",
			"origin": [0, 0, 0],
			"color": 0,
			"children": [39, 40, 41, 42, 43, 44, 45, 46, 47, 48, 49, 50, 51, 52, 53, 54, 55, 56, 57, 58, 59, 60, 61, 62, 63, 64, 65, 66, 67, 68, 69, 70, 71, 72, 73, 74, 75, 76, 77]
		},
		{
			"name": "LL",
			"origin": [0, 0, 0],
			"color": 0,
			"children": [78, 79, 80, 81, 82, 83, 84, 85, 86, 87, 88, 89, 90, 91, 92, 93, 94, 95, 96, 97, 98, 99, 100, 101, 102, 103, 104, 105, 106, 107, 108, 109, 110, 111, 112, 113, 114]
		},
		{
			"name": "RL",
			"origin": [0, 0, 0],
			"color": 0,
			"children": [115, 116, 117, 118, 119, 120, 121, 122, 123, 124, 125, 126, 127, 128, 129, 130, 131, 132, 133, 134, 135, 136, 137, 138, 139, 140, 141, 142, 143, 144, 145, 146, 147, 148, 149, 150, 151]
		},
		{
			"name": "frame",
			"origin": [0, 0, 0],
			"color": 0,
			"children": [152, 153, 154, 155, 156, 157, 158]
		}
	]
}