{
	"credit": "Made with Blockbench",
	"textures": {
		"2": "mctc:hats/angel_wings"
	},
	"elements": [
		{
			"from": [2, 2, 10],
			"to": [3, 6, 11],
			"faces": {
				"north": {"uv": [9, 6, 10, 10], "texture": "#2", "tintindex": 0},
				"east": {"uv": [9, 6, 10, 10], "texture": "#2", "tintindex": 0},
				"south": {"uv": [9, 6, 10, 10], "texture": "#2", "tintindex": 0},
				"west": {"uv": [9, 6, 10, 10], "texture": "#2", "tintindex": 0},
				"up": {"uv": [10, 7, 9, 6], "texture": "#2", "tintindex": 0},
				"down": {"uv": [10, 9, 9, 10], "texture": "#2", "tintindex": 0}
			}
		},
		{
			"from": [13, 2, 10],
			"to": [14, 6, 11],
			"faces": {
				"north": {"uv": [9, 6, 10, 10], "texture": "#2", "tintindex": 0},
				"east": {"uv": [9, 6, 10, 10], "texture": "#2", "tintindex": 0},
				"south": {"uv": [9, 6, 10, 10], "texture": "#2", "tintindex": 0},
				"west": {"uv": [9, 6, 10, 10], "texture": "#2", "tintindex": 0},
				"up": {"uv": [10, 7, 9, 6], "texture": "#2", "tintindex": 0},
				"down": {"uv": [10, 9, 9, 10], "texture": "#2", "tintindex": 0}
			}
		},
		{
			"from": [1, 3, 11],
			"to": [2, 7, 12],
			"faces": {
				"north": {"uv": [8, 4, 9, 9], "texture": "#2", "tintindex": 0},
				"east": {"uv": [8, 4, 9, 9], "texture": "#2", "tintindex": 0},
				"south": {"uv": [8, 4, 9, 9], "texture": "#2", "tintindex": 0},
				"west": {"uv": [8, 4, 9, 9], "texture": "#2", "tintindex": 0},
				"up": {"uv": [9, 5, 8, 4], "texture": "#2", "tintindex": 0},
				"down": {"uv": [9, 8, 8, 9], "texture": "#2", "tintindex": 0}
			}
		},
		{
			"from": [0, 3, 12],
			"to": [1, 7, 13],
			"faces": {
				"north": {"uv": [7, 4, 8, 9], "texture": "#2", "tintindex": 0},
				"east": {"uv": [8, 4, 7, 9], "texture": "#2", "tintindex": 0},
				"south": {"uv": [7, 4, 8, 9], "texture": "#2", "tintindex": 0},
				"west": {"uv": [7, 4, 8, 9], "texture": "#2", "tintindex": 0},
				"up": {"uv": [8, 5, 7, 4], "texture": "#2", "tintindex": 0},
				"down": {"uv": [8, 8, 7, 9], "texture": "#2", "tintindex": 0}
			}
		},
		{
			"from": [14, 3, 11],
			"to": [15, 7, 12],
			"faces": {
				"north": {"uv": [8, 4, 9, 9], "texture": "#2", "tintindex": 0},
				"east": {"uv": [8, 4, 9, 9], "texture": "#2", "tintindex": 0},
				"south": {"uv": [8, 4, 9, 9], "texture": "#2", "tintindex": 0},
				"west": {"uv": [8, 4, 9, 9], "texture": "#2", "tintindex": 0},
				"up": {"uv": [9, 5, 8, 4], "texture": "#2", "tintindex": 0},
				"down": {"uv": [9, 8, 8, 9], "texture": "#2", "tintindex": 0}
			}
		},
		{
			"from": [15, 3, 12],
			"to": [16, 7, 13],
			"faces": {
				"north": {"uv": [7, 4, 8, 9], "texture": "#2", "tintindex": 0},
				"east": {"uv": [7, 4, 8, 9], "texture": "#2", "tintindex": 0},
				"south": {"uv": [7, 4, 8, 9], "texture": "#2", "tintindex": 0},
				"west": {"uv": [7, 4, 8, 9], "texture": "#2", "tintindex": 0},
				"up": {"uv": [8, 5, 7, 4], "texture": "#2", "tintindex": 0},
				"down": {"uv": [8, 8, 7, 9], "texture": "#2", "tintindex": 0}
			}
		},
		{
			"from": [-1, 2, 12],
			"to": [0, 6, 13],
			"faces": {
				"north": {"uv": [6, 5, 7, 10], "texture": "#2", "tintindex": 0},
				"east": {"uv": [6, 5, 7, 10], "texture": "#2", "tintindex": 0},
				"south": {"uv": [6, 5, 7, 10], "texture": "#2", "tintindex": 0},
				"west": {"uv": [6, 5, 7, 10], "texture": "#2", "tintindex": 0},
				"up": {"uv": [7, 6, 6, 5], "texture": "#2", "tintindex": 0},
				"down": {"uv": [7, 9, 6, 10], "texture": "#2", "tintindex": 0}
			}
		},
		{
			"from": [16, 2, 12],
			"to": [17, 6, 13],
			"faces": {
				"north": {"uv": [6, 5, 7, 10], "texture": "#2", "tintindex": 0},
				"east": {"uv": [6, 5, 7, 10], "texture": "#2", "tintindex": 0},
				"south": {"uv": [6, 5, 7, 10], "texture": "#2", "tintindex": 0},
				"west": {"uv": [6, 5, 7, 10], "texture": "#2", "tintindex": 0},
				"up": {"uv": [7, 6, 6, 5], "texture": "#2", "tintindex": 0},
				"down": {"uv": [7, 9, 6, 10], "texture": "#2", "tintindex": 0}
			}
		},
		{
			"from": [3, 3, 9],
			"to": [3.5, 5, 11],
			"faces": {
				"north": {"uv": [10, 7, 11, 9], "texture": "#2", "tintindex": 0},
				"east": {"uv": [10, 7, 11, 9], "texture": "#2", "tintindex": 0},
				"south": {"uv": [10, 7, 11, 9], "texture": "#2", "tintindex": 0},
				"west": {"uv": [10, 7, 11, 9], "texture": "#2", "tintindex": 0},
				"up": {"uv": [11, 8, 10, 7], "texture": "#2", "tintindex": 0},
				"down": {"uv": [11, 8, 10, 9], "texture": "#2", "tintindex": 0}
			}
		},
		{
			"from": [12.5, 3, 9],
			"to": [13, 5, 11],
			"faces": {
				"north": {"uv": [10, 7, 11, 9], "texture": "#2", "tintindex": 0},
				"east": {"uv": [10, 7, 11, 9], "texture": "#2", "tintindex": 0},
				"south": {"uv": [10, 7, 11, 9], "texture": "#2", "tintindex": 0},
				"west": {"uv": [10, 7, 11, 9], "texture": "#2", "tintindex": 0},
				"up": {"uv": [11, 9, 10, 8], "texture": "#2", "tintindex": 0},
				"down": {"uv": [11, 7, 10, 8], "texture": "#2", "tintindex": 0}
			}
		}
	],
	"display": {
		"thirdperson_righthand": {
			"rotation": [78, 0, 0],
			"translation": [0, 0.75, 0.5],
			"scale": [0.37, 0.37, 0.37]
		},
		"thirdperson_lefthand": {
			"rotation": [78, 180, 0],
			"translation": [0, 0.75, 0.5],
			"scale": [0.37, 0.37, 0.37]
		},
		"firstperson_righthand": {
			"rotation": [10, 14, 0],
			"translation": [0, 6, 0.5],
			"scale": [0.56, 0.56, 0.56]
		},
		"firstperson_lefthand": {
			"rotation": [10, 14, 0],
			"translation": [0, 6, 0.5],
			"scale": [0.56, 0.56, 0.56]
		},
		"ground": {
			"translation": [0, 4, 0]
		},
		"gui": {
			"rotation": [22, -166, 0],
			"translation": [1, 0, 0],
			"scale": [0.75, 0.75, 0.75]
		},
		"head": {
			"translation": [0, 8.75, 0.25],
			"scale": [1.43, 1.59, 1.59]
		},
		"fixed": {
			"translation": [0, 5, -3.75]
		}
	},
	"groups": [
		{
			"name": "wings",
			"origin": [0, 0, 0],
			"color": 0,
			"children": [0, 1, 2, 3, 4, 5, 6, 7, 8, 9]
		}
	]
}