{
	"credit": "Made with Blockbench",
	"texture_size": [64, 64],
	"textures": {
		"0": "mctc:hats/winners",
		"2": "block/amethyst_block",
		"3": "block/redstone_lamp_on",
		"4": "block/red_mushroom_block",
		"5": "block/emerald_block",
		"7": "block/purpur_pillar_top",
		"8": "block/purple_glazed_terracotta",
		"9": "block/purple_shulker_box",
		"10": "block/crying_obsidian",
		"11": "block/stripped_crimson_stem_top",
		"12": "block/blue_ice",
		"13": "block/nether_bricks",
		"14": "block/bubble_coral_block",
		"15": "block/pink_terracotta",
		"16": "block/pink_glazed_terracotta",
		"17": "block/pink_wool",
		"18": "block/chiseled_deepslate",
		"particle": "mctc:hats/winners"
	},
	"elements": [
		{
			"from": [2, 0, 2],
			"to": [14, 1, 3],
			"faces": {
				"north": {"uv": [6, 1.5, 9, 1.75], "texture": "#0"},
				"east": {"uv": [6, 9.5, 6.25, 9.75], "texture": "#0"},
				"south": {"uv": [6, 1.75, 9, 2], "texture": "#0"},
				"west": {"uv": [9.5, 6, 9.75, 6.25], "texture": "#0"},
				"up": {"uv": [7, 6.25, 4, 6], "texture": "#0"},
				"down": {"uv": [9, 4, 6, 4.25], "texture": "#0"}
			}
		},
		{
			"from": [1, 0, 1],
			"to": [15, 1, 2],
			"faces": {
				"north": {"uv": [4, 5, 7.5, 5.25], "texture": "#0"},
				"east": {"uv": [1.25, 6.75, 1.5, 7], "texture": "#0"},
				"south": {"uv": [4, 5.25, 7.5, 5.5], "texture": "#0"},
				"west": {"uv": [2, 7.25, 2.25, 7.5], "texture": "#0"},
				"up": {"uv": [7.5, 5.75, 4, 5.5], "texture": "#0"},
				"down": {"uv": [7.5, 5.75, 4, 6], "texture": "#0"}
			}
		},
		{
			"from": [9, 1, 1],
			"to": [12, 2, 2],
			"faces": {
				"north": {"uv": [3.5, 8, 4.25, 8.25], "texture": "#0"},
				"east": {"uv": [6.75, 7.75, 7, 8], "texture": "#0"},
				"south": {"uv": [8, 5.25, 8.5, 5.5], "texture": "#0"},
				"west": {"uv": [6.75, 8.75, 7, 9], "texture": "#0"},
				"up": {"uv": [8.5, 5.75, 8, 5.5], "texture": "#0"},
				"down": {"uv": [8.5, 5.75, 8, 6], "texture": "#0"}
			}
		},
		{
			"from": [13, 1, 1],
			"to": [16, 2, 2],
			"faces": {
				"north": {"uv": [1.25, 7, 2, 7.25], "texture": "#0"},
				"east": {"uv": [7, 8.75, 7.25, 9], "texture": "#0"},
				"south": {"uv": [4, 7, 5, 7.25], "texture": "#0"},
				"west": {"uv": [7.25, 8.75, 7.5, 9], "texture": "#0"},
				"up": {"uv": [6, 7.25, 5, 7], "texture": "#0"},
				"down": {"uv": [6.75, 7, 6, 7.25], "texture": "#0"}
			}
		},
		{
			"from": [10, 2, 1],
			"to": [16, 3, 2],
			"faces": {
				"north": {"uv": [6, 4.75, 7.5, 5], "texture": "#0"},
				"east": {"uv": [7.5, 8.75, 7.75, 9], "texture": "#0"},
				"south": {"uv": [4, 6.25, 5.5, 6.5], "texture": "#0"},
				"west": {"uv": [7.75, 8.75, 8, 9], "texture": "#0"},
				"up": {"uv": [7, 6.5, 5.5, 6.25], "texture": "#0"},
				"down": {"uv": [1.5, 6.5, 0, 6.75], "texture": "#0"}
			}
		},
		{
			"from": [10, 3, 1],
			"to": [13, 4, 2],
			"faces": {
				"north": {"uv": [7.5, 6.25, 8.25, 6.5], "texture": "#0"},
				"east": {"uv": [8, 8.75, 8.25, 9], "texture": "#0"},
				"south": {"uv": [5.25, 7.75, 6, 8], "texture": "#0"},
				"west": {"uv": [8.25, 8.75, 8.5, 9], "texture": "#0"},
				"up": {"uv": [6.75, 8, 6, 7.75], "texture": "#0"},
				"down": {"uv": [8.5, 6.5, 7.75, 6.75], "texture": "#0"}
			}
		},
		{
			"from": [14, 3, 1],
			"to": [16, 4, 2],
			"faces": {
				"north": {"uv": [6, 8, 6.5, 8.25], "texture": "#0"},
				"east": {"uv": [8.75, 8.25, 9, 8.5], "texture": "#0"},
				"south": {"uv": [8, 6, 8.5, 6.25], "texture": "#0"},
				"west": {"uv": [8.5, 8.75, 8.75, 9], "texture": "#0"},
				"up": {"uv": [7, 8.25, 6.5, 8], "texture": "#0"},
				"down": {"uv": [8, 8, 7.5, 8.25], "texture": "#0"}
			}
		},
		{
			"from": [3, 3, 1],
			"to": [6, 4, 2],
			"faces": {
				"north": {"uv": [7.75, 6.75, 8.5, 7], "texture": "#0"},
				"east": {"uv": [8.75, 8.5, 9, 8.75], "texture": "#0"},
				"south": {"uv": [7.75, 7, 8.5, 7.25], "texture": "#0"},
				"west": {"uv": [8.75, 8.75, 9, 9], "texture": "#0"},
				"up": {"uv": [8.5, 7.5, 7.75, 7.25], "texture": "#0"},
				"down": {"uv": [8.5, 7.5, 7.75, 7.75], "texture": "#0"}
			}
		},
		{
			"from": [0, 3, 1],
			"to": [2, 4, 2],
			"faces": {
				"north": {"uv": [8, 8, 8.5, 8.25], "texture": "#0"},
				"east": {"uv": [9, 0, 9.25, 0.25], "texture": "#0"},
				"south": {"uv": [1.25, 8.25, 1.75, 8.5], "texture": "#0"},
				"west": {"uv": [9, 0.25, 9.25, 0.5], "texture": "#0"},
				"up": {"uv": [2.5, 8.5, 2, 8.25], "texture": "#0"},
				"down": {"uv": [8.75, 2, 8.25, 2.25], "texture": "#0"}
			}
		},
		{
			"from": [0, 2, 1],
			"to": [6, 3, 2],
			"faces": {
				"north": {"uv": [6.5, 0, 8, 0.25], "texture": "#0"},
				"east": {"uv": [9, 0.5, 9.25, 0.75], "texture": "#0"},
				"south": {"uv": [6.5, 0.25, 8, 0.5], "texture": "#0"},
				"west": {"uv": [9, 0.75, 9.25, 1], "texture": "#0"},
				"up": {"uv": [8, 0.75, 6.5, 0.5], "texture": "#0"},
				"down": {"uv": [8, 0.75, 6.5, 1], "texture": "#0"}
			}
		},
		{
			"from": [4, 1, 1],
			"to": [7, 2, 2],
			"faces": {
				"north": {"uv": [7.75, 7.75, 8.5, 8], "texture": "#0"},
				"east": {"uv": [9, 1, 9.25, 1.25], "texture": "#0"},
				"south": {"uv": [8, 0, 8.75, 0.25], "texture": "#0"},
				"west": {"uv": [1.25, 9, 1.5, 9.25], "texture": "#0"},
				"up": {"uv": [8.75, 0.5, 8, 0.25], "texture": "#0"},
				"down": {"uv": [8.75, 0.5, 8, 0.75], "texture": "#0"}
			}
		},
		{
			"from": [0, 1, 1],
			"to": [3, 2, 2],
			"faces": {
				"north": {"uv": [8, 0.75, 8.75, 1], "texture": "#0"},
				"east": {"uv": [9, 1.25, 9.25, 1.5], "texture": "#0"},
				"south": {"uv": [2, 8, 2.75, 8.25], "texture": "#0"},
				"west": {"uv": [1.5, 9, 1.75, 9.25], "texture": "#0"},
				"up": {"uv": [3.5, 8.25, 2.75, 8], "texture": "#0"},
				"down": {"uv": [8.75, 4.75, 8, 5], "texture": "#0"}
			}
		},
		{
			"from": [1, 0, 15],
			"to": [15, 2, 17],
			"faces": {
				"north": {"uv": [3, 1, 6.5, 1.5], "texture": "#0"},
				"east": {"uv": [1.5, 6.5, 2, 7], "texture": "#0"},
				"south": {"uv": [0, 15.5, 3.5, 16], "texture": "#0"},
				"west": {"uv": [2.25, 7, 2.75, 7.5], "texture": "#0"},
				"up": {"uv": [5, 3.5, 2, 3], "texture": "#0"},
				"down": {"uv": [5, 3.5, 2, 4], "texture": "#0"}
			}
		},
		{
			"from": [0, 0, 2],
			"to": [2, 2, 16],
			"faces": {
				"north": {"uv": [7, 6, 7.5, 6.5], "texture": "#0"},
				"east": {"uv": [0, 2, 3.5, 2.5], "texture": "#0"},
				"south": {"uv": [7, 7, 7.5, 7.5], "texture": "#0"},
				"west": {"uv": [0, 2.5, 3.5, 3], "texture": "#0"},
				"up": {"uv": [0.5, 6.5, 0, 3], "texture": "#0"},
				"down": {"uv": [1, 3, 0.5, 6.5], "texture": "#0"}
			}
		},
		{
			"from": [14, 0, 2],
			"to": [16, 2, 16],
			"faces": {
				"north": {"uv": [0, 7.25, 0.5, 7.75], "texture": "#0"},
				"east": {"uv": [3, 0, 6.5, 0.5], "texture": "#0"},
				"south": {"uv": [0.5, 7.25, 1, 7.75], "texture": "#0"},
				"west": {"uv": [3, 0.5, 6.5, 1], "texture": "#0"},
				"up": {"uv": [1.5, 6.5, 1, 3], "texture": "#0"},
				"down": {"uv": [2, 3, 1.5, 6.5], "texture": "#0"}
			}
		},
		{
			"from": [0, 4, 1],
			"to": [2, 5, 2],
			"faces": {
				"north": {"uv": [8.25, 2.25, 8.75, 2.5], "texture": "#0"},
				"east": {"uv": [9, 1.5, 9.25, 1.75], "texture": "#0"},
				"south": {"uv": [2.5, 8.25, 3, 8.5], "texture": "#0"},
				"west": {"uv": [1.75, 9, 2, 9.25], "texture": "#0"},
				"up": {"uv": [8.75, 2.75, 8.25, 2.5], "texture": "#0"},
				"down": {"uv": [8.75, 2.75, 8.25, 3], "texture": "#0"}
			}
		},
		{
			"from": [4, 5, 1],
			"to": [7, 6, 4],
			"faces": {
				"north": {"uv": [8, 5, 8.75, 5.25], "texture": "#0"},
				"east": {"uv": [8.25, 3.25, 8.75, 3.5], "texture": "#0"},
				"south": {"uv": [5.25, 8, 6, 8.25], "texture": "#0"},
				"west": {"uv": [8.25, 3.5, 8.75, 3.75], "texture": "#0"},
				"up": {"uv": [7.25, 2.75, 6.5, 2], "texture": "#0"},
				"down": {"uv": [7.25, 2.5, 6.5, 3], "texture": "#0"}
			}
		},
		{
			"from": [3, 2, 15],
			"to": [14, 3, 17],
			"faces": {
				"north": {"uv": [6, 4.25, 8.75, 4.5], "texture": "#0"},
				"east": {"uv": [3.75, 8.25, 4.25, 8.5], "texture": "#0"},
				"south": {"uv": [6, 4.5, 8.75, 4.75], "texture": "#0"},
				"west": {"uv": [8.25, 3.75, 8.75, 4], "texture": "#0"},
				"up": {"uv": [7.75, 3.5, 5, 3], "texture": "#0"},
				"down": {"uv": [7.75, 3.5, 5, 4], "texture": "#0"}
			}
		},
		{
			"from": [14, 4, 1],
			"to": [16, 5, 2],
			"faces": {
				"north": {"uv": [4.25, 8.25, 4.75, 8.5], "texture": "#0"},
				"east": {"uv": [9, 1.75, 9.25, 2], "texture": "#0"},
				"south": {"uv": [5.25, 8.25, 5.75, 8.5], "texture": "#0"},
				"west": {"uv": [2, 9, 2.25, 9.25], "texture": "#0"},
				"up": {"uv": [6.25, 8.5, 5.75, 8.25], "texture": "#0"},
				"down": {"uv": [6.75, 8.25, 6.25, 8.5], "texture": "#0"}
			}
		},
		{
			"from": [14, 5, 1],
			"to": [15, 6, 2],
			"faces": {
				"north": {"uv": [2.25, 9, 2.5, 9.25], "texture": "#0"},
				"east": {"uv": [2.5, 9, 2.75, 9.25], "texture": "#0"},
				"south": {"uv": [2.75, 9, 3, 9.25], "texture": "#0"},
				"west": {"uv": [3, 9, 3.25, 9.25], "texture": "#0"},
				"up": {"uv": [3.5, 9.25, 3.25, 9], "texture": "#0"},
				"down": {"uv": [3.75, 9, 3.5, 9.25], "texture": "#0"}
			}
		},
		{
			"from": [1, 5, 1],
			"to": [2, 6, 2],
			"faces": {
				"north": {"uv": [3.75, 9, 4, 9.25], "texture": "#0"},
				"east": {"uv": [4, 9, 4.25, 9.25], "texture": "#0"},
				"south": {"uv": [9, 4, 9.25, 4.25], "texture": "#0"},
				"west": {"uv": [4.25, 9, 4.5, 9.25], "texture": "#0"},
				"up": {"uv": [4.75, 9.25, 4.5, 9], "texture": "#0"},
				"down": {"uv": [5, 9, 4.75, 9.25], "texture": "#0"}
			}
		},
		{
			"from": [9, 5, 1],
			"to": [12, 6, 4],
			"faces": {
				"north": {"uv": [8.25, 6.25, 9, 6.5], "texture": "#0"},
				"east": {"uv": [8, 8.25, 8.5, 8.5], "texture": "#0"},
				"south": {"uv": [1.25, 8.5, 2, 8.75], "texture": "#0"},
				"west": {"uv": [2, 8.5, 2.5, 8.75], "texture": "#0"},
				"up": {"uv": [8, 2.75, 7.25, 2], "texture": "#0"},
				"down": {"uv": [7.75, 2.5, 7.25, 3], "texture": "#0"}
			}
		},
		{
			"from": [7, 5, 1],
			"to": [9, 6, 4],
			"faces": {
				"north": {"uv": [2.5, 8.5, 3, 8.75], "texture": "#0"},
				"east": {"uv": [3.25, 8.5, 3.75, 8.75], "texture": "#0"},
				"south": {"uv": [3.75, 8.5, 4.25, 8.75], "texture": "#0"},
				"west": {"uv": [4.25, 8.5, 4.75, 8.75], "texture": "#0"},
				"up": {"uv": [4.5, 8, 4, 7.25], "texture": "#0"},
				"down": {"uv": [5, 7.25, 4.5, 7.75], "texture": "#0"}
			}
		},
		{
			"from": [9, 4, 1],
			"to": [14, 5, 2],
			"faces": {
				"north": {"uv": [4, 6.5, 5.25, 6.75], "texture": "#0"},
				"east": {"uv": [9, 5.25, 9.25, 5.5], "texture": "#0"},
				"south": {"uv": [5.25, 6.5, 6.5, 6.75], "texture": "#0"},
				"west": {"uv": [5.5, 9, 5.75, 9.25], "texture": "#0"},
				"up": {"uv": [7.75, 6.75, 6.5, 6.5], "texture": "#0"},
				"down": {"uv": [1.25, 6.75, 0, 7], "texture": "#0"}
			}
		},
		{
			"from": [2, 4, 1],
			"to": [7, 5, 2],
			"faces": {
				"north": {"uv": [4, 6.75, 5.25, 7], "texture": "#0"},
				"east": {"uv": [9, 5.5, 9.25, 5.75], "texture": "#0"},
				"south": {"uv": [5.25, 6.75, 6.5, 7], "texture": "#0"},
				"west": {"uv": [5.75, 9, 6, 9.25], "texture": "#0"},
				"up": {"uv": [7.75, 7, 6.5, 6.75], "texture": "#0"},
				"down": {"uv": [1.25, 7, 0, 7.25], "texture": "#0"}
			}
		},
		{
			"from": [1, 5, 2],
			"to": [2, 6, 3],
			"faces": {
				"north": {"uv": [9, 5.75, 9.25, 6], "texture": "#0"},
				"east": {"uv": [6, 9, 6.25, 9.25], "texture": "#0"},
				"south": {"uv": [9, 6, 9.25, 6.25], "texture": "#0"},
				"west": {"uv": [6.25, 9, 6.5, 9.25], "texture": "#0"},
				"up": {"uv": [6.75, 9.25, 6.5, 9], "texture": "#0"},
				"down": {"uv": [9.25, 6.5, 9, 6.75], "texture": "#0"}
			}
		},
		{
			"from": [14, 5, 2],
			"to": [15, 6, 3],
			"faces": {
				"north": {"uv": [6.75, 9, 7, 9.25], "texture": "#0"},
				"east": {"uv": [9, 6.75, 9.25, 7], "texture": "#0"},
				"south": {"uv": [7, 9, 7.25, 9.25], "texture": "#0"},
				"west": {"uv": [9, 7, 9.25, 7.25], "texture": "#0"},
				"up": {"uv": [7.5, 9.25, 7.25, 9], "texture": "#0"},
				"down": {"uv": [9.25, 7.25, 9, 7.5], "texture": "#0"}
			}
		},
		{
			"from": [0, 4, 3],
			"to": [2, 5, 4],
			"faces": {
				"north": {"uv": [5.25, 8.5, 5.75, 8.75], "texture": "#0"},
				"east": {"uv": [7.5, 9, 7.75, 9.25], "texture": "#0"},
				"south": {"uv": [8.5, 5.25, 9, 5.5], "texture": "#0"},
				"west": {"uv": [9, 7.5, 9.25, 7.75], "texture": "#0"},
				"up": {"uv": [9, 5.75, 8.5, 5.5], "texture": "#0"},
				"down": {"uv": [6.25, 8.5, 5.75, 8.75], "texture": "#0"}
			}
		},
		{
			"from": [14, 4, 3],
			"to": [16, 5, 4],
			"faces": {
				"north": {"uv": [8.5, 5.75, 9, 6], "texture": "#0"},
				"east": {"uv": [7.75, 9, 8, 9.25], "texture": "#0"},
				"south": {"uv": [8.5, 6, 9, 6.25], "texture": "#0"},
				"west": {"uv": [9, 7.75, 9.25, 8], "texture": "#0"},
				"up": {"uv": [6.75, 8.75, 6.25, 8.5], "texture": "#0"},
				"down": {"uv": [9, 6.5, 8.5, 6.75], "texture": "#0"}
			}
		},
		{
			"from": [14, 2, 3],
			"to": [16, 4, 15],
			"faces": {
				"north": {"uv": [5, 7.25, 5.5, 7.75], "texture": "#0"},
				"east": {"uv": [3.5, 2, 6.5, 2.5], "texture": "#0"},
				"south": {"uv": [5.5, 7.25, 6, 7.75], "texture": "#0"},
				"west": {"uv": [3.5, 2.5, 6.5, 3], "texture": "#0"},
				"up": {"uv": [2.5, 7, 2, 4], "texture": "#0"},
				"down": {"uv": [3, 4, 2.5, 7], "texture": "#0"}
			}
		},
		{
			"from": [0, 2, 3],
			"to": [2, 4, 15],
			"faces": {
				"north": {"uv": [6, 7.25, 6.5, 7.75], "texture": "#0"},
				"east": {"uv": [3, 4, 6, 4.5], "texture": "#0"},
				"south": {"uv": [6.5, 7.25, 7, 7.75], "texture": "#0"},
				"west": {"uv": [3, 4.5, 6, 5], "texture": "#0"},
				"up": {"uv": [3.5, 8, 3, 5], "texture": "#0"},
				"down": {"uv": [4, 5, 3.5, 8], "texture": "#0"}
			}
		},
		{
			"from": [1, 4, 5],
			"to": [2, 5, 7],
			"faces": {
				"north": {"uv": [8.5, 6.75, 9, 7], "texture": "#0"},
				"east": {"uv": [7, 8.5, 7.5, 8.75], "texture": "#0"},
				"south": {"uv": [8.5, 7, 9, 7.25], "texture": "#0"},
				"west": {"uv": [8.5, 7.25, 9, 7.5], "texture": "#0"},
				"up": {"uv": [2.5, 8, 2, 7.5], "texture": "#0"},
				"down": {"uv": [3, 7.5, 2.5, 8], "texture": "#0"}
			}
		},
		{
			"from": [14, 4, 5],
			"to": [15, 5, 7],
			"faces": {
				"north": {"uv": [15.5, 1.5, 15.75, 1.75], "texture": "#0"},
				"east": {"uv": [15.5, 1.25, 16, 1.5], "texture": "#0"},
				"south": {"uv": [15.5, 1.75, 16, 2], "texture": "#0"},
				"west": {"uv": [15.5, 2, 16, 2.25], "texture": "#0"},
				"up": {"uv": [15.5, 2.25, 15.25, 1.75], "texture": "#0"},
				"down": {"uv": [15.5, 1.25, 15, 1.75], "texture": "#0"}
			}
		},
		{
			"from": [15, 4, 5],
			"to": [16, 5, 6],
			"faces": {
				"north": {"uv": [10.75, 6.5, 11, 6.75], "texture": "#0"},
				"east": {"uv": [15.75, 3, 16, 3.25], "texture": "#0"},
				"south": {"uv": [15.75, 2.5, 16, 2.75], "texture": "#0"},
				"west": {"uv": [15.25, 3, 15.75, 3.25], "texture": "#0"},
				"up": {"uv": [16, 3, 15.75, 2.75], "texture": "#0"},
				"down": {"uv": [15.75, 2.5, 15.25, 3], "texture": "#0"}
			}
		},
		{
			"from": [15, 4, 8],
			"to": [16, 5, 9],
			"faces": {
				"north": {"uv": [15.75, 5.75, 16, 6], "texture": "#0"},
				"east": {"uv": [15.75, 6, 16, 6.25], "texture": "#0"},
				"south": {"uv": [15.5, 6, 15.75, 6.25], "texture": "#0"},
				"west": {"uv": [15.5, 5.75, 15.75, 6], "texture": "#0"},
				"up": {"uv": [16, 5.75, 15.75, 5.5], "texture": "#0"},
				"down": {"uv": [15.75, 5.5, 15.5, 5.75], "texture": "#0"}
			}
		},
		{
			"from": [15, 4, 11],
			"to": [16, 5, 12],
			"faces": {
				"north": {"uv": [8.5, 7.5, 9, 7.75], "texture": "#0"},
				"east": {"uv": [8.25, 12, 8.5, 12.25], "texture": "#0"},
				"south": {"uv": [8, 8.5, 8.5, 8.75], "texture": "#0"},
				"west": {"uv": [8.5, 8, 9, 8.25], "texture": "#0"},
				"up": {"uv": [8, 5.25, 7.5, 4.75], "texture": "#0"},
				"down": {"uv": [8, 5.25, 7.5, 5.75], "texture": "#0"}
			}
		},
		{
			"from": [0, 4, 11],
			"to": [1, 5, 12],
			"faces": {
				"north": {"uv": [8.5, 7.5, 9, 7.75], "texture": "#0"},
				"east": {"uv": [8.5, 7.75, 9, 8], "texture": "#0"},
				"south": {"uv": [8, 8.5, 8.5, 8.75], "texture": "#0"},
				"west": {"uv": [8.5, 8, 9, 8.25], "texture": "#0"},
				"up": {"uv": [8, 5.25, 7.5, 4.75], "texture": "#0"},
				"down": {"uv": [8, 5.25, 7.5, 5.75], "texture": "#0"}
			}
		},
		{
			"from": [0, 4, 8],
			"to": [1, 5, 9],
			"faces": {
				"north": {"uv": [8.5, 7.5, 9, 7.75], "texture": "#0"},
				"east": {"uv": [8.5, 7.75, 9, 8], "texture": "#0"},
				"south": {"uv": [8, 8.5, 8.5, 8.75], "texture": "#0"},
				"west": {"uv": [8.5, 8, 9, 8.25], "texture": "#0"},
				"up": {"uv": [8, 5.25, 7.5, 4.75], "texture": "#0"},
				"down": {"uv": [8, 5.25, 7.5, 5.75], "texture": "#0"}
			}
		},
		{
			"from": [0, 4, 5],
			"to": [1, 5, 6],
			"faces": {
				"north": {"uv": [8.5, 7.5, 9, 7.75], "texture": "#0"},
				"east": {"uv": [8.5, 7.75, 9, 8], "texture": "#0"},
				"south": {"uv": [8, 8.5, 8.5, 8.75], "texture": "#0"},
				"west": {"uv": [8.5, 8, 9, 8.25], "texture": "#0"},
				"up": {"uv": [8, 5.25, 7.5, 4.75], "texture": "#0"},
				"down": {"uv": [8, 5.25, 7.5, 5.75], "texture": "#0"}
			}
		},
		{
			"from": [14, 5, 5],
			"to": [15, 6, 6],
			"faces": {
				"north": {"uv": [15.5, 3.75, 15.75, 4], "texture": "#0"},
				"east": {"uv": [15.5, 4, 15.75, 4.25], "texture": "#0"},
				"south": {"uv": [15.75, 3.75, 16, 4], "texture": "#0"},
				"west": {"uv": [15.5, 3.5, 15.75, 3.75], "texture": "#0"},
				"up": {"uv": [16, 3.75, 15.75, 3.5], "texture": "#0"},
				"down": {"uv": [16, 4, 15.75, 4.25], "texture": "#0"}
			}
		},
		{
			"from": [14, 5, 8],
			"to": [15, 6, 9],
			"faces": {
				"north": {"uv": [15.75, 5, 16, 5.25], "texture": "#0"},
				"east": {"uv": [15.75, 4.75, 16, 5], "texture": "#0"},
				"south": {"uv": [15.75, 4.5, 16, 4.75], "texture": "#0"},
				"west": {"uv": [15.5, 5, 15.75, 5.25], "texture": "#0"},
				"up": {"uv": [15.75, 5, 15.5, 4.75], "texture": "#0"},
				"down": {"uv": [15.75, 4.5, 15.5, 4.75], "texture": "#0"}
			}
		},
		{
			"from": [14, 5, 11],
			"to": [15, 6, 12],
			"faces": {
				"north": {"uv": [9.25, 0.25, 9.5, 0.5], "texture": "#0"},
				"east": {"uv": [0.5, 10.5, 0.75, 10.75], "texture": "#0"},
				"south": {"uv": [11.25, 0.75, 11.5, 1], "texture": "#0"},
				"west": {"uv": [1.25, 10.75, 1.5, 11], "texture": "#0"},
				"up": {"uv": [10.75, 1, 10.5, 0.75], "texture": "#0"},
				"down": {"uv": [1.25, 9.25, 1, 9.5], "texture": "#0"}
			}
		},
		{
			"from": [1, 5, 5],
			"to": [2, 6, 6],
			"faces": {
				"north": {"uv": [9.25, 1, 9.5, 1.25], "texture": "#0"},
				"east": {"uv": [1.25, 9.25, 1.5, 9.5], "texture": "#0"},
				"south": {"uv": [9.25, 1.25, 9.5, 1.5], "texture": "#0"},
				"west": {"uv": [1.5, 9.25, 1.75, 9.5], "texture": "#0"},
				"up": {"uv": [9.5, 1.75, 9.25, 1.5], "texture": "#0"},
				"down": {"uv": [2, 9.25, 1.75, 9.5], "texture": "#0"}
			}
		},
		{
			"from": [1, 5, 8],
			"to": [2, 6, 9],
			"faces": {
				"north": {"uv": [9.25, 1.75, 9.5, 2], "texture": "#0"},
				"east": {"uv": [2, 9.25, 2.25, 9.5], "texture": "#0"},
				"south": {"uv": [9.25, 2, 9.5, 2.25], "texture": "#0"},
				"west": {"uv": [2.25, 9.25, 2.5, 9.5], "texture": "#0"},
				"up": {"uv": [9.5, 2.5, 9.25, 2.25], "texture": "#0"},
				"down": {"uv": [2.75, 9.25, 2.5, 9.5], "texture": "#0"}
			}
		},
		{
			"from": [1, 5, 11],
			"to": [2, 6, 12],
			"faces": {
				"north": {"uv": [9.25, 2.5, 9.5, 2.75], "texture": "#0"},
				"east": {"uv": [2.75, 9.25, 3, 9.5], "texture": "#0"},
				"south": {"uv": [9.25, 2.75, 9.5, 3], "texture": "#0"},
				"west": {"uv": [3, 9.25, 3.25, 9.5], "texture": "#0"},
				"up": {"uv": [9.5, 3.25, 9.25, 3], "texture": "#0"},
				"down": {"uv": [3.5, 9.25, 3.25, 9.5], "texture": "#0"}
			}
		},
		{
			"from": [0, 2, 2],
			"to": [1, 6, 3],
			"faces": {
				"north": {"uv": [7, 7.5, 7.25, 8.5], "texture": "#0"},
				"east": {"uv": [7.5, 7, 7.75, 8], "texture": "#0"},
				"south": {"uv": [7.25, 7.5, 7.5, 8.5], "texture": "#0"},
				"west": {"uv": [0, 7.75, 0.25, 8.75], "texture": "#0"},
				"up": {"uv": [9.5, 3.5, 9.25, 3.25], "texture": "#0"},
				"down": {"uv": [3.75, 9.25, 3.5, 9.5], "texture": "#0"}
			}
		},
		{
			"from": [1, 6, 2],
			"to": [2, 7, 3],
			"faces": {
				"north": {"uv": [9.25, 3.5, 9.5, 3.75], "texture": "#0"},
				"east": {"uv": [3.75, 9.25, 4, 9.5], "texture": "#0"},
				"south": {"uv": [9.25, 3.75, 9.5, 4], "texture": "#0"},
				"west": {"uv": [4, 9.25, 4.25, 9.5], "texture": "#0"},
				"up": {"uv": [9.5, 4.25, 9.25, 4], "texture": "#0"},
				"down": {"uv": [4.5, 9.25, 4.25, 9.5], "texture": "#0"}
			}
		},
		{
			"from": [5, 6, 3],
			"to": [6, 8, 4],
			"faces": {
				"north": {"uv": [8.5, 8.25, 8.75, 8.75], "texture": "#0"},
				"east": {"uv": [0, 8.75, 0.25, 9.25], "texture": "#0"},
				"south": {"uv": [8.75, 0, 9, 0.5], "texture": "#0"},
				"west": {"uv": [0.25, 8.75, 0.5, 9.25], "texture": "#0"},
				"up": {"uv": [9.5, 4.5, 9.25, 4.25], "texture": "#0"},
				"down": {"uv": [4.75, 9.25, 4.5, 9.5], "texture": "#0"}
			}
		},
		{
			"from": [10, 6, 3],
			"to": [11, 8, 4],
			"faces": {
				"north": {"uv": [0.5, 8.75, 0.75, 9.25], "texture": "#0"},
				"east": {"uv": [8.75, 0.5, 9, 1], "texture": "#0"},
				"south": {"uv": [0.75, 8.75, 1, 9.25], "texture": "#0"},
				"west": {"uv": [1, 8.75, 1.25, 9.25], "texture": "#0"},
				"up": {"uv": [9.5, 4.75, 9.25, 4.5], "texture": "#0"},
				"down": {"uv": [5, 9.25, 4.75, 9.5], "texture": "#0"}
			}
		},
		{
			"from": [9, 6, 3],
			"to": [10, 7, 4],
			"faces": {
				"north": {"uv": [9.25, 4.75, 9.5, 5], "texture": "#0"},
				"east": {"uv": [5, 9.25, 5.25, 9.5], "texture": "#0"},
				"south": {"uv": [9.25, 5, 9.5, 5.25], "texture": "#0"},
				"west": {"uv": [5.25, 9.25, 5.5, 9.5], "texture": "#0"},
				"up": {"uv": [9.5, 5.5, 9.25, 5.25], "texture": "#0"},
				"down": {"uv": [5.75, 9.25, 5.5, 9.5], "texture": "#0"}
			}
		},
		{
			"from": [6, 6, 3],
			"to": [7, 7, 4],
			"faces": {
				"north": {"uv": [9.25, 5.5, 9.5, 5.75], "texture": "#0"},
				"east": {"uv": [5.75, 9.25, 6, 9.5], "texture": "#0"},
				"south": {"uv": [9.25, 5.75, 9.5, 6], "texture": "#0"},
				"west": {"uv": [6, 9.25, 6.25, 9.5], "texture": "#0"},
				"up": {"uv": [9.5, 6.25, 9.25, 6], "texture": "#0"},
				"down": {"uv": [6.5, 9.25, 6.25, 9.5], "texture": "#0"}
			}
		},
		{
			"from": [5, 6, 2],
			"to": [6, 7, 3],
			"faces": {
				"north": {"uv": [9.25, 6.25, 9.5, 6.5], "texture": "#0"},
				"east": {"uv": [6.5, 9.25, 6.75, 9.5], "texture": "#0"},
				"south": {"uv": [9.25, 6.5, 9.5, 6.75], "texture": "#0"},
				"west": {"uv": [6.75, 9.25, 7, 9.5], "texture": "#0"},
				"up": {"uv": [9.5, 7, 9.25, 6.75], "texture": "#0"},
				"down": {"uv": [7.25, 9.25, 7, 9.5], "texture": "#0"}
			}
		},
		{
			"from": [3, 5, 2],
			"to": [4, 6, 3],
			"faces": {
				"north": {"uv": [9.25, 7, 9.5, 7.25], "texture": "#0"},
				"east": {"uv": [7.25, 9.25, 7.5, 9.5], "texture": "#0"},
				"south": {"uv": [9.25, 7.25, 9.5, 7.5], "texture": "#0"},
				"west": {"uv": [7.5, 9.25, 7.75, 9.5], "texture": "#0"},
				"up": {"uv": [9.5, 7.75, 9.25, 7.5], "texture": "#0"},
				"down": {"uv": [8, 9.25, 7.75, 9.5], "texture": "#0"}
			}
		},
		{
			"from": [12, 5, 2],
			"to": [13, 6, 3],
			"faces": {
				"north": {"uv": [9.25, 7.75, 9.5, 8], "texture": "#0"},
				"east": {"uv": [8, 9.25, 8.25, 9.5], "texture": "#0"},
				"south": {"uv": [9.25, 8, 9.5, 8.25], "texture": "#0"},
				"west": {"uv": [8.25, 9.25, 8.5, 9.5], "texture": "#0"},
				"up": {"uv": [9.5, 8.5, 9.25, 8.25], "texture": "#0"},
				"down": {"uv": [8.75, 9.25, 8.5, 9.5], "texture": "#0"}
			}
		},
		{
			"from": [10, 6, 2],
			"to": [11, 7, 3],
			"faces": {
				"north": {"uv": [9.25, 8.5, 9.5, 8.75], "texture": "#0"},
				"east": {"uv": [8.75, 9.25, 9, 9.5], "texture": "#0"},
				"south": {"uv": [9.25, 8.75, 9.5, 9], "texture": "#0"},
				"west": {"uv": [9, 9.25, 9.25, 9.5], "texture": "#0"},
				"up": {"uv": [9.5, 9.25, 9.25, 9], "texture": "#0"},
				"down": {"uv": [9.5, 9.25, 9.25, 9.5], "texture": "#0"}
			}
		},
		{
			"from": [14, 6, 2],
			"to": [15, 7, 3],
			"faces": {
				"north": {"uv": [0, 9.5, 0.25, 9.75], "texture": "#0"},
				"east": {"uv": [9.5, 0, 9.75, 0.25], "texture": "#0"},
				"south": {"uv": [0.25, 9.5, 0.5, 9.75], "texture": "#0"},
				"west": {"uv": [9.5, 0.25, 9.75, 0.5], "texture": "#0"},
				"up": {"uv": [0.75, 9.75, 0.5, 9.5], "texture": "#0"},
				"down": {"uv": [9.75, 0.5, 9.5, 0.75], "texture": "#0"}
			}
		},
		{
			"from": [15, 2, 2],
			"to": [16, 6, 3],
			"faces": {
				"north": {"uv": [0.25, 7.75, 0.5, 8.75], "texture": "#0"},
				"east": {"uv": [0.5, 7.75, 0.75, 8.75], "texture": "#0"},
				"south": {"uv": [0.75, 7.75, 1, 8.75], "texture": "#0"},
				"west": {"uv": [1, 7.75, 1.25, 8.75], "texture": "#0"},
				"up": {"uv": [1, 9.75, 0.75, 9.5], "texture": "#0"},
				"down": {"uv": [9.75, 0.75, 9.5, 1], "texture": "#0"}
			}
		},
		{
			"from": [1, 4, 8],
			"to": [2, 5, 10],
			"faces": {
				"north": {"uv": [1.25, 8.75, 1.75, 9], "texture": "#0"},
				"east": {"uv": [1.75, 8.75, 2.25, 9], "texture": "#0"},
				"south": {"uv": [8.75, 2, 9.25, 2.25], "texture": "#0"},
				"west": {"uv": [2.25, 8.75, 2.75, 9], "texture": "#0"},
				"up": {"uv": [8, 6.25, 7.5, 5.75], "texture": "#0"},
				"down": {"uv": [1.75, 7.75, 1.25, 8.25], "texture": "#0"}
			}
		},
		{
			"from": [1, 4, 11],
			"to": [2, 5, 13],
			"faces": {
				"north": {"uv": [8.75, 2.25, 9.25, 2.5], "texture": "#0"},
				"east": {"uv": [8.75, 2.5, 9.25, 2.75], "texture": "#0"},
				"south": {"uv": [2.75, 8.75, 3.25, 9], "texture": "#0"},
				"west": {"uv": [8.75, 2.75, 9.25, 3], "texture": "#0"},
				"up": {"uv": [8.25, 2.5, 7.75, 2], "texture": "#0"},
				"down": {"uv": [8.25, 2.5, 7.75, 3], "texture": "#0"}
			}
		},
		{
			"from": [14, 4, 11],
			"to": [15, 5, 13],
			"faces": {
				"north": {"uv": [8.75, 3, 9, 3.25], "texture": "#0"},
				"east": {"uv": [3.25, 8.75, 3.75, 9], "texture": "#0"},
				"south": {"uv": [8.75, 3.25, 9.25, 3.5], "texture": "#0"},
				"west": {"uv": [8.75, 3.5, 9.25, 3.75], "texture": "#0"},
				"up": {"uv": [8.25, 3.5, 7.75, 3], "texture": "#0"},
				"down": {"uv": [8.25, 3.5, 7.75, 4], "texture": "#0"}
			}
		},
		{
			"from": [14, 4, 8],
			"to": [15, 5, 10],
			"faces": {
				"north": {"uv": [15.5, 0.75, 16, 1], "texture": "#0"},
				"east": {"uv": [15.5, 0.25, 16, 0.5], "texture": "#0"},
				"south": {"uv": [15.5, 0.5, 16, 0.75], "texture": "#0"},
				"west": {"uv": [15.5, 0, 16, 0.25], "texture": "#0"},
				"up": {"uv": [15.5, 0.5, 15, 0], "texture": "#0"},
				"down": {"uv": [15.5, 0.5, 15, 1], "texture": "#0"}
			}
		},
		{
			"from": [11, 3, 15],
			"to": [12, 4, 16],
			"faces": {
				"north": {"uv": [1, 9.5, 1.25, 9.75], "texture": "#0"},
				"east": {"uv": [9.5, 1, 9.75, 1.25], "texture": "#0"},
				"south": {"uv": [1.25, 9.5, 1.5, 9.75], "texture": "#0"},
				"west": {"uv": [9.5, 1.25, 9.75, 1.5], "texture": "#0"},
				"up": {"uv": [1.75, 9.75, 1.5, 9.5], "texture": "#0"},
				"down": {"uv": [9.75, 1.5, 9.5, 1.75], "texture": "#0"}
			}
		},
		{
			"from": [4, 3, 15],
			"to": [5, 4, 16],
			"faces": {
				"north": {"uv": [1.75, 9.5, 2, 9.75], "texture": "#0"},
				"east": {"uv": [9.5, 1.75, 9.75, 2], "texture": "#0"},
				"south": {"uv": [2, 9.5, 2.25, 9.75], "texture": "#0"},
				"west": {"uv": [9.5, 2, 9.75, 2.25], "texture": "#0"},
				"up": {"uv": [2.5, 9.75, 2.25, 9.5], "texture": "#0"},
				"down": {"uv": [9.75, 2.25, 9.5, 2.5], "texture": "#0"}
			}
		},
		{
			"from": [7, 3, 15],
			"to": [9, 4, 16],
			"faces": {
				"north": {"uv": [8.75, 4.5, 9.25, 4.75], "texture": "#0"},
				"east": {"uv": [2.5, 9.5, 2.75, 9.75], "texture": "#0"},
				"south": {"uv": [4.75, 8.75, 5.25, 9], "texture": "#0"},
				"west": {"uv": [9.5, 2.5, 9.75, 2.75], "texture": "#0"},
				"up": {"uv": [9.25, 5, 8.75, 4.75], "texture": "#0"},
				"down": {"uv": [9.25, 5, 8.75, 5.25], "texture": "#0"}
			}
		},
		{
			"from": [2, 3, 15],
			"to": [3, 4, 16],
			"faces": {
				"north": {"uv": [2.75, 9.5, 3, 9.75], "texture": "#0"},
				"east": {"uv": [9.5, 2.75, 9.75, 3], "texture": "#0"},
				"south": {"uv": [3, 9.5, 3.25, 9.75], "texture": "#0"},
				"west": {"uv": [9.5, 3, 9.75, 3.25], "texture": "#0"},
				"up": {"uv": [3.5, 9.75, 3.25, 9.5], "texture": "#0"},
				"down": {"uv": [9.75, 3.25, 9.5, 3.5], "texture": "#0"}
			}
		},
		{
			"from": [13, 3, 15],
			"to": [14, 4, 16],
			"faces": {
				"north": {"uv": [3.5, 9.5, 3.75, 9.75], "texture": "#0"},
				"east": {"uv": [9.5, 3.5, 9.75, 3.75], "texture": "#0"},
				"south": {"uv": [3.75, 9.5, 4, 9.75], "texture": "#0"},
				"west": {"uv": [9.5, 3.75, 9.75, 4], "texture": "#0"},
				"up": {"uv": [4.25, 9.75, 4, 9.5], "texture": "#0"},
				"down": {"uv": [9.75, 4, 9.5, 4.25], "texture": "#0"}
			}
		},
		{
			"from": [2, 2, 16],
			"to": [3, 3, 17],
			"faces": {
				"north": {"uv": [4.25, 9.5, 4.5, 9.75], "texture": "#0"},
				"east": {"uv": [9.5, 4.25, 9.75, 4.5], "texture": "#0"},
				"south": {"uv": [4.5, 9.5, 4.75, 9.75], "texture": "#0"},
				"west": {"uv": [9.5, 4.5, 9.75, 4.75], "texture": "#0"},
				"up": {"uv": [5, 9.75, 4.75, 9.5], "texture": "#0"},
				"down": {"uv": [9.75, 4.75, 9.5, 5], "texture": "#0"}
			}
		},
		{
			"from": [1, 2, 15],
			"to": [3, 3, 16],
			"faces": {
				"north": {"uv": [5.25, 8.75, 5.75, 9], "texture": "#0"},
				"east": {"uv": [5, 9.5, 5.25, 9.75], "texture": "#0"},
				"south": {"uv": [5.75, 8.75, 6.25, 9], "texture": "#0"},
				"west": {"uv": [9.5, 5, 9.75, 5.25], "texture": "#0"},
				"up": {"uv": [6.75, 9, 6.25, 8.75], "texture": "#0"},
				"down": {"uv": [9.25, 6.25, 8.75, 6.5], "texture": "#0"}
			}
		},
		{
			"from": [14, 2, 15],
			"to": [15, 3, 16],
			"faces": {
				"north": {"uv": [5.25, 9.5, 5.5, 9.75], "texture": "#0"},
				"east": {"uv": [9.5, 5.25, 9.75, 5.5], "texture": "#0"},
				"south": {"uv": [5.5, 9.5, 5.75, 9.75], "texture": "#0"},
				"west": {"uv": [9.5, 5.5, 9.75, 5.75], "texture": "#0"},
				"up": {"uv": [6, 9.75, 5.75, 9.5], "texture": "#0"},
				"down": {"uv": [9.75, 5.75, 9.5, 6], "texture": "#0"}
			}
		},
		{
			"from": [2, 1, 2],
			"to": [3, 3, 3],
			"faces": {
				"north": {"uv": [2.5, 1, 2.75, 1.5], "texture": "#0"},
				"east": {"uv": [2.75, 0, 3, 0.5], "texture": "#0"},
				"south": {"uv": [2.75, 1, 3, 1.5], "texture": "#0"},
				"west": {"uv": [4.5, 1.5, 4.75, 2], "texture": "#0"},
				"up": {"uv": [3, 0.75, 2.75, 0.5], "texture": "#0"},
				"down": {"uv": [4.5, 1.5, 4.25, 1.75], "texture": "#0"}
			}
		},
		{
			"from": [4, 1, 2],
			"to": [7, 2, 3],
			"faces": {
				"north": {"uv": [1.5, 0.75, 2.25, 1], "texture": "#0"},
				"east": {"uv": [2, 7, 2.25, 7.25], "texture": "#0"},
				"south": {"uv": [1.25, 1.5, 2, 1.75], "texture": "#0"},
				"west": {"uv": [2.75, 7, 3, 7.25], "texture": "#0"},
				"up": {"uv": [0.75, 2, 0, 1.75], "texture": "#0"},
				"down": {"uv": [1.5, 1.75, 0.75, 2], "texture": "#0"}
			}
		},
		{
			"from": [3, 2, 2],
			"to": [6, 4, 3],
			"faces": {
				"north": {"uv": [0, 0, 0.75, 0.5], "texture": "#0"},
				"east": {"uv": [4.75, 1.5, 5, 2], "texture": "#0"},
				"south": {"uv": [0, 0.5, 0.75, 1], "texture": "#0"},
				"west": {"uv": [5, 1.5, 5.25, 2], "texture": "#0"},
				"up": {"uv": [2.25, 2, 1.5, 1.75], "texture": "#0"},
				"down": {"uv": [2.75, 1.5, 2, 1.75], "texture": "#0"}
			}
		},
		{
			"from": [2, 4, 2],
			"to": [7, 5, 3],
			"faces": {
				"north": {"uv": [0, 1, 1.25, 1.25], "texture": "#0"},
				"east": {"uv": [6.75, 7, 7, 7.25], "texture": "#0"},
				"south": {"uv": [0, 1.25, 1.25, 1.5], "texture": "#0"},
				"west": {"uv": [1, 7.25, 1.25, 7.5], "texture": "#0"},
				"up": {"uv": [2.5, 1.25, 1.25, 1], "texture": "#0"},
				"down": {"uv": [2.5, 1.25, 1.25, 1.5], "texture": "#0"}
			}
		},
		{
			"from": [9, 4, 2],
			"to": [14, 5, 3],
			"faces": {
				"north": {"uv": [0, 1.5, 1.25, 1.75], "texture": "#0"},
				"east": {"uv": [7.25, 1, 7.5, 1.25], "texture": "#0"},
				"south": {"uv": [1.5, 0, 2.75, 0.25], "texture": "#0"},
				"west": {"uv": [1.25, 7.25, 1.5, 7.5], "texture": "#0"},
				"up": {"uv": [2.75, 0.5, 1.5, 0.25], "texture": "#0"},
				"down": {"uv": [2.75, 0.5, 1.5, 0.75], "texture": "#0"}
			}
		},
		{
			"from": [10, 2, 2],
			"to": [13, 4, 3],
			"faces": {
				"north": {"uv": [0.75, 0, 1.5, 0.5], "texture": "#0"},
				"east": {"uv": [5.25, 1.5, 5.5, 2], "texture": "#0"},
				"south": {"uv": [0.75, 0.5, 1.5, 1], "texture": "#0"},
				"west": {"uv": [5.5, 1.5, 5.75, 2], "texture": "#0"},
				"up": {"uv": [3, 1, 2.25, 0.75], "texture": "#0"},
				"down": {"uv": [3, 1.75, 2.25, 2], "texture": "#0"}
			}
		},
		{
			"from": [13, 1, 2],
			"to": [14, 3, 3],
			"faces": {
				"north": {"uv": [5.75, 1.5, 6, 2], "texture": "#0"},
				"east": {"uv": [6.5, 1, 6.75, 1.5], "texture": "#0"},
				"south": {"uv": [6.75, 1, 7, 1.5], "texture": "#0"},
				"west": {"uv": [7, 1, 7.25, 1.5], "texture": "#0"},
				"up": {"uv": [7.5, 1.5, 7.25, 1.25], "texture": "#0"},
				"down": {"uv": [1.75, 7.25, 1.5, 7.5], "texture": "#0"}
			}
		},
		{
			"from": [9, 1, 2],
			"to": [12, 2, 3],
			"faces": {
				"north": {"uv": [2.75, 1.5, 3.5, 1.75], "texture": "#0"},
				"east": {"uv": [1.75, 7.25, 2, 7.5], "texture": "#0"},
				"south": {"uv": [3, 1.75, 3.75, 2], "texture": "#0"},
				"west": {"uv": [2.75, 7.25, 3, 7.5], "texture": "#0"},
				"up": {"uv": [4.25, 1.75, 3.5, 1.5], "texture": "#0"},
				"down": {"uv": [4.5, 1.75, 3.75, 2], "texture": "#0"}
			}
		},
		{
			"from": [2, 0, 3],
			"to": [14, 5, 4],
			"faces": {
				"north": {"uv": [9.5, 8, 12.5, 9.25], "texture": "#0"},
				"east": {"uv": [9, 8, 9.25, 9.25], "texture": "#0"},
				"south": {"uv": [9.25, 9.5, 12.25, 10.75], "texture": "#0"},
				"west": {"uv": [0, 9.75, 0.25, 11], "texture": "#0"},
				"up": {"uv": [12.5, 6.5, 9.5, 6.25], "texture": "#0"},
				"down": {"uv": [12.5, 9.25, 9.5, 9.5], "texture": "#0"}
			}
		},
		{
			"name": "purp glaze",
			"from": [6, 2, 2],
			"to": [7, 3, 3],
			"faces": {
				"north": {"uv": [0, 0, 16, 16], "texture": "#18"},
				"east": {"uv": [0, 0, 16, 16], "texture": "#18"},
				"south": {"uv": [0, 0, 16, 16], "texture": "#18"},
				"west": {"uv": [0, 0, 16, 16], "texture": "#18"},
				"up": {"uv": [0, 0, 16, 16], "texture": "#18"},
				"down": {"uv": [0, 0, 16, 16], "texture": "#18"}
			}
		},
		{
			"name": "nether brick",
			"from": [8, 1, 2],
			"to": [9, 2, 3],
			"faces": {
				"north": {"uv": [0, 0, 16, 16], "texture": "#13"},
				"east": {"uv": [0, 0, 16, 16], "texture": "#13"},
				"south": {"uv": [0, 0, 16, 16], "texture": "#13"},
				"west": {"uv": [0, 0, 16, 16], "texture": "#13"},
				"up": {"uv": [0, 0, 16, 16], "texture": "#13"},
				"down": {"uv": [0, 0, 16, 16], "texture": "#13"}
			}
		},
		{
			"name": "amethyst",
			"from": [7, 3, 2],
			"to": [8, 4, 3],
			"faces": {
				"north": {"uv": [0, 0, 16, 16], "texture": "#2"},
				"east": {"uv": [0, 0, 16, 16], "texture": "#2"},
				"south": {"uv": [0, 0, 16, 16], "texture": "#2"},
				"west": {"uv": [0, 0, 16, 16], "texture": "#2"},
				"up": {"uv": [0, 0, 16, 16], "texture": "#2"},
				"down": {"uv": [0, 0, 16, 16], "texture": "#2"}
			}
		},
		{
			"name": "stripped crimson",
			"from": [7, 2, 2],
			"to": [8, 3, 3],
			"faces": {
				"north": {"uv": [0, 0, 16, 16], "texture": "#11"},
				"east": {"uv": [0, 0, 16, 16], "texture": "#11"},
				"south": {"uv": [0, 0, 16, 16], "texture": "#11"},
				"west": {"uv": [0, 0, 16, 16], "texture": "#11"},
				"up": {"uv": [0, 0, 16, 16], "texture": "#11"},
				"down": {"uv": [0, 0, 16, 16], "texture": "#11"}
			}
		},
		{
			"name": "cry obi",
			"from": [7, 1, 2],
			"to": [8, 2, 3],
			"faces": {
				"north": {"uv": [0, 0, 16, 16], "texture": "#10"},
				"east": {"uv": [0, 0, 16, 16], "texture": "#10"},
				"south": {"uv": [0, 0, 16, 16], "texture": "#10"},
				"west": {"uv": [0, 0, 16, 16], "texture": "#10"},
				"up": {"uv": [0, 0, 16, 16], "texture": "#10"},
				"down": {"uv": [0, 0, 16, 16], "texture": "#10"}
			}
		},
		{
			"name": "shulker",
			"from": [6, 3, 2],
			"to": [7, 4, 3],
			"faces": {
				"north": {"uv": [0, 0, 16, 16], "rotation": 180, "texture": "#8"},
				"east": {"uv": [0, 0, 16, 16], "rotation": 180, "texture": "#8"},
				"south": {"uv": [0, 0, 16, 16], "rotation": 180, "texture": "#8"},
				"west": {"uv": [0, 0, 16, 16], "rotation": 180, "texture": "#8"},
				"up": {"uv": [0, 0, 16, 16], "rotation": 180, "texture": "#8"},
				"down": {"uv": [0, 0, 16, 16], "rotation": 180, "texture": "#8"}
			}
		},
		{
			"name": "purpur pillar",
			"from": [8, 4, 2],
			"to": [9, 5, 3],
			"faces": {
				"north": {"uv": [0, 0, 16, 16], "texture": "#7"},
				"east": {"uv": [0, 0, 16, 16], "texture": "#7"},
				"south": {"uv": [0, 0, 16, 16], "texture": "#7"},
				"west": {"uv": [0, 0, 16, 16], "texture": "#7"},
				"up": {"uv": [0, 0, 16, 16], "texture": "#7"},
				"down": {"uv": [0, 0, 16, 16], "texture": "#7"}
			}
		},
		{
			"name": "pink terra",
			"from": [8, 2, 2],
			"to": [9, 3, 3],
			"faces": {
				"north": {"uv": [0, 0, 16, 16], "texture": "#15"},
				"east": {"uv": [0, 0, 16, 16], "texture": "#15"},
				"south": {"uv": [0, 0, 16, 16], "texture": "#15"},
				"west": {"uv": [0, 0, 16, 16], "texture": "#15"},
				"up": {"uv": [0, 0, 16, 16], "texture": "#15"},
				"down": {"uv": [0, 0, 16, 16], "texture": "#15"}
			}
		},
		{
			"name": "emerald",
			"from": [3, 1, 2],
			"to": [4, 2, 3],
			"faces": {
				"north": {"uv": [0, 0, 16, 16], "texture": "#5"},
				"east": {"uv": [0, 0, 16, 16], "texture": "#5"},
				"south": {"uv": [0, 0, 16, 16], "texture": "#5"},
				"west": {"uv": [0, 0, 16, 16], "texture": "#5"},
				"up": {"uv": [0, 0, 16, 16], "texture": "#5"},
				"down": {"uv": [0, 0, 16, 16], "texture": "#5"}
			}
		},
		{
			"name": "blue ice",
			"from": [2, 3, 2],
			"to": [3, 4, 3],
			"faces": {
				"north": {"uv": [0, 0, 16, 16], "texture": "#12"},
				"east": {"uv": [0, 0, 16, 16], "texture": "#12"},
				"south": {"uv": [0, 0, 16, 16], "texture": "#12"},
				"west": {"uv": [0, 0, 16, 16], "texture": "#12"},
				"up": {"uv": [0, 0, 16, 16], "texture": "#12"},
				"down": {"uv": [0, 0, 16, 16], "texture": "#12"}
			}
		},
		{
			"name": "lamp",
			"from": [12, 1, 2],
			"to": [13, 2, 3],
			"faces": {
				"north": {"uv": [0, 0, 16, 16], "texture": "#3"},
				"east": {"uv": [0, 0, 16, 16], "texture": "#3"},
				"south": {"uv": [0, 0, 16, 16], "texture": "#3"},
				"west": {"uv": [0, 0, 16, 16], "texture": "#3"},
				"up": {"uv": [0, 0, 16, 16], "texture": "#3"},
				"down": {"uv": [0, 0, 16, 16], "texture": "#3"}
			}
		},
		{
			"name": "mush",
			"from": [13, 3, 2],
			"to": [14, 4, 3],
			"faces": {
				"north": {"uv": [0, 0, 16, 16], "texture": "#4"},
				"east": {"uv": [0, 0, 16, 16], "texture": "#4"},
				"south": {"uv": [0, 0, 16, 16], "texture": "#4"},
				"west": {"uv": [0, 0, 16, 16], "texture": "#4"},
				"up": {"uv": [0, 0, 16, 16], "texture": "#4"},
				"down": {"uv": [0, 0, 16, 16], "texture": "#4"}
			}
		},
		{
			"name": "coral",
			"from": [8, 3, 2],
			"to": [9, 4, 3],
			"faces": {
				"north": {"uv": [0, 0, 16, 16], "texture": "#14"},
				"east": {"uv": [0, 0, 16, 16], "texture": "#14"},
				"south": {"uv": [0, 0, 16, 16], "texture": "#14"},
				"west": {"uv": [0, 0, 16, 16], "texture": "#14"},
				"up": {"uv": [0, 0, 16, 16], "texture": "#14"},
				"down": {"uv": [0, 0, 16, 16], "texture": "#14"}
			}
		},
		{
			"name": "wool",
			"from": [9, 2, 2],
			"to": [10, 3, 3],
			"faces": {
				"north": {"uv": [0, 0, 16, 16], "texture": "#17"},
				"east": {"uv": [0, 0, 16, 16], "texture": "#17"},
				"south": {"uv": [0, 0, 16, 16], "texture": "#17"},
				"west": {"uv": [0, 0, 16, 16], "texture": "#17"},
				"up": {"uv": [0, 0, 16, 16], "texture": "#17"},
				"down": {"uv": [0, 0, 16, 16], "texture": "#17"}
			}
		},
		{
			"name": "pink glaze",
			"from": [9, 3, 2],
			"to": [10, 4, 3],
			"faces": {
				"north": {"uv": [0, 0, 16, 16], "rotation": 270, "texture": "#16"},
				"east": {"uv": [0, 0, 16, 16], "rotation": 90, "texture": "#16"},
				"south": {"uv": [0, 0, 16, 16], "rotation": 90, "texture": "#16"},
				"west": {"uv": [0, 0, 16, 16], "rotation": 90, "texture": "#16"},
				"up": {"uv": [0, 0, 16, 16], "rotation": 90, "texture": "#16"},
				"down": {"uv": [0, 0, 16, 16], "rotation": 90, "texture": "#16"}
			}
		},
		{
			"from": [7, 4, 2],
			"to": [8, 5, 3],
			"faces": {
				"north": {"uv": [0, 0, 16, 16], "texture": "#9"},
				"east": {"uv": [0, 0, 16, 16], "texture": "#9"},
				"south": {"uv": [0, 0, 16, 16], "texture": "#9"},
				"west": {"uv": [0, 0, 16, 16], "texture": "#9"},
				"up": {"uv": [0, 0, 16, 16], "texture": "#9"},
				"down": {"uv": [0, 0, 16, 16], "texture": "#9"}
			}
		}
	],
	"display": {
		"thirdperson_righthand": {
			"rotation": [90, 0, 0],
			"translation": [0, 1.5, 3],
			"scale": [0.5, 0.5, 0.5]
		},
		"thirdperson_lefthand": {
			"rotation": [90, 0, 0],
			"translation": [0, 1.5, 3],
			"scale": [0.5, 0.5, 0.5]
		},
		"ground": {
			"translation": [0, 5.75, 0],
			"scale": [0.8, 0.8, 0.8]
		},
		"gui": {
			"rotation": [-15, -169, 0],
			"translation": [0, 3, 0],
			"scale": [0.67, 0.67, 0.67]
		},
		"head": {
			"rotation": [3, 0, 0],
			"translation": [0, 10.5, -0.75],
			"scale": [1.07, 1, 1.08203]
		},
		"fixed": {
			"translation": [0, 3, 5.5]
		}
	},
	"groups": [
		{
			"name": "group",
			"origin": [0, 0, 0],
			"color": 0,
			"children": [
				0,
				1,
				2,
				3,
				4,
				5,
				6,
				7,
				8,
				9,
				10,
				11,
				12,
				13,
				14,
				15,
				16,
				17,
				18,
				19,
				20,
				21,
				22,
				23,
				24,
				25,
				26,
				27,
				28,
				29,
				30,
				31,
				32,
				33,
				34,
				35,
				36,
				37,
				38,
				39,
				40,
				41,
				42,
				43,
				44,
				45,
				46,
				47,
				48,
				49,
				50,
				51,
				52,
				53,
				54,
				55,
				56,
				57,
				58,
				59,
				60,
				61,
				62,
				63,
				64,
				65,
				66,
				67,
				68,
				69,
				70,
				71,
				72,
				73,
				74,
				75,
				76,
				77
			]
		},
		78,
		79,
		80,
		81,
		82,
		83,
		84,
		85,
		86,
		87,
		88,
		89,
		90,
		91,
		92,
		93
	]
}