{
	"credit": "Made with Blockbench",
	"texture_size": [64, 64],
	"textures": {
		"0": "mctc:hats/witch",
		"particle": "mctc:hats/witch"
	},
	"elements": [
		{
			"from": [8, 9.1, 8],
			"to": [9, 10.1, 9],
			"faces": {
				"north": {"uv": [0.0625, 0.25, 0.09375, 0.28125], "texture": "#0"},
				"east": {"uv": [0.25, 0.0625, 0.28125, 0.09375], "texture": "#0"},
				"south": {"uv": [0.09375, 0.25, 0.125, 0.28125], "texture": "#0"},
				"west": {"uv": [0.25, 0.09375, 0.28125, 0.125], "texture": "#0"},
				"up": {"uv": [0.15625, 0.28125, 0.125, 0.25], "texture": "#0"},
				"down": {"uv": [0.28125, 0.125, 0.25, 0.15625], "texture": "#0"}
			}
		},
		{
			"from": [7, 9.1, 8],
			"to": [8, 11.1, 9],
			"faces": {
				"north": {"uv": [0.0625, 0.1875, 0.09375, 0.25], "texture": "#0"},
				"east": {"uv": [0.09375, 0.1875, 0.125, 0.25], "texture": "#0"},
				"south": {"uv": [0.125, 0.1875, 0.15625, 0.25], "texture": "#0"},
				"west": {"uv": [0.1875, 0.125, 0.21875, 0.1875], "texture": "#0"},
				"up": {"uv": [0.0625, 0.28125, 0.03125, 0.25], "texture": "#0"},
				"down": {"uv": [0.28125, 0.03125, 0.25, 0.0625], "texture": "#0"}
			}
		},
		{
			"from": [6, 10.1, 7],
			"to": [7, 11.1, 8],
			"faces": {
				"north": {"uv": [0.21875, 0.15625, 0.25, 0.1875], "texture": "#0"},
				"east": {"uv": [0.1875, 0.21875, 0.21875, 0.25], "texture": "#0"},
				"south": {"uv": [0.21875, 0.1875, 0.25, 0.21875], "texture": "#0"},
				"west": {"uv": [0.21875, 0.21875, 0.25, 0.25], "texture": "#0"},
				"up": {"uv": [0.03125, 0.28125, 0, 0.25], "texture": "#0"},
				"down": {"uv": [0.28125, 0, 0.25, 0.03125], "texture": "#0"}
			}
		},
		{
			"from": [4, 9.1, 8],
			"to": [5, 10.1, 9],
			"faces": {
				"north": {"uv": [0.03125, 0.21875, 0.0625, 0.25], "texture": "#0"},
				"east": {"uv": [0.21875, 0.03125, 0.25, 0.0625], "texture": "#0"},
				"south": {"uv": [0.21875, 0.0625, 0.25, 0.09375], "texture": "#0"},
				"west": {"uv": [0.21875, 0.09375, 0.25, 0.125], "texture": "#0"},
				"up": {"uv": [0.25, 0.15625, 0.21875, 0.125], "texture": "#0"},
				"down": {"uv": [0.1875, 0.21875, 0.15625, 0.25], "texture": "#0"}
			}
		},
		{
			"from": [5, 10.1, 8],
			"to": [7, 11.1, 9],
			"faces": {
				"north": {"uv": [0.15625, 0.03125, 0.21875, 0.0625], "texture": "#0"},
				"east": {"uv": [0, 0.21875, 0.03125, 0.25], "texture": "#0"},
				"south": {"uv": [0.15625, 0.0625, 0.21875, 0.09375], "texture": "#0"},
				"west": {"uv": [0.21875, 0, 0.25, 0.03125], "texture": "#0"},
				"up": {"uv": [0.21875, 0.125, 0.15625, 0.09375], "texture": "#0"},
				"down": {"uv": [0.1875, 0.15625, 0.125, 0.1875], "texture": "#0"}
			}
		},
		{
			"from": [6, 9.1, 8],
			"to": [7, 11.1, 9],
			"faces": {
				"north": {"uv": [0.09375, 0.125, 0.125, 0.1875], "texture": "#0"},
				"east": {"uv": [0.125, 0.09375, 0.15625, 0.15625], "texture": "#0"},
				"south": {"uv": [0, 0.15625, 0.03125, 0.21875], "texture": "#0"},
				"west": {"uv": [0.03125, 0.15625, 0.0625, 0.21875], "texture": "#0"},
				"up": {"uv": [0.1875, 0.21875, 0.15625, 0.1875], "texture": "#0"},
				"down": {"uv": [0.21875, 0.1875, 0.1875, 0.21875], "texture": "#0"}
			}
		},
		{
			"from": [7, 9.1, 7],
			"to": [8, 10.1, 9],
			"faces": {
				"north": {"uv": [0.15625, 0.125, 0.1875, 0.15625], "texture": "#0"},
				"east": {"uv": [0, 0.125, 0.0625, 0.15625], "texture": "#0"},
				"south": {"uv": [0.1875, 0, 0.21875, 0.03125], "texture": "#0"},
				"west": {"uv": [0.125, 0, 0.1875, 0.03125], "texture": "#0"},
				"up": {"uv": [0.15625, 0.09375, 0.125, 0.03125], "texture": "#0"},
				"down": {"uv": [0.09375, 0.125, 0.0625, 0.1875], "texture": "#0"}
			}
		},
		{
			"from": [7, 8.1, 7],
			"to": [9, 9.1, 9],
			"faces": {
				"north": {"uv": [0.0625, 0, 0.125, 0.03125], "texture": "#0"},
				"east": {"uv": [0.0625, 0.03125, 0.125, 0.0625], "texture": "#0"},
				"south": {"uv": [0.0625, 0.0625, 0.125, 0.09375], "texture": "#0"},
				"west": {"uv": [0.0625, 0.09375, 0.125, 0.125], "texture": "#0"},
				"up": {"uv": [0.0625, 0.0625, 0, 0], "texture": "#0"},
				"down": {"uv": [0.0625, 0.0625, 0, 0.125], "texture": "#0"}
			}
		},
		{
			"from": [5, 4.1, 6],
			"to": [6, 6.1, 10],
			"faces": {
				"north": {"uv": [0.625, 0.46875, 0.8125, 0.53125], "texture": "#0"},
				"east": {"uv": [0.6875, 0.71875, 0.8125, 0.78125], "texture": "#0"},
				"south": {"uv": [0.625, 0.53125, 0.8125, 0.59375], "texture": "#0"},
				"west": {"uv": [0, 0.75, 0.125, 0.8125], "texture": "#0"},
				"up": {"uv": [0.5, 0.5625, 0.3125, 0.4375], "texture": "#0"},
				"down": {"uv": [0.65625, 0, 0.46875, 0.125], "texture": "#0"}
			}
		},
		{
			"from": [10, 4.1, 6],
			"to": [11, 6.1, 10],
			"faces": {
				"north": {"uv": [0.625, 0.46875, 0.8125, 0.53125], "texture": "#0"},
				"east": {"uv": [0.6875, 0.71875, 0.8125, 0.78125], "texture": "#0"},
				"south": {"uv": [0.625, 0.53125, 0.8125, 0.59375], "texture": "#0"},
				"west": {"uv": [0, 0.75, 0.125, 0.8125], "texture": "#0"},
				"up": {"uv": [0.5, 0.5625, 0.3125, 0.4375], "texture": "#0"},
				"down": {"uv": [0.65625, 0, 0.46875, 0.125], "texture": "#0"}
			}
		},
		{
			"from": [5, 6.1, 7],
			"to": [6, 7.1, 9],
			"faces": {
				"north": {"uv": [0.34375, 0.3125, 0.53125, 0.4375], "texture": "#0"},
				"east": {"uv": [0.6875, 0.59375, 0.75, 0.71875], "texture": "#0"},
				"south": {"uv": [0.125, 0.375, 0.3125, 0.5], "texture": "#0"},
				"west": {"uv": [0.5, 0.71875, 0.5625, 0.84375], "texture": "#0"},
				"up": {"uv": [0.6875, 0.65625, 0.5, 0.59375], "texture": "#0"},
				"down": {"uv": [0.8125, 0.40625, 0.625, 0.46875], "texture": "#0"}
			}
		},
		{
			"from": [10, 6.1, 7],
			"to": [11, 7.1, 9],
			"faces": {
				"north": {"uv": [0.34375, 0.3125, 0.53125, 0.4375], "texture": "#0"},
				"east": {"uv": [0.6875, 0.59375, 0.75, 0.71875], "texture": "#0"},
				"south": {"uv": [0.125, 0.375, 0.3125, 0.5], "texture": "#0"},
				"west": {"uv": [0.5, 0.71875, 0.5625, 0.84375], "texture": "#0"},
				"up": {"uv": [0.6875, 0.65625, 0.5, 0.59375], "texture": "#0"},
				"down": {"uv": [0.8125, 0.40625, 0.625, 0.46875], "texture": "#0"}
			}
		},
		{
			"from": [6, 4.1, 10],
			"to": [10, 6.1, 11],
			"faces": {
				"north": {"uv": [0, 0.6875, 0.125, 0.75], "texture": "#0"},
				"east": {"uv": [0.59375, 0.125, 0.78125, 0.1875], "texture": "#0"},
				"south": {"uv": [0.25, 0.6875, 0.375, 0.75], "texture": "#0"},
				"west": {"uv": [0.59375, 0.1875, 0.78125, 0.25], "texture": "#0"},
				"up": {"uv": [0.125, 0.46875, 0, 0.28125], "texture": "#0"},
				"down": {"uv": [0.46875, 0.125, 0.34375, 0.3125], "texture": "#0"}
			}
		},
		{
			"from": [6, 4.1, 5],
			"to": [10, 6.1, 6],
			"faces": {
				"north": {"uv": [0, 0.6875, 0.125, 0.75], "texture": "#0"},
				"east": {"uv": [0.59375, 0.125, 0.78125, 0.1875], "texture": "#0"},
				"south": {"uv": [0.25, 0.6875, 0.375, 0.75], "texture": "#0"},
				"west": {"uv": [0.59375, 0.1875, 0.78125, 0.25], "texture": "#0"},
				"up": {"uv": [0.125, 0.46875, 0, 0.28125], "texture": "#0"},
				"down": {"uv": [0.46875, 0.125, 0.34375, 0.3125], "texture": "#0"}
			}
		},
		{
			"from": [7, 6.1, 5],
			"to": [9, 7.1, 6],
			"faces": {
				"north": {"uv": [0.1875, 0.65625, 0.25, 0.78125], "texture": "#0"},
				"east": {"uv": [0.15625, 0.25, 0.34375, 0.375], "texture": "#0"},
				"south": {"uv": [0.625, 0.65625, 0.6875, 0.78125], "texture": "#0"},
				"west": {"uv": [0.28125, 0, 0.46875, 0.125], "texture": "#0"},
				"up": {"uv": [0.4375, 0.75, 0.375, 0.5625], "texture": "#0"},
				"down": {"uv": [0.5, 0.5625, 0.4375, 0.75], "texture": "#0"}
			}
		},
		{
			"from": [7, 6.1, 10],
			"to": [9, 7.1, 11],
			"faces": {
				"north": {"uv": [0.1875, 0.65625, 0.25, 0.78125], "texture": "#0"},
				"east": {"uv": [0.15625, 0.25, 0.34375, 0.375], "texture": "#0"},
				"south": {"uv": [0.625, 0.65625, 0.6875, 0.78125], "texture": "#0"},
				"west": {"uv": [0.28125, 0, 0.46875, 0.125], "texture": "#0"},
				"up": {"uv": [0.4375, 0.75, 0.375, 0.5625], "texture": "#0"},
				"down": {"uv": [0.5, 0.5625, 0.4375, 0.75], "texture": "#0"}
			}
		},
		{
			"from": [9, 8.1, 7],
			"to": [10, 9.1, 9],
			"faces": {
				"north": {"uv": [0.65625, 0.0625, 0.78125, 0.125], "texture": "#0"},
				"east": {"uv": [0.25, 0.75, 0.3125, 0.8125], "texture": "#0"},
				"south": {"uv": [0.65625, 0.25, 0.78125, 0.3125], "texture": "#0"},
				"west": {"uv": [0.3125, 0.75, 0.375, 0.8125], "texture": "#0"},
				"up": {"uv": [0.78125, 0.375, 0.65625, 0.3125], "texture": "#0"},
				"down": {"uv": [0.625, 0.65625, 0.5, 0.71875], "texture": "#0"}
			}
		},
		{
			"from": [6, 8.1, 7],
			"to": [7, 9.1, 9],
			"faces": {
				"north": {"uv": [0.65625, 0.0625, 0.78125, 0.125], "texture": "#0"},
				"east": {"uv": [0.25, 0.75, 0.3125, 0.8125], "texture": "#0"},
				"south": {"uv": [0.65625, 0.25, 0.78125, 0.3125], "texture": "#0"},
				"west": {"uv": [0.3125, 0.75, 0.375, 0.8125], "texture": "#0"},
				"up": {"uv": [0.78125, 0.375, 0.65625, 0.3125], "texture": "#0"},
				"down": {"uv": [0.625, 0.65625, 0.5, 0.71875], "texture": "#0"}
			}
		},
		{
			"from": [7, 8.1, 6],
			"to": [9, 9.1, 7],
			"faces": {
				"north": {"uv": [0.25, 0.5, 0.3125, 0.5625], "texture": "#0"},
				"east": {"uv": [0, 0.625, 0.125, 0.6875], "texture": "#0"},
				"south": {"uv": [0.5625, 0.71875, 0.625, 0.78125], "texture": "#0"},
				"west": {"uv": [0.65625, 0, 0.78125, 0.0625], "texture": "#0"},
				"up": {"uv": [0.34375, 0.25, 0.28125, 0.125], "texture": "#0"},
				"down": {"uv": [0.1875, 0.65625, 0.125, 0.78125], "texture": "#0"}
			}
		},
		{
			"from": [7, 8.1, 9],
			"to": [9, 9.1, 10],
			"faces": {
				"north": {"uv": [0.25, 0.5, 0.3125, 0.5625], "texture": "#0"},
				"east": {"uv": [0, 0.625, 0.125, 0.6875], "texture": "#0"},
				"south": {"uv": [0.5625, 0.71875, 0.625, 0.78125], "texture": "#0"},
				"west": {"uv": [0.65625, 0, 0.78125, 0.0625], "texture": "#0"},
				"up": {"uv": [0.34375, 0.25, 0.28125, 0.125], "texture": "#0"},
				"down": {"uv": [0.1875, 0.65625, 0.125, 0.78125], "texture": "#0"}
			}
		},
		{
			"from": [6, 6.1, 6],
			"to": [10, 8.1, 10],
			"faces": {
				"north": {"uv": [0, 0.46875, 0.125, 0.625], "texture": "#0"},
				"east": {"uv": [0.46875, 0.125, 0.59375, 0.28125], "texture": "#0"},
				"south": {"uv": [0.125, 0.5, 0.25, 0.65625], "texture": "#0"},
				"west": {"uv": [0.5, 0.4375, 0.625, 0.59375], "texture": "#0"},
				"up": {"uv": [0.65625, 0.40625, 0.53125, 0.28125], "texture": "#0"},
				"down": {"uv": [0.375, 0.5625, 0.25, 0.6875], "texture": "#0"}
			}
		},
		{
			"name": "color",
			"from": [12, 1.1, 4],
			"to": [13, 2.1, 12],
			"faces": {
				"north": {"uv": [5, 4.25, 5.25, 4.75], "texture": "#0", "tintindex": 0},
				"east": {"uv": [4.75, 0.5, 6.75, 1], "texture": "#0", "tintindex": 0},
				"south": {"uv": [4.5, 5, 4.75, 5.5], "texture": "#0", "tintindex": 0},
				"west": {"uv": [4.75, 1, 6.75, 1.5], "texture": "#0", "tintindex": 0},
				"up": {"uv": [0.75, 5, 0.5, 3], "texture": "#0", "tintindex": 0},
				"down": {"uv": [1, 3, 0.75, 5], "texture": "#0", "tintindex": 0}
			}
		},
		{
			"name": "color",
			"from": [3, 1.1, 4],
			"to": [4, 2.1, 12],
			"faces": {
				"north": {"uv": [2.5, 1.5, 2.75, 2], "texture": "#0", "tintindex": 0},
				"east": {"uv": [3, 4.5, 5, 5], "texture": "#0", "tintindex": 0},
				"south": {"uv": [2.5, 2, 2.75, 2.5], "texture": "#0", "tintindex": 0},
				"west": {"uv": [4.75, 0, 6.75, 0.5], "texture": "#0", "tintindex": 0},
				"up": {"uv": [0.25, 5, 0, 3], "texture": "#0", "tintindex": 0},
				"down": {"uv": [0.5, 3, 0.25, 5], "texture": "#0", "tintindex": 0}
			}
		},
		{
			"from": [4, 2.1, 5],
			"to": [5, 4.1, 11],
			"faces": {
				"north": {"uv": [1, 0.75, 1.25, 0.9375], "texture": "#0"},
				"east": {"uv": [1.25, 0.75, 1.4375, 0.9375], "texture": "#0"},
				"south": {"uv": [0.5, 1.09375, 0.75, 1.28125], "texture": "#0"},
				"west": {"uv": [1.25, 1.09375, 1.4375, 1.28125], "texture": "#0"},
				"up": {"uv": [1.375, 0.4375, 1.125, 0.25], "texture": "#0"},
				"down": {"uv": [1, 1.125, 0.75, 1.3125], "texture": "#0"}
			}
		},
		{
			"from": [11, 2.1, 5],
			"to": [12, 4.1, 11],
			"faces": {
				"north": {"uv": [1, 0.75, 1.25, 0.9375], "texture": "#0"},
				"east": {"uv": [1.25, 0.75, 1.4375, 0.9375], "texture": "#0"},
				"south": {"uv": [0.5, 1.09375, 0.75, 1.28125], "texture": "#0"},
				"west": {"uv": [1.25, 1.09375, 1.4375, 1.28125], "texture": "#0"},
				"up": {"uv": [1.375, 0.4375, 1.125, 0.25], "texture": "#0"},
				"down": {"uv": [1, 1.125, 0.75, 1.3125], "texture": "#0"}
			}
		},
		{
			"name": "color",
			"from": [5, 1.1, 2],
			"to": [11, 2.1, 3],
			"faces": {
				"north": {"uv": [4.75, 1.5, 6.25, 2], "texture": "#0", "tintindex": 0},
				"east": {"uv": [1.5, 1, 1.75, 1.5], "texture": "#0", "tintindex": 0},
				"south": {"uv": [4.75, 2, 6.25, 2.5], "texture": "#0", "tintindex": 0},
				"west": {"uv": [2.5, 1, 2.75, 1.5], "texture": "#0", "tintindex": 0},
				"up": {"uv": [4.5, 5.25, 3, 5], "texture": "#0", "tintindex": 0},
				"down": {"uv": [6.5, 3.5, 5, 3.75], "texture": "#0", "tintindex": 0}
			}
		},
		{
			"name": "color",
			"from": [5, 1.1, 13],
			"to": [11, 2.1, 14],
			"faces": {
				"north": {"uv": [0, 5, 1.5, 5.5], "texture": "#0", "tintindex": 0},
				"east": {"uv": [4.75, 5, 5, 5.5], "texture": "#0", "tintindex": 0},
				"south": {"uv": [1.5, 4.375, 3, 5.5], "texture": "#0", "tintindex": 0},
				"west": {"uv": [5, 4.75, 5.25, 5.25], "texture": "#0", "tintindex": 0},
				"up": {"uv": [6.5, 4, 5, 3.75], "texture": "#0", "tintindex": 0},
				"down": {"uv": [6.5, 4, 5, 4.25], "texture": "#0", "tintindex": 0}
			}
		},
		{
			"name": "color",
			"from": [4, 1.1, 3],
			"to": [12, 2.1, 13],
			"faces": {
				"north": {"uv": [3, 3.5, 5, 4], "texture": "#0", "tintindex": 0},
				"east": {"uv": [3, 2.5, 5.5, 3], "texture": "#0", "tintindex": 0},
				"south": {"uv": [3, 4, 5, 4.5], "texture": "#0", "tintindex": 0},
				"west": {"uv": [3, 3, 5.5, 3.5], "texture": "#0", "tintindex": 0},
				"up": {"uv": [3, 5, 1, 2.5], "texture": "#0", "tintindex": 0},
				"down": {"uv": [4.75, 0, 2.75, 2.5], "texture": "#0", "tintindex": 0}
			}
		},
		{
			"from": [6, 2.1, 3],
			"to": [10, 4.1, 4],
			"faces": {
				"north": {"uv": [0, 1.3125, 0.125, 1.5], "texture": "#0"},
				"east": {"uv": [0.8125, 0.9375, 1.125, 1.125], "texture": "#0"},
				"south": {"uv": [1.3125, 1.28125, 1.4375, 1.46875], "texture": "#0"},
				"west": {"uv": [1, 0.5625, 1.3125, 0.75], "texture": "#0"},
				"up": {"uv": [0.3125, 1.375, 0.1875, 1.0625], "texture": "#0"},
				"down": {"uv": [0.4375, 1.1875, 0.3125, 1.5], "texture": "#0"}
			}
		},
		{
			"from": [6, 2.1, 12],
			"to": [10, 4.1, 13],
			"faces": {
				"north": {"uv": [0, 1.3125, 0.125, 1.5], "texture": "#0"},
				"east": {"uv": [0.8125, 0.9375, 1.125, 1.125], "texture": "#0"},
				"south": {"uv": [1.3125, 1.28125, 1.4375, 1.46875], "texture": "#0"},
				"west": {"uv": [1, 0.5625, 1.3125, 0.75], "texture": "#0"},
				"up": {"uv": [0.3125, 1.375, 0.1875, 1.0625], "texture": "#0"},
				"down": {"uv": [0.4375, 1.1875, 0.3125, 1.5], "texture": "#0"}
			}
		},
		{
			"from": [5, 2.1, 10],
			"to": [6, 4.1, 11],
			"faces": {
				"north": {"uv": [1.21875, 0.09375, 1.40625, 0.25], "texture": "#0"},
				"east": {"uv": [1.125, 0.9375, 1.375, 1.09375], "texture": "#0"},
				"south": {"uv": [0.4375, 1.28125, 0.625, 1.4375], "texture": "#0"},
				"west": {"uv": [1, 1.125, 1.25, 1.28125], "texture": "#0"},
				"up": {"uv": [1.21875, 0.25, 1.03125, 0], "texture": "#0"},
				"down": {"uv": [0.1875, 1.0625, 0, 1.3125], "texture": "#0"}
			}
		},
		{
			"from": [10, 2.1, 10],
			"to": [11, 4.1, 11],
			"faces": {
				"north": {"uv": [1.21875, 0.09375, 1.40625, 0.25], "texture": "#0"},
				"east": {"uv": [1.125, 0.9375, 1.375, 1.09375], "texture": "#0"},
				"south": {"uv": [0.4375, 1.28125, 0.625, 1.4375], "texture": "#0"},
				"west": {"uv": [1, 1.125, 1.25, 1.28125], "texture": "#0"},
				"up": {"uv": [1.21875, 0.25, 1.03125, 0], "texture": "#0"},
				"down": {"uv": [0.1875, 1.0625, 0, 1.3125], "texture": "#0"}
			}
		},
		{
			"from": [10, 2.1, 5],
			"to": [11, 4.1, 6],
			"faces": {
				"north": {"uv": [1.21875, 0.09375, 1.40625, 0.25], "texture": "#0"},
				"east": {"uv": [1.125, 0.9375, 1.375, 1.09375], "texture": "#0"},
				"south": {"uv": [0.4375, 1.28125, 0.625, 1.4375], "texture": "#0"},
				"west": {"uv": [1, 1.125, 1.25, 1.28125], "texture": "#0"},
				"up": {"uv": [1.21875, 0.25, 1.03125, 0], "texture": "#0"},
				"down": {"uv": [0.1875, 1.0625, 0, 1.3125], "texture": "#0"}
			}
		},
		{
			"from": [5, 2.1, 5],
			"to": [6, 4.1, 6],
			"faces": {
				"north": {"uv": [1.21875, 0.09375, 1.40625, 0.25], "texture": "#0"},
				"east": {"uv": [1.125, 0.9375, 1.375, 1.09375], "texture": "#0"},
				"south": {"uv": [0.4375, 1.28125, 0.625, 1.4375], "texture": "#0"},
				"west": {"uv": [1, 1.125, 1.25, 1.28125], "texture": "#0"},
				"up": {"uv": [1.21875, 0.25, 1.03125, 0], "texture": "#0"},
				"down": {"uv": [0.1875, 1.0625, 0, 1.3125], "texture": "#0"}
			}
		},
		{
			"from": [5, 2.1, 4],
			"to": [11, 4.1, 5],
			"faces": {
				"north": {"uv": [1.21875, 0.09375, 1.40625, 0.25], "texture": "#0"},
				"east": {"uv": [1.125, 0.9375, 1.375, 1.09375], "texture": "#0"},
				"south": {"uv": [0.4375, 1.28125, 0.625, 1.4375], "texture": "#0"},
				"west": {"uv": [1, 1.125, 1.25, 1.28125], "texture": "#0"},
				"up": {"uv": [1.21875, 0.25, 1.03125, 0], "texture": "#0"},
				"down": {"uv": [0.1875, 1.0625, 0, 1.3125], "texture": "#0"}
			}
		},
		{
			"from": [5, 2.1, 11],
			"to": [11, 4.1, 12],
			"faces": {
				"north": {"uv": [1.21875, 0.09375, 1.40625, 0.25], "texture": "#0"},
				"east": {"uv": [1.125, 0.9375, 1.375, 1.09375], "texture": "#0"},
				"south": {"uv": [0.4375, 1.28125, 0.625, 1.4375], "texture": "#0"},
				"west": {"uv": [1, 1.125, 1.25, 1.28125], "texture": "#0"},
				"up": {"uv": [1.21875, 0.25, 1.03125, 0], "texture": "#0"},
				"down": {"uv": [0.1875, 1.0625, 0, 1.3125], "texture": "#0"}
			}
		},
		{
			"from": [-1, 0, -1],
			"to": [17, 0, 17],
			"faces": {
				"north": {"uv": [0, 0.875, 1, 0.9375], "texture": "#0"},
				"east": {"uv": [1.25, 0, 2.25, 0.0625], "texture": "#0"},
				"south": {"uv": [1.3125, 0.5625, 2.3125, 0.625], "texture": "#0"},
				"west": {"uv": [1.3125, 0.625, 2.3125, 0.6875], "texture": "#0"},
				"up": {"uv": [2.3125, 2.5, 1.3125, 1.5], "texture": "#0"},
				"down": {"uv": [1, 1.875, 0, 2.875], "texture": "#0"}
			}
		},
		{
			"from": [3, 0, 18],
			"to": [13, 0, 19],
			"faces": {
				"north": {"uv": [1.875, 1.25, 2.5, 1.3125], "texture": "#0"},
				"east": {"uv": [0.75, 0.8125, 0.8125, 0.875], "texture": "#0"},
				"south": {"uv": [1.875, 1.3125, 2.5, 1.375], "texture": "#0"},
				"west": {"uv": [0.625, 0.9375, 0.6875, 1], "texture": "#0"},
				"up": {"uv": [2.5, 1.4375, 1.875, 1.375], "texture": "#0"},
				"down": {"uv": [2.5, 1.4375, 1.875, 1.5], "texture": "#0"}
			}
		},
		{
			"from": [1, 0, 17],
			"to": [15, 0, 18],
			"faces": {
				"north": {"uv": [1.75, 0.875, 2.625, 0.9375], "texture": "#0"},
				"east": {"uv": [0.625, 0.8125, 0.6875, 0.875], "texture": "#0"},
				"south": {"uv": [1.8125, 0.4375, 2.6875, 0.5], "texture": "#0"},
				"west": {"uv": [0.6875, 0.8125, 0.75, 0.875], "texture": "#0"},
				"up": {"uv": [2.6875, 0.5625, 1.8125, 0.5], "texture": "#0"},
				"down": {"uv": [2.75, 0.1875, 1.875, 0.25], "texture": "#0"}
			}
		},
		{
			"from": [1, 0, -2],
			"to": [15, 0, -1],
			"faces": {
				"north": {"uv": [1.4375, 0.0625, 2.3125, 0.125], "texture": "#0"},
				"east": {"uv": [0.4375, 0.8125, 0.5, 0.875], "texture": "#0"},
				"south": {"uv": [1.4375, 0.125, 2.3125, 0.1875], "texture": "#0"},
				"west": {"uv": [0.5625, 0.8125, 0.625, 0.875], "texture": "#0"},
				"up": {"uv": [2.625, 0.75, 1.75, 0.6875], "texture": "#0"},
				"down": {"uv": [2.625, 0.8125, 1.75, 0.875], "texture": "#0"}
			}
		},
		{
			"from": [3, 0, -3],
			"to": [13, 0, -2],
			"faces": {
				"north": {"uv": [1.875, 1, 2.5, 1.0625], "texture": "#0"},
				"east": {"uv": [0.3125, 0.8125, 0.375, 0.875], "texture": "#0"},
				"south": {"uv": [1.875, 1.0625, 2.5, 1.125], "texture": "#0"},
				"west": {"uv": [0.375, 0.8125, 0.4375, 0.875], "texture": "#0"},
				"up": {"uv": [2.5, 1.1875, 1.875, 1.125], "texture": "#0"},
				"down": {"uv": [2.5, 1.1875, 1.875, 1.25], "texture": "#0"}
			}
		},
		{
			"from": [-2, 0, 1],
			"to": [-1, 0, 15],
			"faces": {
				"north": {"uv": [0.1875, 0.8125, 0.25, 0.875], "texture": "#0"},
				"east": {"uv": [1.375, 0.375, 2.25, 0.4375], "texture": "#0"},
				"south": {"uv": [0.25, 0.8125, 0.3125, 0.875], "texture": "#0"},
				"west": {"uv": [1.375, 0.9375, 2.25, 1], "texture": "#0"},
				"up": {"uv": [1, 0.875, 0.9375, 0], "texture": "#0"},
				"down": {"uv": [1.0625, 1.5, 1, 2.375], "texture": "#0"}
			}
		},
		{
			"from": [17, 0, 1],
			"to": [18, 0, 15],
			"faces": {
				"north": {"uv": [0.0625, 0.8125, 0.125, 0.875], "texture": "#0"},
				"east": {"uv": [1.375, 0.25, 2.25, 0.3125], "texture": "#0"},
				"south": {"uv": [0.125, 0.8125, 0.1875, 0.875], "texture": "#0"},
				"west": {"uv": [1.375, 0.3125, 2.25, 0.375], "texture": "#0"},
				"up": {"uv": [0.875, 0.875, 0.8125, 0], "texture": "#0"},
				"down": {"uv": [0.9375, 0, 0.875, 0.875], "texture": "#0"}
			}
		},
		{
			"from": [18, 0, 3],
			"to": [19, 0, 13],
			"faces": {
				"north": {"uv": [0.75, 0.625, 0.8125, 0.6875], "texture": "#0"},
				"east": {"uv": [0.625, 1.3125, 1.25, 1.375], "texture": "#0"},
				"south": {"uv": [0, 0.8125, 0.0625, 0.875], "texture": "#0"},
				"west": {"uv": [1.875, 0.75, 2.5, 0.8125], "texture": "#0"},
				"up": {"uv": [1.25, 2.3125, 1.1875, 1.6875], "texture": "#0"},
				"down": {"uv": [1.3125, 1.6875, 1.25, 2.3125], "texture": "#0"}
			}
		},
		{
			"from": [-3, 0, 3],
			"to": [-2, 0, 13],
			"faces": {
				"north": {"uv": [0.375, 0.75, 0.4375, 0.8125], "texture": "#0"},
				"east": {"uv": [0, 0.9375, 0.625, 1], "texture": "#0"},
				"south": {"uv": [0.4375, 0.75, 0.5, 0.8125], "texture": "#0"},
				"west": {"uv": [0, 1, 0.625, 1.0625], "texture": "#0"},
				"up": {"uv": [1.125, 2.125, 1.0625, 1.5], "texture": "#0"},
				"down": {"uv": [1.1875, 1.5, 1.125, 2.125], "texture": "#0"}
			}
		},
		{
			"from": [2, 0, 1],
			"to": [14, 1, 15],
			"faces": {
				"north": {"uv": [2.5, 5.5, 5, 5.75], "texture": "#0"},
				"east": {"uv": [5.5, 2.5, 8.5, 2.75], "texture": "#0"},
				"south": {"uv": [5.5, 3, 8, 3.25], "texture": "#0"},
				"west": {"uv": [5.5, 2.75, 8.5, 3], "texture": "#0"},
				"up": {"uv": [7.75, 7.25, 5.25, 4.25], "texture": "#0"},
				"down": {"uv": [2.5, 5.5, 0, 8.5], "texture": "#0"}
			}
		},
		{
			"from": [1, 0, 3],
			"to": [2, 1, 13],
			"faces": {
				"north": {"uv": [3, 5.25, 3.25, 5.5], "texture": "#0"},
				"east": {"uv": [6.25, 1.5, 8.75, 1.75], "texture": "#0"},
				"south": {"uv": [3.25, 5.25, 3.5, 5.5], "texture": "#0"},
				"west": {"uv": [6.25, 1.75, 8.75, 2], "texture": "#0"},
				"up": {"uv": [3, 8.5, 2.75, 6], "texture": "#0"},
				"down": {"uv": [3.25, 6, 3, 8.5], "texture": "#0"}
			}
		},
		{
			"from": [14, 0, 3],
			"to": [15, 1, 13],
			"faces": {
				"north": {"uv": [0.5, 1.5, 0.75, 1.75], "texture": "#0"},
				"east": {"uv": [5.5, 3.25, 8, 3.5], "texture": "#0"},
				"south": {"uv": [0.75, 1.5, 1, 1.75], "texture": "#0"},
				"west": {"uv": [2.5, 5.75, 5, 6], "texture": "#0"},
				"up": {"uv": [5.25, 7.75, 5, 5.25], "texture": "#0"},
				"down": {"uv": [2.75, 6, 2.5, 8.5], "texture": "#0"}
			}
		},
		{
			"from": [4, 0, 0],
			"to": [12, 1, 1],
			"faces": {
				"north": {"uv": [6.25, 2, 8.25, 2.25], "texture": "#0"},
				"east": {"uv": [0, 1.5, 0.25, 1.75], "texture": "#0"},
				"south": {"uv": [6.25, 2.25, 8.25, 2.5], "texture": "#0"},
				"west": {"uv": [0.25, 1.5, 0.5, 1.75], "texture": "#0"},
				"up": {"uv": [8.5, 3.75, 6.5, 3.5], "texture": "#0"},
				"down": {"uv": [8.5, 3.75, 6.5, 4], "texture": "#0"}
			}
		},
		{
			"from": [4, 0, 15],
			"to": [12, 1, 16],
			"faces": {
				"north": {"uv": [6.5, 4, 8.5, 4.25], "texture": "#0"},
				"east": {"uv": [3.5, 5.25, 3.75, 5.5], "texture": "#0"},
				"south": {"uv": [6.75, 0, 8.75, 0.25], "texture": "#0"},
				"west": {"uv": [3.75, 5.25, 4, 5.5], "texture": "#0"},
				"up": {"uv": [8.75, 0.5, 6.75, 0.25], "texture": "#0"},
				"down": {"uv": [8.75, 0.5, 6.75, 0.75], "texture": "#0"}
			}
		}
	],
	"display": {
		"thirdperson_righthand": {
			"translation": [1, 0, -1.75],
			"scale": [0.52, 0.56, 0.56]
		},
		"firstperson_righthand": {
			"translation": [0, -0.25, 0]
		},
		"firstperson_lefthand": {
			"translation": [0, -0.25, 0]
		},
		"ground": {
			"translation": [0, 0.75, 0],
			"scale": [0.5, 0.5, 0.5]
		},
		"gui": {
			"rotation": [21, -159, 0],
			"translation": [0, 3.5, 0],
			"scale": [0.65, 0.65, 0.65]
		},
		"head": {
			"translation": [0, 14.5, 0]
		},
		"fixed": {
			"translation": [0, 2.5, -2],
			"scale": [0.5, 0.5, 0.5]
		}
	}
}