{
	"credit": "Made with Blockbench",
	"texture_size": [32, 32],
	"textures": {
		"0": "mctc:decoration/food/bottle_3d",
		"1": "block/oak_planks",
		"particle": "mctc:decoration/food/bottle_3d"
	},
	"elements": [
		{
			"from": [6, 1, 6],
			"to": [10, 2, 10],
			"faces": {
				"north": {"uv": [0, 6, 2, 6.5], "texture": "#0", "tintindex": 0},
				"east": {"uv": [4, 6, 6, 6.5], "texture": "#0", "tintindex": 0},
				"south": {"uv": [0, 6.5, 2, 7], "texture": "#0", "tintindex": 0},
				"west": {"uv": [4, 6.5, 6, 7], "texture": "#0", "tintindex": 0},
				"down": {"uv": [6, 0, 4, 2], "texture": "#0", "tintindex": 0}
			}
		},
		{
			"from": [6, 1, 5],
			"to": [10, 2, 6],
			"faces": {
				"north": {"uv": [0, 7, 2, 7.5], "texture": "#0", "tintindex": 0},
				"east": {"uv": [11.5, 4, 12, 4.5], "texture": "#0", "tintindex": 0},
				"west": {"uv": [11.5, 4.5, 12, 5], "texture": "#0", "tintindex": 0},
				"down": {"uv": [9, 6.5, 7, 7], "texture": "#0", "tintindex": 0}
			}
		},
		{
			"from": [6, 1, 10],
			"to": [10, 2, 11],
			"faces": {
				"east": {"uv": [11.5, 6, 12, 6.5], "texture": "#0", "tintindex": 0},
				"south": {"uv": [8, 1.5, 10, 2], "texture": "#0", "tintindex": 0},
				"west": {"uv": [11.5, 6.5, 12, 7], "texture": "#0", "tintindex": 0},
				"down": {"uv": [10, 2.5, 8, 3], "texture": "#0", "tintindex": 0}
			}
		},
		{
			"from": [6, 2, 11],
			"to": [10, 6, 12],
			"faces": {
				"east": {"uv": [12.5, 0, 13, 2], "texture": "#0", "tintindex": 0},
				"south": {"uv": [2, 4, 4, 6], "texture": "#0", "tintindex": 0},
				"west": {"uv": [2, 12.5, 2.5, 14.5], "texture": "#0", "tintindex": 0},
				"up": {"uv": [14.5, 2.5, 12.5, 2], "texture": "#0", "tintindex": 0},
				"down": {"uv": [4.5, 12.5, 2.5, 13], "texture": "#0", "tintindex": 0}
			}
		},
		{
			"from": [6, 2, 4],
			"to": [10, 6, 5],
			"faces": {
				"north": {"uv": [4, 2, 6, 4], "texture": "#0", "tintindex": 0},
				"east": {"uv": [12.5, 2.5, 13, 4.5], "texture": "#0", "tintindex": 0},
				"west": {"uv": [4.5, 12.5, 5, 14.5], "texture": "#0", "tintindex": 0},
				"up": {"uv": [14.5, 5, 12.5, 4.5], "texture": "#0", "tintindex": 0},
				"down": {"uv": [7, 12.5, 5, 13], "texture": "#0", "tintindex": 0}
			}
		},
		{
			"from": [4, 2, 6],
			"to": [5, 6, 10],
			"faces": {
				"north": {"uv": [12.5, 5, 13, 7], "texture": "#0", "tintindex": 0},
				"south": {"uv": [7, 12.5, 7.5, 14.5], "texture": "#0", "tintindex": 0},
				"west": {"uv": [4, 4, 6, 6], "texture": "#0", "tintindex": 0},
				"up": {"uv": [13, 9, 12.5, 7], "texture": "#0", "tintindex": 0},
				"down": {"uv": [8, 12.5, 7.5, 14.5], "texture": "#0", "tintindex": 0}
			}
		},
		{
			"from": [11, 2, 6],
			"to": [12, 6, 10],
			"faces": {
				"north": {"uv": [8, 12.5, 8.5, 14.5], "texture": "#0", "tintindex": 0},
				"east": {"uv": [12, 12, 14, 14], "texture": "#0", "tintindex": 0},
				"south": {"uv": [8.5, 12.5, 9, 14.5], "texture": "#0", "tintindex": 0},
				"up": {"uv": [9.5, 14.5, 9, 12.5], "texture": "#0", "tintindex": 0},
				"down": {"uv": [13, 9, 12.5, 11], "texture": "#0", "tintindex": 0}
			}
		},
		{
			"from": [5, 2, 10],
			"to": [6, 6, 11],
			"faces": {
				"south": {"uv": [9.5, 12.5, 10, 14.5], "texture": "#0", "tintindex": 0},
				"west": {"uv": [10, 12.5, 10.5, 14.5], "texture": "#0", "tintindex": 0},
				"up": {"uv": [12, 8.5, 11.5, 8], "texture": "#0", "tintindex": 0},
				"down": {"uv": [12, 9.5, 11.5, 10], "texture": "#0", "tintindex": 0}
			}
		},
		{
			"from": [5, 2, 5],
			"to": [6, 6, 6],
			"faces": {
				"north": {"uv": [10.5, 12.5, 11, 14.5], "texture": "#0", "tintindex": 0},
				"west": {"uv": [11, 12.5, 11.5, 14.5], "texture": "#0", "tintindex": 0},
				"up": {"uv": [12, 11, 11.5, 10.5], "texture": "#0", "tintindex": 0},
				"down": {"uv": [11.5, 11.5, 11, 12], "texture": "#0", "tintindex": 0}
			}
		},
		{
			"from": [10, 2, 5],
			"to": [11, 6, 6],
			"faces": {
				"north": {"uv": [11.5, 12.5, 12, 14.5], "texture": "#0", "tintindex": 0},
				"east": {"uv": [13, 0, 13.5, 2], "texture": "#0", "tintindex": 0},
				"up": {"uv": [13.5, 10, 13, 9.5], "texture": "#0", "tintindex": 0},
				"down": {"uv": [13.5, 10, 13, 10.5], "texture": "#0", "tintindex": 0}
			}
		},
		{
			"from": [10, 2, 10],
			"to": [11, 6, 11],
			"faces": {
				"east": {"uv": [2.5, 13, 3, 15], "texture": "#0", "tintindex": 0},
				"south": {"uv": [13, 2.5, 13.5, 4.5], "texture": "#0", "tintindex": 0},
				"up": {"uv": [13.5, 11, 13, 10.5], "texture": "#0", "tintindex": 0},
				"down": {"uv": [14, 2.5, 13.5, 3], "texture": "#0", "tintindex": 0}
			}
		},
		{
			"from": [10, 1, 6],
			"to": [11, 2, 10],
			"faces": {
				"north": {"uv": [13.5, 3, 14, 3.5], "texture": "#0", "tintindex": 0},
				"east": {"uv": [12.5, 11, 14.5, 11.5], "texture": "#0", "tintindex": 0},
				"south": {"uv": [13.5, 3.5, 14, 4], "texture": "#0", "tintindex": 0},
				"down": {"uv": [3.5, 13, 3, 15], "texture": "#0", "tintindex": 0}
			}
		},
		{
			"from": [5, 1, 6],
			"to": [6, 2, 10],
			"faces": {
				"north": {"uv": [13.5, 4, 14, 4.5], "texture": "#0", "tintindex": 0},
				"south": {"uv": [5, 13.5, 5.5, 14], "texture": "#0", "tintindex": 0},
				"west": {"uv": [12.5, 11.5, 14.5, 12], "texture": "#0", "tintindex": 0},
				"down": {"uv": [4, 13, 3.5, 15], "texture": "#0", "tintindex": 0}
			}
		},
		{
			"from": [6, 6, 10],
			"to": [10, 7, 11],
			"faces": {
				"east": {"uv": [5.5, 13.5, 6, 14], "texture": "#0", "tintindex": 0},
				"south": {"uv": [5, 13, 7, 13.5], "texture": "#0", "tintindex": 0},
				"west": {"uv": [6, 13.5, 6.5, 14], "texture": "#0", "tintindex": 0},
				"up": {"uv": [15, 5.5, 13, 5], "texture": "#0", "tintindex": 0}
			}
		},
		{
			"from": [6, 6, 5],
			"to": [10, 7, 6],
			"faces": {
				"north": {"uv": [13, 5.5, 15, 6], "texture": "#0", "tintindex": 0},
				"east": {"uv": [6.5, 13.5, 7, 14], "texture": "#0", "tintindex": 0},
				"west": {"uv": [13.5, 9.5, 14, 10], "texture": "#0", "tintindex": 0},
				"up": {"uv": [15, 6.5, 13, 6], "texture": "#0", "tintindex": 0}
			}
		},
		{
			"from": [6, 6, 6],
			"to": [10, 7, 10],
			"faces": {
				"north": {"uv": [13, 6.5, 15, 7], "texture": "#0", "tintindex": 0},
				"east": {"uv": [13, 7, 15, 7.5], "texture": "#0", "tintindex": 0},
				"south": {"uv": [13, 7.5, 15, 8], "texture": "#0", "tintindex": 0},
				"west": {"uv": [13, 8, 15, 8.5], "texture": "#0", "tintindex": 0},
				"up": {"uv": [2, 14.5, 0, 12.5], "texture": "#0", "tintindex": 0}
			}
		},
		{
			"from": [5, 6, 6],
			"to": [6, 7, 10],
			"faces": {
				"north": {"uv": [13.5, 10, 14, 10.5], "texture": "#0", "tintindex": 0},
				"south": {"uv": [13.5, 10.5, 14, 11], "texture": "#0", "tintindex": 0},
				"west": {"uv": [13, 8.5, 15, 9], "texture": "#0", "tintindex": 0},
				"up": {"uv": [4.5, 15, 4, 13], "texture": "#0", "tintindex": 0}
			}
		},
		{
			"from": [10, 6, 6],
			"to": [11, 7, 10],
			"faces": {
				"north": {"uv": [14, 0, 14.5, 0.5], "texture": "#0", "tintindex": 0},
				"east": {"uv": [13, 9, 15, 9.5], "texture": "#0", "tintindex": 0},
				"south": {"uv": [14, 0.5, 14.5, 1], "texture": "#0", "tintindex": 0},
				"up": {"uv": [14, 2, 13.5, 0], "texture": "#0", "tintindex": 0}
			}
		},
		{
			"from": [6, 0, 6],
			"to": [10, 1, 10],
			"faces": {
				"down": {"uv": [2, 0, 0, 2], "texture": "#0"}
			}
		},
		{
			"from": [5, 0, 6],
			"to": [6, 1, 10],
			"faces": {
				"north": {"uv": [9.5, 11, 10, 11.5], "texture": "#0"},
				"south": {"uv": [10, 11, 10.5, 11.5], "texture": "#0"},
				"west": {"uv": [6, 5, 8, 5.5], "texture": "#0"},
				"down": {"uv": [6.5, 5.5, 6, 7.5], "texture": "#0"}
			}
		},
		{
			"from": [4, 1, 6],
			"to": [5, 2, 10],
			"faces": {
				"north": {"uv": [10.5, 11, 11, 11.5], "texture": "#0"},
				"south": {"uv": [11, 11, 11.5, 11.5], "texture": "#0"},
				"west": {"uv": [6.5, 5.5, 8.5, 6], "texture": "#0"},
				"down": {"uv": [7, 6, 6.5, 8], "texture": "#0"}
			}
		},
		{
			"from": [10, 0, 6],
			"to": [11, 1, 10],
			"faces": {
				"north": {"uv": [0, 11.5, 0.5, 12], "texture": "#0"},
				"east": {"uv": [2, 7, 4, 7.5], "texture": "#0"},
				"south": {"uv": [0.5, 11.5, 1, 12], "texture": "#0"},
				"down": {"uv": [4.5, 7, 4, 9], "texture": "#0"}
			}
		},
		{
			"from": [11, 1, 6],
			"to": [12, 2, 10],
			"faces": {
				"north": {"uv": [1, 11.5, 1.5, 12], "texture": "#0"},
				"east": {"uv": [7, 6, 9, 6.5], "texture": "#0"},
				"south": {"uv": [1.5, 11.5, 2, 12], "texture": "#0"},
				"down": {"uv": [5, 7, 4.5, 9], "texture": "#0"}
			}
		},
		{
			"from": [12, 2, 6],
			"to": [13, 6, 10],
			"faces": {
				"north": {"uv": [5, 7, 5.5, 9], "texture": "#0"},
				"east": {"uv": [0, 2, 2, 4], "texture": "#0"},
				"south": {"uv": [5.5, 7, 6, 9], "texture": "#0"},
				"up": {"uv": [7.5, 9, 7, 7], "texture": "#0"},
				"down": {"uv": [0.5, 7.5, 0, 9.5], "texture": "#0"}
			}
		},
		{
			"from": [3, 2, 6],
			"to": [4, 6, 10],
			"faces": {
				"north": {"uv": [0.5, 7.5, 1, 9.5], "texture": "#0"},
				"south": {"uv": [1, 7.5, 1.5, 9.5], "texture": "#0"},
				"west": {"uv": [2, 0, 4, 2], "texture": "#0"},
				"up": {"uv": [2, 9.5, 1.5, 7.5], "texture": "#0"},
				"down": {"uv": [2.5, 7.5, 2, 9.5], "texture": "#0"}
			}
		},
		{
			"from": [6, 2, 3],
			"to": [10, 6, 4],
			"faces": {
				"north": {"uv": [2, 2, 4, 4], "texture": "#0"},
				"east": {"uv": [2.5, 7.5, 3, 9.5], "texture": "#0"},
				"west": {"uv": [3, 7.5, 3.5, 9.5], "texture": "#0"},
				"up": {"uv": [9.5, 7.5, 7.5, 7], "texture": "#0"},
				"down": {"uv": [9.5, 7.5, 7.5, 8], "texture": "#0"}
			}
		},
		{
			"from": [6, 2, 12],
			"to": [10, 6, 13],
			"faces": {
				"east": {"uv": [3.5, 7.5, 4, 9.5], "texture": "#0"},
				"south": {"uv": [0, 4, 2, 6], "texture": "#0"},
				"west": {"uv": [6, 7.5, 6.5, 9.5], "texture": "#0"},
				"up": {"uv": [10, 0.5, 8, 0], "texture": "#0"},
				"down": {"uv": [10, 0.5, 8, 1], "texture": "#0"}
			}
		},
		{
			"from": [6, 1, 4],
			"to": [10, 2, 5],
			"faces": {
				"north": {"uv": [8, 1, 10, 1.5], "texture": "#0"},
				"east": {"uv": [2, 11.5, 2.5, 12], "texture": "#0"},
				"west": {"uv": [2.5, 11.5, 3, 12], "texture": "#0"},
				"down": {"uv": [10, 2, 8, 2.5], "texture": "#0"}
			}
		},
		{
			"from": [6, 1, 11],
			"to": [10, 2, 12],
			"faces": {
				"east": {"uv": [3, 11.5, 3.5, 12], "texture": "#0"},
				"south": {"uv": [8, 3, 10, 3.5], "texture": "#0"},
				"west": {"uv": [3.5, 11.5, 4, 12], "texture": "#0"},
				"down": {"uv": [10, 3.5, 8, 4], "texture": "#0"}
			}
		},
		{
			"from": [5, 1, 5],
			"to": [6, 2, 6],
			"faces": {
				"north": {"uv": [11.5, 3.5, 12, 4], "texture": "#0"},
				"west": {"uv": [11.5, 5, 12, 5.5], "texture": "#0"},
				"down": {"uv": [6.5, 11.5, 6, 12], "texture": "#0"}
			}
		},
		{
			"from": [5, 1, 10],
			"to": [6, 2, 11],
			"faces": {
				"south": {"uv": [11.5, 7, 12, 7.5], "texture": "#0"},
				"west": {"uv": [7.5, 11.5, 8, 12], "texture": "#0"},
				"down": {"uv": [12, 7.5, 11.5, 8], "texture": "#0"}
			}
		},
		{
			"from": [10, 1, 10],
			"to": [11, 2, 11],
			"faces": {
				"east": {"uv": [11.5, 9, 12, 9.5], "texture": "#0"},
				"south": {"uv": [9.5, 11.5, 10, 12], "texture": "#0"},
				"down": {"uv": [10.5, 11.5, 10, 12], "texture": "#0"}
			}
		},
		{
			"from": [10, 1, 5],
			"to": [11, 2, 6],
			"faces": {
				"north": {"uv": [11.5, 10, 12, 10.5], "texture": "#0"},
				"east": {"uv": [10.5, 11.5, 11, 12], "texture": "#0"},
				"down": {"uv": [12, 11, 11.5, 11.5], "texture": "#0"}
			}
		},
		{
			"from": [4, 6, 6],
			"to": [5, 7, 10],
			"faces": {
				"north": {"uv": [11.5, 11.5, 12, 12], "texture": "#0"},
				"south": {"uv": [0, 12, 0.5, 12.5], "texture": "#0"},
				"west": {"uv": [8, 4, 10, 4.5], "texture": "#0"},
				"up": {"uv": [7, 10, 6.5, 8], "texture": "#0"}
			}
		},
		{
			"from": [5, 6, 5],
			"to": [6, 7, 6],
			"faces": {
				"north": {"uv": [12, 0, 12.5, 0.5], "texture": "#0"},
				"west": {"uv": [0.5, 12, 1, 12.5], "texture": "#0"},
				"up": {"uv": [12.5, 1, 12, 0.5], "texture": "#0"}
			}
		},
		{
			"from": [6, 6, 4],
			"to": [10, 7, 5],
			"faces": {
				"north": {"uv": [8, 4.5, 10, 5], "texture": "#0"},
				"east": {"uv": [1, 12, 1.5, 12.5], "texture": "#0"},
				"west": {"uv": [12, 1, 12.5, 1.5], "texture": "#0"},
				"up": {"uv": [10, 5.5, 8, 5], "texture": "#0"}
			}
		},
		{
			"from": [10, 6, 5],
			"to": [11, 7, 6],
			"faces": {
				"north": {"uv": [1.5, 12, 2, 12.5], "texture": "#0"},
				"east": {"uv": [12, 1.5, 12.5, 2], "texture": "#0"},
				"up": {"uv": [2.5, 12.5, 2, 12], "texture": "#0"}
			}
		},
		{
			"from": [11, 6, 6],
			"to": [12, 7, 10],
			"faces": {
				"north": {"uv": [12, 2, 12.5, 2.5], "texture": "#0"},
				"east": {"uv": [7.5, 8, 9.5, 8.5], "texture": "#0"},
				"south": {"uv": [2.5, 12, 3, 12.5], "texture": "#0"},
				"up": {"uv": [8, 10.5, 7.5, 8.5], "texture": "#0"}
			}
		},
		{
			"from": [10, 6, 10],
			"to": [11, 7, 11],
			"faces": {
				"east": {"uv": [12, 2.5, 12.5, 3], "texture": "#0"},
				"south": {"uv": [3, 12, 3.5, 12.5], "texture": "#0"},
				"up": {"uv": [12.5, 3.5, 12, 3], "texture": "#0"}
			}
		},
		{
			"from": [6, 6, 11],
			"to": [10, 7, 12],
			"faces": {
				"east": {"uv": [3.5, 12, 4, 12.5], "texture": "#0"},
				"south": {"uv": [8.5, 5.5, 10.5, 6], "texture": "#0"},
				"west": {"uv": [12, 3.5, 12.5, 4], "texture": "#0"},
				"up": {"uv": [10, 9, 8, 8.5], "texture": "#0"}
			}
		},
		{
			"from": [5, 6, 10],
			"to": [6, 7, 11],
			"faces": {
				"south": {"uv": [4, 12, 4.5, 12.5], "texture": "#0"},
				"west": {"uv": [12, 4, 12.5, 4.5], "texture": "#0"},
				"up": {"uv": [5, 12.5, 4.5, 12], "texture": "#0"}
			}
		},
		{
			"from": [10, 2, 4],
			"to": [11, 6, 5],
			"faces": {
				"north": {"uv": [4, 9, 4.5, 11], "texture": "#0"},
				"east": {"uv": [4.5, 9, 5, 11], "texture": "#0"},
				"up": {"uv": [12.5, 5, 12, 4.5], "texture": "#0"},
				"down": {"uv": [5.5, 12, 5, 12.5], "texture": "#0"}
			}
		},
		{
			"from": [11, 2, 5],
			"to": [12, 6, 6],
			"faces": {
				"north": {"uv": [5, 9, 5.5, 11], "texture": "#0"},
				"east": {"uv": [5.5, 9, 6, 11], "texture": "#0"},
				"up": {"uv": [12.5, 5.5, 12, 5], "texture": "#0"},
				"down": {"uv": [6, 12, 5.5, 12.5], "texture": "#0"}
			}
		},
		{
			"from": [5, 2, 4],
			"to": [6, 6, 5],
			"faces": {
				"north": {"uv": [7, 9, 7.5, 11], "texture": "#0"},
				"west": {"uv": [8, 9, 8.5, 11], "texture": "#0"},
				"up": {"uv": [6.5, 12.5, 6, 12], "texture": "#0"},
				"down": {"uv": [12.5, 6, 12, 6.5], "texture": "#0"}
			}
		},
		{
			"from": [4, 2, 5],
			"to": [5, 6, 6],
			"faces": {
				"north": {"uv": [8.5, 9, 9, 11], "texture": "#0"},
				"west": {"uv": [9, 9, 9.5, 11], "texture": "#0"},
				"up": {"uv": [7, 12.5, 6.5, 12], "texture": "#0"},
				"down": {"uv": [12.5, 6.5, 12, 7], "texture": "#0"}
			}
		},
		{
			"from": [4, 2, 10],
			"to": [5, 6, 11],
			"faces": {
				"south": {"uv": [0, 9.5, 0.5, 11.5], "texture": "#0"},
				"west": {"uv": [0.5, 9.5, 1, 11.5], "texture": "#0"},
				"up": {"uv": [7.5, 12.5, 7, 12], "texture": "#0"},
				"down": {"uv": [12.5, 7, 12, 7.5], "texture": "#0"}
			}
		},
		{
			"from": [5, 2, 11],
			"to": [6, 6, 12],
			"faces": {
				"south": {"uv": [1, 9.5, 1.5, 11.5], "texture": "#0"},
				"west": {"uv": [1.5, 9.5, 2, 11.5], "texture": "#0"},
				"up": {"uv": [8, 12.5, 7.5, 12], "texture": "#0"},
				"down": {"uv": [12.5, 7.5, 12, 8], "texture": "#0"}
			}
		},
		{
			"from": [10, 2, 11],
			"to": [11, 6, 12],
			"faces": {
				"east": {"uv": [2, 9.5, 2.5, 11.5], "texture": "#0"},
				"south": {"uv": [2.5, 9.5, 3, 11.5], "texture": "#0"},
				"up": {"uv": [8.5, 12.5, 8, 12], "texture": "#0"},
				"down": {"uv": [12.5, 8, 12, 8.5], "texture": "#0"}
			}
		},
		{
			"from": [6, 0, 5],
			"to": [10, 1, 6],
			"faces": {
				"north": {"uv": [9, 6, 11, 6.5], "texture": "#0"},
				"east": {"uv": [9, 12, 9.5, 12.5], "texture": "#0"},
				"west": {"uv": [12, 9, 12.5, 9.5], "texture": "#0"},
				"down": {"uv": [11, 6.5, 9, 7], "texture": "#0"}
			}
		},
		{
			"from": [6, 0, 10],
			"to": [10, 1, 11],
			"faces": {
				"east": {"uv": [9.5, 12, 10, 12.5], "texture": "#0"},
				"south": {"uv": [9.5, 7, 11.5, 7.5], "texture": "#0"},
				"west": {"uv": [12, 9.5, 12.5, 10], "texture": "#0"},
				"down": {"uv": [11.5, 7.5, 9.5, 8], "texture": "#0"}
			}
		},
		{
			"from": [6, 7, 5],
			"to": [10, 8, 6],
			"faces": {
				"north": {"uv": [9.5, 8, 11.5, 8.5], "texture": "#0"},
				"east": {"uv": [10, 12, 10.5, 12.5], "texture": "#0"},
				"west": {"uv": [12, 10, 12.5, 10.5], "texture": "#0"},
				"up": {"uv": [11.5, 9.5, 9.5, 9], "texture": "#0"}
			}
		},
		{
			"from": [10, 7, 6],
			"to": [11, 8, 10],
			"faces": {
				"north": {"uv": [10.5, 12, 11, 12.5], "texture": "#0"},
				"east": {"uv": [9.5, 9.5, 11.5, 10], "texture": "#0"},
				"south": {"uv": [12, 10.5, 12.5, 11], "texture": "#0"},
				"up": {"uv": [6.5, 11.5, 6, 9.5], "texture": "#0"}
			}
		},
		{
			"from": [6, 8, 6],
			"to": [7, 10, 10],
			"faces": {
				"north": {"uv": [7.5, 10.5, 8, 11.5], "texture": "#0"},
				"south": {"uv": [11, 3.5, 11.5, 4.5], "texture": "#0"},
				"west": {"uv": [6, 0, 8, 1], "texture": "#0"}
			}
		},
		{
			"from": [6, 7, 10],
			"to": [10, 8, 11],
			"faces": {
				"east": {"uv": [11.5, 12, 12, 12.5], "texture": "#0"},
				"south": {"uv": [10, 2.5, 12, 3], "texture": "#0"},
				"west": {"uv": [12, 11.5, 12.5, 12], "texture": "#0"},
				"up": {"uv": [12, 3.5, 10, 3], "texture": "#0"}
			}
		},
		{
			"from": [7, 8, 6],
			"to": [9, 10, 7],
			"faces": {
				"north": {"uv": [11, 1.5, 12, 2.5], "texture": "#0"}
			}
		},
		{
			"from": [7, 8, 9],
			"to": [9, 10, 10],
			"faces": {
				"south": {"uv": [11, 0.5, 12, 1.5], "texture": "#0"}
			}
		},
		{
			"from": [6, 10, 10],
			"to": [10, 12, 11],
			"faces": {
				"east": {"uv": [8.5, 11, 9, 12], "texture": "#0"},
				"south": {"uv": [6, 4, 8, 5], "texture": "#0"},
				"west": {"uv": [9, 11, 9.5, 12], "texture": "#0"},
				"up": {"uv": [12.5, 6, 10.5, 5.5], "texture": "#0"},
				"down": {"uv": [11.5, 10.5, 9.5, 11], "texture": "#0"}
			}
		},
		{
			"from": [5, 10, 6],
			"to": [6, 12, 10],
			"faces": {
				"north": {"uv": [11, 4.5, 11.5, 5.5], "texture": "#0"},
				"south": {"uv": [5, 11, 5.5, 12], "texture": "#0"},
				"west": {"uv": [2, 6, 4, 7], "texture": "#0"},
				"up": {"uv": [10.5, 5.5, 10, 3.5], "texture": "#0"},
				"down": {"uv": [7, 10, 6.5, 12], "texture": "#0"}
			}
		},
		{
			"from": [10, 10, 6],
			"to": [11, 12, 10],
			"faces": {
				"north": {"uv": [7, 11, 7.5, 12], "texture": "#0"},
				"east": {"uv": [6, 3, 8, 4], "texture": "#0"},
				"south": {"uv": [8, 11, 8.5, 12], "texture": "#0"},
				"up": {"uv": [11, 2.5, 10.5, 0.5], "texture": "#0"},
				"down": {"uv": [11, 3.5, 10.5, 5.5], "texture": "#0"}
			}
		},
		{
			"from": [6, 10, 5],
			"to": [10, 12, 6],
			"faces": {
				"north": {"uv": [6, 2, 8, 3], "texture": "#0"},
				"east": {"uv": [5.5, 11, 6, 12], "texture": "#0"},
				"west": {"uv": [11, 6, 11.5, 7], "texture": "#0"},
				"up": {"uv": [12, 9, 10, 8.5], "texture": "#0"},
				"down": {"uv": [11.5, 10, 9.5, 10.5], "texture": "#0"}
			}
		},
		{
			"from": [9, 8, 6],
			"to": [10, 10, 10],
			"faces": {
				"north": {"uv": [4, 11, 4.5, 12], "texture": "#0"},
				"east": {"uv": [6, 1, 8, 2], "texture": "#0"},
				"south": {"uv": [4.5, 11, 5, 12], "texture": "#0"}
			}
		},
		{
			"from": [5, 7, 6],
			"to": [6, 8, 10],
			"faces": {
				"north": {"uv": [11, 12, 11.5, 12.5], "texture": "#0"},
				"south": {"uv": [12, 11, 12.5, 11.5], "texture": "#0"},
				"west": {"uv": [10, 0, 12, 0.5], "texture": "#0"},
				"up": {"uv": [10.5, 2.5, 10, 0.5], "texture": "#0"}
			}
		},
		{
			"from": [11, 2, 10],
			"to": [12, 6, 11],
			"faces": {
				"east": {"uv": [3, 9.5, 3.5, 11.5], "texture": "#0"},
				"south": {"uv": [3.5, 9.5, 4, 11.5], "texture": "#0"},
				"up": {"uv": [9, 12.5, 8.5, 12], "texture": "#0"},
				"down": {"uv": [12.5, 8.5, 12, 9], "texture": "#0"}
			}
		},
		{
			"from": [6, 10, 6],
			"to": [10, 13, 10],
			"faces": {
				"north": {"uv": [4, 3, 6, 4.5], "texture": "#1"},
				"east": {"uv": [2, 3, 4, 4.5], "texture": "#1"},
				"south": {"uv": [0, 3, 2, 4.5], "texture": "#1"},
				"west": {"uv": [14, 3, 16, 4.5], "texture": "#1"},
				"up": {"uv": [16, 4, 14, 2], "texture": "#1"},
				"down": {"uv": [4, 4, 2, 6], "texture": "#1"}
			}
		}
	],
	"groups": [
		{
			"name": "Liquid",
			"origin": [0, 0, 0],
			"color": 0,
			"children": [0, 1, 2, 3, 4, 5, 6, 7, 8, 9, 10, 11, 12, 13, 14, 15, 16, 17]
		},
		{
			"name": "Bottle",
			"origin": [0, 0, 0],
			"color": 0,
			"children": [18, 19, 20, 21, 22, 23, 24, 25, 26, 27, 28, 29, 30, 31, 32, 33, 34, 35, 36, 37, 38, 39, 40, 41, 42, 43, 44, 45, 46, 47, 48, 49, 50, 51, 52, 53, 54, 55, 56, 57, 58, 59, 60, 61, 62]
		},
		{
			"name": "Cork",
			"origin": [0, 0, 0],
			"color": 0,
			"children": [63]
		}
	]
}