{
	"credit": "Made with Blockbench",
	"parent": "minecraft:item/generated",
	"textures": {
		"layer0": "mctc:decoration/food/heart_question"
	},
	"display": {
		"thirdperson_righthand": {
			"translation": [0.5, 1.25, 0],
			"scale": [0.2, 0.2, 0.2]
		},
		"thirdperson_lefthand": {
			"translation": [0.5, 1.25, 0],
			"scale": [0.2, 0.2, 0.2]
		},
		"firstperson_righthand": {
			"rotation": [0, -80, 0],
			"translation": [0.5, 1.5, 0],
			"scale": [0.35, 0.35, 0.35]
		},
		"firstperson_lefthand": {
			"rotation": [0, -80, 0],
			"translation": [0.5, 1.5, 0],
			"scale": [0.35, 0.35, 0.35]
		},
		"ground": {
			"translation": [0.5, -0.5, 0],
			"scale": [0.4, 0.4, 0.4]
		},
		"gui": {
			"rotation": [0, 27, 8],
			"scale": [0.5, 0.5, 0.5]
		},
		"fixed": {
			"rotation": [0, -180, 0],
			"translation": [-0.5, -0.5, 0],
			"scale": [0.51, 0.51, 0.51]
		}
	}
}