{
	"credit": "Made with Blockbench",
	"parent": "minecraft:item/generated",
	"textures": {
		"layer0": "mctc:decoration/food/hotchocolate_marsh"
	},
	"display": {
		"thirdperson_righthand": {
			"translation": [0.5, 3, 0],
			"scale": [0.4, 0.4, 0.4]
		},
		"thirdperson_lefthand": {
			"translation": [-0.25, 3, 0],
			"scale": [0.4, 0.4, 0.4]
		},
		"firstperson_righthand": {
			"rotation": [0, -80, 0],
			"translation": [0.5, 1.5, 0]
		},
		"firstperson_lefthand": {
			"rotation": [0, 80, 0],
			"translation": [0.5, 1.5, 0]
		},
		"ground": {
			"translation": [0.5, -0.5, 0],
			"scale": [0.4, 0.4, 0.4]
		},
		"gui": {
			"translation": [0.5, -0.5, 0],
			"scale": [0.9, 0.9, 0.9]
		},
		"fixed": {
			"rotation": [0, -180, 0],
			"translation": [0.5, -0.5, 0]
		}
	}
}