{
	"credit": "Made with Blockbench",
	"textures": {
		"0": "mctc:decoration/food/plate",
		"1": "mctc:decoration/food/cookies",
		"particle": "mctc:decoration/food/plate"
	},
	"elements": [
		{
			"name": "base",
			"from": [4, 0, 4],
			"to": [12, 0.75, 12],
			"faces": {
				"up": {"uv": [5, 5, 1, 1], "texture": "#0"},
				"down": {"uv": [5, 7, 1, 11], "texture": "#0"}
			}
		},
		{
			"from": [3, 0, 3],
			"to": [4, 1, 13],
			"faces": {
				"north": {"uv": [0.5, 11, 1, 11.5], "texture": "#0"},
				"east": {"uv": [0.5, 0.5, 1, 5.5], "rotation": 90, "texture": "#0"},
				"south": {"uv": [0.5, 6.5, 1, 7], "texture": "#0"},
				"west": {"uv": [0.5, 6.5, 1, 11.5], "rotation": 90, "texture": "#0"},
				"up": {"uv": [1, 5.5, 0.5, 0.5], "rotation": 180, "texture": "#0"},
				"down": {"uv": [1, 6.5, 0.5, 11.5], "texture": "#0"}
			}
		},
		{
			"from": [12, 0, 3],
			"to": [13, 1, 13],
			"faces": {
				"north": {"uv": [5, 11, 5.5, 11.5], "texture": "#0"},
				"east": {"uv": [5, 6.5, 5.5, 11.5], "rotation": 270, "texture": "#0"},
				"south": {"uv": [5, 6.5, 5.5, 7], "texture": "#0"},
				"west": {"uv": [5, 0.5, 5.5, 5.5], "rotation": 270, "texture": "#0"},
				"up": {"uv": [5.5, 5.5, 5, 0.5], "rotation": 180, "texture": "#0"},
				"down": {"uv": [5.5, 6.5, 5, 11.5], "texture": "#0"}
			}
		},
		{
			"from": [4, 0, 3],
			"to": [12, 1, 4],
			"faces": {
				"north": {"uv": [1, 11, 5, 11.5], "rotation": 180, "texture": "#0"},
				"south": {"uv": [1, 0.5, 5, 1], "texture": "#0"},
				"up": {"uv": [5, 1, 1, 0.5], "texture": "#0"},
				"down": {"uv": [5, 11, 1, 11.5], "rotation": 180, "texture": "#0"}
			}
		},
		{
			"from": [4, 0, 12],
			"to": [12, 1, 13],
			"faces": {
				"north": {"uv": [1, 5, 5, 5.5], "rotation": 180, "texture": "#0"},
				"south": {"uv": [1, 6.5, 5, 7], "texture": "#0"},
				"up": {"uv": [5, 5.5, 1, 5], "rotation": 180, "texture": "#0"},
				"down": {"uv": [5, 6.5, 1, 7], "rotation": 180, "texture": "#0"}
			}
		},
		{
			"from": [13, 0.25, 2],
			"to": [14, 1.25, 14],
			"faces": {
				"north": {"uv": [5.5, 0, 6, 0.5], "texture": "#0"},
				"east": {"uv": [5.5, 0, 6, 6], "rotation": 90, "texture": "#0"},
				"south": {"uv": [5.5, 5.5, 6, 6], "texture": "#0"},
				"west": {"uv": [5.5, 0, 6, 6], "rotation": 270, "texture": "#0"},
				"up": {"uv": [6, 6, 5.5, 0], "rotation": 180, "texture": "#0"},
				"down": {"uv": [6, 6, 5.5, 12], "texture": "#0"}
			}
		},
		{
			"from": [3, 0.25, 13],
			"to": [13, 1.25, 14],
			"faces": {
				"north": {"uv": [0.5, 5.5, 5.5, 6], "rotation": 180, "texture": "#0"},
				"south": {"uv": [0.5, 5.5, 5.5, 6], "texture": "#0"},
				"up": {"uv": [5.5, 6, 0.5, 5.5], "rotation": 180, "texture": "#0"},
				"down": {"uv": [5.5, 6, 0.5, 6.5], "rotation": 180, "texture": "#0"}
			}
		},
		{
			"from": [2, 0.25, 2],
			"to": [3, 1.25, 14],
			"faces": {
				"north": {"uv": [0, 0, 0.5, 0.5], "texture": "#0"},
				"east": {"uv": [0, 0, 0.5, 6], "rotation": 90, "texture": "#0"},
				"south": {"uv": [0, 5.5, 0.5, 6], "texture": "#0"},
				"west": {"uv": [0, 0, 0.5, 6], "rotation": 270, "texture": "#0"},
				"up": {"uv": [0.5, 6, 0, 0], "rotation": 180, "texture": "#0"},
				"down": {"uv": [0.5, 6, 0, 12], "texture": "#0"}
			}
		},
		{
			"from": [3, 0.25, 2],
			"to": [13, 1.25, 3],
			"faces": {
				"north": {"uv": [0.5, 0, 5.5, 0.5], "rotation": 180, "texture": "#0"},
				"south": {"uv": [0.5, 0, 5.5, 0.5], "texture": "#0"},
				"up": {"uv": [5.5, 0.5, 0.5, 0], "texture": "#0"},
				"down": {"uv": [5.5, 11.5, 0.5, 12], "rotation": 180, "texture": "#0"}
			}
		},
		{
			"from": [7, 0.7, 10.7],
			"to": [8, 0.9, 12.7],
			"rotation": {"angle": 22.5, "axis": "y", "origin": [0, 0, 0]},
			"faces": {
				"north": {"uv": [8, 14, 9, 15], "texture": "#1"},
				"east": {"uv": [2, 10, 4, 11], "texture": "#1"},
				"south": {"uv": [9, 14, 10, 15], "texture": "#1"},
				"west": {"uv": [10, 2, 12, 3], "texture": "#1"},
				"up": {"uv": [5, 12, 4, 10], "texture": "#1"},
				"down": {"uv": [6, 10, 5, 12], "texture": "#1"}
			}
		},
		{
			"from": [4, 0.7, 10.7],
			"to": [5, 0.9, 12.7],
			"rotation": {"angle": 22.5, "axis": "y", "origin": [0, 0, 0]},
			"faces": {
				"north": {"uv": [14, 9, 15, 10], "texture": "#1"},
				"east": {"uv": [10, 3, 12, 4], "texture": "#1"},
				"south": {"uv": [10, 14, 11, 15], "texture": "#1"},
				"west": {"uv": [6, 10, 8, 11], "texture": "#1"},
				"up": {"uv": [9, 12, 8, 10], "texture": "#1"},
				"down": {"uv": [11, 8, 10, 10], "texture": "#1"}
			}
		},
		{
			"from": [11.1, 0.9, 4.7],
			"to": [12.1, 1.1, 6.7],
			"faces": {
				"north": {"uv": [11, 14, 12, 15], "texture": "#1"},
				"east": {"uv": [9, 10, 11, 11], "texture": "#1"},
				"south": {"uv": [14, 11, 15, 12], "texture": "#1"},
				"west": {"uv": [2, 11, 4, 12], "texture": "#1"},
				"up": {"uv": [7, 13, 6, 11], "texture": "#1"},
				"down": {"uv": [8, 11, 7, 13], "texture": "#1"}
			}
		},
		{
			"from": [9.1, 0.9, 3.7],
			"to": [11.1, 1.1, 7.7],
			"faces": {
				"north": {"uv": [11, 8, 13, 9], "texture": "#1"},
				"east": {"uv": [2, 8, 6, 9], "texture": "#1"},
				"south": {"uv": [9, 11, 11, 12], "texture": "#1"},
				"west": {"uv": [8, 4, 12, 5], "texture": "#1"},
				"up": {"uv": [2, 4, 0, 0], "texture": "#1"},
				"down": {"uv": [4, 0, 2, 4], "texture": "#1"}
			}
		},
		{
			"from": [8.1, 0.9, 4.7],
			"to": [9.1, 1.1, 6.7],
			"faces": {
				"north": {"uv": [12, 14, 13, 15], "texture": "#1"},
				"east": {"uv": [11, 9, 13, 10], "texture": "#1"},
				"south": {"uv": [14, 12, 15, 13], "texture": "#1"},
				"west": {"uv": [11, 10, 13, 11], "texture": "#1"},
				"up": {"uv": [12, 13, 11, 11], "texture": "#1"},
				"down": {"uv": [1, 12, 0, 14], "texture": "#1"}
			}
		},
		{
			"from": [9.8, 0.8, 2.5],
			"to": [10.8, 1, 4.5],
			"rotation": {"angle": -22.5, "axis": "y", "origin": [0, 0, 0]},
			"faces": {
				"north": {"uv": [13, 14, 14, 15], "texture": "#1"},
				"east": {"uv": [1, 12, 3, 13], "texture": "#1"},
				"south": {"uv": [14, 14, 15, 15], "texture": "#1"},
				"west": {"uv": [12, 2, 14, 3], "texture": "#1"},
				"up": {"uv": [4, 14, 3, 12], "texture": "#1"},
				"down": {"uv": [13, 3, 12, 5], "texture": "#1"}
			}
		},
		{
			"from": [7.8, 0.8, 1.5],
			"to": [9.8, 1, 5.5],
			"rotation": {"angle": -22.5, "axis": "y", "origin": [0, 0, 0]},
			"faces": {
				"north": {"uv": [4, 12, 6, 13], "texture": "#1"},
				"east": {"uv": [8, 5, 12, 6], "texture": "#1"},
				"south": {"uv": [12, 5, 14, 6], "texture": "#1"},
				"west": {"uv": [6, 8, 10, 9], "texture": "#1"},
				"up": {"uv": [2, 8, 0, 4], "texture": "#1"},
				"down": {"uv": [6, 0, 4, 4], "texture": "#1"}
			}
		},
		{
			"from": [6.8, 0.8, 2.5],
			"to": [7.8, 1, 4.5],
			"rotation": {"angle": -22.5, "axis": "y", "origin": [0, 0, 0]},
			"faces": {
				"north": {"uv": [0, 15, 1, 16], "texture": "#1"},
				"east": {"uv": [12, 6, 14, 7], "texture": "#1"},
				"south": {"uv": [15, 0, 16, 1], "texture": "#1"},
				"west": {"uv": [12, 7, 14, 8], "texture": "#1"},
				"up": {"uv": [9, 14, 8, 12], "texture": "#1"},
				"down": {"uv": [10, 12, 9, 14], "texture": "#1"}
			}
		},
		{
			"from": [5, 0.7, 7.6],
			"to": [7, 0.9, 11.6],
			"faces": {
				"north": {"uv": [12, 11, 14, 12], "texture": "#1"},
				"east": {"uv": [8, 6, 12, 7], "texture": "#1"},
				"south": {"uv": [12, 12, 14, 13], "texture": "#1"},
				"west": {"uv": [8, 7, 12, 8], "texture": "#1"},
				"up": {"uv": [4, 8, 2, 4], "texture": "#1"},
				"down": {"uv": [6, 4, 4, 8], "texture": "#1"}
			}
		},
		{
			"from": [4, 0.7, 8.6],
			"to": [5, 0.9, 10.6],
			"faces": {
				"north": {"uv": [1, 15, 2, 16], "texture": "#1"},
				"east": {"uv": [1, 13, 3, 14], "texture": "#1"},
				"south": {"uv": [15, 1, 16, 2], "texture": "#1"},
				"west": {"uv": [13, 3, 15, 4], "texture": "#1"},
				"up": {"uv": [11, 14, 10, 12], "texture": "#1"},
				"down": {"uv": [5, 13, 4, 15], "texture": "#1"}
			}
		},
		{
			"from": [1.7, 0.9, 11.5],
			"to": [2.7, 1.1, 13.5],
			"rotation": {"angle": 22.5, "axis": "y", "origin": [0, 0, 0]},
			"faces": {
				"north": {"uv": [15, 3, 16, 4], "texture": "#1"},
				"east": {"uv": [13, 4, 15, 5], "texture": "#1"},
				"south": {"uv": [4, 15, 5, 16], "texture": "#1"},
				"west": {"uv": [5, 13, 7, 14], "texture": "#1"},
				"up": {"uv": [8, 15, 7, 13], "texture": "#1"},
				"down": {"uv": [14, 8, 13, 10], "texture": "#1"}
			}
		},
		{
			"from": [2.7, 0.9, 10.5],
			"to": [4.7, 1.1, 14.5],
			"rotation": {"angle": 22.5, "axis": "y", "origin": [0, 0, 0]},
			"faces": {
				"north": {"uv": [13, 10, 15, 11], "texture": "#1"},
				"east": {"uv": [2, 9, 6, 10], "texture": "#1"},
				"south": {"uv": [11, 13, 13, 14], "texture": "#1"},
				"west": {"uv": [6, 9, 10, 10], "texture": "#1"},
				"up": {"uv": [8, 4, 6, 0], "texture": "#1"},
				"down": {"uv": [8, 4, 6, 8], "texture": "#1"}
			}
		},
		{
			"from": [4.7, 0.9, 11.5],
			"to": [5.7, 1.1, 13.5],
			"rotation": {"angle": 22.5, "axis": "y", "origin": [0, 0, 0]},
			"faces": {
				"north": {"uv": [15, 4, 16, 5], "texture": "#1"},
				"east": {"uv": [13, 13, 15, 14], "texture": "#1"},
				"south": {"uv": [5, 15, 6, 16], "texture": "#1"},
				"west": {"uv": [0, 14, 2, 15], "texture": "#1"},
				"up": {"uv": [15, 2, 14, 0], "texture": "#1"},
				"down": {"uv": [3, 14, 2, 16], "texture": "#1"}
			}
		},
		{
			"from": [5, 0.7, 9.7],
			"to": [7, 0.9, 13.7],
			"rotation": {"angle": 22.5, "axis": "y", "origin": [0, 0, 0]},
			"faces": {
				"north": {"uv": [14, 2, 16, 3], "texture": "#1"},
				"east": {"uv": [10, 0, 14, 1], "texture": "#1"},
				"south": {"uv": [5, 14, 7, 15], "texture": "#1"},
				"west": {"uv": [10, 1, 14, 2], "texture": "#1"},
				"up": {"uv": [2, 12, 0, 8], "texture": "#1"},
				"down": {"uv": [10, 0, 8, 4], "texture": "#1"}
			}
		},
		{
			"from": [7, 0.7, 8.6],
			"to": [8, 0.9, 10.6],
			"faces": {
				"north": {"uv": [6, 15, 7, 16], "texture": "#1"},
				"east": {"uv": [14, 5, 16, 6], "texture": "#1"},
				"south": {"uv": [7, 15, 8, 16], "texture": "#1"},
				"west": {"uv": [14, 6, 16, 7], "texture": "#1"},
				"up": {"uv": [4, 16, 3, 14], "texture": "#1"},
				"down": {"uv": [15, 7, 14, 9], "texture": "#1"}
			}
		}
	],
	"display": {
		"thirdperson_righthand": {
			"rotation": [52.86, 16.72, 4.28],
			"translation": [0, 4.25, 1.75],
			"scale": [0.5, 0.5, 0.5]
		},
		"thirdperson_lefthand": {
			"rotation": [52.86, 16.72, 4.28],
			"translation": [0, 4.25, 1.75],
			"scale": [0.5, 0.5, 0.5]
		},
		"firstperson_righthand": {
			"translation": [0.75, 6.75, 0]
		},
		"firstperson_lefthand": {
			"translation": [0.75, 6.75, 0]
		},
		"ground": {
			"translation": [0, 4.25, 0]
		},
		"gui": {
			"rotation": [90, 0, 0],
			"scale": [1.09961, 1.09961, 1.09961]
		},
		"head": {
			"translation": [0, 6.75, 0],
			"scale": [1.48438, 1.48438, 1.48438]
		}
	},
	"groups": [
		0,
		{
			"name": "inner_rim",
			"origin": [0, 0, 0],
			"color": 0,
			"children": [1, 2, 3, 4]
		},
		{
			"name": "outer_rim",
			"origin": [0, 0, 0],
			"color": 0,
			"children": [5, 6, 7, 8]
		},
		{
			"name": "cookies",
			"origin": [0, 0, 0],
			"color": 0,
			"children": [9, 10, 11, 12, 13, 14, 15, 16, 17, 18, 19, 20, 21, 22, 23]
		}
	]
}