{
	"credit": "Made with Blockbench",
	"texture_size": [32, 32],
	"textures": {
		"0": "mctc:decoration/food/plate",
		"particle": "mctc:decoration/food/plate"
	},
	"elements": [
		{
			"name": "base",
			"from": [4, 0, 4],
			"to": [12, 0.75, 12],
			"faces": {
				"up": {"uv": [5, 5, 1, 1], "texture": "#0"},
				"down": {"uv": [5, 7, 1, 11], "texture": "#0"}
			}
		},
		{
			"from": [3, 0, 3],
			"to": [4, 1, 13],
			"faces": {
				"north": {"uv": [0.5, 11, 1, 11.5], "texture": "#0"},
				"east": {"uv": [0.5, 0.5, 1, 5.5], "rotation": 90, "texture": "#0"},
				"south": {"uv": [0.5, 6.5, 1, 7], "texture": "#0"},
				"west": {"uv": [0.5, 6.5, 1, 11.5], "rotation": 90, "texture": "#0"},
				"up": {"uv": [1, 5.5, 0.5, 0.5], "rotation": 180, "texture": "#0"},
				"down": {"uv": [1, 6.5, 0.5, 11.5], "texture": "#0"}
			}
		},
		{
			"from": [12, 0, 3],
			"to": [13, 1, 13],
			"faces": {
				"north": {"uv": [5, 11, 5.5, 11.5], "texture": "#0"},
				"east": {"uv": [5, 6.5, 5.5, 11.5], "rotation": 270, "texture": "#0"},
				"south": {"uv": [5, 6.5, 5.5, 7], "texture": "#0"},
				"west": {"uv": [5, 0.5, 5.5, 5.5], "rotation": 270, "texture": "#0"},
				"up": {"uv": [5.5, 5.5, 5, 0.5], "rotation": 180, "texture": "#0"},
				"down": {"uv": [5.5, 6.5, 5, 11.5], "texture": "#0"}
			}
		},
		{
			"from": [4, 0, 3],
			"to": [12, 1, 4],
			"faces": {
				"north": {"uv": [1, 11, 5, 11.5], "rotation": 180, "texture": "#0"},
				"south": {"uv": [1, 0.5, 5, 1], "texture": "#0"},
				"up": {"uv": [5, 1, 1, 0.5], "texture": "#0"},
				"down": {"uv": [5, 11, 1, 11.5], "rotation": 180, "texture": "#0"}
			}
		},
		{
			"from": [4, 0, 12],
			"to": [12, 1, 13],
			"faces": {
				"north": {"uv": [1, 5, 5, 5.5], "rotation": 180, "texture": "#0"},
				"south": {"uv": [1, 6.5, 5, 7], "texture": "#0"},
				"up": {"uv": [5, 5.5, 1, 5], "rotation": 180, "texture": "#0"},
				"down": {"uv": [5, 6.5, 1, 7], "rotation": 180, "texture": "#0"}
			}
		},
		{
			"from": [13, 0.25, 2],
			"to": [14, 1.25, 14],
			"faces": {
				"north": {"uv": [5.5, 0, 6, 0.5], "texture": "#0"},
				"east": {"uv": [5.5, 0, 6, 6], "rotation": 90, "texture": "#0"},
				"south": {"uv": [5.5, 5.5, 6, 6], "texture": "#0"},
				"west": {"uv": [5.5, 0, 6, 6], "rotation": 270, "texture": "#0"},
				"up": {"uv": [6, 6, 5.5, 0], "rotation": 180, "texture": "#0"},
				"down": {"uv": [6, 6, 5.5, 12], "texture": "#0"}
			}
		},
		{
			"from": [3, 0.25, 13],
			"to": [13, 1.25, 14],
			"faces": {
				"north": {"uv": [0.5, 5.5, 5.5, 6], "rotation": 180, "texture": "#0"},
				"south": {"uv": [0.5, 5.5, 5.5, 6], "texture": "#0"},
				"up": {"uv": [5.5, 6, 0.5, 5.5], "rotation": 180, "texture": "#0"},
				"down": {"uv": [5.5, 6, 0.5, 6.5], "rotation": 180, "texture": "#0"}
			}
		},
		{
			"from": [2, 0.25, 2],
			"to": [3, 1.25, 14],
			"faces": {
				"north": {"uv": [0, 0, 0.5, 0.5], "texture": "#0"},
				"east": {"uv": [0, 0, 0.5, 6], "rotation": 90, "texture": "#0"},
				"south": {"uv": [0, 5.5, 0.5, 6], "texture": "#0"},
				"west": {"uv": [0, 0, 0.5, 6], "rotation": 270, "texture": "#0"},
				"up": {"uv": [0.5, 6, 0, 0], "rotation": 180, "texture": "#0"},
				"down": {"uv": [0.5, 6, 0, 12], "texture": "#0"}
			}
		},
		{
			"from": [3, 0.25, 2],
			"to": [13, 1.25, 3],
			"faces": {
				"north": {"uv": [0.5, 0, 5.5, 0.5], "rotation": 180, "texture": "#0"},
				"south": {"uv": [0.5, 0, 5.5, 0.5], "texture": "#0"},
				"up": {"uv": [5.5, 0.5, 0.5, 0], "texture": "#0"},
				"down": {"uv": [5.5, 11.5, 0.5, 12], "rotation": 180, "texture": "#0"}
			}
		}
	],
	"display": {
		"thirdperson_righthand": {
			"rotation": [52.86, 16.72, 4.28],
			"translation": [0, 4.25, 1.75],
			"scale": [0.5, 0.5, 0.5]
		},
		"thirdperson_lefthand": {
			"rotation": [52.86, 16.72, 4.28],
			"translation": [0, 4.25, 1.75],
			"scale": [0.5, 0.5, 0.5]
		},
		"firstperson_righthand": {
			"translation": [0.75, 6.75, 0]
		},
		"firstperson_lefthand": {
			"translation": [0.75, 6.75, 0]
		},
		"ground": {
			"translation": [0, 4.25, 0]
		},
		"gui": {
			"rotation": [90, 0, 0],
			"scale": [1.09961, 1.09961, 1.09961]
		},
		"head": {
			"translation": [0, 6.75, 0],
			"scale": [1.48438, 1.48438, 1.48438]
		}
	},
	"groups": [
		0,
		{
			"name": "inner_rim",
			"origin": [0, 0, 0],
			"color": 0,
			"children": [1, 2, 3, 4]
		},
		{
			"name": "outer_rim",
			"origin": [0, 0, 0],
			"color": 0,
			"children": [5, 6, 7, 8]
		}
	]
}