{
    "sources": [
        {
            "type": "directory",
            "source": "book",
            "prefix": "book/"
        },
        {
            "type": "directory",
            "source": "decoration",
            "prefix": "decoration/"
        },
        {
            "type": "directory",
            "source": "emotes",
            "prefix": "emotes/"
        },
        {
            "type": "directory",
            "source": "font",
            "prefix": "font/"
        },
        {
            "type": "directory",
            "source": "gui",
            "prefix": "gui/"
        },
        {
            "type": "directory",
            "source": "hats",
            "prefix": "hats/"
        },
        {
            "type": "directory",
            "source": "teams",
            "prefix": "teams/"
        },
        {
            "type": "directory",
            "source": "wands",
            "prefix": "wands/"
        }
    ]
}