{
	"credit": "Made with Blockbench",
	"textures": {
		"0": "mctc:decoration/candy/candy2",
		"1": "mctc:decoration/candy/starburst",
		"particle": "mctc:decoration/candy/candy2"
	},
	"elements": [
		{
			"from": [7, 1, 5],
			"to": [13, 2, 8],
			"rotation": {"angle": -22.5, "axis": "y", "origin": [2, 0, 2]},
			"faces": {
				"north": {"uv": [8, 6, 14, 7], "texture": "#0"},
				"east": {"uv": [0, 10, 3, 11], "texture": "#0"},
				"south": {"uv": [8, 7, 14, 8], "texture": "#0"},
				"west": {"uv": [10, 0, 13, 1], "texture": "#0"},
				"up": {"uv": [6, 3, 0, 0], "texture": "#0"},
				"down": {"uv": [6, 3, 0, 6], "texture": "#0"}
			}
		},
		{
			"from": [8, 2, 5],
			"to": [12, 3, 8],
			"rotation": {"angle": -22.5, "axis": "y", "origin": [2, 0, 2]},
			"faces": {
				"north": {"uv": [8, 8, 12, 9], "texture": "#0"},
				"east": {"uv": [10, 1, 13, 2], "texture": "#0"},
				"south": {"uv": [0, 9, 4, 10], "texture": "#0"},
				"west": {"uv": [10, 2, 13, 3], "texture": "#0"},
				"up": {"uv": [4, 9, 0, 6], "texture": "#0"},
				"down": {"uv": [10, 0, 6, 3], "texture": "#0"}
			}
		},
		{
			"from": [8, 0, 5],
			"to": [12, 1, 8],
			"rotation": {"angle": -22.5, "axis": "y", "origin": [2, 0, 2]},
			"faces": {
				"north": {"uv": [4, 9, 8, 10], "texture": "#0"},
				"east": {"uv": [3, 10, 6, 11], "texture": "#0"},
				"south": {"uv": [8, 9, 12, 10], "texture": "#0"},
				"west": {"uv": [10, 3, 13, 4], "texture": "#0"},
				"up": {"uv": [10, 6, 6, 3], "texture": "#0"},
				"down": {"uv": [8, 6, 4, 9], "texture": "#0"}
			}
		},
		{
			"from": [12, 2, 6],
			"to": [13, 3, 7],
			"rotation": {"angle": -22.5, "axis": "y", "origin": [2, 0, 2]},
			"faces": {
				"north": {"uv": [10, 4, 11, 5], "texture": "#0"},
				"east": {"uv": [10, 5, 11, 6], "texture": "#0"},
				"south": {"uv": [6, 10, 7, 11], "texture": "#0"},
				"west": {"uv": [7, 10, 8, 11], "texture": "#0"},
				"up": {"uv": [9, 11, 8, 10], "texture": "#0"},
				"down": {"uv": [10, 10, 9, 11], "texture": "#0"}
			}
		},
		{
			"from": [7, 2, 6],
			"to": [8, 3, 7],
			"rotation": {"angle": -22.5, "axis": "y", "origin": [2, 0, 2]},
			"faces": {
				"north": {"uv": [10, 10, 11, 11], "texture": "#0"},
				"east": {"uv": [0, 11, 1, 12], "texture": "#0"},
				"south": {"uv": [1, 11, 2, 12], "texture": "#0"},
				"west": {"uv": [2, 11, 3, 12], "texture": "#0"},
				"up": {"uv": [4, 12, 3, 11], "texture": "#0"},
				"down": {"uv": [5, 11, 4, 12], "texture": "#0"}
			}
		},
		{
			"from": [12, 0, 6],
			"to": [13, 1, 7],
			"rotation": {"angle": -22.5, "axis": "y", "origin": [2, 0, 2]},
			"faces": {
				"north": {"uv": [11, 4, 12, 5], "texture": "#0"},
				"east": {"uv": [5, 11, 6, 12], "texture": "#0"},
				"south": {"uv": [11, 5, 12, 6], "texture": "#0"},
				"west": {"uv": [6, 11, 7, 12], "texture": "#0"},
				"up": {"uv": [8, 12, 7, 11], "texture": "#0"},
				"down": {"uv": [9, 11, 8, 12], "texture": "#0"}
			}
		},
		{
			"from": [7, 0, 6],
			"to": [8, 1, 7],
			"rotation": {"angle": -22.5, "axis": "y", "origin": [2, 0, 2]},
			"faces": {
				"north": {"uv": [9, 11, 10, 12], "texture": "#0"},
				"east": {"uv": [10, 11, 11, 12], "texture": "#0"},
				"south": {"uv": [11, 10, 12, 11], "texture": "#0"},
				"west": {"uv": [11, 11, 12, 12], "texture": "#0"},
				"up": {"uv": [1, 13, 0, 12], "texture": "#0"},
				"down": {"uv": [2, 12, 1, 13], "texture": "#0"}
			}
		},
		{
			"from": [13, 1, 6],
			"to": [14, 2, 7],
			"rotation": {"angle": -22.5, "axis": "y", "origin": [2, 0, 2]},
			"faces": {
				"north": {"uv": [2, 12, 3, 13], "texture": "#0"},
				"east": {"uv": [3, 12, 4, 13], "texture": "#0"},
				"south": {"uv": [4, 12, 5, 13], "texture": "#0"},
				"west": {"uv": [12, 4, 13, 5], "texture": "#0"},
				"up": {"uv": [6, 13, 5, 12], "texture": "#0"},
				"down": {"uv": [13, 5, 12, 6], "texture": "#0"}
			}
		},
		{
			"from": [14, 2, 5],
			"to": [15, 3, 6],
			"rotation": {"angle": -22.5, "axis": "y", "origin": [2, 0, 2]},
			"faces": {
				"north": {"uv": [6, 12, 7, 13], "texture": "#0"},
				"east": {"uv": [7, 12, 8, 13], "texture": "#0"},
				"south": {"uv": [8, 12, 9, 13], "texture": "#0"},
				"west": {"uv": [12, 8, 13, 9], "texture": "#0"},
				"up": {"uv": [10, 13, 9, 12], "texture": "#0"},
				"down": {"uv": [13, 9, 12, 10], "texture": "#0"}
			}
		},
		{
			"from": [14, 0, 7],
			"to": [15, 1, 8],
			"rotation": {"angle": -22.5, "axis": "y", "origin": [2, 0, 2]},
			"faces": {
				"north": {"uv": [10, 12, 11, 13], "texture": "#0"},
				"east": {"uv": [12, 10, 13, 11], "texture": "#0"},
				"south": {"uv": [11, 12, 12, 13], "texture": "#0"},
				"west": {"uv": [12, 11, 13, 12], "texture": "#0"},
				"up": {"uv": [13, 13, 12, 12], "texture": "#0"},
				"down": {"uv": [1, 13, 0, 14], "texture": "#0"}
			}
		},
		{
			"from": [5, 0, 5],
			"to": [6, 1, 6],
			"rotation": {"angle": -22.5, "axis": "y", "origin": [2, 0, 2]},
			"faces": {
				"north": {"uv": [13, 0, 14, 1], "texture": "#0"},
				"east": {"uv": [1, 13, 2, 14], "texture": "#0"},
				"south": {"uv": [13, 1, 14, 2], "texture": "#0"},
				"west": {"uv": [2, 13, 3, 14], "texture": "#0"},
				"up": {"uv": [14, 3, 13, 2], "texture": "#0"},
				"down": {"uv": [4, 13, 3, 14], "texture": "#0"}
			}
		},
		{
			"from": [6, 1, 6],
			"to": [7, 2, 7],
			"rotation": {"angle": -22.5, "axis": "y", "origin": [2, 0, 2]},
			"faces": {
				"north": {"uv": [13, 3, 14, 4], "texture": "#0"},
				"east": {"uv": [4, 13, 5, 14], "texture": "#0"},
				"south": {"uv": [13, 4, 14, 5], "texture": "#0"},
				"west": {"uv": [5, 13, 6, 14], "texture": "#0"},
				"up": {"uv": [14, 6, 13, 5], "texture": "#0"},
				"down": {"uv": [7, 13, 6, 14], "texture": "#0"}
			}
		},
		{
			"from": [5, 2, 7],
			"to": [6, 3, 8],
			"rotation": {"angle": -22.5, "axis": "y", "origin": [2, 0, 2]},
			"faces": {
				"north": {"uv": [7, 13, 8, 14], "texture": "#0"},
				"east": {"uv": [8, 13, 9, 14], "texture": "#0"},
				"south": {"uv": [13, 8, 14, 9], "texture": "#0"},
				"west": {"uv": [9, 13, 10, 14], "texture": "#0"},
				"up": {"uv": [14, 10, 13, 9], "texture": "#0"},
				"down": {"uv": [11, 13, 10, 14], "texture": "#0"}
			}
		},
		{
			"from": [12, 0, 6],
			"to": [13, 1, 7],
			"rotation": {"angle": 0, "axis": "y", "origin": [7, 0, 14]},
			"faces": {
				"north": {"uv": [2, 1, 3, 2], "texture": "#1"},
				"east": {"uv": [2, 2, 3, 3], "texture": "#1"},
				"south": {"uv": [0, 3, 1, 4], "texture": "#1"},
				"west": {"uv": [1, 2, 2, 3], "texture": "#1"},
				"up": {"uv": [4, 1, 3, 0], "rotation": 270, "texture": "#1"},
				"down": {"uv": [2, 3, 1, 4], "rotation": 90, "texture": "#1"}
			}
		},
		{
			"from": [4, 0, 5],
			"to": [5, 1, 6],
			"rotation": {"angle": -22.5, "axis": "y", "origin": [7, 0, 14]},
			"faces": {
				"north": {"uv": [3, 2, 4, 3], "texture": "#1"},
				"east": {"uv": [3, 3, 4, 4], "texture": "#1"},
				"south": {"uv": [3, 1, 4, 2], "texture": "#1"},
				"west": {"uv": [2, 3, 3, 4], "texture": "#1"},
				"up": {"uv": [1, 5, 0, 4], "rotation": 180, "texture": "#1"},
				"down": {"uv": [5, 0, 4, 1], "rotation": 180, "texture": "#1"}
			}
		},
		{
			"from": [14, 0, 17],
			"to": [15, 1, 18],
			"rotation": {"angle": 45, "axis": "y", "origin": [7, 0, 14]},
			"faces": {
				"north": {"uv": [4, 1, 5, 2], "texture": "#1"},
				"east": {"uv": [2, 4, 3, 5], "texture": "#1"},
				"south": {"uv": [4, 2, 5, 3], "texture": "#1"},
				"west": {"uv": [1, 4, 2, 5], "texture": "#1"},
				"up": {"uv": [4, 5, 3, 4], "rotation": 270, "texture": "#1"},
				"down": {"uv": [5, 3, 4, 4], "rotation": 90, "texture": "#1"}
			}
		},
		{
			"from": [7, 0, 6],
			"to": [8, 1, 7],
			"rotation": {"angle": 45, "axis": "y", "origin": [7, 0, 16]},
			"faces": {
				"north": {"uv": [0, 5, 1, 6], "texture": "#1"},
				"east": {"uv": [5, 0, 6, 1], "texture": "#1"},
				"south": {"uv": [1, 5, 2, 6], "texture": "#1"},
				"west": {"uv": [4, 4, 5, 5], "texture": "#1"},
				"up": {"uv": [6, 2, 5, 1], "rotation": 270, "texture": "#1"},
				"down": {"uv": [3, 5, 2, 6], "rotation": 90, "texture": "#1"}
			}
		},
		{
			"from": [8, 0, 3],
			"to": [9, 1, 4],
			"rotation": {"angle": 22.5, "axis": "y", "origin": [7, 0, 14]},
			"faces": {
				"north": {"uv": [3, 5, 4, 6], "texture": "#1"},
				"east": {"uv": [5, 3, 6, 4], "texture": "#1"},
				"south": {"uv": [4, 5, 5, 6], "texture": "#1"},
				"west": {"uv": [5, 2, 6, 3], "texture": "#1"},
				"up": {"uv": [6, 5, 5, 4], "rotation": 270, "texture": "#1"},
				"down": {"uv": [6, 5, 5, 6], "rotation": 90, "texture": "#1"}
			}
		},
		{
			"from": [15, 0, 8],
			"to": [16, 1, 9],
			"rotation": {"angle": 0, "axis": "y", "origin": [7, 0, 14]},
			"faces": {
				"north": {"uv": [0, 1, 1, 2], "texture": "#1"},
				"east": {"uv": [1, 0, 2, 1], "texture": "#1"},
				"south": {"uv": [1, 1, 2, 2], "texture": "#1"},
				"west": {"uv": [0, 0, 1, 1], "texture": "#1"},
				"up": {"uv": [1, 3, 0, 2], "rotation": 270, "texture": "#1"},
				"down": {"uv": [3, 0, 2, 1], "rotation": 90, "texture": "#1"}
			}
		},
		{
			"from": [4, 0, 5],
			"to": [5, 1, 6],
			"rotation": {"angle": 22.5, "axis": "y", "origin": [4, 0, 15]},
			"faces": {
				"north": {"uv": [6, 3, 7, 4], "texture": "#1"},
				"east": {"uv": [4, 6, 5, 7], "texture": "#1"},
				"south": {"uv": [6, 4, 7, 5], "texture": "#1"},
				"west": {"uv": [3, 6, 4, 7], "texture": "#1"},
				"up": {"uv": [6, 7, 5, 6], "rotation": 270, "texture": "#1"},
				"down": {"uv": [7, 5, 6, 6], "rotation": 90, "texture": "#1"}
			}
		}
	],
	"groups": [
		{
			"name": "candy2",
			"origin": [0, 0, 0],
			"color": 0,
			"children": [0, 1, 2, 3, 4, 5, 6, 7, 8, 9, 10, 11, 12]
		},
		{
			"name": "starburst",
			"origin": [0, 0, 0],
			"color": 0,
			"children": [13, 14, 15, 16, 17, 18, 19]
		}
	]
}