{
	"credit": "Made with Blockbench",
	"textures": {
		"0": "mctc:decoration/candy/kisses",
		"1": "mctc:decoration/candy/lollipop1",
		"2": "mctc:decoration/candy/lollipop2",
		"particle": "mctc:decoration/candy/kisses"
	},
	"elements": [
		{
			"from": [6.2, 0, 0.4],
			"to": [7.2, 1, 4.4],
			"rotation": {"angle": -22.5, "axis": "y", "origin": [2, 0, 2]},
			"faces": {
				"north": {"uv": [7, 6, 8, 7], "texture": "#1"},
				"east": {"uv": [0, 4, 4, 5], "texture": "#1"},
				"south": {"uv": [7, 7, 8, 8], "texture": "#1"},
				"west": {"uv": [4, 4, 8, 5], "texture": "#1"},
				"up": {"uv": [1, 9, 0, 5], "texture": "#1"},
				"down": {"uv": [2, 5, 1, 9], "texture": "#1"}
			}
		},
		{
			"from": [5.2, 0, 4.4],
			"to": [8.2, 1, 8.4],
			"rotation": {"angle": -22.5, "axis": "y", "origin": [2, 0, 2]},
			"faces": {
				"north": {"uv": [6, 1, 9, 2], "texture": "#1"},
				"east": {"uv": [2, 5, 6, 6], "texture": "#1"},
				"south": {"uv": [2, 6, 5, 7], "texture": "#1"},
				"west": {"uv": [6, 0, 10, 1], "texture": "#1"},
				"up": {"uv": [3, 4, 0, 0], "texture": "#1"},
				"down": {"uv": [6, 0, 3, 4], "texture": "#1"}
			}
		},
		{
			"from": [4.2, 0, 5.4],
			"to": [5.2, 1, 7.4],
			"rotation": {"angle": -22.5, "axis": "y", "origin": [2, 0, 2]},
			"faces": {
				"north": {"uv": [2, 8, 3, 9], "texture": "#1"},
				"east": {"uv": [6, 2, 8, 3], "texture": "#1"},
				"south": {"uv": [8, 2, 9, 3], "texture": "#1"},
				"west": {"uv": [6, 3, 8, 4], "texture": "#1"},
				"up": {"uv": [6, 8, 5, 6], "texture": "#1"},
				"down": {"uv": [7, 5, 6, 7], "texture": "#1"}
			}
		},
		{
			"from": [8.2, 0, 5.4],
			"to": [9.2, 1, 7.4],
			"rotation": {"angle": -22.5, "axis": "y", "origin": [2, 0, 2]},
			"faces": {
				"north": {"uv": [3, 8, 4, 9], "texture": "#1"},
				"east": {"uv": [2, 7, 4, 8], "texture": "#1"},
				"south": {"uv": [8, 3, 9, 4], "texture": "#1"},
				"west": {"uv": [7, 5, 9, 6], "texture": "#1"},
				"up": {"uv": [5, 9, 4, 7], "texture": "#1"},
				"down": {"uv": [7, 7, 6, 9], "texture": "#1"}
			}
		},
		{
			"from": [11, 0, 8],
			"to": [12, 1, 12],
			"rotation": {"angle": 0, "axis": "y", "origin": [3, 0, 5]},
			"faces": {
				"north": {"uv": [8, 2, 9, 3], "texture": "#2"},
				"east": {"uv": [4, 0, 8, 1], "texture": "#2"},
				"south": {"uv": [2, 8, 3, 9], "texture": "#2"},
				"west": {"uv": [4, 1, 8, 2], "texture": "#2"},
				"up": {"uv": [8, 3, 4, 2], "rotation": 90, "texture": "#2"},
				"down": {"uv": [8, 3, 4, 4], "rotation": 270, "texture": "#2"}
			}
		},
		{
			"from": [10, 0, 4],
			"to": [13, 1, 8],
			"rotation": {"angle": 0, "axis": "y", "origin": [3, 0, 5]},
			"faces": {
				"north": {"uv": [3, 6, 6, 7], "texture": "#2"},
				"east": {"uv": [4, 4, 8, 5], "texture": "#2"},
				"south": {"uv": [0, 6, 3, 7], "texture": "#2"},
				"west": {"uv": [4, 5, 8, 6], "texture": "#2"},
				"up": {"uv": [4, 3, 0, 0], "rotation": 90, "texture": "#2"},
				"down": {"uv": [4, 3, 0, 6], "rotation": 270, "texture": "#2"}
			}
		},
		{
			"from": [13, 0, 5],
			"to": [14, 1, 7],
			"rotation": {"angle": 0, "axis": "y", "origin": [3, 0, 5]},
			"faces": {
				"north": {"uv": [8, 3, 9, 4], "texture": "#2"},
				"east": {"uv": [6, 6, 8, 7], "texture": "#2"},
				"south": {"uv": [3, 8, 4, 9], "texture": "#2"},
				"west": {"uv": [0, 7, 2, 8], "texture": "#2"},
				"up": {"uv": [4, 8, 2, 7], "rotation": 90, "texture": "#2"},
				"down": {"uv": [6, 7, 4, 8], "rotation": 270, "texture": "#2"}
			}
		},
		{
			"from": [9, 0, 5],
			"to": [10, 1, 7],
			"rotation": {"angle": 0, "axis": "y", "origin": [3, 0, 5]},
			"faces": {
				"north": {"uv": [8, 4, 9, 5], "texture": "#2"},
				"east": {"uv": [6, 7, 8, 8], "texture": "#2"},
				"south": {"uv": [4, 8, 5, 9], "texture": "#2"},
				"west": {"uv": [0, 8, 2, 9], "texture": "#2"},
				"up": {"uv": [10, 1, 8, 0], "rotation": 90, "texture": "#2"},
				"down": {"uv": [10, 1, 8, 2], "rotation": 270, "texture": "#2"}
			}
		},
		{
			"from": [2, 1, 10],
			"to": [3, 2, 11],
			"rotation": {"angle": 22.5, "axis": "y", "origin": [9, 0, 5]},
			"faces": {
				"north": {"uv": [4, 4, 5, 5], "texture": "#0"},
				"east": {"uv": [3, 1, 4, 2], "texture": "#0"},
				"south": {"uv": [4, 1, 5, 2], "texture": "#0"},
				"west": {"uv": [4, 3, 5, 4], "texture": "#0"},
				"up": {"uv": [1, 6, 0, 5], "rotation": 90, "texture": "#0"},
				"down": {"uv": [2, 5, 1, 6], "rotation": 270, "texture": "#0"}
			}
		},
		{
			"from": [2, 0, 11],
			"to": [3, 1, 12],
			"rotation": {"angle": 22.5, "axis": "y", "origin": [9, 0, 5]},
			"faces": {
				"north": {"uv": [4, 5, 5, 6], "texture": "#0"},
				"east": {"uv": [5, 1, 6, 2], "texture": "#0"},
				"south": {"uv": [5, 2, 6, 3], "texture": "#0"},
				"west": {"uv": [5, 3, 6, 4], "texture": "#0"},
				"up": {"uv": [6, 5, 5, 4], "rotation": 90, "texture": "#0"},
				"down": {"uv": [6, 5, 5, 6], "rotation": 270, "texture": "#0"}
			}
		},
		{
			"from": [13, 1, 6],
			"to": [14, 2, 7],
			"rotation": {"angle": -22.5, "axis": "y", "origin": [1, 0, -4]},
			"faces": {
				"north": {"uv": [0, 6, 1, 7], "texture": "#0"},
				"east": {"uv": [6, 0, 7, 1], "texture": "#0"},
				"south": {"uv": [1, 6, 2, 7], "texture": "#0"},
				"west": {"uv": [6, 1, 7, 2], "texture": "#0"},
				"up": {"uv": [3, 7, 2, 6], "texture": "#0"},
				"down": {"uv": [7, 2, 6, 3], "texture": "#0"}
			}
		},
		{
			"from": [13, 0, 5],
			"to": [14, 1, 8],
			"rotation": {"angle": -22.5, "axis": "y", "origin": [1, 0, -4]},
			"faces": {
				"north": {"uv": [3, 6, 4, 7], "texture": "#0"},
				"east": {"uv": [0, 0, 3, 1], "texture": "#0"},
				"south": {"uv": [6, 3, 7, 4], "texture": "#0"},
				"west": {"uv": [0, 1, 3, 2], "texture": "#0"},
				"up": {"uv": [1, 5, 0, 2], "texture": "#0"},
				"down": {"uv": [2, 2, 1, 5], "texture": "#0"}
			}
		},
		{
			"from": [12, 0, 6],
			"to": [13, 1, 7],
			"rotation": {"angle": -22.5, "axis": "y", "origin": [1, 0, -4]},
			"faces": {
				"north": {"uv": [4, 6, 5, 7], "texture": "#0"},
				"east": {"uv": [6, 4, 7, 5], "texture": "#0"},
				"south": {"uv": [5, 6, 6, 7], "texture": "#0"},
				"west": {"uv": [6, 5, 7, 6], "texture": "#0"},
				"up": {"uv": [7, 7, 6, 6], "texture": "#0"},
				"down": {"uv": [1, 7, 0, 8], "texture": "#0"}
			}
		},
		{
			"from": [14, 0, 6],
			"to": [15, 1, 7],
			"rotation": {"angle": -22.5, "axis": "y", "origin": [1, 0, -4]},
			"faces": {
				"north": {"uv": [7, 0, 8, 1], "texture": "#0"},
				"east": {"uv": [1, 7, 2, 8], "texture": "#0"},
				"south": {"uv": [7, 1, 8, 2], "texture": "#0"},
				"west": {"uv": [2, 7, 3, 8], "texture": "#0"},
				"up": {"uv": [8, 3, 7, 2], "texture": "#0"},
				"down": {"uv": [4, 7, 3, 8], "texture": "#0"}
			}
		},
		{
			"from": [2, 0, 9],
			"to": [3, 1, 10],
			"rotation": {"angle": 22.5, "axis": "y", "origin": [9, 0, 5]},
			"faces": {
				"north": {"uv": [5, 7, 6, 8], "texture": "#0"},
				"east": {"uv": [7, 3, 8, 4], "texture": "#0"},
				"south": {"uv": [4, 7, 5, 8], "texture": "#0"},
				"west": {"uv": [7, 4, 8, 5], "texture": "#0"},
				"up": {"uv": [8, 6, 7, 5], "rotation": 90, "texture": "#0"},
				"down": {"uv": [7, 7, 6, 8], "rotation": 270, "texture": "#0"}
			}
		},
		{
			"from": [1, 0, 10],
			"to": [4, 1, 11],
			"rotation": {"angle": 22.5, "axis": "y", "origin": [9, 0, 5]},
			"faces": {
				"north": {"uv": [3, 0, 6, 1], "texture": "#0"},
				"east": {"uv": [7, 6, 8, 7], "texture": "#0"},
				"south": {"uv": [2, 2, 5, 3], "texture": "#0"},
				"west": {"uv": [7, 7, 8, 8], "texture": "#0"},
				"up": {"uv": [3, 6, 2, 3], "rotation": 90, "texture": "#0"},
				"down": {"uv": [4, 3, 3, 6], "rotation": 270, "texture": "#0"}
			}
		},
		{
			"from": [13, 2, 13],
			"to": [14, 3, 13],
			"rotation": {"angle": -45, "axis": "y", "origin": [9, 0, 5]},
			"faces": {
				"north": {"uv": [7, 8, 8, 9], "texture": "#0"},
				"east": {"uv": [0, 0, 0, 1], "texture": "#0"},
				"south": {"uv": [8, 7, 9, 8], "texture": "#0"},
				"west": {"uv": [0, 0, 0, 1], "texture": "#0"},
				"up": {"uv": [1, 0, 0, 0], "texture": "#0"},
				"down": {"uv": [1, 0, 0, 0], "texture": "#0"}
			}
		},
		{
			"from": [17, 2, 0],
			"to": [17, 3, 1],
			"rotation": {"angle": -45, "axis": "y", "origin": [1, 0, -4]},
			"faces": {
				"north": {"uv": [0, 8, 1, 9], "texture": "#0"},
				"east": {"uv": [8, 0, 9, 1], "texture": "#0"},
				"south": {"uv": [1, 8, 2, 9], "texture": "#0"},
				"west": {"uv": [8, 1, 9, 2], "texture": "#0"},
				"up": {"uv": [3, 9, 2, 8], "texture": "#0"},
				"down": {"uv": [9, 2, 8, 3], "texture": "#0"}
			}
		},
		{
			"from": [17, 2, -1],
			"to": [17, 3, 0],
			"rotation": {"angle": -45, "axis": "y", "origin": [1, 0, -4]},
			"faces": {
				"north": {"uv": [0, 0, 0, 1], "texture": "#0"},
				"east": {"uv": [6, 8, 7, 9], "texture": "#0"},
				"south": {"uv": [0, 0, 0, 1], "texture": "#0"},
				"west": {"uv": [8, 6, 9, 7], "texture": "#0"},
				"up": {"uv": [0, 1, 0, 0], "texture": "#0"},
				"down": {"uv": [0, 0, 0, 1], "texture": "#0"}
			}
		},
		{
			"from": [12, 2, 13],
			"to": [13, 3, 13],
			"rotation": {"angle": -45, "axis": "y", "origin": [9, 0, 5]},
			"faces": {
				"north": {"uv": [3, 8, 4, 9], "texture": "#0"},
				"east": {"uv": [8, 3, 9, 4], "texture": "#0"},
				"south": {"uv": [4, 8, 5, 9], "texture": "#0"},
				"west": {"uv": [8, 4, 9, 5], "texture": "#0"},
				"up": {"uv": [6, 9, 5, 8], "texture": "#0"},
				"down": {"uv": [9, 5, 8, 6], "texture": "#0"}
			}
		}
	],
	"display": {
		"thirdperson_righthand": {
			"translation": [0, 0, -2],
			"scale": [0.33, 0.33, 0.33]
		},
		"thirdperson_lefthand": {
			"translation": [0, 0, -2],
			"scale": [0.33, 0.33, 0.33]
		},
		"ground": {
			"translation": [0, 0.25, 0],
			"scale": [0.5, 0.5, 0.5]
		},
		"gui": {
			"rotation": [-90, 0, 0],
			"translation": [0, -0.75, -7.75]
		},
		"head": {
			"translation": [0, 2.25, 0],
			"scale": [0.9, 0.9, 0.9]
		},
		"fixed": {
			"rotation": [-90, 0, 0],
			"translation": [0, -0.75, -7.75]
		}
	},
	"groups": [
		{
			"name": "lollipop",
			"origin": [0, 0, 0],
			"color": 0,
			"children": [0, 1, 2, 3]
		},
		{
			"name": "lollipop2",
			"origin": [0, 0, 0],
			"color": 0,
			"children": [4, 5, 6, 7]
		},
		{
			"name": "kisses",
			"origin": [0, 0, 0],
			"color": 0,
			"children": [8, 9, 10, 11, 12, 13, 14, 15, 16, 17, 18, 19]
		}
	]
}