{
	"credit": "Made with Blockbench",
	"textures": {
		"0": "mctc:decoration/candy/candy1",
		"1": "mctc:decoration/candy/lollipop1",
		"2": "mctc:decoration/candy/lollipop2",
		"3": "mctc:decoration/candy/candy2",
		"4": "mctc:decoration/candy/starburst",
		"5": "mctc:decoration/candy/corn1",
		"6": "mctc:decoration/candy/corn2",
		"7": "mctc:decoration/candy/chocolate",
		"9": "mctc:decoration/candy/kisses",
		"particle": "mctc:decoration/candy/candy1"
	},
	"elements": [
		{
			"from": [9, 1, 17],
			"to": [13, 2, 20],
			"rotation": {"angle": 22.5, "axis": "y", "origin": [3, 0, 1]},
			"faces": {
				"north": {"uv": [2, 6, 6, 7], "texture": "#0"},
				"east": {"uv": [6, 4, 9, 5], "texture": "#0"},
				"south": {"uv": [6, 3, 10, 4], "texture": "#0"},
				"west": {"uv": [6, 5, 9, 6], "texture": "#0"},
				"up": {"uv": [4, 3, 0, 0], "texture": "#0"},
				"down": {"uv": [4, 3, 0, 6], "texture": "#0"}
			}
		},
		{
			"from": [10, 2, 17],
			"to": [12, 3, 20],
			"rotation": {"angle": 22.5, "axis": "y", "origin": [3, 0, 1]},
			"faces": {
				"north": {"uv": [8, 1, 10, 2], "texture": "#0"},
				"east": {"uv": [6, 6, 9, 7], "texture": "#0"},
				"south": {"uv": [2, 8, 4, 9], "texture": "#0"},
				"west": {"uv": [2, 7, 5, 8], "texture": "#0"},
				"up": {"uv": [6, 3, 4, 0], "texture": "#0"},
				"down": {"uv": [6, 3, 4, 6], "texture": "#0"}
			}
		},
		{
			"from": [10, 0, 17],
			"to": [12, 1, 20],
			"rotation": {"angle": 22.5, "axis": "y", "origin": [3, 0, 1]},
			"faces": {
				"north": {"uv": [8, 2, 10, 3], "texture": "#0"},
				"east": {"uv": [5, 7, 8, 8], "texture": "#0"},
				"south": {"uv": [4, 8, 6, 9], "texture": "#0"},
				"west": {"uv": [8, 0, 11, 1], "texture": "#0"},
				"up": {"uv": [2, 9, 0, 6], "texture": "#0"},
				"down": {"uv": [8, 0, 6, 3], "texture": "#0"}
			}
		},
		{
			"from": [12, 2, 18],
			"to": [13, 3, 19],
			"rotation": {"angle": 22.5, "axis": "y", "origin": [3, 0, 1]},
			"faces": {
				"north": {"uv": [2, 9, 3, 10], "texture": "#0"},
				"east": {"uv": [3, 9, 4, 10], "texture": "#0"},
				"south": {"uv": [4, 9, 5, 10], "texture": "#0"},
				"west": {"uv": [9, 4, 10, 5], "texture": "#0"},
				"up": {"uv": [6, 10, 5, 9], "texture": "#0"},
				"down": {"uv": [10, 5, 9, 6], "texture": "#0"}
			}
		},
		{
			"from": [9, 2, 18],
			"to": [10, 3, 19],
			"rotation": {"angle": 22.5, "axis": "y", "origin": [3, 0, 1]},
			"faces": {
				"north": {"uv": [6, 9, 7, 10], "texture": "#0"},
				"east": {"uv": [9, 6, 10, 7], "texture": "#0"},
				"south": {"uv": [7, 9, 8, 10], "texture": "#0"},
				"west": {"uv": [9, 7, 10, 8], "texture": "#0"},
				"up": {"uv": [9, 10, 8, 9], "texture": "#0"},
				"down": {"uv": [10, 8, 9, 9], "texture": "#0"}
			}
		},
		{
			"from": [12, 0, 18],
			"to": [13, 1, 19],
			"rotation": {"angle": 22.5, "axis": "y", "origin": [3, 0, 1]},
			"faces": {
				"north": {"uv": [9, 9, 10, 10], "texture": "#0"},
				"east": {"uv": [0, 10, 1, 11], "texture": "#0"},
				"south": {"uv": [1, 10, 2, 11], "texture": "#0"},
				"west": {"uv": [10, 1, 11, 2], "texture": "#0"},
				"up": {"uv": [3, 11, 2, 10], "texture": "#0"},
				"down": {"uv": [11, 2, 10, 3], "texture": "#0"}
			}
		},
		{
			"from": [9, 0, 18],
			"to": [10, 1, 19],
			"rotation": {"angle": 22.5, "axis": "y", "origin": [3, 0, 1]},
			"faces": {
				"north": {"uv": [3, 10, 4, 11], "texture": "#0"},
				"east": {"uv": [10, 3, 11, 4], "texture": "#0"},
				"south": {"uv": [4, 10, 5, 11], "texture": "#0"},
				"west": {"uv": [10, 4, 11, 5], "texture": "#0"},
				"up": {"uv": [6, 11, 5, 10], "texture": "#0"},
				"down": {"uv": [11, 5, 10, 6], "texture": "#0"}
			}
		},
		{
			"from": [13, 1, 18],
			"to": [14, 2, 19],
			"rotation": {"angle": 22.5, "axis": "y", "origin": [3, 0, 1]},
			"faces": {
				"north": {"uv": [6, 10, 7, 11], "texture": "#0"},
				"east": {"uv": [10, 6, 11, 7], "texture": "#0"},
				"south": {"uv": [7, 10, 8, 11], "texture": "#0"},
				"west": {"uv": [10, 7, 11, 8], "texture": "#0"},
				"up": {"uv": [9, 11, 8, 10], "texture": "#0"},
				"down": {"uv": [11, 8, 10, 9], "texture": "#0"}
			}
		},
		{
			"from": [14, 2, 19],
			"to": [15, 3, 20],
			"rotation": {"angle": 22.5, "axis": "y", "origin": [3, 0, 1]},
			"faces": {
				"north": {"uv": [9, 10, 10, 11], "texture": "#0"},
				"east": {"uv": [10, 9, 11, 10], "texture": "#0"},
				"south": {"uv": [10, 10, 11, 11], "texture": "#0"},
				"west": {"uv": [0, 11, 1, 12], "texture": "#0"},
				"up": {"uv": [12, 1, 11, 0], "texture": "#0"},
				"down": {"uv": [2, 11, 1, 12], "texture": "#0"}
			}
		},
		{
			"from": [14, 0, 17],
			"to": [15, 1, 18],
			"rotation": {"angle": 22.5, "axis": "y", "origin": [3, 0, 1]},
			"faces": {
				"north": {"uv": [11, 1, 12, 2], "texture": "#0"},
				"east": {"uv": [2, 11, 3, 12], "texture": "#0"},
				"south": {"uv": [11, 2, 12, 3], "texture": "#0"},
				"west": {"uv": [3, 11, 4, 12], "texture": "#0"},
				"up": {"uv": [12, 4, 11, 3], "texture": "#0"},
				"down": {"uv": [5, 11, 4, 12], "texture": "#0"}
			}
		},
		{
			"from": [7, 0, 19],
			"to": [8, 1, 20],
			"rotation": {"angle": 22.5, "axis": "y", "origin": [3, 0, 1]},
			"faces": {
				"north": {"uv": [11, 4, 12, 5], "texture": "#0"},
				"east": {"uv": [5, 11, 6, 12], "texture": "#0"},
				"south": {"uv": [11, 5, 12, 6], "texture": "#0"},
				"west": {"uv": [6, 11, 7, 12], "texture": "#0"},
				"up": {"uv": [12, 7, 11, 6], "texture": "#0"},
				"down": {"uv": [8, 11, 7, 12], "texture": "#0"}
			}
		},
		{
			"from": [8, 1, 18],
			"to": [9, 2, 19],
			"rotation": {"angle": 22.5, "axis": "y", "origin": [3, 0, 1]},
			"faces": {
				"north": {"uv": [11, 7, 12, 8], "texture": "#0"},
				"east": {"uv": [8, 11, 9, 12], "texture": "#0"},
				"south": {"uv": [11, 8, 12, 9], "texture": "#0"},
				"west": {"uv": [9, 11, 10, 12], "texture": "#0"},
				"up": {"uv": [12, 10, 11, 9], "texture": "#0"},
				"down": {"uv": [11, 11, 10, 12], "texture": "#0"}
			}
		},
		{
			"from": [7, 2, 17],
			"to": [8, 3, 18],
			"rotation": {"angle": 22.5, "axis": "y", "origin": [3, 0, 1]},
			"faces": {
				"north": {"uv": [6, 8, 7, 9], "texture": "#0"},
				"east": {"uv": [7, 8, 8, 9], "texture": "#0"},
				"south": {"uv": [8, 7, 9, 8], "texture": "#0"},
				"west": {"uv": [8, 8, 9, 9], "texture": "#0"},
				"up": {"uv": [1, 10, 0, 9], "texture": "#0"},
				"down": {"uv": [2, 9, 1, 10], "texture": "#0"}
			}
		},
		{
			"from": [3, 0, 11],
			"to": [4, 1, 15],
			"rotation": {"angle": 22.5, "axis": "y", "origin": [3, 0, 1]},
			"faces": {
				"north": {"uv": [7, 6, 8, 7], "texture": "#1"},
				"east": {"uv": [0, 4, 4, 5], "texture": "#1"},
				"south": {"uv": [7, 7, 8, 8], "texture": "#1"},
				"west": {"uv": [4, 4, 8, 5], "texture": "#1"},
				"up": {"uv": [1, 9, 0, 5], "texture": "#1"},
				"down": {"uv": [2, 5, 1, 9], "texture": "#1"}
			}
		},
		{
			"from": [2, 0, 15],
			"to": [5, 1, 19],
			"rotation": {"angle": 22.5, "axis": "y", "origin": [3, 0, 1]},
			"faces": {
				"north": {"uv": [6, 1, 9, 2], "texture": "#1"},
				"east": {"uv": [2, 5, 6, 6], "texture": "#1"},
				"south": {"uv": [2, 6, 5, 7], "texture": "#1"},
				"west": {"uv": [6, 0, 10, 1], "texture": "#1"},
				"up": {"uv": [3, 4, 0, 0], "texture": "#1"},
				"down": {"uv": [6, 0, 3, 4], "texture": "#1"}
			}
		},
		{
			"from": [1, 0, 16],
			"to": [2, 1, 18],
			"rotation": {"angle": 22.5, "axis": "y", "origin": [3, 0, 1]},
			"faces": {
				"north": {"uv": [2, 8, 3, 9], "texture": "#1"},
				"east": {"uv": [6, 2, 8, 3], "texture": "#1"},
				"south": {"uv": [8, 2, 9, 3], "texture": "#1"},
				"west": {"uv": [6, 3, 8, 4], "texture": "#1"},
				"up": {"uv": [6, 8, 5, 6], "texture": "#1"},
				"down": {"uv": [7, 5, 6, 7], "texture": "#1"}
			}
		},
		{
			"from": [5, 0, 16],
			"to": [6, 1, 18],
			"rotation": {"angle": 22.5, "axis": "y", "origin": [3, 0, 1]},
			"faces": {
				"north": {"uv": [3, 8, 4, 9], "texture": "#1"},
				"east": {"uv": [2, 7, 4, 8], "texture": "#1"},
				"south": {"uv": [8, 3, 9, 4], "texture": "#1"},
				"west": {"uv": [7, 5, 9, 6], "texture": "#1"},
				"up": {"uv": [5, 9, 4, 7], "texture": "#1"},
				"down": {"uv": [7, 7, 6, 9], "texture": "#1"}
			}
		},
		{
			"from": [13, 0, 13],
			"to": [17, 1, 14],
			"rotation": {"angle": 22.5, "axis": "y", "origin": [3, 0, 1]},
			"faces": {
				"north": {"uv": [4, 0, 8, 1], "texture": "#2"},
				"east": {"uv": [2, 8, 3, 9], "texture": "#2"},
				"south": {"uv": [4, 1, 8, 2], "texture": "#2"},
				"west": {"uv": [8, 2, 9, 3], "texture": "#2"},
				"up": {"uv": [8, 3, 4, 2], "texture": "#2"},
				"down": {"uv": [8, 3, 4, 4], "texture": "#2"}
			}
		},
		{
			"from": [9, 0, 12],
			"to": [13, 1, 15],
			"rotation": {"angle": 22.5, "axis": "y", "origin": [3, 0, 1]},
			"faces": {
				"north": {"uv": [4, 4, 8, 5], "texture": "#2"},
				"east": {"uv": [0, 6, 3, 7], "texture": "#2"},
				"south": {"uv": [4, 5, 8, 6], "texture": "#2"},
				"west": {"uv": [3, 6, 6, 7], "texture": "#2"},
				"up": {"uv": [4, 3, 0, 0], "texture": "#2"},
				"down": {"uv": [4, 3, 0, 6], "texture": "#2"}
			}
		},
		{
			"from": [10, 0, 11],
			"to": [12, 1, 12],
			"rotation": {"angle": 22.5, "axis": "y", "origin": [3, 0, 1]},
			"faces": {
				"north": {"uv": [6, 6, 8, 7], "texture": "#2"},
				"east": {"uv": [3, 8, 4, 9], "texture": "#2"},
				"south": {"uv": [0, 7, 2, 8], "texture": "#2"},
				"west": {"uv": [8, 3, 9, 4], "texture": "#2"},
				"up": {"uv": [4, 8, 2, 7], "texture": "#2"},
				"down": {"uv": [6, 7, 4, 8], "texture": "#2"}
			}
		},
		{
			"from": [10, 0, 15],
			"to": [12, 1, 16],
			"rotation": {"angle": 22.5, "axis": "y", "origin": [3, 0, 1]},
			"faces": {
				"north": {"uv": [6, 7, 8, 8], "texture": "#2"},
				"east": {"uv": [4, 8, 5, 9], "texture": "#2"},
				"south": {"uv": [0, 8, 2, 9], "texture": "#2"},
				"west": {"uv": [8, 4, 9, 5], "texture": "#2"},
				"up": {"uv": [10, 1, 8, 0], "texture": "#2"},
				"down": {"uv": [10, 1, 8, 2], "texture": "#2"}
			}
		},
		{
			"from": [2, 1, 11],
			"to": [8, 2, 14],
			"rotation": {"angle": -22.5, "axis": "y", "origin": [3, 0, 1]},
			"faces": {
				"north": {"uv": [8, 6, 14, 7], "texture": "#3"},
				"east": {"uv": [0, 10, 3, 11], "texture": "#3"},
				"south": {"uv": [8, 7, 14, 8], "texture": "#3"},
				"west": {"uv": [10, 0, 13, 1], "texture": "#3"},
				"up": {"uv": [6, 3, 0, 0], "texture": "#3"},
				"down": {"uv": [6, 3, 0, 6], "texture": "#3"}
			}
		},
		{
			"from": [3, 2, 11],
			"to": [7, 3, 14],
			"rotation": {"angle": -22.5, "axis": "y", "origin": [3, 0, 1]},
			"faces": {
				"north": {"uv": [8, 8, 12, 9], "texture": "#3"},
				"east": {"uv": [10, 1, 13, 2], "texture": "#3"},
				"south": {"uv": [0, 9, 4, 10], "texture": "#3"},
				"west": {"uv": [10, 2, 13, 3], "texture": "#3"},
				"up": {"uv": [4, 9, 0, 6], "texture": "#3"},
				"down": {"uv": [10, 0, 6, 3], "texture": "#3"}
			}
		},
		{
			"from": [3, 0, 11],
			"to": [7, 1, 14],
			"rotation": {"angle": -22.5, "axis": "y", "origin": [3, 0, 1]},
			"faces": {
				"north": {"uv": [4, 9, 8, 10], "texture": "#3"},
				"east": {"uv": [3, 10, 6, 11], "texture": "#3"},
				"south": {"uv": [8, 9, 12, 10], "texture": "#3"},
				"west": {"uv": [10, 3, 13, 4], "texture": "#3"},
				"up": {"uv": [10, 6, 6, 3], "texture": "#3"},
				"down": {"uv": [8, 6, 4, 9], "texture": "#3"}
			}
		},
		{
			"from": [7, 2, 12],
			"to": [8, 3, 13],
			"rotation": {"angle": -22.5, "axis": "y", "origin": [3, 0, 1]},
			"faces": {
				"north": {"uv": [10, 4, 11, 5], "texture": "#3"},
				"east": {"uv": [10, 5, 11, 6], "texture": "#3"},
				"south": {"uv": [6, 10, 7, 11], "texture": "#3"},
				"west": {"uv": [7, 10, 8, 11], "texture": "#3"},
				"up": {"uv": [9, 11, 8, 10], "texture": "#3"},
				"down": {"uv": [10, 10, 9, 11], "texture": "#3"}
			}
		},
		{
			"from": [2, 2, 12],
			"to": [3, 3, 13],
			"rotation": {"angle": -22.5, "axis": "y", "origin": [3, 0, 1]},
			"faces": {
				"north": {"uv": [10, 10, 11, 11], "texture": "#3"},
				"east": {"uv": [0, 11, 1, 12], "texture": "#3"},
				"south": {"uv": [1, 11, 2, 12], "texture": "#3"},
				"west": {"uv": [2, 11, 3, 12], "texture": "#3"},
				"up": {"uv": [4, 12, 3, 11], "texture": "#3"},
				"down": {"uv": [5, 11, 4, 12], "texture": "#3"}
			}
		},
		{
			"from": [7, 0, 12],
			"to": [8, 1, 13],
			"rotation": {"angle": -22.5, "axis": "y", "origin": [3, 0, 1]},
			"faces": {
				"north": {"uv": [11, 4, 12, 5], "texture": "#3"},
				"east": {"uv": [5, 11, 6, 12], "texture": "#3"},
				"south": {"uv": [11, 5, 12, 6], "texture": "#3"},
				"west": {"uv": [6, 11, 7, 12], "texture": "#3"},
				"up": {"uv": [8, 12, 7, 11], "texture": "#3"},
				"down": {"uv": [9, 11, 8, 12], "texture": "#3"}
			}
		},
		{
			"from": [2, 0, 12],
			"to": [3, 1, 13],
			"rotation": {"angle": -22.5, "axis": "y", "origin": [3, 0, 1]},
			"faces": {
				"north": {"uv": [9, 11, 10, 12], "texture": "#3"},
				"east": {"uv": [10, 11, 11, 12], "texture": "#3"},
				"south": {"uv": [11, 10, 12, 11], "texture": "#3"},
				"west": {"uv": [11, 11, 12, 12], "texture": "#3"},
				"up": {"uv": [1, 13, 0, 12], "texture": "#3"},
				"down": {"uv": [2, 12, 1, 13], "texture": "#3"}
			}
		},
		{
			"from": [8, 1, 12],
			"to": [9, 2, 13],
			"rotation": {"angle": -22.5, "axis": "y", "origin": [3, 0, 1]},
			"faces": {
				"north": {"uv": [2, 12, 3, 13], "texture": "#3"},
				"east": {"uv": [3, 12, 4, 13], "texture": "#3"},
				"south": {"uv": [4, 12, 5, 13], "texture": "#3"},
				"west": {"uv": [12, 4, 13, 5], "texture": "#3"},
				"up": {"uv": [6, 13, 5, 12], "texture": "#3"},
				"down": {"uv": [13, 5, 12, 6], "texture": "#3"}
			}
		},
		{
			"from": [9, 2, 11],
			"to": [10, 3, 12],
			"rotation": {"angle": -22.5, "axis": "y", "origin": [3, 0, 1]},
			"faces": {
				"north": {"uv": [6, 12, 7, 13], "texture": "#3"},
				"east": {"uv": [7, 12, 8, 13], "texture": "#3"},
				"south": {"uv": [8, 12, 9, 13], "texture": "#3"},
				"west": {"uv": [12, 8, 13, 9], "texture": "#3"},
				"up": {"uv": [10, 13, 9, 12], "texture": "#3"},
				"down": {"uv": [13, 9, 12, 10], "texture": "#3"}
			}
		},
		{
			"from": [9, 0, 13],
			"to": [10, 1, 14],
			"rotation": {"angle": -22.5, "axis": "y", "origin": [3, 0, 1]},
			"faces": {
				"north": {"uv": [10, 12, 11, 13], "texture": "#3"},
				"east": {"uv": [12, 10, 13, 11], "texture": "#3"},
				"south": {"uv": [11, 12, 12, 13], "texture": "#3"},
				"west": {"uv": [12, 11, 13, 12], "texture": "#3"},
				"up": {"uv": [13, 13, 12, 12], "texture": "#3"},
				"down": {"uv": [1, 13, 0, 14], "texture": "#3"}
			}
		},
		{
			"from": [0, 0, 11],
			"to": [1, 1, 12],
			"rotation": {"angle": -22.5, "axis": "y", "origin": [3, 0, 1]},
			"faces": {
				"north": {"uv": [13, 0, 14, 1], "texture": "#3"},
				"east": {"uv": [1, 13, 2, 14], "texture": "#3"},
				"south": {"uv": [13, 1, 14, 2], "texture": "#3"},
				"west": {"uv": [2, 13, 3, 14], "texture": "#3"},
				"up": {"uv": [14, 3, 13, 2], "texture": "#3"},
				"down": {"uv": [4, 13, 3, 14], "texture": "#3"}
			}
		},
		{
			"from": [1, 1, 12],
			"to": [2, 2, 13],
			"rotation": {"angle": -22.5, "axis": "y", "origin": [3, 0, 1]},
			"faces": {
				"north": {"uv": [13, 3, 14, 4], "texture": "#3"},
				"east": {"uv": [4, 13, 5, 14], "texture": "#3"},
				"south": {"uv": [13, 4, 14, 5], "texture": "#3"},
				"west": {"uv": [5, 13, 6, 14], "texture": "#3"},
				"up": {"uv": [14, 6, 13, 5], "texture": "#3"},
				"down": {"uv": [7, 13, 6, 14], "texture": "#3"}
			}
		},
		{
			"from": [0, 2, 13],
			"to": [1, 3, 14],
			"rotation": {"angle": -22.5, "axis": "y", "origin": [3, 0, 1]},
			"faces": {
				"north": {"uv": [7, 13, 8, 14], "texture": "#3"},
				"east": {"uv": [8, 13, 9, 14], "texture": "#3"},
				"south": {"uv": [13, 8, 14, 9], "texture": "#3"},
				"west": {"uv": [9, 13, 10, 14], "texture": "#3"},
				"up": {"uv": [14, 10, 13, 9], "texture": "#3"},
				"down": {"uv": [11, 13, 10, 14], "texture": "#3"}
			}
		},
		{
			"from": [1, 0, 10],
			"to": [2, 1, 11],
			"rotation": {"angle": 22.5, "axis": "y", "origin": [3, 0, 1]},
			"faces": {
				"north": {"uv": [1, 2, 2, 3], "texture": "#4"},
				"east": {"uv": [2, 1, 3, 2], "texture": "#4"},
				"south": {"uv": [2, 2, 3, 3], "texture": "#4"},
				"west": {"uv": [0, 3, 1, 4], "texture": "#4"},
				"up": {"uv": [4, 1, 3, 0], "texture": "#4"},
				"down": {"uv": [2, 3, 1, 4], "texture": "#4"}
			}
		},
		{
			"from": [5, 0, 11],
			"to": [6, 1, 12],
			"rotation": {"angle": 22.5, "axis": "y", "origin": [3, 0, 1]},
			"faces": {
				"north": {"uv": [3, 1, 4, 2], "texture": "#4"},
				"east": {"uv": [2, 3, 3, 4], "texture": "#4"},
				"south": {"uv": [3, 2, 4, 3], "texture": "#4"},
				"west": {"uv": [3, 3, 4, 4], "texture": "#4"},
				"up": {"uv": [1, 5, 0, 4], "texture": "#4"},
				"down": {"uv": [5, 0, 4, 1], "texture": "#4"}
			}
		},
		{
			"from": [-1, 0, 8],
			"to": [0, 1, 9],
			"rotation": {"angle": 0, "axis": "y", "origin": [3, 0, 1]},
			"faces": {
				"north": {"uv": [1, 4, 2, 5], "texture": "#4"},
				"east": {"uv": [4, 1, 5, 2], "texture": "#4"},
				"south": {"uv": [2, 4, 3, 5], "texture": "#4"},
				"west": {"uv": [4, 2, 5, 3], "texture": "#4"},
				"up": {"uv": [4, 5, 3, 4], "texture": "#4"},
				"down": {"uv": [5, 3, 4, 4], "texture": "#4"}
			}
		},
		{
			"from": [12, 0, 2],
			"to": [13, 1, 3],
			"rotation": {"angle": 0, "axis": "y", "origin": [3, 0, 1]},
			"faces": {
				"north": {"uv": [4, 4, 5, 5], "texture": "#4"},
				"east": {"uv": [0, 5, 1, 6], "texture": "#4"},
				"south": {"uv": [5, 0, 6, 1], "texture": "#4"},
				"west": {"uv": [1, 5, 2, 6], "texture": "#4"},
				"up": {"uv": [6, 2, 5, 1], "texture": "#4"},
				"down": {"uv": [3, 5, 2, 6], "texture": "#4"}
			}
		},
		{
			"from": [14, 0, 7],
			"to": [15, 1, 8],
			"rotation": {"angle": -22.5, "axis": "y", "origin": [3, 0, 1]},
			"faces": {
				"north": {"uv": [5, 2, 6, 3], "texture": "#4"},
				"east": {"uv": [3, 5, 4, 6], "texture": "#4"},
				"south": {"uv": [5, 3, 6, 4], "texture": "#4"},
				"west": {"uv": [4, 5, 5, 6], "texture": "#4"},
				"up": {"uv": [6, 5, 5, 4], "texture": "#4"},
				"down": {"uv": [6, 5, 5, 6], "texture": "#4"}
			}
		},
		{
			"from": [0, 0, 12],
			"to": [1, 1, 13],
			"rotation": {"angle": 22.5, "axis": "y", "origin": [3, 0, 1]},
			"faces": {
				"north": {"uv": [0, 0, 1, 1], "texture": "#4"},
				"east": {"uv": [0, 1, 1, 2], "texture": "#4"},
				"south": {"uv": [1, 0, 2, 1], "texture": "#4"},
				"west": {"uv": [1, 1, 2, 2], "texture": "#4"},
				"up": {"uv": [1, 3, 0, 2], "texture": "#4"},
				"down": {"uv": [3, 0, 2, 1], "texture": "#4"}
			}
		},
		{
			"from": [10, 0, -1],
			"to": [11, 1, 0],
			"rotation": {"angle": -22.5, "axis": "y", "origin": [0, 0, 0]},
			"faces": {
				"north": {"uv": [3, 6, 4, 7], "texture": "#4"},
				"east": {"uv": [6, 3, 7, 4], "texture": "#4"},
				"south": {"uv": [4, 6, 5, 7], "texture": "#4"},
				"west": {"uv": [6, 4, 7, 5], "texture": "#4"},
				"up": {"uv": [6, 7, 5, 6], "texture": "#4"},
				"down": {"uv": [7, 5, 6, 6], "texture": "#4"}
			}
		},
		{
			"from": [5, 0, 5],
			"to": [8, 1, 6],
			"rotation": {"angle": 0, "axis": "y", "origin": [3, 0, 1]},
			"faces": {
				"north": {"uv": [0, 0, 3, 1], "texture": "#6"},
				"east": {"uv": [0, 4, 1, 5], "texture": "#6"},
				"south": {"uv": [0, 1, 3, 2], "texture": "#6"},
				"west": {"uv": [1, 4, 2, 5], "texture": "#6"},
				"up": {"uv": [3, 3, 0, 2], "texture": "#6"},
				"down": {"uv": [3, 3, 0, 4], "texture": "#6"}
			}
		},
		{
			"from": [6, 0, 6],
			"to": [8, 1, 7],
			"rotation": {"angle": 0, "axis": "y", "origin": [3, 0, 1]},
			"faces": {
				"north": {"uv": [3, 0, 5, 1], "texture": "#6"},
				"east": {"uv": [2, 4, 3, 5], "texture": "#6"},
				"south": {"uv": [3, 1, 5, 2], "texture": "#6"},
				"west": {"uv": [3, 4, 4, 5], "texture": "#6"},
				"up": {"uv": [5, 3, 3, 2], "texture": "#6"},
				"down": {"uv": [5, 3, 3, 4], "texture": "#6"}
			}
		},
		{
			"from": [6, 0, 7],
			"to": [7, 1, 8],
			"rotation": {"angle": 0, "axis": "y", "origin": [3, 0, 1]},
			"faces": {
				"north": {"uv": [4, 4, 5, 5], "texture": "#6"},
				"east": {"uv": [0, 5, 1, 6], "texture": "#6"},
				"south": {"uv": [5, 0, 6, 1], "texture": "#6"},
				"west": {"uv": [1, 5, 2, 6], "texture": "#6"},
				"up": {"uv": [6, 2, 5, 1], "texture": "#6"},
				"down": {"uv": [3, 5, 2, 6], "texture": "#6"}
			}
		},
		{
			"from": [7, 0, 8],
			"to": [10, 1, 9],
			"rotation": {"angle": 22.5, "axis": "y", "origin": [3, 0, 1]},
			"faces": {
				"north": {"uv": [0, 0, 3, 1], "texture": "#5"},
				"east": {"uv": [0, 4, 1, 5], "texture": "#5"},
				"south": {"uv": [0, 1, 3, 2], "texture": "#5"},
				"west": {"uv": [1, 4, 2, 5], "texture": "#5"},
				"up": {"uv": [3, 3, 0, 2], "texture": "#5"},
				"down": {"uv": [3, 3, 0, 4], "texture": "#5"}
			}
		},
		{
			"from": [7, 0, 9],
			"to": [9, 1, 10],
			"rotation": {"angle": 22.5, "axis": "y", "origin": [3, 0, 1]},
			"faces": {
				"north": {"uv": [3, 0, 5, 1], "texture": "#5"},
				"east": {"uv": [2, 4, 3, 5], "texture": "#5"},
				"south": {"uv": [3, 1, 5, 2], "texture": "#5"},
				"west": {"uv": [3, 4, 4, 5], "texture": "#5"},
				"up": {"uv": [5, 3, 3, 2], "texture": "#5"},
				"down": {"uv": [5, 3, 3, 4], "texture": "#5"}
			}
		},
		{
			"from": [8, 0, 10],
			"to": [9, 1, 11],
			"rotation": {"angle": 22.5, "axis": "y", "origin": [3, 0, 1]},
			"faces": {
				"north": {"uv": [4, 4, 5, 5], "texture": "#5"},
				"east": {"uv": [0, 5, 1, 6], "texture": "#5"},
				"south": {"uv": [5, 0, 6, 1], "texture": "#5"},
				"west": {"uv": [1, 5, 2, 6], "texture": "#5"},
				"up": {"uv": [6, 2, 5, 1], "texture": "#5"},
				"down": {"uv": [3, 5, 2, 6], "texture": "#5"}
			}
		},
		{
			"from": [5, 1, 6],
			"to": [6, 2, 7],
			"rotation": {"angle": -22.5, "axis": "y", "origin": [0, 0, 0]},
			"faces": {
				"north": {"uv": [3, 1, 4, 2], "texture": "#9"},
				"east": {"uv": [4, 1, 5, 2], "texture": "#9"},
				"south": {"uv": [4, 3, 5, 4], "texture": "#9"},
				"west": {"uv": [4, 4, 5, 5], "texture": "#9"},
				"up": {"uv": [1, 6, 0, 5], "texture": "#9"},
				"down": {"uv": [2, 5, 1, 6], "texture": "#9"}
			}
		},
		{
			"from": [6, 0, 6],
			"to": [7, 1, 7],
			"rotation": {"angle": -22.5, "axis": "y", "origin": [0, 0, 0]},
			"faces": {
				"north": {"uv": [5, 1, 6, 2], "texture": "#9"},
				"east": {"uv": [5, 2, 6, 3], "texture": "#9"},
				"south": {"uv": [5, 3, 6, 4], "texture": "#9"},
				"west": {"uv": [4, 5, 5, 6], "texture": "#9"},
				"up": {"uv": [6, 5, 5, 4], "texture": "#9"},
				"down": {"uv": [6, 5, 5, 6], "texture": "#9"}
			}
		},
		{
			"from": [12, 1, 10],
			"to": [13, 2, 11],
			"rotation": {"angle": 22.5, "axis": "y", "origin": [0, 0, 0]},
			"faces": {
				"north": {"uv": [0, 6, 1, 7], "texture": "#9"},
				"east": {"uv": [6, 0, 7, 1], "texture": "#9"},
				"south": {"uv": [1, 6, 2, 7], "texture": "#9"},
				"west": {"uv": [6, 1, 7, 2], "texture": "#9"},
				"up": {"uv": [3, 7, 2, 6], "texture": "#9"},
				"down": {"uv": [7, 2, 6, 3], "texture": "#9"}
			}
		},
		{
			"from": [12, 0, 9],
			"to": [13, 1, 12],
			"rotation": {"angle": 22.5, "axis": "y", "origin": [0, 0, 0]},
			"faces": {
				"north": {"uv": [3, 6, 4, 7], "texture": "#9"},
				"east": {"uv": [0, 0, 3, 1], "texture": "#9"},
				"south": {"uv": [6, 3, 7, 4], "texture": "#9"},
				"west": {"uv": [0, 1, 3, 2], "texture": "#9"},
				"up": {"uv": [1, 5, 0, 2], "texture": "#9"},
				"down": {"uv": [2, 2, 1, 5], "texture": "#9"}
			}
		},
		{
			"from": [11, 0, 10],
			"to": [12, 1, 11],
			"rotation": {"angle": 22.5, "axis": "y", "origin": [0, 0, 0]},
			"faces": {
				"north": {"uv": [4, 6, 5, 7], "texture": "#9"},
				"east": {"uv": [6, 4, 7, 5], "texture": "#9"},
				"south": {"uv": [5, 6, 6, 7], "texture": "#9"},
				"west": {"uv": [6, 5, 7, 6], "texture": "#9"},
				"up": {"uv": [7, 7, 6, 6], "texture": "#9"},
				"down": {"uv": [1, 7, 0, 8], "texture": "#9"}
			}
		},
		{
			"from": [13, 0, 10],
			"to": [14, 1, 11],
			"rotation": {"angle": 22.5, "axis": "y", "origin": [0, 0, 0]},
			"faces": {
				"north": {"uv": [7, 0, 8, 1], "texture": "#9"},
				"east": {"uv": [1, 7, 2, 8], "texture": "#9"},
				"south": {"uv": [7, 1, 8, 2], "texture": "#9"},
				"west": {"uv": [2, 7, 3, 8], "texture": "#9"},
				"up": {"uv": [8, 3, 7, 2], "texture": "#9"},
				"down": {"uv": [4, 7, 3, 8], "texture": "#9"}
			}
		},
		{
			"from": [4, 0, 6],
			"to": [5, 1, 7],
			"rotation": {"angle": -22.5, "axis": "y", "origin": [0, 0, 0]},
			"faces": {
				"north": {"uv": [7, 3, 8, 4], "texture": "#9"},
				"east": {"uv": [4, 7, 5, 8], "texture": "#9"},
				"south": {"uv": [7, 4, 8, 5], "texture": "#9"},
				"west": {"uv": [5, 7, 6, 8], "texture": "#9"},
				"up": {"uv": [8, 6, 7, 5], "texture": "#9"},
				"down": {"uv": [7, 7, 6, 8], "texture": "#9"}
			}
		},
		{
			"from": [5, 0, 5],
			"to": [6, 1, 8],
			"rotation": {"angle": -22.5, "axis": "y", "origin": [0, 0, 0]},
			"faces": {
				"north": {"uv": [7, 6, 8, 7], "texture": "#9"},
				"east": {"uv": [2, 2, 5, 3], "texture": "#9"},
				"south": {"uv": [7, 7, 8, 8], "texture": "#9"},
				"west": {"uv": [3, 0, 6, 1], "texture": "#9"},
				"up": {"uv": [3, 6, 2, 3], "texture": "#9"},
				"down": {"uv": [4, 3, 3, 6], "texture": "#9"}
			}
		},
		{
			"from": [4, 2, 8],
			"to": [5, 3, 8],
			"faces": {
				"north": {"uv": [7, 8, 8, 9], "texture": "#9"},
				"east": {"uv": [0, 0, 0, 1], "texture": "#9"},
				"south": {"uv": [8, 7, 9, 8], "texture": "#9"},
				"west": {"uv": [0, 0, 0, 1], "texture": "#9"},
				"up": {"uv": [1, 0, 0, 0], "texture": "#9"},
				"down": {"uv": [1, 0, 0, 0], "texture": "#9"}
			}
		},
		{
			"from": [16, 2, 4],
			"to": [16, 3, 5],
			"faces": {
				"north": {"uv": [0, 8, 1, 9], "texture": "#9"},
				"east": {"uv": [8, 0, 9, 1], "texture": "#9"},
				"south": {"uv": [1, 8, 2, 9], "texture": "#9"},
				"west": {"uv": [8, 1, 9, 2], "texture": "#9"},
				"up": {"uv": [3, 9, 2, 8], "texture": "#9"},
				"down": {"uv": [9, 2, 8, 3], "texture": "#9"}
			}
		},
		{
			"from": [16, 2, 3],
			"to": [16, 3, 4],
			"faces": {
				"north": {"uv": [0, 0, 0, 1], "texture": "#9"},
				"east": {"uv": [6, 8, 7, 9], "texture": "#9"},
				"south": {"uv": [0, 0, 0, 1], "texture": "#9"},
				"west": {"uv": [8, 6, 9, 7], "texture": "#9"},
				"up": {"uv": [0, 1, 0, 0], "texture": "#9"},
				"down": {"uv": [0, 0, 0, 1], "texture": "#9"}
			}
		},
		{
			"from": [3, 2, 8],
			"to": [4, 3, 8],
			"faces": {
				"north": {"uv": [3, 8, 4, 9], "texture": "#9"},
				"east": {"uv": [8, 3, 9, 4], "texture": "#9"},
				"south": {"uv": [4, 8, 5, 9], "texture": "#9"},
				"west": {"uv": [8, 4, 9, 5], "texture": "#9"},
				"up": {"uv": [6, 9, 5, 8], "texture": "#9"},
				"down": {"uv": [9, 5, 8, 6], "texture": "#9"}
			}
		},
		{
			"name": "chocolate",
			"from": [-4, 0, 1],
			"to": [6, 1, 5],
			"rotation": {"angle": 22.5, "axis": "y", "origin": [3, 0, 1]},
			"faces": {
				"north": {"uv": [0, 8, 10, 9], "texture": "#7"},
				"east": {"uv": [0, 10, 4, 11], "texture": "#7"},
				"south": {"uv": [0, 9, 10, 10], "texture": "#7"},
				"west": {"uv": [10, 0, 14, 1], "texture": "#7"},
				"up": {"uv": [10, 4, 0, 0], "texture": "#7"},
				"down": {"uv": [10, 4, 0, 8], "texture": "#7"}
			}
		}
	],
	"display": {
		"thirdperson_righthand": {
			"translation": [0, 0, -2],
			"scale": [0.33, 0.33, 0.33]
		},
		"thirdperson_lefthand": {
			"translation": [0, 0, -2],
			"scale": [0.33, 0.33, 0.33]
		},
		"ground": {
			"translation": [0, 0.25, 0],
			"scale": [0.5, 0.5, 0.5]
		},
		"gui": {
			"rotation": [-96, 0, 0],
			"translation": [0, -1.25, -4],
			"scale": [0.5, 0.5, 0.5]
		},
		"head": {
			"translation": [0, 2.25, 0],
			"scale": [0.9, 0.9, 0.9]
		},
		"fixed": {
			"rotation": [-96, 0, 0],
			"translation": [0, -1.25, -4],
			"scale": [0.5, 0.5, 0.5]
		}
	},
	"groups": [
		{
			"name": "candy",
			"origin": [0, 0, 0],
			"color": 0,
			"children": [0, 1, 2, 3, 4, 5, 6, 7, 8, 9, 10, 11, 12]
		},
		{
			"name": "lollipop",
			"origin": [0, 0, 0],
			"color": 0,
			"children": [13, 14, 15, 16]
		},
		{
			"name": "lollipop2",
			"origin": [0, 0, 0],
			"color": 0,
			"children": [17, 18, 19, 20]
		},
		{
			"name": "candy2",
			"origin": [0, 0, 0],
			"color": 0,
			"children": [21, 22, 23, 24, 25, 26, 27, 28, 29, 30, 31, 32, 33]
		},
		{
			"name": "starburst",
			"origin": [0, 0, 0],
			"color": 0,
			"children": [34, 35, 36, 37, 38, 39, 40]
		},
		{
			"name": "candycorn",
			"origin": [0, 0, 0],
			"color": 0,
			"children": [41, 42, 43, 44, 45, 46]
		},
		{
			"name": "kisses",
			"origin": [0, 0, 0],
			"color": 0,
			"children": [47, 48, 49, 50, 51, 52, 53, 54, 55, 56, 57, 58]
		},
		59
	]
}