{
	"credit": "Made with Blockbench",
	"parent": "item/generated",
	"textures": {
		"layer0": "mctc:decoration/candy/heartlolli"
	},
	"display": {
		"thirdperson_righthand": {
			"translation": [-0.5, 1.25, 0],
			"scale": [0.5, 0.5, 0.5]
		},
		"thirdperson_lefthand": {
			"translation": [0, 1.25, 0],
			"scale": [0.5, 0.5, 0.5]
		},
		"firstperson_righthand": {
			"translation": [1.5, 1, 0]
		},
		"firstperson_lefthand": {
			"translation": [2.5, 1, 0]
		},
		"ground": {
			"translation": [0, 2.5, 0],
			"scale": [0.8, 0.8, 0.8]
		},
		"gui": {
			"rotation": [0, 27, 8],
			"scale": [1.32, 1.32, 1.32]
		},
		"fixed": {
			"translation": [-1, 0, 0],
			"scale": [1.94, 1.94, 1.94]
		}
	}
}