{
	"credit": "Made with Blockbench",
	"parent": "item/generated",
	"textures": {
		"layer0": "mctc:decoration/candy/kiss_solo"
	},
	"display": {
		"thirdperson_righthand": {
			"translation": [0.25, 1.25, 0],
			"scale": [0.2, 0.2, 0.2]
		},
		"thirdperson_lefthand": {
			"translation": [0.25, 1.25, 0],
			"scale": [0.2, 0.2, 0.2]
		},
		"firstperson_righthand": {
			"scale": [0.2, 0.2, 0.2]
		},
		"firstperson_lefthand": {
			"scale": [0.2, 0.2, 0.2]
		},
		"ground": {
			"translation": [0, -2.25, 0],
			"scale": [0.2, 0.2, 0.2]
		},
		"gui": {
			"translation": [0, -1.5, 0],
			"scale": [0.68, 0.68, 0.68]
		},
		"fixed": {
			"translation": [0, -1.5, 0],
			"scale": [0.68, 0.68, 0.68]
		}
	}
}