{
  "parent": "item/generated",
  "textures": {
    "layer0": "item/bundle"
  },
  "overrides": [
    {
      "predicate": 
      {
        "custom_model_data":0
      },
      "model": "mctc:decoration/candy/candy_pumpkin"
    },
    { 
      "predicate": {
        "filled": 0.0000001,
        "custom_model_data": 0
      }, 
      "model": "mctc:decoration/candy/candy_pumpkin_full"
    },{
      "predicate": 
      {
        "custom_model_data":1
      },
      "model": "mctc:decoration/candy/candy_pillow"
    },
    { 
      "predicate": {
        "filled": 0.0000001,
        "custom_model_data": 1
      }, 
      "model": "mctc:decoration/candy/candy_pillow_full"
    }
  ]
}
