{
  "parent": "item/generated",
  "textures": {
    "layer0": "item/bundle"
  },
  "overrides": [
    {
      "predicate": {
        "custom_model_data": 1
      },
      "model": "mctc:decoration/candy/candy_pumpkin"
    },
    {
      "predicate": {
        "filled": 0.0000001,
        "custom_model_data": 1
      },
      "model": "mctc:decoration/candy/candy_pumpkin_full"
    },
    {
      "predicate": {
        "custom_model_data": 2
      },
      "model": "mctc:decoration/candy/candy_pillow"
    },
    {
      "predicate": {
        "filled": 0.0000001,
        "custom_model_data": 2
      },
      "model": "mctc:decoration/candy/candy_pillow_full"
    },
    {
      "predicate": {
        "custom_model_data": 3
      },
      "model": "mctc:decoration/candy/candy_ghost"
    },
    {
      "predicate": {
        "filled": 0.0000001,
        "custom_model_data": 3
      },
      "model": "mctc:decoration/candy/candy_ghost_full"
    },
    {
      "predicate": {
        "custom_model_data": 4
      },
      "model": "mctc:decoration/keys/shell"
    },
    {
      "predicate": {
        "filled": 0.0000001,
        "custom_model_data": 4
      },
      "model": "mctc:decoration/keys/shell_full"
    },
    {
      "predicate": {
        "custom_model_data": 5
      },
      "model": "mctc:decoration/keys/merbag"
    },
    {
      "predicate": {
        "filled": 0.0000001,
        "custom_model_data": 5
      },
      "model": "mctc:decoration/keys/merbag_full"
    }
  ]
}