{
  "parent": "minecraft:item/generated",
  "textures": {
    "layer0": "minecraft:item/leather_horse_armor"
  },
  "overrides": [
    {
      "predicate": 
      {
        "custom_model_data":1
      },
      "model": "mctc:hats/witch"	
    },
    {
      "predicate": 
      {
        "custom_model_data":2
      },
      "model": "mctc:hats/mask"	
    },
    {
      "predicate": 
      {
        "custom_model_data":3
      },
      "model": "mctc:hats/pummy"	
    },
    {
      "predicate": 
      {
        "custom_model_data":4
      },
      "model": "mctc:hats/ghosti"	
    },
    {
      "predicate": 
      {
        "custom_model_data":5
      },
      "model": "mctc:hats/horn"	
    },
    {
      "predicate": 
      {
        "custom_model_data":6
      },
      "model": "mctc:hats/crown"
    },
    {
      "predicate": 
      {
        "custom_model_data":7
      },
      "model": "mctc:hats/magenta_wings"	
    },
    {
      "predicate":
      {
        "custom_model_data":8
      },
      "model": "mctc:hats/ghost_mask"
    },
    {
      "predicate":
      {
        "custom_model_data":10
      },
      "model": "mctc:hats/antlers"
    },
    {
      "predicate":
      {
        "custom_model_data":11
      },
      "model": "mctc:hats/scarf"
    },
    {
      "predicate":
      {
        "custom_model_data":12
      },
      "model": "mctc:hats/scarf2"
    },
    {
      "predicate":
      {
        "custom_model_data":13
      },
      "model": "mctc:hats/floaty"
    },
    {
      "predicate":
      {
        "custom_model_data":14
      },
      "model": "mctc:hats/cardinal"
    },
    {
      "predicate":
      {
        "custom_model_data":15
      },
      "model": "mctc:hats/earmuffs"
    },
    {
      "predicate":
      {
        "custom_model_data":16
      },
      "model": "mctc:hats/snowi"
    },
    {
      "predicate":
      {
        "custom_model_data":17
      },
      "model": "mctc:hats/arcticfox"
    },
    {
      "predicate":
      {
        "custom_model_data":18
      },
      "model": "mctc:hats/carb_wings"
    },
    {
      "predicate":
      {
        "custom_model_data":19
      },
      "model": "mctc:hats/carb_arrow"
    },
    {
      "predicate":
      {
        "custom_model_data":20
      },
      "model": "mctc:hats/carb_hearts"
    },
    {
      "predicate":
      {
        "custom_model_data":21
      },
      "model": "mctc:hats/enderduck"
    },
    





    {
      "predicate": 
      {
        "custom_model_data":800
      },
      "model": "mctc:hats/winners"	
    },
    {
      "predicate":
      {
        "custom_model_data":801
      },
      "model": "mctc:hats/birthdayboi"
    },
    {
      "predicate":
      {
        "custom_model_data":802
      },
      "model": "mctc:hats/legs"
    },
    {
      "predicate":
      {
        "custom_model_data":803
      },
      "model": "mctc:hats/carbtint"
    },
    {
      "predicate":
      {
        "custom_model_data":804
      },
      "model": "mctc:hats/goathorns"
    },





    {
      "predicate": 
      {
        "custom_model_data":900
      },
      "model": "mctc:hats/halo"	
    },
    {
      "predicate": 
      {
        "custom_model_data":901
      },
      "model": "mctc:hats/god_wings"	
    },
    {
      "predicate": 
      {
        "custom_model_data":902
      },
      "model": "mctc:hats/mysti_wings"	
    },
    {
      "predicate": 
      {
        "custom_model_data":903
      },
      "model": "mctc:hats/apple_wings"	
    },
    {
      "predicate": 
      {
        "custom_model_data":904
      },
      "model": "mctc:hats/lea_wings"	
    },
    {
      "predicate":
      {
        "custom_model_data":905
      },
      "model": "mctc:hats/god_antlers"
    },
    {
      "predicate":
      {
        "custom_model_data":906
      },
      "model": "mctc:hats/demigod_antlers"
    },
    {
      "predicate":
      {
        "custom_model_data":907
      },
      "model": "mctc:hats/lea_antlers"
    },
    {
      "predicate":
      {
        "custom_model_data":908
      },
      "model": "mctc:hats/apple_antscarf"
    },
    {
      "predicate":
      {
        "custom_model_data":909
      },
      "model": "mctc:hats/mysti_antears"
    },
    



    {
      "predicate":
      {
        "custom_model_data":1000
      },
      "model": "mctc:decoration/colorborder"
    },
    {
      "predicate": 
      {
        "custom_model_data":1001
      },
      "model": "mctc:decoration/presents/tall"	
    },
    {
      "predicate": 
      {
        "custom_model_data":1002
      },
      "model": "mctc:decoration/presents/wide"	
    },
    {
      "predicate": 
      {
        "custom_model_data":1003
      },
      "model": "mctc:decoration/presents/box"	
    },
    {
      "predicate": 
      {
        "custom_model_data":1004
      },
      "model": "mctc:decoration/presents/flat"	
    },
    {
      "predicate": 
      {
        "custom_model_data":1005
      },
      "model": "mctc:wands/freezeray"		
    },
    {
      "predicate":
      {
        "custom_model_data":1006
      },
      "model": "mctc:decoration/heart_colorborder"
    }
  ]
}