{
  "parent": "minecraft:item/generated",
  "textures": {
    "layer0": "minecraft:item/paper"
  },
  "overrides": [
    {
      "predicate": 
      {
        "custom_model_data":1
      },
      "model": "mctc:gui/icons/completed_quest"
    },
    {
      "predicate": 
      {
        "custom_model_data":2
      },
      "model": "mctc:gui/icons/empty_slot"
    },
    {
      "predicate": 
      {
        "custom_model_data":3
      },
      "model": "mctc:gui/icons/person_add"
    },
    {
      "predicate": 
      {
        "custom_model_data":4
      },
      "model": "mctc:gui/icons/developer"
    }
  ]
}