{
  "parent": "minecraft:item/generated",
  "textures": {
    "layer0": "minecraft:item/paper"
  },
  "overrides": [
    {
      "predicate": {
        "custom_model_data": 1
      },
      "model": "mctc:gui/icons/completed_quest"
    },
    {
      "predicate": {
        "custom_model_data": 2
      },
      "model": "mctc:gui/icons/empty_slot"
    },
    {
      "predicate": {
        "custom_model_data": 3
      },
      "model": "mctc:gui/icons/add"
    },
    {
      "predicate": {
        "custom_model_data": 4
      },
      "model": "mctc:gui/icons/developer"
    },
    {
      "predicate": {
        "custom_model_data": 5
      },
      "model": "mctc:gui/icons/logistics"
    },
    {
      "predicate": {
        "custom_model_data": 6
      },
      "model": "mctc:gui/icons/starter"
    },
    {
      "predicate": {
        "custom_model_data": 7
      },
      "model": "mctc:gui/icons/on"
    },
    {
      "predicate": {
        "custom_model_data": 8
      },
      "model": "mctc:gui/icons/off"
    },
    {
      "predicate": {
        "custom_model_data": 9
      },
      "model": "mctc:gui/icons/nether"
    },
    {
      "predicate": {
        "custom_model_data": 10
      },
      "model": "mctc:gui/icons/end"
    },
    {
      "predicate": {
        "custom_model_data": 11
      },
      "model": "mctc:gui/icons/hats"
    },
    {
      "predicate": {
        "custom_model_data": 12
      },
      "model": "mctc:gui/icons/model_browser"
    },
    {
      "predicate": {
        "custom_model_data": 13
      },
      "model": "mctc:gui/icons/magic"
    },
    {
      "predicate": {
        "custom_model_data": 14
      },
      "model": "mctc:gui/icons/ferris_reload"
    },
    {
      "predicate": {
        "custom_model_data": 15
      },
      "model": "mctc:gui/icons/tower"
    }
  ]
}