{
    "parent": "item/generated",
    "textures": {
        "layer0": "item/potion_overlay",
        "layer1": "item/potion"
    },
    "overrides": [
        {
            "predicate": {
                "custom_model_data": 1
            },
            "model": "mctc:decoration/food/bottle_3d"
        },
        {
            "predicate": {
                "custom_model_data": 2
            },
            "model": "mctc:decoration/food/bottle_3d_rainbow"
        },
        {
            "predicate": {
                "custom_model_data": 3
            },
            "model": "mctc:decoration/food/rainbow_tpotion"
        }
    ]
}
