{
  "parent": "minecraft:item/generated",
  "textures": {
    "layer0": "minecraft:block/red_mushroom"
  },
  "overrides": [
    {
        "predicate": 
        {
            "custom_model_data":1
        },
        "model": "mctc:decoration/headstones/headstone_1"
    },
    {
      "predicate": 
      {
          "custom_model_data":4
      },
      "model": "mctc:decoration/headstones/headstone_4"
  },
  {
    "predicate": 
    {
        "custom_model_data":5
    },
    "model": "mctc:decoration/headstones/headstone_5"
}
  ]
}