{
	"credit": "Made with Blockbench",
	"texture_size": [256, 256],
	"textures": {
		"1": "block/mangrove_planks",
		"2": "mctc:decoration/ferriswheel/ferris_wheel_car",
		"particle": "mctc:decoration/ferriswheel/ferris_wheel_car"
	},
	"elements": [
		{
			"name": "Floor",
			"from": [-16, -16, -13],
			"to": [32, -14, 28],
			"rotation": {"angle": 0, "axis": "y", "origin": [-6, -2, 0]},
			"faces": {
				"north": {"uv": [6, 4.3125, 9, 4.4375], "texture": "#2"},
				"east": {"uv": [6, 4.8125, 8.5625, 4.9375], "texture": "#2"},
				"south": {"uv": [6, 4.4375, 9, 4.5625], "texture": "#2"},
				"west": {"uv": [8.375, 4.9375, 10.9375, 5.0625], "texture": "#2"},
				"up": {"uv": [3, 2.5625, 0, 0], "texture": "#2"},
				"down": {"uv": [3, 2.5625, 0, 5.125], "texture": "#2"}
			}
		},
		{
			"from": [-14, -14, 26],
			"to": [30, 9, 28],
			"rotation": {"angle": 0, "axis": "y", "origin": [0, -16, 0]},
			"faces": {
				"north": {"uv": [5.625, 5, 8.375, 6.4375], "texture": "#2"},
				"east": {"uv": [2.625, 5.125, 2.75, 6.5625], "texture": "#2"},
				"south": {"uv": [6, 0, 8.75, 1.4375], "texture": "#2"},
				"west": {"uv": [2.75, 5.125, 2.875, 6.5625], "texture": "#2"},
				"up": {"uv": [8.75, 4.6875, 6, 4.5625], "texture": "#2"},
				"down": {"uv": [8.75, 4.6875, 6, 4.8125], "texture": "#2"}
			}
		},
		{
			"from": [-16, -14, -12],
			"to": [-14, 9, 28],
			"rotation": {"angle": 0, "axis": "y", "origin": [0, -16, 0]},
			"faces": {
				"north": {"uv": [2.875, 5.125, 3, 6.5625], "texture": "#2"},
				"east": {"uv": [6, 1.4375, 8.5, 2.875], "texture": "#2"},
				"south": {"uv": [0.375, 8.375, 0.5, 9.8125], "texture": "#2"},
				"west": {"uv": [6, 2.875, 8.5, 4.3125], "texture": "#2"},
				"up": {"uv": [2.625, 9.75, 2.5, 7.25], "texture": "#2"},
				"down": {"uv": [0.125, 8.375, 0, 10.875], "texture": "#2"}
			}
		},
		{
			"from": [-14, -14, -12],
			"to": [0, 9, -10],
			"rotation": {"angle": 0, "axis": "y", "origin": [0, -16, 0]},
			"faces": {
				"north": {"uv": [1.625, 7.25, 2.5, 8.6875], "texture": "#2"},
				"east": {"uv": [0.5, 8.375, 0.625, 9.8125], "texture": "#2"},
				"south": {"uv": [6.75, 7.875, 7.625, 9.3125], "texture": "#2"},
				"west": {"uv": [0.625, 8.375, 0.75, 9.8125], "texture": "#2"},
				"up": {"uv": [9.25, 5.625, 8.375, 5.5], "texture": "#2"},
				"down": {"uv": [9.25, 5.625, 8.375, 5.75], "texture": "#2"}
			}
		},
		{
			"from": [16, -14, -12],
			"to": [30, 9, -10],
			"rotation": {"angle": 0, "axis": "y", "origin": [0, -16, 0]},
			"faces": {
				"north": {"uv": [7.625, 7.875, 8.5, 9.3125], "texture": "#2"},
				"east": {"uv": [0.75, 8.375, 0.875, 9.8125], "texture": "#2"},
				"south": {"uv": [8.125, 6.4375, 9, 7.875], "texture": "#2"},
				"west": {"uv": [0.875, 8.375, 1, 9.8125], "texture": "#2"},
				"up": {"uv": [9.25, 5.875, 8.375, 5.75], "texture": "#2"},
				"down": {"uv": [9.25, 5.875, 8.375, 6], "texture": "#2"}
			}
		},
		{
			"from": [30, -14, -12],
			"to": [32, 9, 28],
			"rotation": {"angle": 0, "axis": "y", "origin": [31, -2.5, 8]},
			"faces": {
				"north": {"uv": [1, 8.375, 1.125, 9.8125], "texture": "#2"},
				"east": {"uv": [5.625, 6.4375, 8.125, 7.875], "texture": "#2"},
				"south": {"uv": [1.125, 8.375, 1.25, 9.8125], "texture": "#2"},
				"west": {"uv": [2.625, 7.125, 5.125, 8.5625], "texture": "#2"},
				"up": {"uv": [0.25, 10.875, 0.125, 8.375], "texture": "#2"},
				"down": {"uv": [0.375, 8.375, 0.25, 10.875], "texture": "#2"}
			}
		},
		{
			"from": [-7, -14, 16],
			"to": [-6, -2, 22],
			"rotation": {"angle": -45, "axis": "z", "origin": [-6, -2, 0]},
			"faces": {
				"north": {"uv": [4.875, 8.6875, 4.9375, 9.4375], "texture": "#1"},
				"east": {"uv": [5.125, 7.125, 5.5, 7.875], "texture": "#1"},
				"south": {"uv": [9, 6.5, 9.0625, 7.25], "texture": "#1"},
				"west": {"uv": [2.375, 8.6875, 2.75, 9.4375], "texture": "#1"},
				"up": {"uv": [8.1875, 4.9375, 8.125, 4.5625], "texture": "#1"},
				"down": {"uv": [8.25, 4.5625, 8.1875, 4.9375], "texture": "#1"}
			}
		},
		{
			"from": [-7, -14, -6],
			"to": [-6, -2, 0],
			"rotation": {"angle": -45, "axis": "z", "origin": [-6, -2, 0]},
			"faces": {
				"north": {"uv": [5.5, 7.125, 5.5625, 7.875], "texture": "#1"},
				"east": {"uv": [2.625, 5.125, 3, 5.875], "texture": "#1"},
				"south": {"uv": [5.5625, 7.125, 5.625, 7.875], "texture": "#1"},
				"west": {"uv": [2.625, 5.875, 3, 6.625], "texture": "#1"},
				"up": {"uv": [2.9375, 7, 2.875, 6.625], "texture": "#1"},
				"down": {"uv": [3, 6.625, 2.9375, 7], "texture": "#1"}
			}
		},
		{
			"from": [-14, -2, -10],
			"to": [-2, -1, 6],
			"rotation": {"angle": 0, "axis": "y", "origin": [0, -16, 0]},
			"faces": {
				"east": {"uv": [0, 0, 1, 16], "rotation": 270, "texture": "#1"},
				"up": {"uv": [13, 16, 1, 0], "texture": "#1"},
				"down": {"uv": [12, 16, 0, 0], "rotation": 180, "texture": "#1"}
			}
		},
		{
			"from": [-14, -2, 10],
			"to": [-2, -1, 26],
			"rotation": {"angle": 0, "axis": "y", "origin": [0, -16, 0]},
			"faces": {
				"east": {"uv": [0, 0, 1, 16], "rotation": 270, "texture": "#1"},
				"up": {"uv": [13, 16, 1, 0], "texture": "#1"},
				"down": {"uv": [12, 16, 0, 0], "rotation": 180, "texture": "#1"}
			}
		},
		{
			"from": [-14, -2, 6],
			"to": [-2, -1, 10],
			"rotation": {"angle": 0, "axis": "y", "origin": [0, -16, 0]},
			"faces": {
				"east": {"uv": [0, 0, 1, 4], "rotation": 270, "texture": "#1"},
				"up": {"uv": [13, 4, 1, 0], "texture": "#1"},
				"down": {"uv": [12, 4, 0, 0], "rotation": 180, "texture": "#1"}
			}
		},
		{
			"from": [18, -2, -10],
			"to": [30, -1, 6],
			"rotation": {"angle": 0, "axis": "y", "origin": [0, -16, 0]},
			"faces": {
				"west": {"uv": [12, 0, 13, 16], "rotation": 90, "texture": "#1"},
				"up": {"uv": [12, 16, 0, 0], "texture": "#1"},
				"down": {"uv": [12, 16, 0, 0], "rotation": 180, "texture": "#1"}
			}
		},
		{
			"from": [18, -2, 10],
			"to": [30, -1, 26],
			"rotation": {"angle": 0, "axis": "y", "origin": [0, -16, 0]},
			"faces": {
				"west": {"uv": [12, 0, 13, 16], "rotation": 90, "texture": "#1"},
				"up": {"uv": [12, 16, 0, 0], "texture": "#1"},
				"down": {"uv": [12, 16, 0, 0], "rotation": 180, "texture": "#1"}
			}
		},
		{
			"from": [18, -2, 6],
			"to": [30, -1, 10],
			"rotation": {"angle": 0, "axis": "y", "origin": [0, -16, 0]},
			"faces": {
				"west": {"uv": [12, 0, 13, 4], "rotation": 90, "texture": "#1"},
				"up": {"uv": [12, 4, 0, 0], "texture": "#1"},
				"down": {"uv": [12, 4, 0, 0], "rotation": 180, "texture": "#1"}
			}
		},
		{
			"from": [25.89518, -11.90431, 16],
			"to": [26.89518, 0.09569, 22],
			"rotation": {"angle": 45, "axis": "z", "origin": [26.39518, -5.50431, 8]},
			"faces": {
				"north": {"uv": [0, 0, 1, 12], "texture": "#1"},
				"east": {"uv": [1, 0, 7, 12], "texture": "#1"},
				"south": {"uv": [7, 0, 8, 12], "texture": "#1"},
				"west": {"uv": [1, 0, 7, 12], "texture": "#1"}
			}
		},
		{
			"from": [25.89518, -11.90431, -6],
			"to": [26.89518, 0.09569, 0],
			"rotation": {"angle": 45, "axis": "z", "origin": [26.39518, -5.50431, 8]},
			"faces": {
				"north": {"uv": [0, 0, 1, 12], "texture": "#1"},
				"east": {"uv": [1, 0, 7, 12], "texture": "#1"},
				"south": {"uv": [7, 0, 8, 12], "texture": "#1"},
				"west": {"uv": [1, 0, 7, 12], "texture": "#1"}
			}
		},
		{
			"from": [6, 31, 6],
			"to": [10, 32, 10],
			"faces": {
				"north": {"uv": [2.625, 7.0625, 2.875, 7.125], "texture": "#2"},
				"east": {"uv": [5.125, 7.125, 5.375, 7.1875], "texture": "#2"},
				"south": {"uv": [5.375, 7.125, 5.625, 7.1875], "texture": "#2"},
				"west": {"uv": [5.125, 7.1875, 5.375, 7.25], "texture": "#2"},
				"up": {"uv": [2.875, 6.8125, 2.625, 6.5625], "texture": "#2"},
				"down": {"uv": [2.875, 6.8125, 2.625, 7.0625], "texture": "#2"}
			}
		},
		{
			"from": [-16, 9, -12],
			"to": [-14, 28, -10],
			"rotation": {"angle": 0, "axis": "y", "origin": [0, -16, 0]},
			"faces": {
				"north": {"uv": [1.25, 8.375, 1.375, 9.5625], "texture": "#2"},
				"east": {"uv": [1.375, 8.375, 1.5, 9.5625], "texture": "#2"},
				"south": {"uv": [1.5, 8.375, 1.625, 9.5625], "texture": "#2"},
				"west": {"uv": [8.5, 1.4375, 8.625, 2.625], "texture": "#2"},
				"up": {"uv": [3, 6.6875, 2.875, 6.5625], "texture": "#2"},
				"down": {"uv": [3, 6.6875, 2.875, 6.8125], "texture": "#2"}
			}
		},
		{
			"from": [30, 9, -12],
			"to": [32, 28, -10],
			"rotation": {"angle": 0, "axis": "y", "origin": [0, -16, 0]},
			"faces": {
				"north": {"uv": [8.5, 2.625, 8.625, 3.8125], "texture": "#2"},
				"east": {"uv": [8.5, 7.875, 8.625, 9.0625], "texture": "#2"},
				"south": {"uv": [2.625, 8.5625, 2.75, 9.75], "texture": "#2"},
				"west": {"uv": [2.75, 8.5625, 2.875, 9.75], "texture": "#2"},
				"up": {"uv": [3, 6.9375, 2.875, 6.8125], "texture": "#2"},
				"down": {"uv": [3, 6.9375, 2.875, 7.0625], "texture": "#2"}
			}
		},
		{
			"from": [30, 9, 26],
			"to": [32, 28, 28],
			"rotation": {"angle": 0, "axis": "y", "origin": [0, -16, 0]},
			"faces": {
				"north": {"uv": [2.875, 8.5625, 3, 9.75], "texture": "#2"},
				"east": {"uv": [3, 8.5625, 3.125, 9.75], "texture": "#2"},
				"south": {"uv": [3.125, 8.5625, 3.25, 9.75], "texture": "#2"},
				"west": {"uv": [3.25, 8.5625, 3.375, 9.75], "texture": "#2"},
				"up": {"uv": [5.5, 7.3125, 5.375, 7.1875], "texture": "#2"},
				"down": {"uv": [5.625, 7.1875, 5.5, 7.3125], "texture": "#2"}
			}
		},
		{
			"from": [-16, 9, 26],
			"to": [-14, 28, 28],
			"rotation": {"angle": 0, "axis": "y", "origin": [0, -16, 0]},
			"faces": {
				"north": {"uv": [3.375, 8.5625, 3.5, 9.75], "texture": "#2"},
				"east": {"uv": [3.5, 8.5625, 3.625, 9.75], "texture": "#2"},
				"south": {"uv": [3.625, 8.5625, 3.75, 9.75], "texture": "#2"},
				"west": {"uv": [3.75, 8.5625, 3.875, 9.75], "texture": "#2"},
				"up": {"uv": [5.25, 7.375, 5.125, 7.25], "texture": "#2"},
				"down": {"uv": [5.375, 7.25, 5.25, 7.375], "texture": "#2"}
			}
		},
		{
			"from": [-16, 28, -12],
			"to": [32, 29, 28],
			"faces": {
				"north": {"uv": [8.375, 5.0625, 11.375, 5.125], "texture": "#2"},
				"east": {"uv": [8.375, 5.3125, 10.875, 5.375], "texture": "#2"},
				"south": {"uv": [8.375, 5.125, 11.375, 5.1875], "texture": "#2"},
				"west": {"uv": [8.375, 5.375, 10.875, 5.4375], "texture": "#2"},
				"up": {"uv": [6, 2.5, 3, 0], "texture": "#2"},
				"down": {"uv": [6, 2.5, 3, 5], "texture": "#2"}
			}
		},
		{
			"from": [-13, 29, -9],
			"to": [29, 30, 25],
			"faces": {
				"north": {"uv": [8.375, 5.1875, 11, 5.25], "texture": "#2"},
				"east": {"uv": [6, 4.9375, 8.125, 5], "texture": "#2"},
				"south": {"uv": [8.375, 5.25, 11, 5.3125], "texture": "#2"},
				"west": {"uv": [8.375, 5.4375, 10.5, 5.5], "texture": "#2"},
				"up": {"uv": [5.625, 7.125, 3, 5], "texture": "#2"},
				"down": {"uv": [2.625, 5.125, 0, 7.25], "texture": "#2"}
			}
		},
		{
			"from": [-5, 30, -1],
			"to": [21, 31, 17],
			"faces": {
				"north": {"uv": [8.375, 6, 10, 6.0625], "texture": "#2"},
				"east": {"uv": [8.375, 6.125, 9.5, 6.1875], "texture": "#2"},
				"south": {"uv": [8.375, 6.0625, 10, 6.125], "texture": "#2"},
				"west": {"uv": [8.375, 6.1875, 9.5, 6.25], "texture": "#2"},
				"up": {"uv": [1.625, 8.375, 0, 7.25], "texture": "#2"},
				"down": {"uv": [6.75, 7.875, 5.125, 9], "texture": "#2"}
			}
		}
	],
	"display": {
		"thirdperson_righthand": {
			"rotation": [69.09, 44.5, -1.98],
			"translation": [0.25, 3, 0.25],
			"scale": [0.1, 0.1, 0.1]
		},
		"thirdperson_lefthand": {
			"rotation": [69.09, 44.5, -1.98],
			"translation": [0.25, 3, 0.25],
			"scale": [0.1, 0.1, 0.1]
		},
		"firstperson_righthand": {
			"rotation": [180, 43, 180],
			"translation": [-1.25, 1.5, 0.5],
			"scale": [0.15273, 0.15273, 0.15273]
		},
		"firstperson_lefthand": {
			"rotation": [180, 43, 180],
			"translation": [-1.25, 1.5, 0.5],
			"scale": [0.15273, 0.15273, 0.15273]
		},
		"ground": {
			"scale": [0.1, 0.1, 0.1]
		},
		"gui": {
			"rotation": [-145, -45, -180],
			"scale": [0.19375, 0.19375, 0.19375]
		},
		"head": {
			"scale": [1.75, 1.75, 1.75]
		},
		"fixed": {
			"scale": [0.3, 0.3, 0.3]
		}
	},
	"groups": [
		0,
		{
			"name": "Walls",
			"origin": [31, 13.5, 8],
			"color": 0,
			"children": [1, 2, 3, 4, 5]
		},
		{
			"name": "Right Seat",
			"origin": [0, 0, 0],
			"color": 0,
			"children": [6, 7, 8, 9, 10]
		},
		{
			"name": "Left Seat",
			"origin": [26.39518, 10.49569, 8],
			"color": 0,
			"children": [11, 12, 13, 14, 15]
		},
		{
			"name": "Roof",
			"origin": [0, 0, 0],
			"color": 0,
			"children": [16, 17, 18, 19, 20, 21, 22, 23]
		}
	]
}