{
	"credit": "Made with Blockbench",
	"texture_size": [256, 256],
	"textures": {
		"1": "mctc:decoration/ferriswheel/mangrove_planks",
		"2": "mctc:decoration/ferriswheel/white_stained_glass",
		"4": "mctc:decoration/ferriswheel/red_concrete",
		"5": "mctc:decoration/ferriswheel/white_concrete",
		"7": "block/stripped_mangrove_log",
		"particle": "mctc:decoration/ferriswheel/white_stained_glass"
	},
	"elements": [
		{
			"name": "Floor",
			"from": [-16, -16, -13],
			"to": [32, -14, 28],
			"rotation": {"angle": 0, "axis": "y", "origin": [-6, -2, 0]},
			"faces": {
				"north": {"uv": [0, 0, 16, 1.025], "texture": "#7"},
				"east": {"uv": [0, 0, 1.025, 13], "rotation": 90, "texture": "#7"},
				"south": {"uv": [0, 0, 16, 1.125], "texture": "#7"},
				"west": {"uv": [14.975, 0, 16, 13], "rotation": 270, "texture": "#7"},
				"up": {"uv": [16, 13, 0, 0], "texture": "#7"},
				"down": {"uv": [16, 13, 0, 0], "texture": "#7"}
			}
		},
		{
			"from": [-14, -14, 26],
			"to": [8, 9, 28],
			"rotation": {"angle": 0, "axis": "y", "origin": [0, -16, 0]},
			"faces": {
				"north": {"uv": [1, 0, 16, 16], "texture": "#2"},
				"south": {"uv": [0, 0, 15, 16], "texture": "#2"},
				"up": {"uv": [16, 1.025, 0, 0], "texture": "#2"}
			}
		},
		{
			"from": [8, -14, 26],
			"to": [30, 9, 28],
			"rotation": {"angle": 0, "axis": "y", "origin": [0, -16, 0]},
			"faces": {
				"north": {"uv": [0, 0, 15, 16], "texture": "#2"},
				"south": {"uv": [1, 0, 16, 16], "texture": "#2"},
				"up": {"uv": [16, 1.025, 0, 0], "texture": "#2"}
			}
		},
		{
			"from": [-16, -14, -10],
			"to": [-14, 9, 26],
			"rotation": {"angle": 0, "axis": "y", "origin": [0, -16, 0]},
			"faces": {
				"north": {"uv": [15.175, 0, 16, 11], "texture": "#1"},
				"east": {"uv": [0, 0, 16, 11], "texture": "#1"},
				"south": {"uv": [0, 0, 0.8, 11], "texture": "#1"},
				"west": {"uv": [0, 0, 16, 11], "texture": "#1"},
				"up": {"uv": [16, 0, 0, 0.9], "rotation": 90, "texture": "#1"}
			}
		},
		{
			"from": [-14, -14, -12],
			"to": [0, 9, -10],
			"rotation": {"angle": 0, "axis": "y", "origin": [0, -16, 0]},
			"faces": {
				"north": {"uv": [0, 0, 9, 16], "texture": "#2"},
				"east": {"uv": [15, 0, 16, 16], "texture": "#2"},
				"south": {"uv": [7, 0, 16, 16], "texture": "#2"},
				"up": {"uv": [16, 0, 0, 0.875], "texture": "#2"}
			}
		},
		{
			"from": [16, -14, -12],
			"to": [30, 9, -10],
			"rotation": {"angle": 0, "axis": "y", "origin": [0, -16, 0]},
			"faces": {
				"north": {"uv": [7, 0, 16, 16], "texture": "#2"},
				"south": {"uv": [0, 0, 9, 16], "texture": "#2"},
				"west": {"uv": [0, 0, 1, 16], "texture": "#2"},
				"up": {"uv": [16, 0, 0, 0.975], "texture": "#2"}
			}
		},
		{
			"from": [30, -14, -10],
			"to": [32, 9, 26],
			"rotation": {"angle": 0, "axis": "y", "origin": [31, -2.5, 8]},
			"faces": {
				"north": {"uv": [0, 0, 0.925, 11], "texture": "#1"},
				"east": {"uv": [0, 0, 16, 11], "texture": "#1"},
				"south": {"uv": [15.175, 0, 16, 11], "texture": "#1"},
				"west": {"uv": [0, 0, 16, 11], "texture": "#1"},
				"up": {"uv": [16, 0.8, 0, 0], "rotation": 90, "texture": "#1"}
			}
		},
		{
			"from": [-7, -14, 16],
			"to": [-6, -2, 22],
			"rotation": {"angle": -45, "axis": "z", "origin": [-6, -2, 0]},
			"faces": {
				"north": {"uv": [4.875, 8.6875, 4.9375, 9.4375], "texture": "#1"},
				"east": {"uv": [5.125, 7.125, 5.5, 7.875], "texture": "#1"},
				"south": {"uv": [9, 6.5, 9.0625, 7.25], "texture": "#1"},
				"west": {"uv": [2.375, 8.6875, 2.75, 9.4375], "texture": "#1"},
				"up": {"uv": [8.1875, 4.9375, 8.125, 4.5625], "texture": "#1"},
				"down": {"uv": [8.25, 4.5625, 8.1875, 4.9375], "texture": "#1"}
			}
		},
		{
			"from": [-7, -14, -6],
			"to": [-6, -2, 0],
			"rotation": {"angle": -45, "axis": "z", "origin": [-6, -2, 0]},
			"faces": {
				"north": {"uv": [5.5, 7.125, 5.5625, 7.875], "texture": "#1"},
				"east": {"uv": [2.625, 5.125, 3, 5.875], "texture": "#1"},
				"south": {"uv": [5.5625, 7.125, 5.625, 7.875], "texture": "#1"},
				"west": {"uv": [2.625, 5.875, 3, 6.625], "texture": "#1"},
				"up": {"uv": [2.9375, 7, 2.875, 6.625], "texture": "#1"},
				"down": {"uv": [3, 6.625, 2.9375, 7], "texture": "#1"}
			}
		},
		{
			"from": [-14, -2, -10],
			"to": [-2, -1, 6],
			"rotation": {"angle": 0, "axis": "y", "origin": [0, -16, 0]},
			"faces": {
				"north": {"uv": [1, 15, 13, 16], "texture": "#1"},
				"east": {"uv": [0, 0, 1, 16], "rotation": 270, "texture": "#1"},
				"up": {"uv": [13, 16, 1, 0], "texture": "#1"},
				"down": {"uv": [12, 16, 0, 0], "rotation": 180, "texture": "#1"}
			}
		},
		{
			"from": [-14, -2, 10],
			"to": [-2, -1, 26],
			"rotation": {"angle": 0, "axis": "y", "origin": [0, -16, 0]},
			"faces": {
				"east": {"uv": [0, 0, 1, 16], "rotation": 270, "texture": "#1"},
				"south": {"uv": [1, 0, 13, 1], "rotation": 180, "texture": "#1"},
				"up": {"uv": [13, 16, 1, 0], "texture": "#1"},
				"down": {"uv": [12, 16, 0, 0], "rotation": 180, "texture": "#1"}
			}
		},
		{
			"from": [-14, -2, 6],
			"to": [-2, -1, 10],
			"rotation": {"angle": 0, "axis": "y", "origin": [0, -16, 0]},
			"faces": {
				"east": {"uv": [0, 0, 1, 4], "rotation": 270, "texture": "#1"},
				"up": {"uv": [13, 4, 1, 0], "texture": "#1"},
				"down": {"uv": [12, 4, 0, 0], "rotation": 180, "texture": "#1"}
			}
		},
		{
			"from": [18, -2, -10],
			"to": [30, -1, 6],
			"rotation": {"angle": 0, "axis": "y", "origin": [0, -16, 0]},
			"faces": {
				"north": {"uv": [0, 15, 12, 16], "texture": "#1"},
				"west": {"uv": [12, 0, 13, 16], "rotation": 90, "texture": "#1"},
				"up": {"uv": [12, 16, 0, 0], "texture": "#1"},
				"down": {"uv": [12, 16, 0, 0], "rotation": 180, "texture": "#1"}
			}
		},
		{
			"from": [18, -2, 10],
			"to": [30, -1, 26],
			"rotation": {"angle": 0, "axis": "y", "origin": [0, -16, 0]},
			"faces": {
				"south": {"uv": [0, 0, 12, 1], "rotation": 180, "texture": "#1"},
				"west": {"uv": [12, 0, 13, 16], "rotation": 90, "texture": "#1"},
				"up": {"uv": [12, 16, 0, 0], "texture": "#1"},
				"down": {"uv": [12, 16, 0, 0], "rotation": 180, "texture": "#1"}
			}
		},
		{
			"from": [18, -2, 6],
			"to": [30, -1, 10],
			"rotation": {"angle": 0, "axis": "y", "origin": [0, -16, 0]},
			"faces": {
				"west": {"uv": [12, 0, 13, 4], "rotation": 90, "texture": "#1"},
				"up": {"uv": [12, 4, 0, 0], "texture": "#1"},
				"down": {"uv": [12, 4, 0, 0], "rotation": 180, "texture": "#1"}
			}
		},
		{
			"from": [25.89518, -11.90431, 16],
			"to": [26.89518, 0.09569, 22],
			"rotation": {"angle": 45, "axis": "z", "origin": [26.39518, -5.50431, 8]},
			"faces": {
				"north": {"uv": [0, 0, 1, 12], "texture": "#1"},
				"east": {"uv": [1, 0, 7, 12], "texture": "#1"},
				"south": {"uv": [7, 0, 8, 12], "texture": "#1"},
				"west": {"uv": [1, 0, 7, 12], "texture": "#1"}
			}
		},
		{
			"from": [25.89518, -11.90431, -6],
			"to": [26.89518, 0.09569, 0],
			"rotation": {"angle": 45, "axis": "z", "origin": [26.39518, -5.50431, 8]},
			"faces": {
				"north": {"uv": [0, 0, 1, 12], "texture": "#1"},
				"east": {"uv": [1, 0, 7, 12], "texture": "#1"},
				"south": {"uv": [7, 0, 8, 12], "texture": "#1"},
				"west": {"uv": [1, 0, 7, 12], "texture": "#1"}
			}
		},
		{
			"from": [6, 31, 6],
			"to": [10, 32, 10],
			"faces": {
				"north": {"uv": [2.625, 7.0625, 2.875, 7.125], "texture": "#5"},
				"east": {"uv": [5.125, 7.125, 5.375, 7.1875], "texture": "#5"},
				"south": {"uv": [5.375, 7.125, 5.625, 7.1875], "texture": "#5"},
				"west": {"uv": [5.125, 7.1875, 5.375, 7.25], "texture": "#5"},
				"up": {"uv": [2.875, 6.8125, 2.625, 6.5625], "texture": "#5"},
				"down": {"uv": [2.875, 6.8125, 2.625, 7.0625], "texture": "#5"}
			}
		},
		{
			"from": [-16, -14, -12],
			"to": [-14, 9, -10],
			"rotation": {"angle": 0, "axis": "y", "origin": [0, -16, 0]},
			"faces": {
				"north": {"uv": [0, 0, 1, 16], "texture": "#2"},
				"south": {"uv": [0, 0, 1, 16], "texture": "#2"},
				"west": {"uv": [0, 0, 1, 16], "texture": "#2"}
			}
		},
		{
			"from": [-16, 9, -12],
			"to": [-14, 28, -10],
			"rotation": {"angle": 0, "axis": "y", "origin": [0, -16, 0]},
			"faces": {
				"north": {"uv": [0, 0, 1, 16], "texture": "#2"},
				"east": {"uv": [0, 0, 1, 16], "texture": "#2"},
				"south": {"uv": [0, 0, 1, 16], "texture": "#2"},
				"west": {"uv": [0, 0, 1, 16], "texture": "#2"}
			}
		},
		{
			"from": [30, -14, -12],
			"to": [32, 9, -10],
			"rotation": {"angle": 0, "axis": "y", "origin": [0, -16, 0]},
			"faces": {
				"north": {"uv": [0, 0, 1, 16], "texture": "#2"},
				"east": {"uv": [0, 0, 1, 16], "texture": "#2"},
				"south": {"uv": [0, 0, 1, 16], "texture": "#2"}
			}
		},
		{
			"from": [30, 9, -12],
			"to": [32, 28, -10],
			"rotation": {"angle": 0, "axis": "y", "origin": [0, -16, 0]},
			"faces": {
				"north": {"uv": [0, 0, 1, 16], "texture": "#2"},
				"east": {"uv": [0, 0, 1, 16], "texture": "#2"},
				"south": {"uv": [0, 0, 1, 16], "texture": "#2"},
				"west": {"uv": [0, 0, 1, 16], "texture": "#2"}
			}
		},
		{
			"from": [30, -14, 26],
			"to": [32, 9, 28],
			"rotation": {"angle": 0, "axis": "y", "origin": [0, -16, 0]},
			"faces": {
				"east": {"uv": [0, 0, 1, 16], "texture": "#2"},
				"south": {"uv": [0, 0, 1, 16], "texture": "#2"}
			}
		},
		{
			"from": [30, 9, 26],
			"to": [32, 28, 28],
			"rotation": {"angle": 0, "axis": "y", "origin": [0, -16, 0]},
			"faces": {
				"north": {"uv": [0, 0, 1, 16], "texture": "#2"},
				"east": {"uv": [0, 0, 1, 16], "texture": "#2"},
				"south": {"uv": [0, 0, 1, 16], "texture": "#2"},
				"west": {"uv": [0, 0, 1, 16], "texture": "#2"}
			}
		},
		{
			"from": [-16, -14, 26],
			"to": [-14, 9, 28],
			"rotation": {"angle": 0, "axis": "y", "origin": [0, -16, 0]},
			"faces": {
				"south": {"uv": [0, 0, 1, 16], "texture": "#2"},
				"west": {"uv": [0, 0, 1, 16], "texture": "#2"}
			}
		},
		{
			"from": [-16, 9, 26],
			"to": [-14, 28, 28],
			"rotation": {"angle": 0, "axis": "y", "origin": [0, -16, 0]},
			"faces": {
				"north": {"uv": [0, 0, 1, 16], "texture": "#2"},
				"east": {"uv": [0, 0, 1, 16], "texture": "#2"},
				"south": {"uv": [0, 0, 1, 16], "texture": "#2"},
				"west": {"uv": [0, 0, 1, 16], "texture": "#2"}
			}
		},
		{
			"from": [-16, 28, -12],
			"to": [32, 29, 28],
			"faces": {
				"north": {"uv": [0, 0, 16, 0.9], "texture": "#4"},
				"east": {"uv": [0, 0.9375, 16, 0], "texture": "#4"},
				"south": {"uv": [0, 0, 16, 0.9625], "texture": "#4"},
				"west": {"uv": [0, 0, 16, 0.9625], "texture": "#4"},
				"up": {"uv": [16, 14.03312, 0, 0.7], "texture": "#4"},
				"down": {"uv": [16, 14.03312, 0, 0.7], "texture": "#4"}
			}
		},
		{
			"from": [-13, 29, -9],
			"to": [29, 30, 25],
			"faces": {
				"north": {"uv": [0, 0, 16, 1.0625], "texture": "#5"},
				"east": {"uv": [0, 0, 16, 1.0625], "texture": "#5"},
				"south": {"uv": [0, 0, 16, 1.0625], "texture": "#5"},
				"west": {"uv": [0, 0, 16, 1.0625], "texture": "#5"},
				"up": {"uv": [16, 16, 0, 0], "texture": "#5"},
				"down": {"uv": [16, 0, 0, 16], "texture": "#5"}
			}
		},
		{
			"from": [-5, 30, -1],
			"to": [21, 31, 17],
			"faces": {
				"north": {"uv": [0, 0, 16, 0.8625], "texture": "#4"},
				"east": {"uv": [0, 0, 16, 0.8], "texture": "#4"},
				"south": {"uv": [0, 0, 16, 0.8], "texture": "#4"},
				"west": {"uv": [0, 0, 16, 0.8], "texture": "#4"},
				"up": {"uv": [16, 10.97688, 0, 0], "texture": "#4"},
				"down": {"uv": [16, 0, 0, 16], "texture": "#4"}
			}
		}
	],
	"display": {
		"thirdperson_righthand": {
			"rotation": [69.09, 44.5, -1.98],
			"translation": [0.25, 3, 0.25],
			"scale": [0.1, 0.1, 0.1]
		},
		"thirdperson_lefthand": {
			"rotation": [69.09, 44.5, -1.98],
			"translation": [0.25, 3, 0.25],
			"scale": [0.1, 0.1, 0.1]
		},
		"firstperson_righthand": {
			"rotation": [180, 43, 180],
			"translation": [-1.25, 1.5, 0.5],
			"scale": [0.15273, 0.15273, 0.15273]
		},
		"firstperson_lefthand": {
			"rotation": [180, 43, 180],
			"translation": [-1.25, 1.5, 0.5],
			"scale": [0.15273, 0.15273, 0.15273]
		},
		"ground": {
			"scale": [0.1, 0.1, 0.1]
		},
		"gui": {
			"rotation": [-145, -45, -180],
			"scale": [0.19375, 0.19375, 0.19375]
		},
		"head": {
			"scale": [1.75, 1.75, 1.75]
		},
		"fixed": {
			"scale": [0.3, 0.3, 0.3]
		}
	},
	"groups": [
		0,
		{
			"name": "Walls",
			"origin": [31, 13.5, 8],
			"color": 0,
			"children": [1, 2, 3, 4, 5, 6]
		},
		{
			"name": "Right Seat",
			"origin": [0, 0, 0],
			"color": 0,
			"children": [7, 8, 9, 10, 11]
		},
		{
			"name": "Left Seat",
			"origin": [26.39518, 10.49569, 8],
			"color": 0,
			"children": [12, 13, 14, 15, 16]
		},
		{
			"name": "Roof",
			"origin": [0, 0, 0],
			"color": 0,
			"children": [17, 18, 19, 20, 21, 22, 23, 24, 25, 26, 27, 28]
		}
	]
}