{
	"credit": "Made with Blockbench",
	"texture_size": [32, 32],
	"textures": {
		"0": "mctc:decoration/ferriswheel/ferris_wheel_hook",
		"particle": "mctc:decoration/ferriswheel/ferris_wheel_hook"
	},
	"elements": [
		{
			"from": [7, -5, 7],
			"to": [9, 3, 9],
			"faces": {
				"north": {"uv": [2, 2, 3, 6], "texture": "#0"},
				"east": {"uv": [3, 2, 4, 6], "texture": "#0"},
				"south": {"uv": [4, 2, 5, 6], "texture": "#0"},
				"west": {"uv": [5, 2, 6, 6], "texture": "#0"},
				"up": {"uv": [4, 7, 3, 6], "texture": "#0"},
				"down": {"uv": [7, 3, 6, 4], "texture": "#0"}
			}
		},
		{
			"from": [7, 1, 9],
			"to": [9, 3, 31],
			"faces": {
				"north": {"uv": [2, 6, 3, 7], "texture": "#0"},
				"east": {"uv": [0, 0, 11, 1], "texture": "#0"},
				"south": {"uv": [6, 2, 7, 3], "texture": "#0"},
				"west": {"uv": [0, 1, 11, 2], "texture": "#0"},
				"up": {"uv": [1, 13, 0, 2], "texture": "#0"},
				"down": {"uv": [2, 2, 1, 13], "texture": "#0"}
			}
		}
	],
	"display": {
		"thirdperson_righthand": {
			"rotation": [-114.95, -61.58, 177],
			"translation": [3.25, -0.25, 3.75],
			"scale": [0.39492, 0.39492, 0.39492]
		},
		"thirdperson_lefthand": {
			"rotation": [-114.95, -61.58, 177],
			"translation": [3.25, -0.25, 3.75],
			"scale": [0.39492, 0.39492, 0.39492]
		},
		"firstperson_righthand": {
			"translation": [0, 5.5, 0],
			"scale": [0.39492, 0.39492, 0.39492]
		},
		"firstperson_lefthand": {
			"translation": [0, 5.5, 0],
			"scale": [0.39492, 0.39492, 0.39492]
		},
		"ground": {
			"scale": [0.39492, 0.39492, 0.39492]
		},
		"gui": {
			"rotation": [-135, 45, -180],
			"translation": [-5.75, 0.25, 0],
			"scale": [0.75, 0.75, 0.75]
		},
		"head": {
			"translation": [0, 18, 0],
			"scale": [1.75, 1.75, 1.75]
		},
		"fixed": {
			"translation": [0, 8.25, -6.25]
		}
	}
}